$MeshFormat
4.1 0 8
$EndMeshFormat
$PhysicalNames
3
1 10 "exterior_boundary"
2 1 "gray_matter"
2 2 "white_matter"
$EndPhysicalNames
$Entities
1319 16 16 0
1 12.37944885250459 58.28481798625458 0 0 
2 10.02608363090686 58.53474399313437 0 0 
3 9.44060366493256 58.79648829076692 0 0 
4 7.880743644707877 59.97285089705339 0 0 
5 6.935808803944191 60.21151563789402 0 0 
6 5.974434713905232 60.06876197656737 0 0 
7 5.013503792132191 59.50530887694271 0 0 
8 3.751744550377609 58.07507868571825 0 0 
9 3.072355333471762 56.55867870468012 0 0 
10 2.627355816096973 54.2192749311286 0 0 
11 2.763365915417175 53.127532066001 0 0 
12 3.218043176497055 52.24053150493683 0 0 
13 3.879937744465558 51.68049672418928 0 0 
14 4.80049961236449 51.31220735778579 0 0 
15 6.965322824450887 50.99538341252627 0 0 
16 7.290266546323856 50.67409248392484 0 0 
17 7.164344138728978 50.48814812759878 0 0 
18 6.46206007670763 50.26878513678521 0 0 
19 4.480461681043266 50.07543310293438 0 0 
20 3.512686558421301 49.79373235179837 0 0 
21 2.791115383545595 49.24515443258117 0 0 
22 2.515921758701019 48.57588173247483 0 0 
23 2.601034737868865 48.0460827183725 0 0 
24 3.125672218169534 47.25006118742768 0 0 
25 3.966414836164162 46.49864643549276 0 0 
26 2.405295248426405 45.80574670664799 0 0 
27 1.859734124792212 45.14181125653688 0 0 
28 1.625496324902812 44.14628847603819 0 0 
29 1.830448748821148 43.21992942041791 0 0 
30 2.395966224816824 42.33292431121859 0 0 
31 3.511418466818554 41.46379709728451 0 0 
32 6.777781228645438 39.46684468988063 0 0 
33 8.27052207153524 38.1132855788281 0 0 
34 9.612556924715449 36.28012334691569 0 0 
35 9.864309062106464 35.40332197699992 0 0 
36 9.710028999969992 34.71955895147001 0 0 
37 8.623408728593496 33.51262547605641 0 0 
38 8.366255546905791 33.38189350686376 0 0 
39 8.014387854311252 33.56429400528589 0 0 
40 7.765996574711579 34.27451448130573 0 0 
41 7.786356963272958 34.94791000391646 0 0 
42 7.566020210579119 35.9499414991615 0 0 
43 7.121980064034894 36.94110111393725 0 0 
44 5.820948822484851 38.43038081055532 0 0 
45 4.793478393689156 39.0740849060401 0 0 
46 3.998102213829462 39.2129874329744 0 0 
47 3.442357099081185 39.11260855606272 0 0 
48 2.856968600827777 38.75670509803415 0 0 
49 2.164416916494709 38.04931268131594 0 0 
50 0.955368352641166 36.02188679810298 0 0 
51 0.630405318778287 34.56419559267744 0 0 
52 0.9330443977782963 31.64803471187413 0 0 
53 1.934175821153666 28.13174442503627 0 0 
54 1.901966797327724 26.94982609438424 0 0 
55 1.31274120162167 23.65870849214211 0 0 
56 1.388248471105975 20.49097552233103 0 0 
57 0.9938589651966794 17.27384116643812 0 0 
58 1.105453307634185 14.34788659560576 0 0 
59 1.248035679125728 13.69501880087877 0 0 
60 1.679082057122805 12.87358267349362 0 0 
61 2.367219062280363 12.46825790884269 0 0 
62 3.176823983673451 12.71418415728336 0 0 
63 3.934235553875823 13.21929692870822 0 0 
64 3.430833920961334 12.1995220308508 0 0 
65 2.730147046557406 9.50516092032592 0 0 
66 2.128291176818635 4.568416908232109 0 0 
67 2.333373766154338 1.917618652020124 0 0 
68 3.789972367811046 -4.399562398220255 0 0 
69 2.730419323121396 -4.041376462064079 0 0 
70 1.766249808685714 -4.379606112675084 0 0 
71 0.964238265783635 -5.711294341792907 0 0 
72 0.6247958447274016 -6.901347928408754 0 0 
73 0.205592329070754 -9.308672776264245 0 0 
74 0.2474601281012667 -10.62978281473293 0 0 
75 0.5137401703581688 -12.76734559516863 0 0 
76 1.298832008423197 -15.1902263318178 0 0 
77 0.8745308905166311 -16.85365493913203 0 0 
78 0.7218019533941415 -18.99938832365748 0 0 
79 0.956965554299849 -20.31985364206073 0 0 
80 1.308108786448052 -21.00638627108015 0 0 
81 1.771875491594784 -21.43968809939132 0 0 
82 2.553188562765961 -21.80392450475924 0 0 
83 4.869393856372774 -22.25309590115783 0 0 
84 5.433278016580275 -22.63238832747838 0 0 
85 5.745497664385482 -24.61420409690201 0 0 
86 6.098882285790843 -25.60435096492869 0 0 
87 6.743990887758045 -26.26137420013389 0 0 
88 8.017512805752332 -26.82839594758708 0 0 
89 8.405238448156467 -27.20447471797573 0 0 
90 8.558367413845446 -27.62772653920337 0 0 
91 8.542464436723613 -27.92585228285647 0 0 
92 8.288615486255097 -28.26539366004868 0 0 
93 7.004664578927887 -28.8137506738838 0 0 
94 3.953171358704502 -29.02772430797668 0 0 
95 2.781958360950206 -29.42227393183289 0 0 
96 1.956727554476878 -29.97605764253953 0 0 
97 1.02579625369718 -30.98764568522655 0 0 
98 0.4233718105656266 -32.05971122107736 0 0 
99 0.06411352837159257 -33.14978347141047 0 0 
100 -0.06612686224846698 -34.26239456532118 0 0 
101 -0.0632059168811594 -34.64227049449113 0 0 
102 0.4074364016143335 -35.80876789282881 0 0 
103 1.358786598059801 -36.52243789285274 0 0 
104 2.655727193134169 -36.84982173844368 0 0 
105 4.761857172091453 -36.54073648068909 0 0 
106 1.794621988030784 -37.90159542598202 0 0 
107 0.6593198910906892 -38.94842642344682 0 0 
108 0.2899683482373092 -39.84372453955461 0 0 
109 0.2181902865103069 -40.66971872250623 0 0 
110 0.3345908829912858 -43.12199127279935 0 0 
111 0.1467899801056021 -46.90670435145374 0 0 
112 0.5476263675038311 -48.42543388325161 0 0 
113 1.351054762914586 -49.44594036288784 0 0 
114 2.152869231694616 -49.68522621861221 0 0 
115 2.986771143682518 -49.27002961025484 0 0 
116 3.641251209132207 -48.43214032386222 0 0 
117 4.297162137380731 -47.20408099867207 0 0 
118 5.492772468736199 -44.34002855418216 0 0 
119 6.510143238122019 -42.37415722608365 0 0 
120 7.141397757595058 -41.64236499488788 0 0 
121 7.702648376572462 -41.52648621987798 0 0 
122 7.834399239956404 -41.76673268724205 0 0 
123 7.791049378346258 -42.4021861189553 0 0 
124 6.82366327806929 -45.34239340846696 0 0 
125 3.828044681759238 -49.76588706414401 0 0 
126 3.54000942726028 -50.84922411056974 0 0 
127 3.576220743363251 -51.46554161919897 0 0 
128 4.20928777114095 -53.23727210912544 0 0 
129 4.871151143843626 -54.29269492815406 0 0 
130 5.959643623450049 -55.49245984059144 0 0 
131 7.347300681358057 -56.79091897527227 0 0 
132 8.257618938611145 -57.33004198167658 0 0 
133 9.213579731717914 -57.61920212721631 0 0 
134 10.20432793089974 -57.69837513157204 0 0 
135 11.53601294661174 -57.44725074185568 0 0 
136 13.49402623771287 -56.67993434530102 0 0 
137 14.59531557339105 -56.11341334270417 0 0 
138 15.50353661641061 -55.2731703749235 0 0 
139 15.78106386018491 -54.56491313086108 0 0 
140 15.73972597540542 -53.92896768383047 0 0 
141 14.81014262904992 -51.62830858323337 0 0 
142 14.79345922877697 -50.59723568844849 0 0 
143 16.56111805626155 -45.46456430411608 0 0 
144 16.74179767956555 -44.21087292835114 0 0 
145 16.62298081184188 -42.88453898316413 0 0 
146 16.78435048539413 -42.16983747905607 0 0 
147 18.00716728672698 -40.24818078721118 0 0 
148 18.51377325257722 -39.74412880873651 0 0 
149 18.82874318290713 -39.76583128000594 0 0 
150 18.96126590656533 -40.0310362609778 0 0 
151 18.0759349995043 -43.65790672431609 0 0 
152 17.96685780803216 -45.91330884980454 0 0 
153 17.29606409254194 -48.97084911185335 0 0 
154 17.16866055962792 -50.84333962089672 0 0 
155 17.61247232525113 -52.40064042594395 0 0 
156 18.29332235834725 -53.40966377382836 0 0 
157 19.44180613843331 -54.09999546340759 0 0 
158 20.53669920805089 -54.22465295269224 0 0 
159 21.32975591183647 -53.97644479474032 0 0 
160 22.17516920103914 -53.32599371169121 0 0 
161 22.64698316507251 -52.20110829826653 0 0 
162 22.2911261197943 -51.00691099670855 0 0 
163 22.27099769736159 -50.58636711192275 0 0 
164 22.46347451200828 -50.28785594563311 0 0 
165 23.04023962128181 -50.00459874550143 0 0 
166 26.24800952750309 -49.30492013308401 0 0 
167 28.04293944545084 -48.40271511208334 0 0 
168 30.11269399529186 -46.89504159619867 0 0 
169 30.65868648202471 -46.17081224819223 0 0 
170 30.95524483747589 -45.24540760076514 0 0 
171 30.9829323745916 -44.11155861762775 0 0 
172 31.16684528986409 -43.80545950815924 0 0 
173 33.15496473154691 -43.12861656549717 0 0 
174 36.32012571158531 -41.25864601525645 0 0 
175 37.52552942040219 -40.20262988828529 0 0 
176 37.97697982300745 -39.13061341222924 0 0 
177 37.82787878426073 -38.28255010234382 0 0 
178 37.02362213479562 -37.42268127475384 0 0 
179 36.48929257869747 -37.09554135827548 0 0 
180 35.02237463153307 -36.73560809127471 0 0 
181 33.95114300388123 -36.16123908561526 0 0 
182 33.88128584052546 -35.86089993737865 0 0 
183 34.18506119719393 -34.23201029113338 0 0 
184 34.0026982870238 -33.16154771465929 0 0 
185 33.74088552541414 -32.40627287124526 0 0 
186 32.98630886965095 -31.30745519622342 0 0 
187 31.64518972330119 -30.15822589711635 0 0 
188 30.64603662561642 -29.90173046143175 0 0 
189 30.13891160747343 -29.83854329382253 0 0 
190 29.1086608904582 -30.3977809063754 0 0 
191 29.98654217156621 -29.72403738580383 0 0 
192 30.82907758924564 -29.60943387615496 0 0 
193 32.31776533100202 -29.91456476129378 0 0 
194 33.78572302587898 -30.57550237072285 0 0 
195 34.94762497406698 -31.43803382739533 0 0 
196 35.36101483926673 -31.98178081369427 0 0 
197 35.70349297364483 -33.11560788441624 0 0 
198 35.76541994738049 -34.42680306704216 0 0 
199 36.16968873383185 -35.08720410128053 0 0 
200 37.30947229765928 -35.67579393753362 0 0 
201 38.88889235640616 -35.71727547375938 0 0 
202 40.13498969369681 -34.93633330549083 0 0 
203 41.06441063832234 -33.77409089790359 0 0 
204 41.57003403540998 -32.72725708360598 0 0 
205 41.91492411219959 -30.88975038057755 0 0 
206 41.71423320732625 -29.89860514947934 0 0 
207 41.1351980649458 -29.03690219085316 0 0 
208 40.22408461876934 -28.38259283256249 0 0 
209 35.10896421778912 -26.17562856542894 0 0 
210 34.51239179777633 -25.71441603491319 0 0 
211 34.29960022534276 -25.15494762505801 0 0 
212 34.85247268475941 -24.87066169452243 0 0 
213 35.77612784008527 -25.03268111383847 0 0 
214 39.92893987721708 -26.88857471238138 0 0 
215 40.73996532307881 -27.07945249565094 0 0 
216 41.87927920253347 -27.05088341241624 0 0 
217 42.96674838240541 -26.62105826277261 0 0 
218 43.61386576967371 -25.91897822789117 0 0 
219 43.8400377297433 -25.44334977222351 0 0 
220 44.10631521503238 -23.8397663000052 0 0 
221 43.62071717289201 -22.60487147661818 0 0 
222 42.79560366652527 -21.96101084677374 0 0 
223 38.42351750772826 -21.05709365348775 0 0 
224 36.89624212350105 -20.41131640234401 0 0 
225 36.23301792990921 -19.83778983184842 0 0 
226 36.48053264519348 -19.55636417174142 0 0 
227 37.32189465065196 -19.42274808170347 0 0 
228 41.54140146886024 -20.12439900985358 0 0 
229 42.56793611748381 -20.15820485891087 0 0 
230 43.50278631456035 -19.90602347584267 0 0 
231 44.00769937840491 -19.53884810312815 0 0 
232 44.36788446832179 -18.51991255917783 0 0 
233 44.67673015780174 -16.0238536539002 0 0 
234 46.11866304941034 -10.90903846556637 0 0 
235 46.09436373655498 -9.828978668036591 0 0 
236 45.68043231390006 -8.613621853023005 0 0 
237 45.23769869695485 -8.096855526322351 0 0 
238 44.44193281547132 -7.610907864447576 0 0 
239 43.49172328324245 -7.423726898934433 0 0 
240 42.96223010452698 -7.487372991701747 0 0 
241 37.95187911089442 -8.866065196074345 0 0 
242 37.22700268846702 -8.965570019137793 0 0 
243 36.9875670630144 -8.858222505182361 0 0 
244 37.48958101691549 -8.201633917383596 0 0 
245 38.82010159211455 -7.44666485681261 0 0 
246 40.70412987718011 -6.867816561356683 0 0 
247 42.63978179070014 -6.603537887641153 0 0 
248 43.39813889607862 -6.369261770518513 0 0 
249 44.00941591954353 -5.919384881864509 0 0 
250 44.45171595614586 -5.20302315165624 0 0 
251 44.59696543920288 -3.498655008403674 0 0 
252 44.02596647392201 -2.33830499109925 0 0 
253 43.05901186707317 -1.846936082410167 0 0 
254 41.89337925763799 -1.795522214361043 0 0 
255 40.96312715470565 -1.961385483983513 0 0 
256 36.57920021258438 -3.08539288964765 0 0 
257 34.79474996539638 -3.935287912216793 0 0 
258 33.41415304115596 -4.935837947267714 0 0 
259 30.12056488262245 -6.243141796457863 0 0 
260 28.75543327141811 -6.338978727925728 0 0 
261 28.16368754280057 -5.92911501627708 0 0 
262 28.12365655362261 -5.584664659911716 0 0 
263 28.33520323597646 -5.101908959094871 0 0 
264 29.18622341746321 -4.415448171751386 0 0 
265 30.12140069021453 -4.195828969900361 0 0 
266 31.93623660991895 -4.153607779576731 0 0 
267 34.21269902536859 -3.16674873231004 0 0 
268 38.98454328110721 -2.330281870010808 0 0 
269 41.50589825017839 -1.212596481793753 0 0 
270 42.33618607164728 -0.1880568318282769 0 0 
271 42.63267924605498 0.5721508137698095 0 0 
272 42.69707840067707 1.244310697910237 0 0 
273 42.30248590000276 2.439679131710051 0 0 
274 40.22659647864397 4.769980687838753 0 0 
275 39.07181056640576 6.342728879196358 0 0 
276 37.79127100162631 7.254435288722078 0 0 
277 36.69836721972486 7.596219830168152 0 0 
278 35.18823611553965 7.679556145217134 0 0 
279 33.34091795439794 7.182095028605403 0 0 
280 30.70382685556604 5.849806597607767 0 0 
281 30.06364117454343 5.788707185064894 0 0 
282 29.8571207576145 6.00201184443101 0 0 
283 30.01065152591167 6.298016147488283 0 0 
284 30.66338333736836 6.809825695768964 0 0 
285 33.52844667356239 8.33055811780811 0 0 
286 35.13364138019348 8.757724631168159 0 0 
287 38.56977863052431 9.101195895546994 0 0 
288 39.31016523002371 9.422369487966378 0 0 
289 40.07084263989339 10.07295362999457 0 0 
290 40.61527609359665 10.95141420681882 0 0 
291 41.64381611245463 14.3119948326389 0 0 
292 41.71302073061176 15.20517294247261 0 0 
293 41.53213943140808 16.00720965703934 0 0 
294 40.58088994671974 17.02944526752496 0 0 
295 38.5901447813967 17.70574493843415 0 0 
296 37.9934475514581 17.74195979905026 0 0 
297 36.95736845635265 19.79667503171667 0 0 
298 35.78714893333476 20.69429169084147 0 0 
299 34.61256153034877 21.08910446679539 0 0 
300 33.03625721073128 21.18494909835847 0 0 
301 30.76954952767515 20.79047925789278 0 0 
302 28.92434199575747 20.2726892001118 0 0 
303 28.25739665417856 19.84198246583951 0 0 
304 27.52937834414313 18.90164727919729 0 0 
305 27.59179045322986 16.41266951083358 0 0 
306 27.36303712105841 16.00751310703619 0 0 
307 26.68446336566703 15.65381406057628 0 0 
308 26.00932571540834 15.90714677752554 0 0 
309 25.9787806152724 16.91246480676847 0 0 
310 26.22923165848408 17.12976470447742 0 0 
311 26.41863301415749 18.09704387324136 0 0 
312 25.79289922801453 19.31128076063756 0 0 
313 25.66137899941003 20.25328700935185 0 0 
314 25.80312452675176 21.13306640841752 0 0 
315 25.65419148804634 22.02862095847675 0 0 
316 25.24916889268987 22.86628953079018 0 0 
317 25.27313242408512 23.19312347677466 0 0 
318 30.01357688372038 22.54200103361867 0 0 
319 33.55937622812714 22.78871841158721 0 0 
320 35.95680329550062 22.48586160862604 0 0 
321 37.37058135483227 22.1368804850062 0 0 
322 37.93906490796424 22.45954237791892 0 0 
323 38.1588876987109 24.62549186201989 0 0 
324 38.03583559475506 26.37047576399658 0 0 
325 37.64995774891968 27.59117393893783 0 0 
326 37.04989767996017 28.56676270092059 0 0 
327 35.91318267804428 29.68270795490264 0 0 
328 33.29884846680375 31.26517449512917 0 0 
329 31.74154649969076 31.86612006492217 0 0 
330 30.68233382589634 31.96483654650687 0 0 
331 27.06313456299753 31.30828571367981 0 0 
332 26.35561869671446 31.47834968493338 0 0 
333 26.75461909971685 32.04428691584772 0 0 
334 28.04850237387102 32.46958005401032 0 0 
335 32.3769770018299 32.26077123753302 0 0 
336 33.77726923634889 32.4121724181247 0 0 
337 34.60189651306996 32.86572281371008 0 0 
338 34.85889675240166 33.05195516684869 0 0 
339 35.40738363564054 34.05095056452278 0 0 
340 35.25061583456817 35.9846171892185 0 0 
341 34.87668421300459 37.05873774275386 0 0 
342 34.12846447047122 37.86581055065868 0 0 
343 32.7265130824691 38.62915198387707 0 0 
344 27.79605171652217 39.04890886458408 0 0 
345 25.32622751199231 39.73312357729009 0 0 
346 24.31128100548422 39.79645860322812 0 0 
347 23.74346304738978 39.63325034547937 0 0 
348 23.91314354291865 40.05226030263648 0 0 
349 24.79963680820491 40.684979962513 0 0 
350 26.37367781209561 41.08329944819747 0 0 
351 27.35164332037104 41.07500534307357 0 0 
352 30.4978098512283 40.11650682047195 0 0 
353 32.14631435105913 40.28567016276864 0 0 
354 32.9496420066433 40.76787496560989 0 0 
355 33.50444895684217 41.39111989745459 0 0 
356 33.72655936831595 42.33155867187638 0 0 
357 33.4416543551405 44.05259689458562 0 0 
358 32.72958164462193 45.56244909967378 0 0 
359 31.77133231383655 46.67672026258199 0 0 
360 28.66490367784739 48.28010227736047 0 0 
361 27.41673112333982 49.33818991031966 0 0 
362 27.3754161315546 49.56187475415489 0 0 
363 25.91038486071869 49.59558351085316 0 0 
364 25.4735688667498 49.14565201753072 0 0 
365 24.99109402349971 48.40595033564693 0 0 
366 23.71005772647987 44.80250243439438 0 0 
367 23.2873797501798 44.47105006082228 0 0 
368 23.15443910891334 44.90148375424508 0 0 
369 23.27031179265242 45.48654954960543 0 0 
370 24.87028297494716 48.7294840965894 0 0 
371 25.17457837832956 49.70058394009112 0 0 
372 25.29037928911212 50.25867161905985 0 0 
373 25.19080638664096 50.93730805184785 0 0 
374 24.86677675209638 51.78535420625852 0 0 
375 24.09565544060601 52.60052265800404 0 0 
376 23.24484673729209 53.02555746251038 0 0 
377 21.64642151243898 53.19007092386158 0 0 
378 20.448942718753 52.70479986872297 0 0 
379 19.95069681937949 52.33848463505078 0 0 
380 18.08857143986189 50.39251104535604 0 0 
381 18.0716591638455 50.81284694064816 0 0 
382 18.54285842738496 52.30976414962716 0 0 
383 18.68657863739321 53.96400937386618 0 0 
384 18.44491572275354 55.40691393067702 0 0 
385 18.18257693984869 55.90696116016262 0 0 
386 17.50313847657685 56.59993324496884 0 0 
387 15.83383664744113 57.38983886799626 0 0 
388 9.192333763497253 53.86721673720746 0 0 
389 7.50086429530166 53.84867455933332 0 0 
390 6.156584970658173 54.04616341422717 0 0 
391 5.685533700799695 54.75560089326275 0 0 
392 6.015069443638787 55.61688607010829 0 0 
393 6.829129530431203 56.56049355418826 0 0 
394 7.731011010491024 56.4065497126301 0 0 
395 8.65756820382618 55.64588605371326 0 0 
396 8.524986783488153 55.29145137225721 0 0 
397 9.435527897421366 54.73565006613853 0 0 
398 21.34215747440291 -45.82611358384158 0 0 
399 21.48080879558131 -44.68929373933469 0 0 
400 22.10814315239688 -44.96909468861814 0 0 
401 22.16929570945507 -45.0336367197264 0 0 
402 24.68241967664858 -31.54434729746928 0 0 
403 22.20287853447252 -29.46607294261111 0 0 
404 22.39816691879301 -29.13869016572279 0 0 
405 23.17553927241877 -28.94425353695745 0 0 
406 23.47060845998023 -29.03257749539949 0 0 
407 23.92557487734311 -29.49259401385709 0 0 
408 30.81912874521842 -18.36362905350008 0 0 
409 30.55870033897322 -19.44313450949022 0 0 
410 30.77931025333773 -20.446178745883 0 0 
411 32.27643585324989 -22.11668118907473 0 0 
412 32.4090435299307 -22.8514326429523 0 0 
413 31.66350101680075 -23.99313183172322 0 0 
414 31.18141420792089 -26.4438078547269 0 0 
415 28.42340368061002 -26.84567241032799 0 0 
416 27.93747482894621 -26.66769936540705 0 0 
417 27.62704471013546 -26.27645629524939 0 0 
418 26.69434039076889 -25.67070369826705 0 0 
419 25.47970264884327 -25.41519276542702 0 0 
420 23.53928014911048 -25.47054812080911 0 0 
421 22.36247375461338 -25.75687884290444 0 0 
422 20.29550685066143 -26.79101337683332 0 0 
423 18.95301528072044 -28.03466830464953 0 0 
424 18.19144169571148 -29.35714087874786 0 0 
425 17.99300733539894 -30.53259297506639 0 0 
426 18.25658432055874 -31.87579988846252 0 0 
427 18.90216943440346 -33.17759465400553 0 0 
428 19.78752980272895 -33.95251474810848 0 0 
429 20.65694736689841 -34.17989623317003 0 0 
430 22.07784444249522 -33.96933708420168 0 0 
431 24.89958586116209 -36.38309165548631 0 0 
432 28.35006168152549 -38.19365576016159 0 0 
433 26.39708252366074 -39.00289005506886 0 0 
434 24.64970432563418 -40.59260137530906 0 0 
435 24.00397081565303 -41.52955973429207 0 0 
436 23.18992978697499 -42.22704123427646 0 0 
437 23.0611239840451 -41.45081260916431 0 0 
438 23.16383108230295 -40.77720430135314 0 0 
439 22.80746282642724 -39.05000479751855 0 0 
440 22.41357574938584 -38.14650245520158 0 0 
441 21.56630439118987 -37.33638803506955 0 0 
442 20.65741276825008 -36.90864082618606 0 0 
443 19.79234053366052 -36.7503358788246 0 0 
444 18.09840702266013 -36.85795130188974 0 0 
445 16.87238490323958 -37.2541229806564 0 0 
446 15.41962386088753 -38.24839999651253 0 0 
447 14.67668052042191 -39.05293933018989 0 0 
448 14.24372701583729 -39.91441365377733 0 0 
449 13.8964654266528 -41.12492360995778 0 0 
450 13.79886839402298 -42.96961789505468 0 0 
451 12.96401799367322 -45.74352779606453 0 0 
452 12.66352166498903 -47.59149953024217 0 0 
453 12.11181651574289 -49.26079528692561 0 0 
454 11.25513377193617 -50.91079224707512 0 0 
455 11.08792224896746 -49.16585599419859 0 0 
456 9.49810977614019 -47.49354255280372 0 0 
457 9.67578426166763 -46.27513126934885 0 0 
458 10.43624580097443 -44.22397604206407 0 0 
459 10.80519219337808 -41.60478174273257 0 0 
460 11.02545638334774 -41.10760342590948 0 0 
461 10.94775157875665 -40.76823063986132 0 0 
462 9.980657387830476 -39.1286849802802 0 0 
463 8.798853136286951 -38.52357992023733 0 0 
464 7.702270060715811 -38.2824817499915 0 0 
465 7.557421423605504 -37.35404802034574 0 0 
466 7.722394377793805 -37.28381237398932 0 0 
467 7.786838941452821 -35.87526885772268 0 0 
468 8.253133068858546 -34.64950268839691 0 0 
469 8.320541923173018 -33.94350072042772 0 0 
470 10.48523922634304 -30.98455448435718 0 0 
471 11.80913545462583 -27.9670837646581 0 0 
472 12.09133975332373 -26.26385852721068 0 0 
473 11.37551554845329 -24.63238527663367 0 0 
474 9.600521146976192 -22.45374582429771 0 0 
475 9.420027591269402 -19.73963268066706 0 0 
476 7.552855744402713 -16.1853658146438 0 0 
477 6.924240860058745 -15.19058925449072 0 0 
478 5.391235227150098 -13.57322672526383 0 0 
479 4.6694950337506 -13.49813946003344 0 0 
480 4.253969630637521 -13.27993442505226 0 0 
481 4.50383588779389 -12.42104525478722 0 0 
482 5.449808224923352 -11.92388015271929 0 0 
483 6.178088637233259 -11.00890215250914 0 0 
484 6.516813064326577 -9.207500659392565 0 0 
485 6.711796968857229 -4.090408526824206 0 0 
486 6.583380587785562 -1.53040715353319 0 0 
487 6.123519063632422 -0.07579999581018626 0 0 
488 6.144369430281465 2.582465715677841 0 0 
489 5.976537360533229 4.439044750763685 0 0 
490 6.250465837003041 7.006844262486325 0 0 
491 6.634929655040168 8.703777111603529 0 0 
492 6.788742523362693 14.68549815173442 0 0 
493 6.520606102348708 16.39167500615871 0 0 
494 5.777643958141326 18.18770721846984 0 0 
495 5.44669288335588 21.96662818056248 0 0 
496 4.689817241969592 25.76638064707349 0 0 
497 5.369269769183546 28.36206772154181 0 0 
498 6.164824628081284 27.5262578344484 0 0 
499 7.287970896156523 26.71685422744618 0 0 
500 8.580372209953708 26.7989989596183 0 0 
501 8.926699822207773 27.15193321327507 0 0 
502 9.597804775849312 27.98270645417537 0 0 
503 10.62910710826262 30.92309956603155 0 0 
504 12.25484761549135 33.25338351106674 0 0 
505 12.69992064223898 34.29359797341993 0 0 
506 12.73072278009919 35.99977473123243 0 0 
507 12.13348867913125 37.77077242083868 0 0 
508 9.507536144653898 41.90873955568829 0 0 
509 8.688144362951483 42.76987949336144 0 0 
510 7.607382007778689 43.48796425578567 0 0 
511 7.356375688838021 44.46753947487119 0 0 
512 7.85896952511056 45.3741142811992 0 0 
513 8.00547233981127 46.71200099899156 0 0 
514 9.066457672842191 47.76532856323001 0 0 
515 9.074609105089955 47.94993763725533 0 0 
516 9.940636696254053 48.50686090928882 0 0 
517 10.09786959362535 49.28572636261526 0 0 
518 10.48097757004481 49.6231993977219 0 0 
519 10.36310918173987 51.74729542797132 0 0 
520 11.27960874166899 52.33686885249375 0 0 
521 12.02738557827442 53.9154828095448 0 0 
522 13.82590185726456 52.44295584545068 0 0 
523 14.48523390006341 52.11225720649955 0 0 
524 14.28767966803231 51.84370689495989 0 0 
525 15.1743630528605 51.35335171733897 0 0 
526 15.11237912317338 49.6397317392057 0 0 
527 15.59103132338703 47.29950865893134 0 0 
528 15.5072192789399 43.83628445152047 0 0 
529 15.82748362979274 43.67541102273634 0 0 
530 16.40175679488142 42.0354715499811 0 0 
531 17.24194935448423 41.46736930224058 0 0 
532 18.09840702266013 41.22698597051139 0 0 
533 20.64316916384884 42.16501107914249 0 0 
534 20.91247152927717 41.97069147927931 0 0 
535 20.687218398472 41.08240066465153 0 0 
536 19.9512043216604 39.42162370405454 0 0 
537 19.81003129767758 37.93389053249176 0 0 
538 18.41547888036908 37.68446957780918 0 0 
539 17.15120621497202 36.93204717214036 0 0 
540 16.02336687213871 35.14595393045118 0 0 
541 15.75454609535193 34.29359797341993 0 0 
542 15.79896851781653 33.9150551363757 0 0 
543 16.34549290430732 32.41959636993154 0 0 
544 17.13965629985432 31.51056785352394 0 0 
545 18.21753764141141 31.46699457539087 0 0 
546 19.04715611842556 32.61270992096821 0 0 
547 19.64649707479491 34.47025504228679 0 0 
548 20.0319706038874 34.69071487198246 0 0 
549 20.73329700026314 35.73094790415084 0 0 
550 21.03249298946908 35.19821074564528 0 0 
551 22.14100497907334 34.24780675223512 0 0 
552 23.21549534053122 34.04391594172503 0 0 
553 23.68693423560559 33.39004513521044 0 0 
554 23.47288460723723 32.86537543061887 0 0 
555 23.65660897693049 32.5874135862129 0 0 
556 23.40308349046889 31.62076747437102 0 0 
557 23.631472084188 30.732335765028 0 0 
558 23.44128324821345 30.03142800074909 0 0 
559 23.86200682425331 29.78488062200253 0 0 
560 24.82673295060317 27.43433643952268 0 0 
561 23.26969259900737 25.4504213157785 0 0 
562 22.38787707463217 24.01007040020198 0 0 
563 21.45940118257779 21.82683067822019 0 0 
564 21.38346861462223 20.64559534890822 0 0 
565 21.56646411994856 19.51466551417279 0 0 
566 22.90597006821673 16.38086298806837 0 0 
567 23.14928456450248 15.26232499506179 0 0 
568 23.76896236494433 13.69328407591175 0 0 
569 25.1728945501757 12.96239917663375 0 0 
570 26.62785648555075 12.74811420961598 0 0 
571 30.87894321512553 13.61071409702025 0 0 
572 32.59877323359763 12.45713086720626 0 0 
573 33.94751452202695 12.12265895863295 0 0 
574 32.90754093828554 11.22566716411194 0 0 
575 31.16864576700566 10.48845129261484 0 0 
576 29.47807182785735 9.547283693952494 0 0 
577 27.38534646416588 7.897230116895059 0 0 
578 26.57361470186277 6.145229137970716 0 0 
579 26.61215926761642 4.923884342326886 0 0 
580 27.39683649267947 3.485138432208927 0 0 
581 28.67020800420445 2.771900437945106 0 0 
582 30.03876804560934 2.659405705634242 0 0 
583 31.74495243281638 3.015339349730851 0 0 
584 34.53441626588562 4.419099167129218 0 0 
585 34.83745773523231 4.432154433388675 0 0 
586 36.02824862987566 3.605313510881246 0 0 
587 36.83622497289261 2.490509824051315 0 0 
588 38.65472012953661 0.9068144877199131 0 0 
589 37.71585392207419 0.4682331882764572 0 0 
590 36.86349796504294 0.4199323242925743 0 0 
591 35.12083367220809 0.6259400972901261 0 0 
592 33.01487716892962 1.49416888957704 0 0 
593 31.88414706505763 1.625146921990194 0 0 
594 30.04388079824044 1.462460092903314 0 0 
595 29.1861938308034 1.026454718449742 0 0 
596 27.48570248057479 -0.6271357816239203 0 0 
597 25.84493523100437 -3.555346432847571 0 0 
598 23.72695231040997 -8.355137072966784 0 0 
599 23.71664451903455 -9.207500659392565 0 0 
600 24.06921441985691 -10.0699875035205 0 0 
601 24.93492652114669 -10.91510233816435 0 0 
602 25.7740356847695 -11.34334847774356 0 0 
603 26.78753329703402 -11.66329826842671 0 0 
604 28.16553649153148 -11.70510997210905 0 0 
605 29.36799554019493 -11.35345489100968 0 0 
606 30.30416171838172 -10.84385779536051 0 0 
607 32.36577975992633 -9.164688085358385 0 0 
608 33.30942534117165 -8.686908767298974 0 0 
609 34.00137670822355 -9.207946186972229 0 0 
610 34.34849966689711 -10.11695116371408 0 0 
611 35.03744681516096 -11.02033927039999 0 0 
612 36.32049930107574 -11.72184490470474 0 0 
613 38.90296436502159 -11.70046448951189 0 0 
614 41.98059391230856 -10.92990857905746 0 0 
615 42.71040312099537 -11.69046758856104 0 0 
616 42.04898985695201 -13.78162077353986 0 0 
617 41.59633767575525 -16.03225176227813 0 0 
618 41.04558068946299 -16.8725965138323 0 0 
619 36.86349796504294 -15.99494725398041 0 0 
620 33.34539755353025 -16.07187520729571 0 0 
621 33.2608662176452 -15.85323882759451 0 0 
622 33.40686765970798 -15.46427594061893 0 0 
623 32.98573236013958 -14.601665931699 0 0 
624 32.34546815903293 -14.67763773266123 0 0 
625 31.49984999284575 -14.88869084717238 0 0 
626 31.36860355133685 -15.12076269317775 0 0 
627 31.53848434436647 -16.03222676412889 0 0 
628 31.25176486539534 -16.12314966860313 0 0 
629 31.75319518232708 -16.74708919087735 0 0 
630 36.87877288268128 12.93068850308556 0 0 
631 37.94263457689129 13.22814016259336 0 0 
632 37.79967272913591 12.05139850442748 0 0 
633 36.86349796504294 11.78947004841646 0 0 
634 36.02048918235202 11.77942131623305 0 0 
635 34.14711762450418 12.10557476157962 0 0 
636 35.19379500934835 12.04832875653494 0 0 
637 -1.89255455523022 -2.369965408879324 0 0 
638 -0.9504872810215659 0.2038754798212352 0 0 
639 -0.7090124802260505 1.67470896159854 0 0 
640 -0.5751717241675962 6.728518067425554 0 0 
641 -0.9722675660025004 10.35204900436133 0 0 
642 -0.1199607598794188 14.98479848713212 0 0 
643 -0.1232196205720015 16.75297493370338 0 0 
644 -0.4212978461909458 19.24401676380522 0 0 
645 -0.05550642031275288 23.75548518328475 0 0 
646 -0.2879039947394304 27.36181054536858 0 0 
647 0.3907689600737214 31.73271380512909 0 0 
648 0.4587776330169504 33.46904301948602 0 0 
649 -0.1902222992674254 35.64148859391261 0 0 
650 -1.637953201010589 38.10432575647442 0 0 
651 -2.406858541038169 38.71462694096418 0 0 
652 -3.022524106270119 38.84742684842487 0 0 
653 -4.418028254501941 38.67272702919598 0 0 
654 -5.757271463602443 38.16119767439906 0 0 
655 -7.994026382477621 36.66968093999094 0 0 
656 -8.912584293007455 37.30669526353567 0 0 
657 -9.102339134420021 37.7349393914084 0 0 
658 -9.000312199794081 38.06578427298464 0 0 
659 -8.503112021104222 38.55177730411314 0 0 
660 -6.266229800995504 39.6139781060145 0 0 
661 -4.488535591721991 40.10975208803529 0 0 
662 -1.163924653024779 40.70819560292672 0 0 
663 -0.1755171900599137 41.04561959088821 0 0 
664 0.7541963247197785 41.70821710926144 0 0 
665 1.273100915202384 42.40996922325222 0 0 
666 1.352166222155283 43.2176362517896 0 0 
667 1.062788673898488 43.82723098364728 0 0 
668 0.5724328487971206 44.28388294506762 0 0 
669 -1.141482001563638 44.85722646362684 0 0 
670 -4.365844795327533 44.57366170246947 0 0 
671 -5.038130883621456 44.6949136487289 0 0 
672 -5.273736689530075 44.91369678520738 0 0 
673 -5.151726382606064 45.35489231053748 0 0 
674 -4.753335871483273 45.82440618539829 0 0 
675 -3.49623943031586 46.48682973109119 0 0 
676 -1.089166329995791 47.33421805270265 0 0 
677 -0.2400479116318692 47.85189958759263 0 0 
678 0.3487102033304552 48.66799371745321 0 0 
679 0.4255061223459364 49.6581744630523 0 0 
680 -0.08876520115960318 50.84240622320351 0 0 
681 -1.266616336302349 52.5993017915191 0 0 
682 -2.224700956617269 53.65376735704653 0 0 
683 -1.12310570164356 54.65958821720227 0 0 
684 -0.6558112870226012 55.42255016211882 0 0 
685 -0.617232449735198 56.55300045347803 0 0 
686 -1.072889346704876 57.46963855873609 0 0 
687 -2.228508251844573 58.52503121448383 0 0 
688 -4.142248625771195 59.56614948751373 0 0 
689 -5.602054880455547 60.06284080936749 0 0 
690 -8.341881806327933 60.47090279792066 0 0 
691 -10.53151799748011 60.43423431217305 0 0 
692 -11.80880853102061 60.00955447408489 0 0 
693 -12.56046005475216 59.40721823414914 0 0 
694 -12.70104346085107 58.8949757595426 0 0 
695 -12.67209280890394 58.10408687434175 0 0 
696 -12.52066210719537 57.83777384232282 0 0 
697 -11.07615130325521 57.02460265508806 0 0 
698 -8.236240732302853 55.9135474001439 0 0 
699 -7.559372873862898 55.43142430648047 0 0 
700 -7.842060797166631 55.17512035141662 0 0 
701 -8.310005654091782 55.1463028812709 0 0 
702 -10.68904939560187 55.51687580044624 0 0 
703 -11.49523193289811 55.35989429819182 0 0 
704 -12.15481714153299 54.86237477495131 0 0 
705 -12.48472181691694 54.0225153629424 0 0 
706 -12.582412433456 53.0617930022827 0 0 
707 -12.48141917623361 50.10416192774299 0 0 
708 -12.62017980553387 49.5516146501805 0 0 
709 -13.31880343476926 50.21529903820166 0 0 
710 -13.79679541135497 51.30130481320421 0 0 
711 -14.09679974438653 52.93794798436835 0 0 
712 -14.24628971333551 55.50856727073818 0 0 
713 -15.05879676391529 56.72598211078032 0 0 
714 -15.39830769162727 56.56236801507394 0 0 
715 -16.06548330172386 56.96392572017571 0 0 
716 -16.69289794925482 56.98140765134173 0 0 
717 -20.48417968001547 56.46006020523929 0 0 
718 -21.91452139081047 55.84044528770711 0 0 
719 -23.04141448655184 54.57054639831419 0 0 
720 -23.11270574591522 53.27496064342391 0 0 
721 -22.57119815306821 52.51307278842741 0 0 
722 -20.03349785422525 50.92308861393154 0 0 
723 -19.34836143799939 49.91540888650587 0 0 
724 -19.45080371308961 49.53340542653916 0 0 
725 -19.65161793337406 49.46128293835953 0 0 
726 -21.62077162372909 50.02995600099624 0 0 
727 -22.4776613889993 49.97345959811535 0 0 
728 -23.35466402156871 49.49997692673483 0 0 
729 -23.99139528630061 48.7310534209592 0 0 
730 -24.22578972191625 48.02060369527368 0 0 
731 -24.23003998036639 46.55757492321133 0 0 
732 -24.01033995340022 45.64277534861051 0 0 
733 -23.42131103740055 44.44414338433096 0 0 
734 -22.76784508859037 43.60049393670857 0 0 
735 -20.76187097720684 41.68277128094755 0 0 
736 -20.57707075179674 41.15635719760347 0 0 
737 -20.8660392591989 41.11981614813104 0 0 
738 -21.54597622010763 41.43508798798445 0 0 
739 -23.70172942427589 42.88284387041723 0 0 
740 -24.5602302078595 43.64154715075084 0 0 
741 -25.05885752825422 44.81758461207384 0 0 
742 -24.9880804457157 47.89427001511825 0 0 
743 -25.32704147129142 48.92918478060342 0 0 
744 -26.03220624643049 49.62260063137963 0 0 
745 -27.63648386198947 49.17813610037364 0 0 
746 -27.80895625355525 48.54252993463966 0 0 
747 -29.24693154703815 46.58592735796974 0 0 
748 -30.83399093928215 43.88776343180184 0 0 
749 -31.66786243335578 41.17150352544198 0 0 
750 -31.51541471322271 39.66060758488373 0 0 
751 -31.30897313202183 39.03824114810918 0 0 
752 -31.41080086611505 38.37939626137442 0 0 
753 -32.06652328421361 37.7705554226589 0 0 
754 -32.66050822666755 36.37053860668287 0 0 
755 -32.44242173930802 34.48642814855125 0 0 
756 -31.98755802370508 33.67408607575327 0 0 
757 -30.46216073071101 31.72450208390008 0 0 
758 -30.25873489977682 30.93806273061836 0 0 
759 -30.76434365588776 30.96924684476991 0 0 
760 -32.35981938914364 32.05474056308705 0 0 
761 -33.35972600942752 32.42988184742487 0 0 
762 -33.6875206123737 32.48051490330431 0 0 
763 -34.72698377024179 31.98054920406383 0 0 
764 -35.17205868367357 31.31664341958691 0 0 
765 -35.52453407258181 30.19831300587786 0 0 
766 -35.73875905885894 28.67182216143964 0 0 
767 -35.6628309796285 27.91428519881454 0 0 
768 -35.3176465394884 27.02554672719721 0 0 
769 -34.58703460922348 26.35843841086609 0 0 
770 -33.48931106419968 26.02158488560889 0 0 
771 -30.43093389494799 26.35125918296322 0 0 
772 -26.8422956750933 27.29758531848881 0 0 
773 -24.66844442580099 27.64268619203055 0 0 
774 -23.62264321800428 27.61400691751716 0 0 
775 -22.8035778390084 27.26472687015051 0 0 
776 -22.72232142850955 26.96334740894495 0 0 
777 -22.9992921285295 26.57941700514863 0 0 
778 -23.83657487241753 26.23852831677837 0 0 
779 -25.81156035263241 25.91415444717926 0 0 
780 -28.38213228875317 25.82650958721372 0 0 
781 -29.82910608418982 25.27719676684714 0 0 
782 -30.75363861392351 24.55463196425616 0 0 
783 -31.19863003427783 23.92277436275459 0 0 
784 -31.38424391572766 23.48498918925922 0 0 
785 -31.42348935837284 22.74385433291482 0 0 
786 -30.88390630654591 21.55620115314578 0 0 
787 -30.35039344753389 21.03843912195821 0 0 
788 -26.5709951394912 18.20652819896191 0 0 
789 -25.25918962582763 17.77287855707966 0 0 
790 -23.19485524130351 17.58969114541009 0 0 
791 -22.9627293951241 17.38877586378403 0 0 
792 -23.73137845865145 16.99060807546127 0 0 
793 -26.07160203761993 16.82209373338515 0 0 
794 -27.09606963790649 16.88014466090908 0 0 
795 -28.3291779319532 17.27107964815717 0 0 
796 -29.09307614168635 17.827724711584 0 0 
797 -31.28838857245374 20.05951463676908 0 0 
798 -32.52717113092366 21.93073460624285 0 0 
799 -33.3284158440261 22.40240514883526 0 0 
800 -34.81804179493246 22.10581159603066 0 0 
801 -35.70971667753648 21.52721708824235 0 0 
802 -36.47910957556081 20.75782374413865 0 0 
803 -37.00906094396763 19.84811046341564 0 0 
804 -37.34172869319563 18.83049968775907 0 0 
805 -37.22714516033045 17.63000073700734 0 0 
806 -36.92337879612258 16.86802212754731 0 0 
807 -36.22631050531438 15.94693525845879 0 0 
808 -34.45876492884835 14.3309764500888 0 0 
809 -33.95507745467101 13.4434027362493 0 0 
810 -32.53596030852492 12.25087430482971 0 0 
811 -30.85206525677278 11.50243636500151 0 0 
812 -28.64914682082337 11.03867376049597 0 0 
813 -25.122956775071 9.970001197478766 0 0 
814 -23.81782282650045 9.071395669207376 0 0 
815 -23.5137335996188 8.322734341324463 0 0 
816 -23.6921451166221 8.078707508981012 0 0 
817 -24.34972335065518 7.862694148119914 0 0 
818 -25.17847696298941 7.917289038353772 0 0 
819 -27.2157190983634 9.44406056510293 0 0 
820 -28.08199049644154 9.884218502794894 0 0 
821 -30.11905718773624 10.59457366224061 0 0 
822 -32.11586358309478 11.01636378362171 0 0 
823 -33.12657399750865 11.46264332183216 0 0 
824 -33.91152110717817 12.15524863048275 0 0 
825 -35.31932362499395 14.02724647050573 0 0 
826 -36.07931507382692 14.63565623880316 0 0 
827 -37.26626605969138 14.88088959216147 0 0 
828 -38.10820538191102 14.64331791274151 0 0 
829 -38.81154187934927 14.11330020962698 0 0 
830 -39.22012310752442 13.40506674050184 0 0 
831 -39.43054163395713 12.37586872370345 0 0 
832 -39.30136453193595 11.09405594904453 0 0 
833 -38.14515117395405 8.137434986337695 0 0 
834 -38.03343052248562 7.215547953651196 0 0 
835 -38.40930459156788 6.73864864101931 0 0 
836 -40.07608166676395 5.611505303921177 0 0 
837 -41.03632054444188 4.497050075701296 0 0 
838 -41.4525455572478 3.172744081804225 0 0 
839 -41.40829695752264 2.22359036761577 0 0 
840 -40.32376618203618 0.7096177415059941 0 0 
841 -37.40908703866711 -1.404438142877609 0 0 
842 -36.02320668149535 -4.129995779043043 0 0 
843 -34.70148429330187 -5.617210255789772 0 0 
844 -33.75483800734709 -6.138652887070982 0 0 
845 -32.2197764527916 -6.538262018936926 0 0 
846 -31.08290420786922 -6.515101363708837 0 0 
847 -28.7193827086589 -6.037717235315363 0 0 
848 -28.46910148633596 -6.315496660562744 0 0 
849 -28.51848479726037 -6.902719652324265 0 0 
850 -29.05390613505449 -7.605059894322864 0 0 
851 -30.07416711685743 -7.90369067488588 0 0 
852 -32.03521510858857 -7.77228554473173 0 0 
853 -33.812815494296 -7.326729380967834 0 0 
854 -35.44457529369346 -6.431297146979801 0 0 
855 -37.0900441310477 -5.035721879505793 0 0 
856 -37.70897623116777 -4.093906751084297 0 0 
857 -37.96834758861256 -2.463595937015654 0 0 
858 -38.55189443680775 -1.679035922694254 0 0 
859 -40.29404301777677 -0.7941052377995419 0 0 
860 -41.17109850830134 -0.6875622703087458 0 0 
861 -41.95611437552203 -0.8694511622632319 0 0 
862 -42.86206140795638 -1.738847567449071 0 0 
863 -43.18373650174005 -2.676466105162824 0 0 
864 -43.18403839901299 -4.59366337404645 0 0 
865 -42.69655061939165 -6.083850591223637 0 0 
866 -42.06787605304598 -7.082146935012645 0 0 
867 -41.13022087630286 -7.964040107935794 0 0 
868 -37.6516555333917 -9.949805161067793 0 0 
869 -40.44681949810012 -8.743619760386927 0 0 
870 -41.98613863517794 -8.650062817618313 0 0 
871 -43.14052072970906 -9.153784283609134 0 0 
872 -43.85447550403038 -9.766503422370555 0 0 
873 -44.45852402513593 -10.57955536766337 0 0 
874 -44.82900869834362 -11.92829151435811 0 0 
875 -44.49962277081508 -13.78562820013772 0 0 
876 -44.66991202642115 -14.73192294654369 0 0 
877 -45.28679026624066 -16.42966943478492 0 0 
878 -45.3747090635057 -17.45175200748406 0 0 
879 -44.97908868100441 -18.81499112480923 0 0 
880 -44.3415724926102 -19.50936437110237 0 0 
881 -43.64444062769388 -19.90347862883424 0 0 
882 -42.79294379703098 -20.1044672197987 0 0 
883 -41.75274115651277 -20.08963230366494 0 0 
884 -38.98100243504012 -19.43300025131309 0 0 
885 -37.69936727108658 -19.38214059704968 0 0 
886 -37.16159813998476 -19.51539045812265 0 0 
887 -35.86998445554465 -20.23314005171402 0 0 
888 -34.24513756200845 -22.02793860406965 0 0 
889 -34.2085733441769 -22.24309275131009 0 0 
890 -34.53526740543629 -22.27350241997912 0 0 
891 -36.11673759655844 -21.53306463831512 0 0 
892 -37.8518648259066 -21.05455146171593 0 0 
893 -39.78886276987004 -21.07225136028548 0 0 
894 -41.43300513217179 -21.63061327819594 0 0 
895 -42.10991810399452 -22.14524831695075 0 0 
896 -42.29535189193562 -22.62292021381371 0 0 
897 -42.40228632136806 -23.11202296580787 0 0 
898 -42.23261089787437 -23.70712941685998 0 0 
899 -41.36188521421203 -24.74691219248017 0 0 
900 -39.01498711161647 -26.66656170836843 0 0 
901 -38.74285293146125 -27.27831613936362 0 0 
902 -39.57316446951241 -27.33659330451777 0 0 
903 -41.92812084791169 -26.62928453695952 0 0 
904 -43.01023362236322 -26.58409300885676 0 0 
905 -43.54362357877826 -26.69858315589219 0 0 
906 -44.30470247771855 -27.16006870081583 0 0 
907 -44.57796785765171 -27.55308724444225 0 0 
908 -44.58388921071587 -28.85796369261968 0 0 
909 -43.70176047731315 -30.47583844425012 0 0 
910 -40.26541671256295 -33.89058772558724 0 0 
911 -39.91748386092301 -34.64017726228005 0 0 
912 -39.3325967523721 -36.87503300917189 0 0 
913 -38.872823721046 -37.52283403369731 0 0 
914 -38.06208745787904 -37.96185049804042 0 0 
915 -36.78933340711808 -37.95883172148286 0 0 
916 -33.6645150375474 -36.51359751311212 0 0 
917 -33.0283250924662 -36.55092794259986 0 0 
918 -32.62281977876471 -36.94889143971741 0 0 
919 -32.63601253888022 -37.45140630046698 0 0 
920 -32.99429365700666 -37.7851755453739 0 0 
921 -35.92382294576426 -39.25682140287498 0 0 
922 -36.63527492723819 -40.4152630954852 0 0 
923 -36.49497191047979 -41.67568194517931 0 0 
924 -35.76367206519657 -42.98537290638221 0 0 
925 -34.773786017458 -43.90255179944407 0 0 
926 -33.74120470984585 -44.49139096173956 0 0 
927 -32.63408214214309 -44.79593234322802 0 0 
928 -31.80451655088892 -44.75229233214011 0 0 
929 -31.03981253006565 -44.42291752917844 0 0 
930 -29.63568752318779 -42.54567436333063 0 0 
931 -28.78000196748207 -41.75299646031585 0 0 
932 -27.73237428412928 -41.35820758943532 0 0 
933 -26.8720712243102 -41.4679029041866 0 0 
934 -26.14469835991753 -41.89774191906618 0 0 
935 -25.83851358201873 -42.45387505781297 0 0 
936 -26.05539836833046 -42.89743139619863 0 0 
937 -27.46500081863449 -44.02450470116732 0 0 
938 -28.06990092611483 -44.74324638281207 0 0 
939 -28.24900515395122 -45.75966294818876 0 0 
940 -27.60313096570196 -47.14791474110406 0 0 
941 -26.52688583999248 -48.14149390973682 0 0 
942 -25.08326912689775 -48.81740304953907 0 0 
943 -23.51321135844177 -48.91709841252503 0 0 
944 -22.6899233483376 -48.73874664678794 0 0 
945 -21.50849125915562 -48.14921079962453 0 0 
946 -20.76284108991593 -47.42424088336705 0 0 
947 -20.10758634034696 -46.01263539361638 0 0 
948 -19.30789553082839 -40.43774311153395 0 0 
949 -19.40705834089681 -38.80879558400071 0 0 
950 -19.77848097309935 -37.5634952249244 0 0 
951 -19.89251741036351 -36.33542061246244 0 0 
952 -19.54152321701772 -35.66585374555544 0 0 
953 -19.02591799226645 -35.67686217662777 0 0 
954 -18.58121226440992 -36.38680006751181 0 0 
955 -18.46847000590862 -37.18502807924375 0 0 
956 -18.79613969330533 -40.27368016825754 0 0 
957 -18.79979929783402 -43.57870859852443 0 0 
958 -19.20746179244066 -46.59147017183048 0 0 
959 -19.06986675532033 -47.74014126715358 0 0 
960 -18.42664611385843 -49.18737738414512 0 0 
961 -17.48016504982575 -49.59434653341796 0 0 
962 -16.7167477941982 -49.39329522626676 0 0 
963 -16.10470334159866 -48.90892765606346 0 0 
964 -15.34409113846429 -47.78722730085241 0 0 
965 -14.01933471396193 -45.2541168084492 0 0 
966 -13.70259931510861 -44.98096453942934 0 0 
967 -13.44075115212941 -44.99788305612115 0 0 
968 -13.29917051811055 -45.25612549080586 0 0 
969 -13.22915145732993 -46.36158465461536 0 0 
970 -13.49911916808399 -48.25984069700769 0 0 
971 -14.19618626196211 -49.71111679099882 0 0 
972 -15.59437436293406 -51.69760127654317 0 0 
973 -15.68095967037398 -52.57161255280081 0 0 
974 -15.3098809366708 -53.30438954226837 0 0 
975 -14.78809977351523 -53.87365912785657 0 0 
976 -13.95471682032547 -54.3763917828345 0 0 
977 -11.15717822233964 -55.49104049179042 0 0 
978 -8.630026008404229 -56.97173942818724 0 0 
979 -7.593581109587262 -57.18229084511456 0 0 
980 -6.760843552415629 -56.98831927201213 0 0 
981 -6.214071640639929 -56.36411112180826 0 0 
982 -5.989448728517281 -55.3692082053912 0 0 
983 -6.037157544706375 -52.37378706889317 0 0 
984 -4.594065807332655 -54.10475868668665 0 0 
985 -3.838800264264869 -54.68287024488608 0 0 
986 -3.113334614044398 -54.73926589676941 0 0 
987 -2.46937568052924 -54.32543829229319 0 0 
988 -1.921577174514262 -53.54278821249996 0 0 
989 -1.446541683747512 -52.25771204255813 0 0 
990 -0.9444749112818087 -48.83568263288879 0 0 
991 -0.8871389338453142 -46.88895040029334 0 0 
992 -1.205444941102634 -45.47063773503614 0 0 
993 -2.257161456671433 -43.74353645073712 0 0 
994 -4.020325311374705 -41.7006379831323 0 0 
995 -4.073927452451521 -41.38785673809559 0 0 
996 -3.457759804318599 -39.9670292859175 0 0 
997 -1.965495539279566 -37.97931861707382 0 0 
998 -1.456157120435215 -36.92763469916376 0 0 
999 -1.333020308504224 -35.81099309017345 0 0 
1000 -1.596807785178505 -34.97881035694233 0 0 
1001 -2.266901250572261 -34.25869034152989 0 0 
1002 -3.266152209724382 -33.68791846267982 0 0 
1003 -6.5311973904276 -32.61825042697185 0 0 
1004 -7.511994126099417 -32.03225192022698 0 0 
1005 -9.105102939764279 -30.44016941170831 0 0 
1006 -9.647275025404802 -29.05936460992498 0 0 
1007 -9.556322769915539 -28.58350594458898 0 0 
1008 -9.299449644574189 -28.26053780955976 0 0 
1009 -7.312426879007766 -27.40471955825543 0 0 
1010 -6.692037303391338 -26.49865132380278 0 0 
1011 -6.447147053746662 -26.88464067092586 0 0 
1012 -6.445785130011906 -27.89355674275911 0 0 
1013 -7.194137831582033 -29.73713444978959 0 0 
1014 -7.044392918901657 -30.38270165610755 0 0 
1015 -6.51736779123447 -31.28715264458857 0 0 
1016 -5.691621438222469 -32.21574083389315 0 0 
1017 -3.986021195271313 -33.10012187871308 0 0 
1018 -2.909026853665651 -33.10248182768758 0 0 
1019 -1.836483689888261 -32.60390464579313 0 0 
1020 -1.472471873595516 -32.04193978572571 0 0 
1021 -1.410588784427546 -31.12385857510959 0 0 
1022 -1.83228236875685 -30.26116634815182 0 0 
1023 -2.897442852922396 -29.55358686560697 0 0 
1024 -3.165141460086488 -29.21671385048339 0 0 
1025 -1.14915532150728 -28.18059233831839 0 0 
1026 -0.3861969949277295 -27.26727569953253 0 0 
1027 -0.3400687435518464 -26.40681904110993 0 0 
1028 -0.714234412384819 -25.1335043582578 0 0 
1029 -1.322245306252917 -24.03951206959508 0 0 
1030 -1.334519288600269 -23.57656561056523 0 0 
1031 -0.4667360765093065 -22.49992084091731 0 0 
1032 0.08852273152695744 -21.29377839256914 0 0 
1033 0.243339883386021 -20.3701066104335 0 0 
1034 -0.06985101301139451 -17.20920780165265 0 0 
1035 -0.7072369812479522 -15.00228619612264 0 0 
1036 -0.02946353475297059 -12.57209796470465 0 0 
1037 -0.102412559726524 -10.93961652035179 0 0 
1038 -0.4280177660205595 -8.824403790326265 0 0 
1039 -0.7473382784770521 -7.794956852236702 0 0 
1040 -1.28543412544348 -6.891575314287174 0 0 
1041 -2.715888942089833 -5.593433671973848 0 0 
1042 -7.829190758541095 42.69565378887469 0 0 
1043 -8.451770155349344 41.98496970221873 0 0 
1044 -10.0642603017825 41.13436152628303 0 0 
1045 -10.93010875333396 40.31593173101091 0 0 
1046 -11.81546393836255 38.92793422265723 0 0 
1047 -12.11654714055098 37.70595911843947 0 0 
1048 -12.04408591732603 36.85117779643522 0 0 
1049 -11.72424621980158 35.99014968232693 0 0 
1050 -10.84830847694448 34.59671530943584 0 0 
1051 -8.959276480452893 32.58962387063166 0 0 
1052 -8.468902984670699 30.50419555080057 0 0 
1053 -7.486949197076257 29.19428161477977 0 0 
1054 -6.637596853072296 28.60657959042324 0 0 
1055 -5.785233266646514 28.67157826316917 0 0 
1056 -4.221346610086428 29.30153885253048 0 0 
1057 -3.134697181458655 29.53670848998158 0 0 
1058 -3.424819313155623 26.41290655769768 0 0 
1059 -3.158084029110647 23.7347879386548 0 0 
1060 -3.485861629777219 22.54060539482379 0 0 
1061 -3.710917746790891 20.58858283513936 0 0 
1062 -3.180848741262572 15.16885766574946 0 0 
1063 -3.787556170902072 12.12695027471339 0 0 
1064 -3.892207388449158 10.42076588750636 0 0 
1065 -3.624019849097607 6.999049938751966 0 0 
1066 -4.055983654177943 3.805671858016339 0 0 
1067 -4.186339161878372 0.8060838879341361 0 0 
1068 -5.204751758146614 -2.383551102650344 0 0 
1069 -6.115747630555717 -7.080531261592341 0 0 
1070 -5.927190187607714 -8.015903343886578 0 0 
1071 -6.043755452137596 -10.11422817769594 0 0 
1072 -5.716964439277682 -11.58078617327101 0 0 
1073 -4.932869680220733 -12.54234839694026 0 0 
1074 -3.68497575688933 -12.72359832676618 0 0 
1075 -3.585788393688198 -14.32986016873461 0 0 
1076 -3.727901467092266 -16.01367176046077 0 0 
1077 -3.503646283259734 -17.73695393698046 0 0 
1078 -2.851285521080669 -20.29695531027147 0 0 
1079 -4.010553908437586 -21.32559873579157 0 0 
1080 -5.509980641251452 -21.56169345027577 0 0 
1081 -6.664531682325361 -21.97724514447057 0 0 
1082 -7.584413156900752 -22.81939224408685 0 0 
1083 -8.126450794695643 -23.71148831087695 0 0 
1084 -9.055125547093382 -24.66870721622349 0 0 
1085 -10.36860137150784 -25.64027793206176 0 0 
1086 -11.48253654302884 -26.24237167105219 0 0 
1087 -12.71352514069591 -27.61188136295265 0 0 
1088 -13.06974794120687 -28.81556055274643 0 0 
1089 -13.0136928485619 -29.68191344477982 0 0 
1090 -12.64037850332322 -30.70822894659778 0 0 
1091 -10.93114298282438 -33.14782266401468 0 0 
1092 -10.82734961708944 -33.96196588209985 0 0 
1093 -10.47114001691772 -34.40055307804107 0 0 
1094 -10.07408052579409 -35.32993381465899 0 0 
1095 -7.868542673581253 -37.23585814979901 0 0 
1096 -7.553267517123295 -38.21007476171987 0 0 
1097 -8.29765835316509 -39.12222489936334 0 0 
1098 -8.242478007936263 -39.41172581440245 0 0 
1099 -8.925304202067004 -40.76823063986132 0 0 
1100 -8.920299235478168 -42.47275508686013 0 0 
1101 -8.416816464572605 -44.17889816712193 0 0 
1102 -8.908206243476521 -44.95074529773898 0 0 
1103 -8.95403382406051 -45.30527115629451 0 0 
1104 -9.573640015031707 -45.69549344325023 0 0 
1105 -11.71821549679598 -42.34038126387897 0 0 
1106 -12.72316980113578 -41.60237659325107 0 0 
1107 -14.31469035893167 -41.32921564309204 0 0 
1108 -15.23023886500386 -41.6091378734389 0 0 
1109 -15.60493518540066 -40.76787083945477 0 0 
1110 -14.70121678058697 -39.06204625265428 0 0 
1111 -14.44494087473966 -38.2082292665703 0 0 
1112 -14.57982843200479 -37.35586568014452 0 0 
1113 -16.77356978519143 -33.83082137961379 0 0 
1114 -17.77651943095293 -33.08916481810449 0 0 
1115 -19.39402998055409 -32.23732014791796 0 0 
1116 -18.51682062596134 -30.61634349619094 0 0 
1117 -18.52342397074478 -29.41510742638005 0 0 
1118 -18.86955054568933 -28.44435618783768 0 0 
1119 -20.88842653217848 -25.41404362814257 0 0 
1120 -20.66554250596139 -23.71515479265356 0 0 
1121 -20.73508799255269 -22.85550328390428 0 0 
1122 -21.08858736260906 -21.96460788698089 0 0 
1123 -23.62840695418916 -18.48357052453711 0 0 
1124 -24.4696146334967 -17.71324180866335 0 0 
1125 -25.84072117439875 -16.98452884768451 0 0 
1126 -29.14735230140833 -15.30862037956946 0 0 
1127 -30.97960714732535 -14.68365537925084 0 0 
1128 -32.10087598357802 -14.64525334911313 0 0 
1129 -33.63978809486895 -15.03503332855131 0 0 
1130 -33.93534496649883 -15.17471752413353 0 0 
1131 -34.82371564353115 -16.14583625656578 0 0 
1132 -37.89101587491471 -16.11746930796562 0 0 
1133 -37.81963205517475 -15.17840977804491 0 0 
1134 -37.30671009332116 -14.26559041562064 0 0 
1135 -35.79207920411714 -14.00550605016598 0 0 
1136 -35.62262226782563 -13.22504009204265 0 0 
1137 -34.76586737973316 -11.15302193909957 0 0 
1138 -33.9440739763957 -10.55715073016349 0 0 
1139 -32.11519225206636 -11.39141333387695 0 0 
1140 -29.68635993129972 -13.09721275893327 0 0 
1141 -28.56027181534056 -13.46498783092788 0 0 
1142 -27.06184363225158 -13.61403489098256 0 0 
1143 -26.03223018379247 -13.42778502222618 0 0 
1144 -25.2095842313734 -13.02761598876445 0 0 
1145 -24.51595047977841 -12.35744828602824 0 0 
1146 -24.09569995183406 -10.91368123190233 0 0 
1147 -24.57802205899495 -9.222703769066889 0 0 
1148 -25.47654305651097 -7.466227412622445 0 0 
1149 -25.76445037190335 -4.931978548010598 0 0 
1150 -26.20538854070418 -3.647256620717968 0 0 
1151 -27.0371077208549 -2.358227098005905 0 0 
1152 -27.93888991975176 -1.514938924076432 0 0 
1153 -29.11957980277651 -0.7094459609549659 0 0 
1154 -31.58858288751713 0.254829930347654 0 0 
1155 -32.45615038515323 0.8122337771530113 0 0 
1156 -31.37424404038396 1.35925925618055 0 0 
1157 -27.10699654675252 2.108307348638164 0 0 
1158 -26.24857274023599 2.719313480084963 0 0 
1159 -24.53647169945181 4.426335830111341 0 0 
1160 -23.70436628428261 4.986620058542826 0 0 
1161 -22.89471610417662 5.289144577593717 0 0 
1162 -23.33785254002947 5.224556512953143 0 0 
1163 -21.9901901922262 5.737231060488881 0 0 
1164 -21.102088391468 6.675711321826299 0 0 
1165 -20.33533171832163 8.472121482665798 0 0 
1166 -20.2772815661013 11.0325369824609 0 0 
1167 -19.87477984369053 13.35524101717539 0 0 
1168 -19.34798431549734 14.38758151228885 0 0 
1169 -19.02334420019296 15.52849940164259 0 0 
1170 -18.95261457465558 16.38086298806837 0 0 
1171 -19.34144126012025 17.5532368300279 0 0 
1172 -21.84556459259432 20.57002669684549 0 0 
1173 -20.30448460132447 23.61876282884214 0 0 
1174 -19.80278144067108 26.61650446756056 0 0 
1175 -19.84170546741891 27.47032526834181 0 0 
1176 -20.18941421614278 28.68208289999538 0 0 
1177 -23.64341666475886 32.7107957240091 0 0 
1178 -24.24445243767912 33.45192551718294 0 0 
1179 -24.28836396662934 33.70524328042316 0 0 
1180 -25.96878621429027 34.48146671414531 0 0 
1181 -26.67881717570157 35.27557501981114 0 0 
1182 -23.85576071742929 35.60630776785455 0 0 
1183 -22.84414554386819 35.24436913278568 0 0 
1184 -21.8544354293155 35.8447202352888 0 0 
1185 -21.84059440864664 37.20189728755781 0 0 
1186 -22.04136246839515 37.57289890637665 0 0 
1187 -22.03519643278214 38.04654254214661 0 0 
1188 -19.58752229240834 37.97153406639099 0 0 
1189 -18.60453271996414 38.34474955317182 0 0 
1190 -17.75553836695038 39.13394377927183 0 0 
1191 -17.22416833925183 40.26273127378747 0 0 
1192 -17.15993923070667 41.12898405944595 0 0 
1193 -17.32369542627129 41.97219209101068 0 0 
1194 -17.71786045447998 42.86594555581509 0 0 
1195 -18.99462688469009 44.42582568194828 0 0 
1196 -19.39342726058345 45.33842603814279 0 0 
1197 -18.98904522464928 46.33772633617168 0 0 
1198 -17.72520615277497 47.06715494038937 0 0 
1199 -16.83485849257599 47.81146722394097 0 0 
1200 -16.57337457197122 47.65156346511336 0 0 
1201 -16.51706550720081 47.94933707151071 0 0 
1202 -15.94268008292679 48.22676832775166 0 0 
1203 -15.55490197395104 46.13098132930568 0 0 
1204 -14.8872800779438 45.37214021682185 0 0 
1205 -13.46232677250589 45.07575075091012 0 0 
1206 -12.55709157717464 45.33060357821772 0 0 
1207 -10.98931802330738 46.59254082702286 0 0 
1208 -10.05975326534214 47.97257927580704 0 0 
1209 -9.599513651973936 49.64632014138868 0 0 
1210 -9.580657740826723 51.35250452859572 0 0 
1211 -9.222037530215168 52.22084930522649 0 0 
1212 -7.723426575647963 52.2190556788596 0 0 
1213 -6.6590732948344 52.5113422496637 0 0 
1214 -5.882755165223983 52.99089921037729 0 0 
1215 -4.924864980716492 52.21832233753884 0 0 
1216 -4.730097904503765 50.9894265842573 0 0 
1217 -6.126121665351747 50.45848293520136 0 0 
1218 -6.976248757603457 49.42136089311539 0 0 
1219 -7.359123616311898 47.82070004918822 0 0 
1220 -7.572019408467064 47.63008752017465 0 0 
1221 -8.258267730666347 45.45805043231567 0 0 
1222 -8.339680475467944 44.52923182351759 0 0 
1223 -8.168927439236008 43.66802393159685 0 0 
1224 -7.806937068325816 43.03740369205893 0 0 
1225 -35.48200022622355 2.759670011669741 0 0 
1226 -36.05991097346108 2.651386395709039 0 0 
1227 -37.3959597042561 3.333331048829805 0 0 
1228 -37.14187945552794 3.660909766893923 0 0 
1229 -36.12870739628607 4.260261494399529 0 0 
1230 -35.35179196792372 3.918762442798908 0 0 
1231 -33.93894960247201 7.933400977817811 0 0 
1232 -34.85193560235334 7.413088928120516 0 0 
1233 -34.9499122679394 8.846032863089533 0 0 
1234 -33.90279393420818 -32.97614615630295 0 0 
1235 -35.63595232430406 -33.93582959955117 0 0 
1236 -36.33978176447189 -33.09113713400194 0 0 
1237 -36.50740970897557 -32.110912520133 0 0 
1238 -37.02549907179843 -31.06415082973444 0 0 
1239 -36.84038690017343 -30.52933764248304 0 0 
1240 -35.49805906178635 -29.70620268249692 0 0 
1241 -33.70391378044985 -27.66658033801758 0 0 
1242 -32.44263586977013 -27.94745414242005 0 0 
1243 -32.66565045519899 -29.7135370750529 0 0 
1244 -32.34714359930084 -30.78956064202754 0 0 
1245 -31.66436870047101 -31.45136797209855 0 0 
1246 -28.08605559492929 -32.51347415498988 0 0 
1247 -25.78808828350308 -33.81820544740759 0 0 
1248 -24.55032802372659 -34.05658070246071 0 0 
1249 -22.47873764991036 -33.8945396968027 0 0 
1250 -22.6785105401079 -34.75871144326417 0 0 
1251 -23.71903999930578 -36.41697468854137 0 0 
1252 -23.91344997590368 -37.35202540327508 0 0 
1253 -24.46485496194403 -38.62007388116335 0 0 
1254 -27.10887218266214 -37.65875019439135 0 0 
1255 -28.87770297271768 -37.67043150804342 0 0 
1256 -29.22243842323955 -36.49521819546166 0 0 
1257 -30.12248766555013 -34.53730951659888 0 0 
1258 -31.42710894560059 -34.05187675836683 0 0 
1259 -32.85187797086653 -33.26040955115543 0 0 
1260 -31.17887689343358 -20.42518359602199 0 0 
1261 -30.61924620047218 -21.46121723143555 0 0 
1262 -29.87809679166847 -21.28423155056502 0 0 
1263 -27.07429854762309 -22.8367287524093 0 0 
1264 -29.72367313104322 -25.43718028444168 0 0 
1265 -30.17826387919939 -23.71550040325914 0 0 
1266 -30.48101968100747 -23.4074115936132 0 0 
1267 -31.2682951891722 -21.67069949540511 0 0 
1268 -31.49903954656052 -20.19554775494821 0 0 
1269 -23.54314689244483 -27.01673635594865 0 0 
1270 -22.08410309676905 -28.96746692057314 0 0 
1271 -22.12638216832 -29.33009406433457 0 0 
1272 -22.50796453087628 -29.6059349128705 0 0 
1273 -23.18365540505271 -29.6246153432066 0 0 
1274 -25.94311354672752 -28.61420266756656 0 0 
1275 -26.57744661406899 -28.26336046336963 0 0 
1276 -26.79933769657328 -27.90569806309149 0 0 
1277 -26.61789008114023 -27.32804627287612 0 0 
1278 -25.58216737692855 -25.83506994845936 0 0 
1279 -24.69839860674878 -24.98526110473199 0 0 
1280 -24.08641443678314 -24.7432257268452 0 0 
1281 -23.87638652940535 -25.18395962553874 0 0 
1282 -23.86901365961076 -26.23882463934478 0 0 
1283 -5.714617964619549 32.09055842795571 0 0 
1284 -5.858918594839331 32.40340123232691 0 0 
1285 -5.568312573226457 33.44378911793223 0 0 
1286 -5.889556981294177 34.22731068266638 0 0 
1287 -7.365140760606693 35.15764470521388 0 0 
1288 -7.619830869016802 35.5710935254489 0 0 
1289 -7.590042168811586 35.97188777942613 0 0 
1290 -7.083913768972138 36.1570816717325 0 0 
1291 -5.737872107343101 36.18921073173239 0 0 
1292 -4.363596165550938 35.61003541023997 0 0 
1293 -3.984934188174769 34.98748668741878 0 0 
1294 -4.03157757819411 34.29885140674195 0 0 
1295 -4.317759022690453 33.67439284909926 0 0 
1296 -5.19049973118905 32.48995232879479 0 0 
1297 -20.9568229017352 -51.37684524528446 0 0 
1298 -21.66545493935003 -51.17094802379768 0 0 
1299 -25.11471919998797 -51.28376448270393 0 0 
1300 -25.47918692174817 -51.10487157578866 0 0 
1301 -26.88631625833019 -50.91098176377232 0 0 
1302 -27.8455684501483 -50.95121458577708 0 0 
1303 -27.99884312686568 -51.3025850454902 0 0 
1304 -27.76969135425468 -51.8075224302997 0 0 
1305 -26.84005824683745 -52.54045116968062 0 0 
1306 -24.15271549951583 -53.50123936806808 0 0 
1307 -22.76418229147119 -53.72574903429383 0 0 
1308 -21.83167658345768 -53.55672807680489 0 0 
1309 -21.15838786325707 -53.06754027992394 0 0 
1310 -20.82122983521331 -52.20618267115864 0 0 
1311 26.33925944018773 50.82103551373994 0 0 
1312 26.38909453482249 50.55141681359889 0 0 
1313 26.16597371645038 49.99867106514324 0 0 
1314 26.63195976321268 49.90829204970439 0 0 
1315 26.58820388473487 50.0023536367364 0 0 
1316 27.64447610854705 50.19912529285973 0 0 
1317 27.82211657060871 50.43108487559113 0 0 
1318 27.51354282041436 51.15195260364722 0 0 
1319 26.93977338306686 51.15660525626089 0 0 
1 5.866542291277241 -55.50890887763201 0 41.87063841926968 58.17730913435815 0 1 10 2 1 -1 
2 5.83790500054565 53.89602239218191 0 9.199544288427258 56.4415711040289 0 0 2 388 -388 
3 21.4385309488383 -45.50456413240456 0 22.10155036243172 -44.8511885460844 0 0 2 398 -398 
4 22.40365812048847 -30.85600935772422 0 24.17278636053172 -28.98995274074476 0 0 2 402 -402 
5 5.413526237453425 -45.54678328850895 0 30.93140175036233 41.41069930134599 0 0 2 408 -408 
6 34.70509617622728 11.81791424981933 0 37.8228847800752 13.0453668233844 0 0 2 630 -630 
7 -44.53341051984021 -38.13532307556275 0 -1.872765740672047 53.64565990615125 0 1 10 2 637 -637 
8 -25.49144809886266 -45.31122056102787 0 -3.436122546631603 45.20462372098147 0 0 2 1042 -1042 
9 -37.17927124545194 2.732991026756558 0 -35.44275454774117 4.103453031215158 0 0 2 1225 -1225 
10 -34.85746002149266 7.685405091062237 0 -34.25960771336346 8.455103559716077 0 0 2 1231 -1231 
11 -36.52968516934479 -37.7354762563496 0 -23.63902642289055 -29.09993371604544 0 0 2 1234 -1234 
12 -31.40722171147464 -24.71682504890586 0 -27.98316068553401 -20.47967901853665 0 0 2 1260 -1260 
13 -26.59367519701629 -29.57767324435634 0 -22.13925529584244 -24.8501792789092 0 0 2 1269 -1269 
14 -7.513349449300931 32.20926454549075 0 -4.054531419463022 36.13385376606476 0 0 2 1283 -1283 
15 -27.91665024945919 -53.53794097871325 0 -21.02506303473735 -50.95461366816862 0 1 10 2 1297 -1297 
16 26.28082486063945 49.9390321501162 0 27.74108086856604 51.09990152373845 0 1 10 2 1311 -1311 
1 5.83790500054565 53.89602239218191 0 9.199544288427258 56.4415711040289 0 1 2 1 2 
2 21.4385309488383 -45.50456413240456 0 22.10155036243172 -44.8511885460844 0 1 2 1 3 
3 22.40365812048847 -30.85600935772422 0 24.17278636053172 -28.98995274074476 0 1 2 1 4 
4 5.413526237453425 -45.54678328850895 0 30.93140175036233 41.41069930134599 0 1 2 1 5 
5 34.70509617622728 11.81791424981933 0 37.8228847800752 13.0453668233844 0 1 2 1 6 
6 5.413526237453425 -55.50890887763201 0 41.87063841926968 58.17730913435815 0 1 1 6 1 -2 -3 -4 -5 -6 
7 -25.49144809886266 -45.31122056102787 0 -3.436122546631603 45.20462372098147 0 1 2 1 8 
8 -37.17927124545194 2.732991026756558 0 -35.44275454774117 4.103453031215158 0 1 2 1 9 
9 -34.85746002149266 7.685405091062237 0 -34.25960771336346 8.455103559716077 0 1 2 1 10 
10 -36.52968516934479 -37.7354762563496 0 -23.63902642289055 -29.09993371604544 0 1 2 1 11 
11 -31.40722171147464 -24.71682504890586 0 -27.98316068553401 -20.47967901853665 0 1 2 1 12 
12 -26.59367519701629 -29.57767324435634 0 -22.13925529584244 -24.8501792789092 0 1 2 1 13 
13 -7.513349449300931 32.20926454549075 0 -4.054531419463022 36.13385376606476 0 1 2 1 14 
14 -44.53341051984021 -45.31122056102787 0 -1.872765740672047 53.64565990615124 0 1 1 8 7 -8 -9 -10 -11 -12 -13 -14 
15 -27.91665024945919 -53.53794097871325 0 -21.02506303473735 -50.95461366816862 0 1 1 1 15 
16 26.28082486063945 49.9390321501162 0 27.74108086856604 51.09990152373845 0 1 1 1 16 
$EndEntities
$Nodes
48 10601 1 10601
0 1 0 1
1
12.56295261472772 58.17730913435815 0
0 388 0 1
2
8.950954541118673 54.00886526238361 0
0 398 0 1
3
21.50312240044133 -45.50456413240456 0
0 402 0 1
4
24.14302201973499 -30.85600935772422 0
0 408 0 1
5
30.93140175036233 -18.27412331906132 0
0 630 0 1
6
36.77525351949412 12.83320382191176 0
0 637 0 1
7
-1.872765740672046 -2.478236637944984 0
0 1042 0 1
8
-7.929245042973257 42.63416475829607 0
0 1225 0 1
9
-35.55661730771317 2.934804814197818 0
0 1231 0 1
10
-34.25960771336346 7.998787617080215 0
0 1234 0 1
11
-34.01650100533388 -33.18347062931973 0
0 1260 0 1
12
-31.13896555346117 -20.55958322841195 0
0 1269 0 1
13
-23.35428405435986 -27.21220616395209 0
0 1283 0 1
14
-5.651315030751096 32.20926454549075 0
0 1297 0 1
15
-21.05232939691736 -51.48075194601569 0
0 1311 0 1
16
26.44765094644004 50.83202735413659 0
1 1 0 568
17
18
19
20
21
22
23
24
25
26
27
28
29
30
31
32
33
34
35
36
37
38
39
40
41
42
43
44
45
46
47
48
49
50
51
52
53
54
55
56
57
58
59
60
61
62
63
64
65
66
67
68
69
70
71
72
73
74
75
76
77
78
79
80
81
82
83
84
85
86
87
88
89
90
91
92
93
94
95
96
97
98
99
100
101
102
103
104
105
106
107
108
109
110
111
112
113
114
115
116
117
118
119
120
121
122
123
124
125
126
127
128
129
130
131
132
133
134
135
136
137
138
139
140
141
142
143
144
145
146
147
148
149
150
151
152
153
154
155
156
157
158
159
160
161
162
163
164
165
166
167
168
169
170
171
172
173
174
175
176
177
178
179
180
181
182
183
184
185
186
187
188
189
190
191
192
193
194
195
196
197
198
199
200
201
202
203
204
205
206
207
208
209
210
211
212
213
214
215
216
217
218
219
220
221
222
223
224
225
226
227
228
229
230
231
232
233
234
235
236
237
238
239
240
241
242
243
244
245
246
247
248
249
250
251
252
253
254
255
256
257
258
259
260
261
262
263
264
265
266
267
268
269
270
271
272
273
274
275
276
277
278
279
280
281
282
283
284
285
286
287
288
289
290
291
292
293
294
295
296
297
298
299
300
301
302
303
304
305
306
307
308
309
310
311
312
313
314
315
316
317
318
319
320
321
322
323
324
325
326
327
328
329
330
331
332
333
334
335
336
337
338
339
340
341
342
343
344
345
346
347
348
349
350
351
352
353
354
355
356
357
358
359
360
361
362
363
364
365
366
367
368
369
370
371
372
373
374
375
376
377
378
379
380
381
382
383
384
385
386
387
388
389
390
391
392
393
394
395
396
397
398
399
400
401
402
403
404
405
406
407
408
409
410
411
412
413
414
415
416
417
418
419
420
421
422
423
424
425
426
427
428
429
430
431
432
433
434
435
436
437
438
439
440
441
442
443
444
445
446
447
448
449
450
451
452
453
454
455
456
457
458
459
460
461
462
463
464
465
466
467
468
469
470
471
472
473
474
475
476
477
478
479
480
481
482
483
484
485
486
487
488
489
490
491
492
493
494
495
496
497
498
499
500
501
502
503
504
505
506
507
508
509
510
511
512
513
514
515
516
517
518
519
520
521
522
523
524
525
526
527
528
529
530
531
532
533
534
535
536
537
538
539
540
541
542
543
544
545
546
547
548
549
550
551
552
553
554
555
556
557
558
559
560
561
562
563
564
565
566
567
568
569
570
571
572
573
574
575
576
577
578
579
580
581
582
583
584
11.57905198400931 58.34903253341254 0
10.59072600378341 58.49357423172067 0
9.627192845842224 58.74000790740654 0
8.792439875633818 59.28694155865124 0
7.955866644896972 59.83188481529384 0
7.014704638940143 60.14238190534561 0
6.030840739071713 60.01861912860957 0
5.164718740437145 59.53136447459401 0
4.447548579435644 58.83786806055831 0
3.839480922360512 58.04651633780249 0
3.3716255264859 57.165626439725 0
3.054873085614521 56.2191445093769 0
2.838220576128716 55.24436915624695 0
2.711147097947913 54.25419648070495 0
2.78837519782682 53.26258317544911 0
3.203931145148314 52.36041307466505 0
3.943355399844792 51.70065519823807 0
4.875413750763492 51.35148677873672 0
5.855114739707139 51.15757385618292 0
6.830450813020438 50.94519952576671 0
6.847306233876918 50.39895682313919 0
5.865648014700863 50.22029635200883 0
4.874760478183149 50.09456252605837 0
3.89861016549836 49.88907979932674 0
3.034750539739941 49.40211559390497 0
2.568662746402148 48.54353270922585 0
2.893978304222957 47.62151449522761 0
3.521951894237509 46.84625370358889 0
3.076029942655652 46.10532459707608 0
2.245306024826132 45.55555003472478 0
1.771131033950703 44.69159622535487 0
1.741264858931468 43.70173312742882 0
2.126317370830662 42.78650185680466 0
2.794487737439034 42.04872487896854 0
3.597980642816421 41.45617249357516 0
4.435466697770823 40.91188055988987 0
5.277731535448282 40.37496329109891 0
6.113291125345526 39.82770568720856 0
6.927012267172614 39.24869292754283 0
7.6906264760537 38.60550307957974 0
8.378002214679952 37.88146995512476 0
8.995879546127648 37.09702069021375 0
9.533492100278915 36.25609263745815 0
9.798630916494101 35.30523747060194 0
9.395323322755885 34.4101581413736 0
8.732844234675863 33.66355967913438 0
7.962896158029245 33.7734179320372 0
7.768941303447624 34.74566854958626 0
7.596864189966165 35.72749797866166 0
7.218418749664928 36.64913490517842 0
6.642212519602642 37.46353568272551 0
5.96510571287273 38.19709914433642 0
5.179945841342812 38.81114537396024 0
4.249611616241385 39.15561986585453 0
3.280736184389578 38.99812536235716 0
2.505259313254047 38.37658108631196 0
1.908687389110138 37.5767169603806 0
1.399027954942612 36.71800366153344 0
0.9794641945696553 35.81245167647383 0
0.7593608393307568 34.84109007099678 0
0.7460166681094105 33.8431780178208 0
0.8347352803334216 32.84852264430054 0
0.9886294472023734 31.86174619575491 0
1.194335828895319 30.88439910893472 0
1.429705216325677 29.91369410276387 0
1.667912668003048 28.9436774448491 0
1.855922000181352 27.96320518205503 0
1.855117085553823 26.96668918141706 0
1.716990944399621 25.97752554579073 0
1.570868685005243 24.98943631916368 0
1.451876026291297 23.99776997851733 0
1.382403581326313 23.00146990528243 0
1.353052864285964 22.0030812033232 0
1.330556748707808 21.00449500088512 0
1.281512023754945 20.00692028422715 0
1.202423295186107 19.01122417434342 0
1.120631299049877 18.01574017825632 0
1.066544828193561 17.01844070785179 0
1.058307569931633 16.01970935310493 0
1.092064822827666 15.02150799638966 0
1.190436842503722 14.02821548193773 0
1.583590775528698 13.11709177342719 0
2.387098971823965 12.57683864125511 0
3.334996336972138 12.84200557382689 0
3.572181165887407 12.42285930352679 0
3.26218282746356 11.47359202049181 0
3.016659514627039 10.50552419453826 0
2.816804941056388 9.52694536999746 0
2.651286230881379 8.541947993914311 0
2.511697431564434 7.552927775129223 0
2.394826694179069 6.560965958631876 0
2.303114477977623 5.566373912243837 0
2.246693297338078 4.569208637593747 0
2.251817559001014 3.570630406111703 0
2.339041330829823 2.575869133934501 0
2.490896707497732 1.588736695772482 0
2.676792642405345 0.6073622065080587 0
2.874052341877379 -0.3718102657457272 0
3.069077180653582 -1.351427955375696 0
3.247826363781432 -2.334117798290548 0
3.37295370743681 -3.324665222302341 0
3.039263335457711 -4.158980912947019 0
2.072188637285163 -4.333950815624576 0
1.387547341069997 -5.048807712111106 0
0.9360684952963048 -5.937934239253846 0
0.6567875037724505 -6.895935999595949 0
0.4628184907587166 -7.875680040320566 0
0.3123810448898502 -8.863025882403587 0
0.2407654776351379 -9.858715919921867 0
0.2930786854992702 -10.85574876865896 0
0.4149813914391682 -11.84697415064829 0
0.6031672238264678 -12.82770031238162 0
0.848263146096457 -13.79597813844996 0
1.061081606390998 -14.7714943177385 0
1.094706083307217 -15.76712689216533 0
0.948252379995848 -16.75488050932346 0
0.8252109310671729 -17.74583628611269 0
0.7845502385645676 -18.7435109950411 0
0.867337682325047 -19.73782891534904 0
1.159290792868683 -20.68936805466607 0
1.817905169535553 -21.4237439544267 0
2.739007717816035 -21.79936194810945 0
3.71084087563979 -22.02974422897846 0
4.679573164634713 -22.27213939128577 0
5.392802714040094 -22.90344675944661 0
5.633361952926355 -23.87198166184916 0
5.85312458984462 -24.84601751781465 0
6.280172055314905 -25.74220334008585 0
7.050713412098252 -26.3666050338871 0
7.93347155884652 -26.83365777493321 0
8.528046510852533 -27.59592600247931 0
8.017972856457176 -28.35433098183551 0
7.077529345507141 -28.68331467713785 0
6.09282296715232 -28.84789969532372 0
5.100091820523336 -28.95812406463309 0
4.109056401851102 -29.0818431807372 0
3.140985954322309 -29.32137079101106 0
2.262486274489741 -29.79019200173258 0
1.524719865060773 -30.46123502175884 0
0.9082413544992624 -31.24569308189528 0
0.4366937246217004 -32.12480854108892 0
0.1212359481435071 -33.07120615326298 0
-0.03637555330224104 -34.05675690858116 0
0.105498308463549 -35.03163711173698 0
0.6138556908151191 -35.8850867775431 0
1.422018904963611 -36.46065874461305 0
2.381582870581038 -36.72139296312753 0
3.379274905126572 -36.72508807460182 0
3.60948241506286 -37.03181791760048 0
2.728779224475024 -37.50293207731832 0
1.860210921673778 -37.99561232227043 0
1.071249951969243 -38.60526189911226 0
0.4883268683704496 -39.40961136907273 0
0.25809472365784 -40.37543196706427 0
0.2590263065072769 -41.37398249731598 0
0.2818161119558785 -42.37256052219873 0
0.2835670599229846 -43.37137363537234 0
0.2623017277040994 -44.36998439765822 0
0.2391177388155028 -45.36855658802685 0
0.2395676559140087 -46.36732690709473 0
0.3217585061538288 -47.36206434113519 0
0.6028473192744093 -48.31708367566171 0
1.15812062147333 -49.14177255488465 0
2.026346976864243 -49.58172210638051 0
2.934569784939463 -49.2180975794444 0
3.580644760145277 -48.46132539840096 0
4.073780757653627 -47.59338252955776 0
4.495944002999 -46.68823783829445 0
4.895504157779833 -45.77279372181768 0
5.296652387607491 -44.85804642794578 0
5.715908455383635 -43.95149205383433 0
6.169439236968683 -43.06165648520998 0
6.690080431222981 -42.21001078091838 0
7.450143816119335 -41.59477838639966 0
7.757001486823493 -42.31499258460578 0
7.487718900690542 -43.27645329121749 0
7.140788105945608 -44.2128572482808 0
6.727413339494308 -45.12193107631339 0
6.25639755559408 -46.00258795984075 0
5.746596746318002 -46.86149081006756 0
5.21797553741238 -47.70897793127919 0
4.683871207704511 -48.55302962126287 0
4.16399940439984 -49.40584758941942 0
3.719322492719092 -50.29913772618949 0
3.589955351733179 -51.2785265094799 0
3.861846829093493 -52.23832070471157 0
4.235514105024315 -53.16424181574681 0
4.730876188449586 -54.03012156872523 0
5.353155709359863 -54.81075491323389 0
6.038026231516004 -55.53763122799231 0
6.759474418303373 -56.22827343676271 0
7.529760605597135 -56.86331958007055 0
8.401377573069427 -57.3459743689063 0
9.362752176057349 -57.60890608385672 0
10.35857768439909 -57.6350490582706 0
11.33871495002463 -57.44890475605812 0
12.28833300408655 -57.14022775017243 0
13.21651197739439 -56.77149257898473 0
14.1185462460922 -56.34348150596812 0
14.93764740854423 -55.77522013624544 0
15.57791696400201 -55.01593945507734 0
15.70525135811206 -54.04824462435931 0
15.395849725586 -53.09921391485209 0
15.06076635105585 -52.1583014201701 0
14.85485024637251 -51.18529797735007 0
15.01219442949325 -50.20175976098086 0
15.29182721596372 -49.24294630549303 0
15.59527124705313 -48.29131553375753 0
15.90458303234911 -47.34156955731178 0
16.21002971236578 -46.39057814748162 0
16.49164336334563 -45.43234415203968 0
16.67867799166255 -44.45247311467904 0
16.67806199332405 -43.45426479595614 0
16.74671228163912 -42.46307848024364 0
17.18623956303198 -41.56848587269324 0
17.72101982514062 -40.72503245311287 0
18.33710924413677 -39.94126360272455 0
18.84782571685799 -40.26402154698543 0
18.65440632560355 -41.24375397230563 0
18.44160595266932 -42.21966575673745 0
18.24577240661209 -43.1990875173115 0
18.0942521675085 -44.1862427858583 0
17.98180543894657 -45.17872368905491 0
17.85482248879429 -46.16937967514593 0
17.68394736451875 -47.15345753897894 0
17.49870119233112 -48.13497359004214 0
17.33429796646315 -49.12010800804295 0
17.24455626539143 -50.11441866749544 0
17.30374794708629 -51.1100341118076 0
17.55676526392438 -52.07456204019047 0
18.01726473327101 -52.95749222913325 0
18.73467710077148 -53.64524733294743 0
19.63383715306419 -54.07013585532926 0
20.62299750950044 -54.1492650783588 0
21.54306501843945 -53.78482100836115 0
22.23021706996388 -53.07110070438377 0
22.51102172748104 -52.12447976553712 0
22.34847939080674 -51.14184138958216 0
22.57897941952956 -50.25424663790663 0
23.51829608138097 -49.92497708657269 0
24.48829117011096 -49.68667108081031 0
25.45526967291793 -49.43653382325959 0
26.40750095136838 -49.13587450231935 0
27.32302151015141 -48.73799691140005 0
28.18803820786253 -48.23932367610648 0
29.01488945354819 -47.67920177160872 0
29.8062041273871 -47.07003963948868 0
30.49375692340419 -46.35034626057818 0
30.86873220214528 -45.43019701080965 0
30.98749966577178 -44.43934244292431 0
31.54250363320027 -43.71065131511475 0
32.4672355966619 -43.33313315283454 0
33.37542900537994 -42.91773022377581 0
34.25803765146725 -42.45028636198802 0
35.12123018846388 -41.94780670581959 0
35.96497592912983 -41.41335901521619 0
36.77231846317246 -40.82590871303143 0
37.46618654640932 -40.11142455887858 0
37.87029636110714 -39.20686225760294 0
37.69890804668835 -38.24608574648639 0
37.04814400499608 -37.49346217727942 0
36.17001300156679 -37.03682652339936 0
35.21488427339131 -36.74482039416357 0
34.30663911506787 -36.33340656024474 0
33.96150354610869 -35.50425857526267 0
34.09155598615446 -34.51408471405038 0
34.05340943683608 -33.51885784946013 0
33.76815240055823 -32.56456438915271 0
33.24312817276149 -31.71710763388977 0
32.57003872140392 -30.98063650730663 0
31.78852140683303 -30.36068401237107 0
30.87548830615021 -29.9675294090084 0
29.90024702000423 -29.9980201539578 0
30.76584549591317 -29.66981734341417 0
31.7523658214206 -29.8154467726904 0
32.70470495917851 -30.1139834293418 0
33.60844776995625 -30.53766424484708 0
34.44677019308011 -31.07928649981892 0
35.17093918235526 -31.76165936593214 0
35.55646477444668 -32.67783940739817 0
35.72430641825225 -33.66140612025378 0
35.93080159300774 -34.63383342236065 0
36.64523075909114 -35.30800926108869 0
37.58759490680303 -35.62496835094024 0
38.5822808253692 -35.63246737160618 0
39.51485586496366 -35.29208874254709 0
40.29364812550907 -34.67113314133795 0
40.92411057718135 -33.89812651169269 0
41.39764573286917 -33.0210631590686 0
41.67747813573244 -32.06338843093634 0
41.82144888018185 -31.0758582771698 0
41.71485224682277 -30.08910500328912 0
41.22217662326606 -29.22712866235961 0
40.45117420864138 -28.60082421912108 0
39.56373581051777 -28.14300102494693 0
38.6569559194387 -27.72418107567357 0
37.74556348315009 -27.31546005528704 0
36.83343429811547 -26.90838329164135 0
35.92396120227912 -26.49542424683203 0
35.0305953493524 -26.04924327373983 0
34.40778940002832 -25.31952046661779 0
35.21396987347192 -24.95960086374547 0
36.16594927533485 -25.25676852628867 0
37.09007806430087 -25.63571363969922 0
38.00809450561937 -26.02932981880642 0
38.92577999253783 -26.42371862672385 0
39.8505220741603 -26.80108116329422 0
40.8152168363176 -27.04453253181685 0
41.81009204903376 -26.99587037318355 0
42.74753958853941 -26.66359824308101 0
43.49885282622255 -26.01548770474525 0
43.88014813546042 -25.10464594605107 0
43.98942104541045 -24.11355397758494 0
43.80098684406667 -23.13911267201494 0
43.21454358433115 -22.3470787207823 0
42.30319144455264 -21.94768220181608 0
41.33904691098326 -21.68721412361694 0
40.36740869156892 -21.45570114174892 0
39.3954488987283 -21.22553145413632 0
38.42987386046052 -20.97025828906863 0
37.48740867243968 -20.64110310458867 0
36.6217091524104 -20.14859287616845 0
36.79334970765844 -19.52678203235405 0
37.78965473625133 -19.551603524207 0
38.78016133957778 -19.67995367474511 0
39.76803215535479 -19.82759116022261 0
40.75568469988576 -19.97669114861373 0
41.74641430919872 -20.1029225870554 0
42.74183073870566 -20.08400552451182 0
43.6778771432549 -19.75486216702828 0
44.20216199413106 -18.92763171946357 0
44.41640059128634 -17.95280692410642 0
44.58336693447117 -16.96802411713422 0
44.77638227533816 -15.98805604654833 0
45.0022016333422 -15.01511061580263 0
45.24752690361701 -14.04686730413979 0
45.49912404967584 -13.08022881620598 0
45.74677516208125 -12.11257676613494 0
45.9688621999435 -11.13884266347961 0
46.07207318805141 -10.14771391799519 0
45.85898984759449 -9.174972183180651 0
45.39100948459463 -8.300131896866684 0
44.57853048251976 -7.729498016179298 0
43.6182139860513 -7.470845500557521 0
42.63383671140154 -7.600042251676722 0
41.66712662603929 -7.851310977052065 0
40.70243388711824 -8.110268187098525 0
39.73786856261148 -8.369700226577079 0
38.77230650752116 -8.625389003232517 0
37.80191092961657 -8.861771436831786 0
37.19581052208422 -8.612791249459436 0
37.94784949365694 -7.964518186956027 0
38.83539457668788 -7.508420779764924 0
39.77386270213782 -7.167728599073106 0
40.73972556762723 -6.914319160740568 0
41.72143009446682 -6.730645277585007 0
42.70474436618814 -6.555879553986107 0
43.62535925006647 -6.185721755325202 0
44.26839600929462 -5.4377879356797 0
44.49355647947338 -4.469160177241617 0
44.45784044536656 -3.47414305026322 0
44.06035622930192 -2.567735871329318 0
43.25987720294244 -1.992698556471476 0
42.27965440515623 -1.825807902835571 0
41.28714236200579 -1.917086319373372 0
40.31336897855221 -2.139118887748358 0
39.34460552621384 -2.38237683401882 0
38.37928504102258 -2.63894764437323 0
37.41902004266456 -2.913782256376002 0
36.46945170417551 -3.223271267715052 0
35.54500091849626 -3.600546173686844 0
34.66756450521398 -4.076716622218644 0
33.8160603649816 -4.59879370726076 0
32.93331100799904 -5.06552006479817 0
32.01961062620979 -5.468763248382825 0
31.08745202294362 -5.827349065232297 0
30.13514870785563 -6.127662925859475 0
29.15024938382268 -6.276257948044909 0
28.24679818560024 -5.929216651541811 0
28.46558256055889 -5.042246299168317 0
29.27002374344885 -4.459410800243909 0
30.23677693278158 -4.228437973911331 0
31.23152357574794 -4.138972419119149 0
32.20989630661801 -3.94317731770529 0
33.16009849286648 -3.635566453554378 0
34.1122288441654 -3.333909761619016 0
35.07838606496446 -3.080939682671962 0
36.0532167883731 -2.863310697469903 0
37.02999079008387 -2.654496109148973 0
38.00450810547 -2.435472259978042 0
38.97057062645675 -2.182129445553092 0
39.91750282863561 -1.86513420686051 0
40.82865466965074 -1.457348161765483 0
41.66042720026423 -0.9079098263939875 0
42.29950218731622 -0.1466023200845485 0
42.63867685173451 0.7859386743899254 0
42.50032540187834 1.765216040950428 0
42.0169595047779 2.636401402624002 0
41.40449171165417 3.425139770499187 0
40.76153526171964 4.189523331430236 0
40.12338507299322 4.957899161486439 0
39.4952556584871 5.734506923652449 0
38.81195729853665 6.461834796097282 0
38.01002122058549 7.054527349692565 0
37.09662103626667 7.451478764966094 0
36.11247755412448 7.611827574830603 0
35.11562119800573 7.580705843577855 0
34.13982172868167 7.372411196371554 0
33.19884414917679 7.038689796348946 0
32.28507249863566 6.635517175592377 0
31.37953655553172 6.213982525419753 0
30.4490777249799 5.85480160616473 0
30.09489416745364 6.335027211423587 0
30.91074106108205 6.907166629591051 0
31.78305277565778 7.393605240154044 0
32.67229517588139 7.848392914279779 0
33.58252524636648 8.259210303105599 0
34.53120522398544 8.569017911868528 0
35.51222541290776 8.754851611203428 0
36.50232420352254 8.886557185879386 0
37.49359048515038 9.009356506881469 0
38.48040561904019 9.162418483908091 0
39.39843691253308 9.534259200016841 0
40.12170646148429 10.21778313088675 0
40.59180948105777 11.09545553150856 0
40.92911068293025 12.03545009971158 0
41.22790404105375 12.98852088211587 0
41.49666293986171 13.95046328759939 0
41.67418612412682 14.93178691302461 0
41.48465347381197 15.90087972905982 0
40.8517445300087 16.66486633644605 0
39.99907489155279 17.1791860144658 0
39.06395289629352 17.528448938993 0
38.12922487434516 17.86206266403507 0
37.53901503621129 18.66181537581015 0
37.00594773019006 19.50624100553779 0
36.33357972208774 20.24085714465687 0
35.48410414010356 20.76042561317696 0
34.52847844475041 21.0423031321928 0
33.53443817764277 21.12691688713585 0
32.53808189755612 21.0656352818099 0
31.55090970228539 20.91455808043846 0
30.57354685944189 20.70899949503235 0
29.60866121933726 20.45141040059635 0
28.68041138130937 20.08755622461296 0
27.95855658251108 19.41005047527662 0
27.63295483874321 18.47447458390387 0
27.56509021628829 17.47846458601459 0
27.51659177447329 16.48134692531278 0
26.88170634050318 15.79344943383775 0
26.06527352586011 16.15060447850813 0
26.15774703276896 17.11549089603602 0
26.29184647740269 18.08898768573686 0
25.96511093786661 19.03069947554877 0
25.71625393443436 19.99370460373934 0
25.7517949752075 20.99080706467035 0
25.62471924809551 21.97662029286998 0
25.29862061450242 22.9165429561546 0
26.24865221892721 23.0155268570266 0
27.24250382785634 22.91595687871197 0
28.23606604140048 22.8133974891991 0
29.23118313153146 22.72747200032108 0
30.22859435860861 22.67549762772433 0
31.22733585777263 22.66576130316057 0
32.22602218095138 22.68292872590092 0
33.22473142235442 22.69786282735599 0
34.2228697642323 22.66530260688121 0
35.21660017334838 22.56625449567625 0
36.20206396668595 22.4040802197347 0
37.18812803282742 22.24992551227877 0
37.89338299191829 22.80748505090441 0
38.05751115918111 23.79134750414808 0
38.10510977955342 24.78874137540675 0
38.05918476758895 25.7860728080557 0
37.88795705383242 26.76913618850136 0
37.54181488059988 27.70423687862102 0
37.00063560293632 28.54121024314837 0
36.30599142226925 29.25720670799348 0
35.51580478937827 29.86736819708019 0
34.67926883512677 30.41293569311403 0
33.81716753922699 30.91721219778217 0
32.92794579623988 31.37166666551812 0
31.99756938180323 31.73296759474708 0
31.01576176007403 31.89280809617891 0
30.02116483374091 31.80907657132996 0
29.03322854409893 31.66198350549154 0
28.04585099586515 31.51110692263044 0
27.05282020812596 31.40882794361861 0
26.74047043477643 31.91006769205467 0
27.65872163668157 32.27676163884445 0
28.6525713819074 32.36724682845318 0
29.65133279649547 32.37049053814054 0
30.64992863404567 32.34846004933728 0
31.64847602344249 32.32421382310006 0
32.64717989736658 32.32890049911961 0
33.63667943405037 32.45076032750176 0
34.54961989490726 32.84648652249572 0
35.1408273684307 33.62793371053917 0
35.31818753589214 34.60519446666688 0
35.25238473535034 35.60086487675194 0
35.02515663602581 36.5715609607186 0
34.51260864136847 37.42168466039598 0
33.73650969892388 38.04474629568271 0
32.81301114838154 38.41801873640597 0
31.83624588867837 38.62440509973479 0
30.84718030071923 38.76345883473143 0
29.85546828897841 38.88259268420699 0
28.86387787779441 39.00272144359967 0
27.87526030683235 39.14489848819095 0
26.89368636102741 39.329390924149 0
25.91957989150101 39.5502040537833 0
24.93916908874841 39.73836475786321 0
23.94386736607702 39.71432911453102 0
24.41707256776093 40.38842505149784 0
25.32628354454948 40.79486576937209 0
26.29862297764544 41.01918414785901 0
27.29246675159958 41.00344881822371 0
28.26502975065561 40.77722195231835 0
29.23140179123666 40.52463380015799 0
30.20697310566395 40.31136516083043 0
31.2009134170297 40.22894855495202 0
32.18264236738037 40.39095269161832 0
33.03317834668418 40.89962339668463 0
33.56108890267704 41.73251389324352 0
33.62736521476321 42.72356961505537 0
33.45762128563901 43.70680047982482 0
33.13597462651677 44.65129606983361 0
32.6661309513344 45.53145708893034 0
32.02303221274367 46.29163163310469 0
31.22006844298629 46.88372380189174 0
30.36083243473364 47.39286701338145 0
29.49164315910714 47.885003720988 0
28.63768080205255 48.40278786779901 0
27.83641962346137 48.9980488049069 0
27.03632552029161 49.54441770624486 0
26.04246932136817 49.50575174158163 0
25.30806220597927 48.87113104099987 0
24.8756483181902 47.97194022317127 0
24.51380002816158 47.04097155777427 0
24.1590019022238 46.10726608887182 0
23.7797157654563 45.18340392611164 0
23.21066153650248 44.7805478010965 0
23.43367920358371 45.73843659029954 0
23.85058083286978 46.64606037540525 0
24.27986980656187 47.54794837519833 0
24.7005530559504 48.4538571764936 0
25.06877804045268 49.38186881552588 0
25.25377030705651 50.35840991422909 0
25.03040740860754 51.32695752409507 0
24.49146681253019 52.16136120543339 0
23.70799109043109 52.77260349687883 0
22.75368116299401 53.05282382865087 0
21.75783919305545 53.086541320294 0
20.79604136321747 52.8317325064974 0
19.95831824935819 52.29857981447829 0
19.2461106990814 51.59838341326144 0
18.52999676674641 50.90221610338665 0
18.19857750027926 51.17218996849671 0
18.447309881589 52.13946482935796 0
18.59903036957733 53.12597794001411 0
18.61312665212771 54.12379904706662 0
18.4747761009044 55.11199771925175 0
18.05818543313892 56.00638324840752 0
17.29440380939019 56.64335569028563 0
16.40169625836118 57.0891433698961 0
15.4634996092076 57.43110802619726 0
14.50612645630257 57.71565346810393 0
13.53864663751651 57.96380173536577 0
1 2 0 9
585
586
587
588
589
590
591
592
593
8.013289965662997 53.8703965383322 0
7.061558619850888 53.93013353951715 0
6.160304410924988 54.21573191900526 0
5.837988057108999 55.05108951693794 0
6.27877824659044 55.88892732163493 0
7.034427474388352 56.43872169419828 0
7.933300771737156 56.19296695419158 0
8.578188892478641 55.51452755960121 0
9.176932390511091 54.79308422901791 0
1 3 0 2
594
595
21.60830355019907 -44.88569029259883 0
22.04676729119601 -45.12566594543277 0
1 4 0 5
596
597
598
599
600
23.32992103701724 -30.3760989876194 0
22.62577601657324 -29.73353904191288 0
22.71888894513486 -29.07059266010918 0
23.60508459422622 -29.18637777795704 0
24.08625843373621 -30.00382172681183 0
1 5 0 345
601
602
603
604
605
606
607
608
609
610
611
612
613
614
615
616
617
618
619
620
621
622
623
624
625
626
627
628
629
630
631
632
633
634
635
636
637
638
639
640
641
642
643
644
645
646
647
648
649
650
651
652
653
654
655
656
657
658
659
660
661
662
663
664
665
666
667
668
669
670
671
672
673
674
675
676
677
678
679
680
681
682
683
684
685
686
687
688
689
690
691
692
693
694
695
696
697
698
699
700
701
702
703
704
705
706
707
708
709
710
711
712
713
714
715
716
717
718
719
720
721
722
723
724
725
726
727
728
729
730
731
732
733
734
735
736
737
738
739
740
741
742
743
744
745
746
747
748
749
750
751
752
753
754
755
756
757
758
759
760
761
762
763
764
765
766
767
768
769
770
771
772
773
774
775
776
777
778
779
780
781
782
783
784
785
786
787
788
789
790
791
792
793
794
795
796
797
798
799
800
801
802
803
804
805
806
807
808
809
810
811
812
813
814
815
816
817
818
819
820
821
822
823
824
825
826
827
828
829
830
831
832
833
834
835
836
837
838
839
840
841
842
843
844
845
846
847
848
849
850
851
852
853
854
855
856
857
858
859
860
861
862
863
864
865
866
867
868
869
870
871
872
873
874
875
876
877
878
879
880
881
882
883
884
885
886
887
888
889
890
891
892
893
894
895
896
897
898
899
900
901
902
903
904
905
906
907
908
909
910
911
912
913
914
915
916
917
918
919
920
921
922
923
924
925
926
927
928
929
930
931
932
933
934
935
936
937
938
939
940
941
942
943
944
945
30.65172283069183 -19.22912857837386 0
30.79782950975474 -20.20461857883815 0
31.3409161006983 -21.04046113334122 0
31.9554236837156 -21.82820273064106 0
32.30600867793969 -22.73618448256605 0
31.9295315247791 -23.65787605302116 0
31.5856860299779 -24.59498240367169 0
31.23402376692317 -25.52866892753387 0
30.58000354426914 -26.2671664776344 0
29.6528664422565 -26.62701346282306 0
28.66352585756244 -26.7568694890507 0
27.75847905364019 -26.44935958583965 0
26.94983315956954 -25.8686618545804 0
26.00844045390341 -25.54535212817128 0
25.01475909826202 -25.45274050365505 0
24.01628535382384 -25.47782228008558 0
23.02765623142295 -25.61473855429148 0
22.08296994052587 -25.93611770264456 0
21.18290909909386 -26.36912058452449 0
20.32825438458118 -26.88566274219322 0
19.55082164187055 -27.51169682068579 0
18.88694165630077 -28.25663527394201 0
18.37713870175303 -29.11377578909492 0
18.09483088050193 -30.06832419126685 0
18.11727304703331 -31.06374691341234 0
18.37731080378095 -32.02663165138496 0
18.82362302407318 -32.91846407763341 0
19.48733084709393 -33.6593679527649 0
20.38283380081346 -34.0772107158595 0
21.37989529624421 -34.11715478355489 0
22.32698523732988 -34.41490970824139 0
23.16748126629065 -34.95376398140317 0
23.9724997079225 -35.54552249834499 0
24.78236390431294 -36.13058908093299 0
25.61669296114941 -36.68011813143944 0
26.46154315939404 -37.21347976975078 0
27.26508934833295 -37.80506718436526 0
27.22698297235608 -38.62427924098995 0
26.3858331396227 -39.16275293896524 0
25.59037790167109 -39.76630611300637 0
24.86392536014291 -40.45165166151371 0
24.21205635871232 -41.20836370303978 0
23.50835580584841 -41.91171011326331 0
23.10200175579852 -41.28316249151906 0
23.04468036671543 -40.28780983927241 0
22.83542919493273 -39.31124773241019 0
22.47982479292384 -38.38066177231547 0
21.83753163732174 -37.62121497503555 0
20.99978904309899 -37.083505148085 0
20.04094774333439 -36.81799828654486 0
19.04296866799778 -36.80873812277574 0
18.05180378387362 -36.92894102214403 0
17.10008658432287 -37.22576846281482 0
16.2283784728269 -37.71180958436891 0
15.42807529020688 -38.3088537554355 0
14.7468652081563 -39.03643340762459 0
14.27951099784154 -39.91635755529252 0
13.99975654014864 -40.87422729167291 0
13.86212605497143 -41.86344015449027 0
13.7270481708711 -42.85321883855273 0
13.51409381630763 -43.82915490013792 0
13.2597261133763 -44.79535020492915 0
13.01122499448521 -45.76304131096872 0
12.80016383149869 -46.73958248162909 0
12.58343427264955 -47.71480912688824 0
12.29081523007786 -48.66975762353012 0
11.91117426078253 -49.59355756944168 0
11.32660753896981 -50.32744449243853 0
10.95641680760784 -49.40569787465665 0
10.45031727105288 -48.5469729435763 0
9.878668172182113 -47.72800110949392 0
9.641099008789229 -46.77549853635052 0
9.873093094175452 -45.80575975629531 0
10.17351258160687 -44.85288073710133 0
10.42702778122313 -43.88669762651764 0
10.6166059223377 -42.90580542925252 0
10.78748703268336 -41.92141332509765 0
10.97035147374227 -40.94626649393238 0
10.51592207214246 -40.05954641551359 0
9.911260169658178 -39.26658899598943 0
9.094453064738548 -38.70069370985499 0
8.15911992632404 -38.35080492206723 0
7.611749835722098 -37.58556848502903 0
7.756162125414398 -36.6013458271831 0
7.921497750958396 -35.61719379514394 0
8.207046949955968 -34.65986311696668 0
8.572091974545321 -33.734224188727 0
9.109304141849835 -32.89206248004359 0
9.664618214409026 -32.0614727779492 0
10.2002950277654 -31.21815035755969 0
10.69224329808617 -30.34870348765491 0
11.13102069853412 -29.45124089144755 0
11.51317875037486 -28.52828428807171 0
11.81838272229434 -27.57742821973557 0
11.94803898319329 -26.58972889752492 0
11.75973138569277 -25.61332546913717 0
11.31345644079631 -24.72129206688862 0
10.75385205174007 -23.89375989216968 0
10.20908095028142 -23.05655573873027 0
9.787846289467874 -22.15242786975029 0
9.533957596157354 -21.18668707542459 0
9.314803556886481 -20.21195026117521 0
9.01951321982146 -19.25799395985766 0
8.635237471642037 -18.33595582387776 0
8.198453559537903 -17.43745251654119 0
7.728436545154666 -16.55582247360746 0
7.223302978825198 -15.69405346227993 0
6.616364268115971 -14.90145410786457 0
5.928747734223379 -14.17709011278022 0
5.124852567817665 -13.59284431761146 0
4.359764192575039 -13.09485816475593 0
4.856690506001281 -12.26714552862994 0
5.634425050641812 -11.64317839729674 0
6.140382940526221 -10.78928614606176 0
6.369138219219485 -9.818420435336417 0
6.479179660551476 -8.825545227090743 0
6.547495810333446 -7.828780892918155 0
6.596535505689951 -6.830864597622738 0
6.632002337800006 -5.832371112914237 0
6.65418347284389 -4.833496071632073 0
6.658396228480488 -3.834396614235999 0
6.63146565022923 -2.835701589352108 0
6.545642490118722 -1.840536879236311 0
6.368210904323478 -0.8575561133952886 0
6.203358900310172 0.1274264232828049 0
6.143876411835282 1.124551534957309 0
6.121723777491227 2.123431825005051 0
6.084000567860961 3.121812158554107 0
6.047628047491123 4.120215502632055 0
6.075714889722852 5.118695178979221 0
6.167481975513964 6.113489972221656 0
6.307424130269973 7.102675481405043 0
6.463237412407186 8.089538039564008 0
6.570843949663089 9.082738785535309 0
6.636387597337815 10.0796762126824 0
6.679312170452654 11.07787179558763 0
6.707350350455029 12.07660050148549 0
6.721358408253812 13.07562287102624 0
6.71672824067972 14.07471783360634 0
6.67335960549409 15.07276082992922 0
6.531245653166085 16.06080842382806 0
6.248271604038578 17.01862124822856 0
5.96599052610818 17.9768131282643 0
5.770139315751392 18.95620879751076 0
5.633375069813903 19.94589057369926 0
5.511836106783069 20.93760031390489 0
5.381693582779924 21.92820364724655 0
5.231106602005657 22.91591021299656 0
5.080491091392233 23.90361170884256 0
4.963864393057483 24.89578161065588 0
4.932783822677946 25.89381880770206 0
5.04445014539026 26.88555762052735 0
5.40392572459349 27.80765159729104 0
6.238673936880349 27.51421452362257 0
7.06632533337553 26.96022151685007 0
8.039869709616529 26.78588426457437 0
8.92704119674117 27.16986260694681 0
9.491433171056245 27.99084901018316 0
9.898155441763928 28.90301049411626 0
10.27557669990049 29.82810322571972 0
10.68681958963243 30.73850631158034 0
11.16544147633033 31.61525830572402 0
11.69317947732017 32.46357561730336 0
12.22016761696663 33.31226608708826 0
12.59676162235613 34.23361085536536 0
12.69336698871909 35.22586512769654 0
12.58766434182608 36.21782223973402 0
12.28434606007967 37.16814293173388 0
11.84863479209296 38.06684770222006 0
11.35536552822105 38.93564292161646 0
10.8357538277008 39.78900020590057 0
10.29810880102725 40.63111910828927 0
9.740875513401791 41.46038384805879 0
9.13911275531744 42.25747805163176 0
8.407865400318187 42.93523560194654 0
7.683556643851096 43.61718040948755 0
7.502846760358945 44.57116247281911 0
7.819542255567379 45.51801023496974 0
8.076924098057795 46.48250229049088 0
8.619014564333396 47.31555567324219 0
9.27938246021148 48.06195046052604 0
9.960244592639082 48.77645451369724 0
10.35767836895612 49.69029982956692 0
10.43291310338892 50.68486822429247 0
10.59936707992173 51.66403272541626 0
11.21026040008627 52.44938685241754 0
11.82078304183564 53.23764120530843 0
12.74523528152293 53.24352426108231 0
13.57033875640766 52.68181749449285 0
14.36553634803946 52.08487833225819 0
14.94446692574363 51.30227874130385 0
15.14375025720947 50.33198005101264 0
15.22498620097649 49.33634187377344 0
15.36339821080802 48.34686378059422 0
15.47862705956737 47.35452266498639 0
15.53176433077141 46.3569489436779 0
15.54893300557553 45.35797859891436 0
15.57642041651534 44.35934965140246 0
15.87453993329204 43.41934196130312 0
16.28232069735721 42.50737398805816 0
16.89326359557776 41.72958069653352 0
17.81055146296437 41.36936312748738 0
18.79296774937617 41.52600467027472 0
19.74747698647986 41.82106375920294 0
20.71655053250766 42.03077949205304 0
20.65819512099295 41.1069867678015 0
20.29638124031336 40.17572479980704 0
19.9921384642782 39.22487151683852 0
19.6974882882663 38.27401634639681 0
18.87548311134891 37.74923929087382 0
17.95138760098412 37.37474949506871 0
17.17115700264226 36.75680676078646 0
16.56136287648478 35.96684778191292 0
16.06472264111181 35.10068054412012 0
15.78884339764781 34.14942105084376 0
16.07256390367004 33.19466049177907 0
16.51727080001234 32.30188862154875 0
17.23883047980143 31.62993531337628 0
18.19669227321355 31.67738222216438 0
18.84765012670383 32.42196400330701 0
19.26294343557751 33.32968803505648 0
19.63904984945441 34.25495696203317 0
20.25461620340846 35.03749633131576 0
20.99847246769009 35.3146684249853 0
21.72702693186934 34.63389539608904 0
22.60799254044663 34.172211946893 0
23.45225965172687 33.67320212807883 0
23.56553187404941 32.70911352592597 0
23.48640092453796 31.71798930393934 0
23.56216146768992 30.72314101307004 0
23.74013470645667 29.78370914817953 0
24.19581066027342 28.8972626718194 0
24.41969846876637 27.92721717138661 0
24.25601476000685 26.95088444384952 0
23.76659678887766 26.08203148873098 0
23.19031214559347 25.26588345760593 0
22.66187103937435 24.41830770252081 0
22.20745095160865 23.52876464947992 0
21.81483609913539 22.61022115498817 0
21.51332812109333 21.65859464781705 0
21.42606119959254 20.66644970230187 0
21.59462385588771 19.68433059658348 0
21.92331338509416 18.7411351494476 0
22.29197735462896 17.81251821149125 0
22.66017544222835 16.88371933774971 0
22.9867730734162 15.9397046260124 0
23.28001237938357 14.98469971541948 0
23.70801102288168 14.08468219834123 0
24.42137035941501 13.39664940550834 0
25.33537795449751 13.00095429386849 0
26.32304771000272 12.87601569991435 0
27.31841089653807 12.95511711689082 0
28.30743309863507 13.09680295604579 0
29.29829622857056 13.22454193213942 0
30.29534237010746 13.27964065494187 0
31.28232440326676 13.14382790990931 0
32.20404780786117 12.76314867320405 0
33.10973599407148 12.34238650382575 0
33.34975364158961 11.65284770665977 0
32.51970265460777 11.10183142237587 0
31.62064842096316 10.6661989419175 0
30.72461771468934 10.22441911645312 0
29.85995530480174 9.724268774899738 0
29.03427045510118 9.162047697646237 0
28.25473406710109 8.537615915608173 0
27.55394033356117 7.826858818331887 0
27.00550163717045 6.99421168790819 0
26.67421396722688 6.054784637398562 0
26.68818725017954 5.063855413866464 0
27.07117134780076 4.145129678022719 0
27.71478623715046 3.387500642855173 0
28.58433319402603 2.905723541146303 0
29.56313817001277 2.724980960855258 0
30.55812338748712 2.794831460364473 0
31.52470579217808 3.043614575011437 0
32.45363974529382 3.410598574753253 0
33.36116691885617 3.828429233065034 0
34.26575085284639 4.252591251419187 0
35.19160937998021 4.168841051247517 0
35.97310551076976 3.548883161452875 0
36.64136411342284 2.806513728784458 0
37.33297114679293 2.085867688459713 0
38.0231502873335 1.364248189921569 0
37.89937922387301 0.5876839481402885 0
36.9160586251071 0.4529230050119044 0
35.92217874353578 0.548878694545311 0
34.94820817181125 0.7685017607792985 0
34.00131700173836 1.086895861194615 0
33.05527557885628 1.407694512898987 0
32.07233377401234 1.572061279544742 0
31.07429083497721 1.541671457712721 0
30.08808521848741 1.388250163472805 0
29.20060343121899 0.9456615943856166 0
28.45282466321108 0.2841484566164227 0
27.78669998397581 -0.4599000887788223 0
27.19911533324811 -1.267516643206811 0
26.67779282165495 -2.119655424785354 0
26.2012081292332 -2.997715055224772 0
25.75383961036466 -3.89105995536736 0
25.32571486909643 -4.793802332722762 0
24.91231709018044 -5.703386335695908 0
24.51381234138178 -6.619589391744087 0
24.13650371820056 -7.544694513124997 0
23.81779270296039 -8.491016768872592 0
23.84746292558685 -9.472692119047789 0
24.35969718703971 -10.32239914696768 0
25.11375334300563 -10.97356530539273 0
26.01240050392033 -11.40501967581162 0
26.9824797659219 -11.63520053840711 0
27.97973266401922 -11.6553736578192 0
28.95721879763762 -11.45908924177121 0
29.87143203614264 -11.06094793744156 0
30.69568024176309 -10.49734383298161 0
31.48689728126438 -9.887244611288574 0
32.28691989416504 -9.288892069520029 0
33.17724035942642 -8.856937110720105 0
33.99143842822544 -9.341670262951176 0
34.46711830751452 -10.21973570524749 0
35.11815703863729 -10.97167389436408 0
35.98399391912046 -11.45933376400646 0
36.96091273187016 -11.65597890249409 0
37.95920520791058 -11.6719539180433 0
38.9537437794277 -11.58000111831046 0
39.93923391858061 -11.41598827980692 0
40.92365001127429 -11.24547595299451 0
41.91778128861824 -11.21312519254453 0
42.47876165933066 -11.92366703871079 0
42.32075091058692 -12.90759555116386 0
42.06702091132561 -13.87396056544537 0
41.83343712682214 -14.8453911323588 0
41.5756753801499 -15.81042120428914 0
40.955462237356 -16.53056060878902 0
39.96202241803246 -16.55789174984508 0
38.97127663583709 -16.42954096627809 0
37.98305919183483 -16.28228714489008 0
36.99201574258588 -16.15590952868434 0
35.99602499899564 -16.07813756165956 0
34.9975677836682 -16.04281261074935 0
33.9985964450484 -16.02541498265246 0
33.32923676708205 -15.61994903138257 0
32.92837046823733 -14.74347813855834 0
31.95676041043324 -14.78016197351281 0
31.43638809847364 -15.44481025474519 0
31.46755119785185 -16.4078833068239 0
31.35830828236839 -17.37087546138762 0
1 6 0 6
946
947
948
949
950
951
37.65869497295147 13.032478551352 0
37.67490023324634 12.21396239531244 0
36.86490077801793 11.82932096200526 0
35.94607673948096 11.8247202940048 0
35.03432074130817 11.95702660780836 0
35.9363837731279 12.4519126029605 0
1 7 0 580
952
953
954
955
956
957
958
959
960
961
962
963
964
965
966
967
968
969
970
971
972
973
974
975
976
977
978
979
980
981
982
983
984
985
986
987
988
989
990
991
992
993
994
995
996
997
998
999
1000
1001
1002
1003
1004
1005
1006
1007
1008
1009
1010
1011
1012
1013
1014
1015
1016
1017
1018
1019
1020
1021
1022
1023
1024
1025
1026
1027
1028
1029
1030
1031
1032
1033
1034
1035
1036
1037
1038
1039
1040
1041
1042
1043
1044
1045
1046
1047
1048
1049
1050
1051
1052
1053
1054
1055
1056
1057
1058
1059
1060
1061
1062
1063
1064
1065
1066
1067
1068
1069
1070
1071
1072
1073
1074
1075
1076
1077
1078
1079
1080
1081
1082
1083
1084
1085
1086
1087
1088
1089
1090
1091
1092
1093
1094
1095
1096
1097
1098
1099
1100
1101
1102
1103
1104
1105
1106
1107
1108
1109
1110
1111
1112
1113
1114
1115
1116
1117
1118
1119
1120
1121
1122
1123
1124
1125
1126
1127
1128
1129
1130
1131
1132
1133
1134
1135
1136
1137
1138
1139
1140
1141
1142
1143
1144
1145
1146
1147
1148
1149
1150
1151
1152
1153
1154
1155
1156
1157
1158
1159
1160
1161
1162
1163
1164
1165
1166
1167
1168
1169
1170
1171
1172
1173
1174
1175
1176
1177
1178
1179
1180
1181
1182
1183
1184
1185
1186
1187
1188
1189
1190
1191
1192
1193
1194
1195
1196
1197
1198
1199
1200
1201
1202
1203
1204
1205
1206
1207
1208
1209
1210
1211
1212
1213
1214
1215
1216
1217
1218
1219
1220
1221
1222
1223
1224
1225
1226
1227
1228
1229
1230
1231
1232
1233
1234
1235
1236
1237
1238
1239
1240
1241
1242
1243
1244
1245
1246
1247
1248
1249
1250
1251
1252
1253
1254
1255
1256
1257
1258
1259
1260
1261
1262
1263
1264
1265
1266
1267
1268
1269
1270
1271
1272
1273
1274
1275
1276
1277
1278
1279
1280
1281
1282
1283
1284
1285
1286
1287
1288
1289
1290
1291
1292
1293
1294
1295
1296
1297
1298
1299
1300
1301
1302
1303
1304
1305
1306
1307
1308
1309
1310
1311
1312
1313
1314
1315
1316
1317
1318
1319
1320
1321
1322
1323
1324
1325
1326
1327
1328
1329
1330
1331
1332
1333
1334
1335
1336
1337
1338
1339
1340
1341
1342
1343
1344
1345
1346
1347
1348
1349
1350
1351
1352
1353
1354
1355
1356
1357
1358
1359
1360
1361
1362
1363
1364
1365
1366
1367
1368
1369
1370
1371
1372
1373
1374
1375
1376
1377
1378
1379
1380
1381
1382
1383
1384
1385
1386
1387
1388
1389
1390
1391
1392
1393
1394
1395
1396
1397
1398
1399
1400
1401
1402
1403
1404
1405
1406
1407
1408
1409
1410
1411
1412
1413
1414
1415
1416
1417
1418
1419
1420
1421
1422
1423
1424
1425
1426
1427
1428
1429
1430
1431
1432
1433
1434
1435
1436
1437
1438
1439
1440
1441
1442
1443
1444
1445
1446
1447
1448
1449
1450
1451
1452
1453
1454
1455
1456
1457
1458
1459
1460
1461
1462
1463
1464
1465
1466
1467
1468
1469
1470
1471
1472
1473
1474
1475
1476
1477
1478
1479
1480
1481
1482
1483
1484
1485
1486
1487
1488
1489
1490
1491
1492
1493
1494
1495
1496
1497
1498
1499
1500
1501
1502
1503
1504
1505
1506
1507
1508
1509
1510
1511
1512
1513
1514
1515
1516
1517
1518
1519
1520
1521
1522
1523
1524
1525
1526
1527
1528
1529
1530
1531
-1.569082775360499 -1.526948489200856 0
-1.254593149718312 -0.5791547910408392 0
-0.9697584058879491 0.3777519801436319 0
-0.7984652495750409 1.360737981506146 0
-0.7221969242406918 2.356310771761805 0
-0.6785839128005609 3.353948156352139 0
-0.6535591483537166 4.352230824737897 0
-0.6461876563552393 5.350797921970667 0
-0.6596844392180854 6.349291656168874 0
-0.6989520631328618 7.347104330837829 0
-0.7500760107311639 8.344402754289993 0
-0.7845333694416415 9.342372490502369 0
-0.7728125242218288 10.34076813004163 0
-0.6988172406918208 11.33648842968138 0
-0.5798217684237794 12.32793453877978 0
-0.4369541681603247 13.316261146092 0
-0.2903717328911667 14.3040487946885 0
-0.1758628363087767 15.29592991060053 0
-0.1438038773235745 16.29355222614421 0
-0.205003055217841 17.29012132593057 0
-0.2789386980876359 18.28595837179922 0
-0.3111929681373189 19.28393507522946 0
-0.2935655264170261 20.28231223580305 0
-0.2491841046675374 21.27992629483856 0
-0.2001940456698061 22.27733189968235 0
-0.1624021294070202 23.27520986581894 0
-0.1512441388768467 24.27371591952318 0
-0.1616124882136944 25.27226580112201 0
-0.1689825917772811 26.27083528236815 0
-0.1470771164505794 27.26913237237259 0
-0.07820648649930491 28.26527179446223 0
0.02731138427397645 29.25825757271157 0
0.1530058119640194 30.24891696774401 0
0.2822842108581324 31.2391193201071 0
0.3821283343712123 32.23258422448183 0
0.3768696485110392 33.23012577762015 0
0.2031411943951242 34.21246160260211 0
-0.102326600400357 35.16259093965589 0
-0.5064523583055316 36.07537449098825 0
-0.9821720174531048 36.95315977029081 0
-1.522596914153563 37.79249194611413 0
-2.198977153963503 38.52142307576828 0
-3.138053799404573 38.79644732669297 0
-4.128545247119776 38.67985399459923 0
-5.084966390472029 38.39768389482651 0
-5.979977513546608 37.95653816532612 0
-6.842422220987685 37.45316938812983 0
-7.745825075097612 37.03243724406695 0
-8.691359043456897 37.18452804490271 0
-8.971196241019404 38.03804129668119 0
-8.198958619924655 38.65583463078887 0
-7.308033433508373 39.10639692174325 0
-6.390784928321953 39.50082671484419 0
-5.446780303797103 39.8255027981881 0
-4.479348394285338 40.07234872215374 0
-3.501839535370953 40.2764208773192 0
-2.521828751743205 40.46824690316631 0
-1.543193282687099 40.66688632514069 0
-0.5795871893315584 40.92618509514541 0
0.2974325218994178 41.39723012290953 0
1.013506566998187 42.08673727764331 0
1.30487818876262 43.02353624908682 0
0.9281052453923831 43.92533995130748 0
0.07409189427732094 44.42584342833557 0
-0.8936507181231494 44.66461566719418 0
-1.889387610728861 44.72791970395034 0
-2.887447628683826 44.69844154315057 0
-3.884543604112848 44.64357659336552 0
-4.87920417042501 44.68367833795595 0
-5.044294085436525 45.45574106503076 0
-4.264726430152681 46.06701561785429 0
-3.362390727525282 46.49368899208603 0
-2.432565048771656 46.85776966276222 0
-1.500752167974369 47.21680143290538 0
-0.6040957129375948 47.65307965690859 0
0.09472441825426681 48.35535609257941 0
0.3681359431294098 49.30158299758114 0
0.1417683270688554 50.26735424925192 0
-0.324393359723311 51.14955803953738 0
-0.8696469429441356 51.98596987241318 0
-1.465313827541312 52.78728907780167 0
-1.879122646695166 53.67027672125632 0
-1.34253630149924 54.49418822748176 0
-0.7822267111436725 55.31267283464398 0
-0.6663532604158506 56.2960506147924 0
-0.9954721738416872 57.2282915495545 0
-1.653835901454764 57.97549154433538 0
-2.444991718795001 58.58333187039735 0
-3.302462187220963 59.09450576948476 0
-4.198609613090923 59.53450934329153 0
-5.135556940175801 59.87787021681444 0
-6.107001495478356 60.10764764306427 0
-7.09209707737015 60.27067254244069 0
-8.084209194209549 60.38338532635039 0
-9.081271609109439 60.43500986344927 0
-10.07892230403815 60.40251142832791 0
-11.06158044851536 60.2328774654709 0
-11.97430659829873 59.83656492554898 0
-12.62708507757679 59.10842467325776 0
-12.63617277787594 58.11774615986621 0
-11.88740768586323 57.49298427735594 0
-10.99565141204462 57.04410194567385 0
-10.07991452264225 56.64591966781695 0
-9.158235319758358 56.26156899000021 0
-8.247982511775691 55.8514289152341 0
-7.865225367210168 55.21602791281395 0
-8.855154551834636 55.24162371801925 0
-9.845262487500957 55.37157462115308 0
-10.8407028870174 55.43807679875106 0
-11.77326319168425 55.12850999150913 0
-12.34818759869754 54.33082650760676 0
-12.53486017313092 53.35362363300629 0
-12.54630304459498 52.35528440384847 0
-12.52840539001094 51.35683738415603 0
-12.52404279902723 50.35830981016681 0
-12.97277193865559 49.9140501917645 0
-13.53018687841329 50.73528525005378 0
-13.84267123730151 51.68215688622384 0
-14.02016039015639 52.66444324068834 0
-14.12667897060493 53.65727552827956 0
-14.23657422326317 54.64971600000452 0
-14.45985225986419 55.62122906301529 0
-14.95981368830393 56.47680662909355 0
-15.8772827099044 56.82961400201419 0
-16.85636787730986 56.92969307288371 0
-17.84820783661478 56.81409077891136 0
-18.83662054799267 56.6719293957661 0
-19.82022862088062 56.49986765614627 0
-20.78950267733284 56.26168451949369 0
-21.69538744214856 55.84895621836494 0
-22.44622557440336 55.19536342702654 0
-22.95413123528898 54.34317260465755 0
-23.00928433352079 53.35832106271162 0
-22.45602557309512 52.54993938151271 0
-21.65349376605145 51.95636355147128 0
-20.83263058621737 51.38769934444193 0
-20.05085114323811 50.76761919809847 0
-19.46101378080252 49.97227187355888 0
-20.03277131971856 49.58848516441439 0
-21.00100784142026 49.83283585126441 0
-21.98617870167659 49.98079513329965 0
-22.93589967285881 49.70850220070243 0
-23.69469892498211 49.06854578272584 0
-24.14147605321877 48.18651010685481 0
-24.218242547839 47.19269504006705 0
-24.12838993473713 46.19965122170503 0
-23.80678351385184 45.25650229698576 0
-23.33247169056203 44.37871263412238 0
-22.71056018548194 43.5991227114982 0
-22.01219352489654 42.88541196560186 0
-21.30937613900637 42.17602429946749 0
-20.68750557802233 41.39947329035561 0
-21.39593478251139 41.38882211785611 0
-22.24510460940576 41.9139242868208 0
-23.07233258135913 42.47324815062329 0
-23.87545157688403 43.06638780302634 0
-24.55482823069866 43.79222099070765 0
-24.90545997651235 44.72030558353035 0
-25.00212206627953 45.71333459546916 0
-25.027021905723 46.71161138262724 0
-25.06815427031717 47.70918962525389 0
-25.28577924854326 48.67887275658302 0
-25.95660503458588 49.3822553460169 0
-26.93886454909331 49.34110613581469 0
-27.7422919553638 48.79285641457493 0
-28.26766185567953 47.94401033541362 0
-28.83252285708149 47.12051360366263 0
-29.38407658462903 46.2880881148301 0
-29.90462234767986 45.43597024701328 0
-30.38411951297825 44.56014949444869 0
-30.80796910542112 43.65619377409512 0
-31.1605504973228 42.72218956465501 0
-31.42872049699742 41.76070534044667 0
-31.56636176340212 40.77290112111621 0
-31.50125236968823 39.77848903314094 0
-31.36410837128166 38.79390009263449 0
-31.84596373217359 37.93777307333444 0
-32.33499927959289 37.07167164279878 0
-32.5415290137204 36.09862602574486 0
-32.48950930328351 35.10312196038344 0
-32.22060521173911 34.14516882325137 0
-31.68024010893163 33.30713377311238 0
-31.08666885315876 32.50408705092942 0
-30.5371454735921 31.67112895907222 0
-30.70225920671579 31.03239608620392 0
-31.57251333102036 31.51924313185591 0
-32.43094113492938 32.02896909183006 0
-33.35319525201468 32.40744185256222 0
-34.2956879014406 32.16970452765887 0
-35.02210889733344 31.5034232357526 0
-35.39121510001644 30.57836442927601 0
-35.59888025853353 29.60217438270424 0
-35.69811068001517 28.60922788649862 0
-35.53801506614032 27.62944088311334 0
-35.02183256887525 26.78435708680878 0
-34.18053254747628 26.26317094434761 0
-33.19440955945588 26.13280766825552 0
-32.19747909533999 26.18329791743957 0
-31.20654513215907 26.30581935134457 0
-30.222863284724 26.47733716522215 0
-29.24649890795578 26.68676504347844 0
-28.27447479804298 26.91562704426935 0
-27.30286087987378 27.14623320037241 0
-26.32643590462805 27.355312462504 0
-25.34197090648283 27.52207580166144 0
-24.34807730361194 27.61342633088755 0
-23.36351920000962 27.48142688838971 0
-22.83585499004772 26.83146268859608 0
-23.67951344459162 26.33377715459132 0
-24.65332616668736 26.11540210536663 0
-25.64253881991048 25.97997109920627 0
-26.63767732397184 25.89749896322273 0
-27.63319561165053 25.81944783055337 0
-28.61930688482621 25.66682338149327 0
-29.56090075816017 25.34019279482929 0
-30.40462123877002 24.81023978524015 0
-31.07846725104568 24.07866135284361 0
-31.38899099444414 23.14577531516622 0
-31.15419386559914 22.18287987308139 0
-30.62823013571539 21.34041177467599 0
-29.8657593887681 20.6965850193978 0
-29.07241360415646 20.09012171695127 0
-28.26932503764151 19.49661994905644 0
-27.4539928294106 18.92008458223881 0
-26.61427561550995 18.38001409021354 0
-25.71193567710183 17.95666697711254 0
-24.73616372976048 17.75053236643886 0
-23.74576707787533 17.62284728309164 0
-23.30709102029394 17.23266090257462 0
-24.27042697060337 16.98506181036378 0
-25.26420149153842 16.88902547306655 0
-26.26198658785736 16.85353796602553 0
-27.25258569576858 16.96149638850438 0
-28.19909749194592 17.27459007499921 0
-29.02561274025722 17.82772809932201 0
-29.75121705911654 18.51359594334275 0
-30.44621738155016 19.23058706842431 0
-31.10985576687104 19.97663386413926 0
-31.72939141134358 20.75968043064323 0
-32.33426260484317 21.55418966186491 0
-33.08510921053549 22.19566124998248 0
-34.07080919840357 22.23298883682053 0
-35.01932183271662 21.93082865835683 0
-35.8404007750245 21.36784022300288 0
-36.51456507319079 20.63391083780899 0
-37.00432865939086 19.76600007327968 0
-37.26653737022283 18.8065418834837 0
-37.21719463055871 17.81229091922069 0
-36.87943547663749 16.87832803598986 0
-36.28190147475842 16.08055401685329 0
-35.58192715220935 15.36859194355558 0
-34.87142644807623 14.66692512371599 0
-34.22341317560861 13.90810531226878 0
-33.56836641125224 13.15616608466322 0
-32.79478858963029 12.52603962079944 0
-31.9380262230341 12.01489350587929 0
-31.01651058399045 11.63203145550321 0
-30.05837538577045 11.35154895249196 0
-29.08970902823368 11.10885883985362 0
-28.12393891242383 10.85497160690882 0
-27.16509019148883 10.57610149278296 0
-26.21532209381373 10.26780351651106 0
-25.28329738656347 9.90994931390855 0
-24.40340845015336 9.440630786970875 0
-23.70966542343281 8.734845076781843 0
-24.00113508120977 7.987289356771575 0
-24.98094957496309 7.979631503060681 0
-25.85572032460261 8.456082429998485 0
-26.67667532063286 9.024573478172211 0
-27.51142389166776 9.571951972573871 0
-28.41956972395925 9.98482036058477 0
-29.36088973684864 10.31787106903298 0
-30.31785452758151 10.60281512786698 0
-31.28620739663828 10.84668292917895 0
-32.24832892823796 11.11301466969416 0
-33.14710903061503 11.54143474350368 0
-33.88825740710524 12.20644201641307 0
-34.52443806099043 12.97600527483075 0
-35.15438498974174 13.75078523915746 0
-35.8801710369986 14.43140806705099 0
-36.81376763028398 14.76655696749231 0
-37.80125520563653 14.71074894639367 0
-38.64975221387787 14.19969118483055 0
-39.18199811255963 13.365763719139 0
-39.37159874017227 12.3890433881372 0
-39.28326238233473 11.39739616177143 0
-39.00919232355141 10.43768090315028 0
-38.67766949205523 9.49573223675621 0
-38.3449064078179 8.554221628728834 0
-38.10346939972352 7.587374561718089 0
-38.50468040161106 6.727432161898632 0
-39.30226836436403 6.126801664817764 0
-40.08283365551519 5.504570900214064 0
-40.75231880913893 4.766382367879815 0
-41.20844468109247 3.881670482980769 0
-41.40826138212412 2.907126520221722 0
-41.14759124044062 1.955591996005624 0
-40.56088427248854 1.150263577249495 0
-39.84475470879684 0.4551998853143322 0
-39.08041538755769 -0.1874228794680091 0
-38.32590290733659 -0.8414480605011113 0
-37.62428095961588 -1.551322461456212 0
-37.01745928200524 -2.343657821364261 0
-36.48368809579491 -3.187476821053767 0
-35.95964893244787 -4.037435975938604 0
-35.36313000304776 -4.837587178400711 0
-34.66035305185139 -5.545302590905508 0
-33.80891317672274 -6.059012398632442 0
-32.85719510762384 -6.358272971579356 0
-31.87114945943844 -6.506174524622928 0
-30.87622755861495 -6.439077611686832 0
-29.89074624754267 -6.277848576852067 0
-28.90048793807328 -6.156835730777372 0
-28.57915715002688 -6.874484711466982 0
-29.2383099326738 -7.598468810932752 0
-30.20190705282545 -7.830295317832792 0
-31.19959881455073 -7.81333059546632 0
-32.19014643899559 -7.68957485878425 0
-33.16278001134444 -7.465707489600855 0
-34.09918414207992 -7.121017671386404 0
-34.98088538440553 -6.65362335871164 0
-35.80308030081567 -6.087622716750143 0
-36.57010428894515 -5.448679836171812 0
-37.25542089638046 -4.724182301895177 0
-37.6952452543353 -3.834157608519477 0
-37.94208366554214 -2.866639876889625 0
-38.37969906507166 -1.980290914721386 0
-39.17832671843737 -1.387424286724029 0
-40.07631688442434 -0.9523595405584312 0
-41.04447001547473 -0.7333648190728892 0
-41.99300484421062 -0.9945595971997477 0
-42.71373058326044 -1.678157043113607 0
-43.09451706983078 -2.590913812063223 0
-43.16750155345356 -3.585598988965858 0
-43.09411169800656 -4.580605864615427 0
-42.85321087049737 -5.548305173700879 0
-42.44126623438483 -6.456369797118148 0
-41.84570830828171 -7.255220025245854 0
-41.08133804634078 -7.895269004671396 0
-40.2444263995394 -8.439777889850548 0
-39.39212420457621 -8.960158756656305 0
-38.82618144452481 -9.415712489025498 0
-39.76765349425146 -9.082956516361868 0
-40.72562100103351 -8.803497033523112 0
-41.71778025296669 -8.726062592464189 0
-42.68075371080647 -8.97212376184765 0
-43.52485654921342 -9.49918118341966 0
-44.18623692223271 -10.24321021740449 0
-44.59278836303265 -11.15084044884146 0
-44.71194509073341 -12.13883851277401 0
-44.62878734010585 -13.13360874641651 0
-44.58953262470833 -14.12952778834962 0
-44.81934942824302 -15.09925727804895 0
-45.12388439049833 -16.05026943394982 0
-45.31564164234918 -17.02769456725664 0
-45.19312574402591 -18.01485841554942 0
-44.80827138137823 -18.93197942662017 0
-44.10166108163451 -19.6270758683755 0
-43.1818846375924 -20.00217489279265 0
-42.18946450718568 -20.07655929426681 0
-41.20177180102766 -19.9338306106589 0
-40.22389816389983 -19.73144319457752 0
-39.24452480459682 -19.53662004470887 0
-38.25389506687679 -19.41553224931365 0
-37.26734015752911 -19.51535496869304 0
-36.38502130972796 -19.9787610512001 0
-35.60505572529053 -20.60051708903321 0
-34.90499710348235 -21.31228090080896 0
-34.27458404983706 -22.08490110989546 0
-35.08202258695431 -22.00852877298827 0
-36.0052779063536 -21.62813368335917 0
-36.95442266298009 -21.31931965159892 0
-37.9343397841327 -21.13130986759366 0
-38.93109290032775 -21.08733937865766 0
-39.92279517819961 -21.19478830172783 0
-40.883551227044 -21.46318533152112 0
-41.77354569749822 -21.90945518012427 0
-42.31002813732029 -22.72323437834219 0
-42.17503211739493 -23.68316752184344 0
-41.55739827480532 -24.46472317140496 0
-40.83110802024995 -25.14969229397942 0
-40.077408910668 -25.80478591307708 0
-39.33556483373974 -26.47308493156724 0
-39.02913625172456 -27.25103268109065 0
-40.01502241771111 -27.16807485270383 0
-40.98255420249588 -26.92105277737256 0
-41.95416392809099 -26.69141457478417 0
-42.94725420595586 -26.61204582648781 0
-43.88613906277165 -26.91550190419295 0
-44.52134175735674 -27.63985207772304 0
-44.50513695833048 -28.63213955168692 0
-44.15648184672736 -29.56351920728224 0
-43.59514467024592 -30.38813607708039 0
-42.94719183331587 -31.14773097997188 0
-42.26722355007799 -31.87904191188532 0
-41.57721549584398 -32.60091837645211 0
-40.89057176194865 -33.32597967659147 0
-40.24884077506115 -34.09012647420927 0
-39.84422962804855 -34.99746417353448 0
-39.56375224848761 -35.95586974893634 0
-39.23744795131251 -36.89890168031303 0
-38.59941323028139 -37.64566006523071 0
-37.65328280917043 -37.9289177725233 0
-36.67051626953388 -37.77770924114498 0
-35.73144912864147 -37.43914906633525 0
-34.8092204812956 -37.05614488393297 0
-33.8804637426372 -36.68977799521021 0
-32.92436824240758 -36.68955179600401 0
-32.78451862704737 -37.5573933453847 0
-33.62829571379524 -38.08612387248808 0
-34.50693743991733 -38.56065850772228 0
-35.36375583545696 -39.07308881428742 0
-36.12406677443602 -39.71542331959902 0
-36.52654834896131 -40.61351532496261 0
-36.42399074170272 -41.5990119482801 0
-36.00706047540723 -42.50365789237835 0
-35.39851160451865 -43.29291403483078 0
-34.63963450688649 -43.93960521018529 0
-33.76986721017439 -44.42662002679545 0
-32.81650701220171 -44.71660449758052 0
-31.82492860635458 -44.70689457917203 0
-30.97655335122349 -44.20827831458664 0
-30.3206666159715 -43.45590476733023 0
-29.68941543656143 -42.68216654101684 0
-28.9807503119156 -41.98111497426493 0
-28.10051182436073 -41.52052584992964 0
-27.11497024766104 -41.46040369224143 0
-26.23205834573111 -41.90270227571807 0
-26.04167156690071 -42.77788057087341 0
-26.7650190532506 -43.46391329654134 0
-27.51069779790286 -44.12775935382681 0
-28.06082306308829 -44.94979571430368 0
-28.08650978989216 -45.93407484163315 0
-27.68897934247689 -46.84605119580496 0
-27.06053378546596 -47.61841217669566 0
-26.26290407901272 -48.21586175677192 0
-25.35789775660901 -48.63357550929338 0
-24.38338263922371 -48.84219370294423 0
-23.38647039175057 -48.85474121772717 0
-22.42881450038335 -48.58781367675241 0
-21.55457875687935 -48.1083656485588 0
-20.84704188397933 -47.41128629160928 0
-20.39994622816404 -46.52235129985705 0
-20.13558302457728 -45.55992119011672 0
-19.94230076243612 -44.58027870084037 0
-19.77973309199101 -43.59501334631937 0
-19.63689700713934 -42.60668679703051 0
-19.51292716371503 -41.61582122982998 0
-19.41672345566312 -40.62192029094764 0
-19.383349728979 -39.62425746595421 0
-19.49598704035338 -38.63340877325724 0
-19.71662039802617 -37.65953194842983 0
-19.830511948438 -36.66937483055762 0
-19.49486974102513 -35.76545569355714 0
-18.7295921573184 -36.19033067487658 0
-18.52850239360978 -37.15706032464799 0
-18.58329673460104 -38.15393103650402 0
-18.6643333604859 -39.14924563811147 0
-18.73319503770183 -40.14545785286455 0
-18.77627273869127 -41.14311168271355 0
-18.80609219528094 -42.14127453013918 0
-18.84465299020505 -43.1391215268356 0
-18.91346901615375 -44.13529832100936 0
-19.00984393137539 -45.12923395332329 0
-19.10527567609443 -46.12324678059522 0
-19.11792267687047 -47.12061812662989 0
-18.88479521195979 -48.08840881727072 0
-18.41594787059638 -48.96576236793645 0
-17.58653000358764 -49.48155238639098 0
-16.62986707366476 -49.28512914927571 0
-15.91526586458101 -48.59686215971353 0
-15.37070739994517 -47.76042363219746 0
-14.88218342944348 -46.8895152163936 0
-14.40359039613878 -46.01306521254837 0
-13.87844692930682 -45.16514572759915 0
-13.2954515594662 -45.51559275349648 0
-13.28711557906133 -46.51289135710019 0
-13.41200664750938 -47.50314457442559 0
-13.66059871625391 -48.46929477074332 0
-14.06929516234611 -49.37919518731216 0
-14.58586411255986 -50.2335404188419 0
-15.12415245063448 -51.07462358022914 0
-15.56600622665151 -51.96701077601137 0
-15.47980112678219 -52.93808180568278 0
-14.88749754751522 -53.73423845104808 0
-14.05443957912307 -54.27857944736636 0
-13.14377659342071 -54.6880056580884 0
-12.22612687465497 -55.08187010951352 0
-11.3176151880195 -55.49626852789986 0
-10.4268314121529 -55.94748645187121 0
-9.546268730933111 -56.41846895623399 0
-8.652136041421487 -56.86249758089634 0
-7.691480945918848 -57.11333164837059 0
-6.739914509919523 -56.87284415704476 0
-6.176906682374127 -56.07035243996513 0
-6.037091643685537 -55.08418076835874 0
-5.998870418561427 -54.08633385464942 0
-5.760583974465594 -53.14052812597224 0
-4.958550522653002 -53.64617504097083 0
-4.247603606254843 -54.34609990994205 0
-3.335228924638754 -54.69309130141998 0
-2.468507524262468 -54.24681773924753 0
-1.915009857714474 -53.42081045888656 0
-1.578045436549841 -52.48241872700225 0
-1.365120138233669 -51.50703392058083 0
-1.202553733734911 -50.52179470488829 0
-1.069279770557276 -49.53215203963175 0
-0.9687602253072414 -48.53868770559169 0
-0.9276261068488927 -47.54120494715228 0
-0.9987886516556115 -46.54604222893672 0
-1.25916869509136 -45.58418308838245 0
-1.703429061927602 -44.6909736181714 0
-2.253096283431546 -43.85769200189268 0
-2.862294864290613 -43.06656594809029 0
-3.493369178564165 -42.29264209285247 0
-4.012356071371221 -41.45623541215985 0
-3.675201644374167 -40.52243750172184 0
-3.175596201590265 -39.65844401826986 0
-2.611302036624334 -38.83461833012208 0
-2.048139504033332 -38.01005794961743 0
-1.589205635843602 -37.12533558483813 0
-1.393326629926896 -36.15017238620153 0
-1.568930485275669 -35.1769615386977 0
-2.18180076475918 -34.3979252160364 0
-3.022812191101515 -33.86576185801906 0
-3.948001037235396 -33.49077787971621 0
-4.888843072548959 -33.15608472632179 0
-5.829327744053694 -32.82039657856246 0
-6.751854405261321 -32.43923866663987 0
-7.583077083763208 -31.89063265289942 0
-8.310942468774984 -31.20764303931885 0
-8.952562625116773 -30.44361026742848 0
-9.427823053132611 -29.56814960088511 0
-9.524804169615516 -28.60024504040882 0
-8.728092061679119 -28.03012330232779 0
-7.837623508652387 -27.57852469509005 0
-7.041919982383474 -26.98091998299973 0
-6.469967298026003 -27.12478489161537 0
-6.591892315069326 -28.11062015359967 0
-6.902023347867606 -29.05973001248348 0
-7.093446977302724 -30.03271487814715 0
-6.704211343368014 -30.94376509874621 0
-6.096491423013417 -31.73397450476838 0
-5.321072629649972 -32.35940765085829 0
-4.43824296232258 -32.82369441945563 0
-3.476173699078436 -33.07176034496835 0
-2.502197082789693 -32.89018121829769 0
-1.68851398851282 -32.33246898427792 0
-1.459324250968925 -31.37932872509231 0
-1.797348401576915 -30.45516388442431 0
-2.535255860024304 -29.78771086972333 0
-2.748444171691006 -29.07266028228289 0
-1.900120599614101 -28.54646186872792 0
-1.075927177515537 -27.98461016019766 0
-0.4738592374725595 -27.20088862080956 0
-0.4308695535446533 -26.21718179202092 0
-0.7137614940820151 -25.26095176188666 0
-1.130822586219888 -24.35388760378661 0
-1.153801347731557 -23.41557226227762 0
-0.5908251009915648 -22.59096292354605 0
-0.119565604169008 -21.71202240304274 0
0.1518781506332491 -20.75508868755581 0
0.1537005775347336 -19.75752441868872 0
0.07019615170769677 -18.7625107240385 0
-0.05746931153377563 -17.77217978907191 0
-0.2352282493869423 -16.78963593250403 0
-0.4207153166811144 -15.80851820088805 0
-0.4840308863192305 -14.8135637265286 0
-0.360977805939925 -13.82333808282095 0
-0.17627597100485 -12.84198390946299 0
-0.08691422862468864 -11.84847058746371 0
-0.1452710249632186 -10.85213064041504 0
-0.2753313715596691 -9.862116833311111 0
-0.4534815652522157 -8.87967462798483 0
-0.7377030223333418 -7.923767732473959 0
-1.235827590788648 -7.062121076237217 0
-1.889226453671994 -6.307393501870073 0
-2.316120903342006 -5.414476874765993 0
-2.328497029961611 -4.420241050433901 0
-2.141180174878551 -3.439967730212369 0
1 8 0 282
1532
1533
1534
1535
1536
1537
1538
1539
1540
1541
1542
1543
1544
1545
1546
1547
1548
1549
1550
1551
1552
1553
1554
1555
1556
1557
1558
1559
1560
1561
1562
1563
1564
1565
1566
1567
1568
1569
1570
1571
1572
1573
1574
1575
1576
1577
1578
1579
1580
1581
1582
1583
1584
1585
1586
1587
1588
1589
1590
1591
1592
1593
1594
1595
1596
1597
1598
1599
1600
1601
1602
1603
1604
1605
1606
1607
1608
1609
1610
1611
1612
1613
1614
1615
1616
1617
1618
1619
1620
1621
1622
1623
1624
1625
1626
1627
1628
1629
1630
1631
1632
1633
1634
1635
1636
1637
1638
1639
1640
1641
1642
1643
1644
1645
1646
1647
1648
1649
1650
1651
1652
1653
1654
1655
1656
1657
1658
1659
1660
1661
1662
1663
1664
1665
1666
1667
1668
1669
1670
1671
1672
1673
1674
1675
1676
1677
1678
1679
1680
1681
1682
1683
1684
1685
1686
1687
1688
1689
1690
1691
1692
1693
1694
1695
1696
1697
1698
1699
1700
1701
1702
1703
1704
1705
1706
1707
1708
1709
1710
1711
1712
1713
1714
1715
1716
1717
1718
1719
1720
1721
1722
1723
1724
1725
1726
1727
1728
1729
1730
1731
1732
1733
1734
1735
1736
1737
1738
1739
1740
1741
1742
1743
1744
1745
1746
1747
1748
1749
1750
1751
1752
1753
1754
1755
1756
1757
1758
1759
1760
1761
1762
1763
1764
1765
1766
1767
1768
1769
1770
1771
1772
1773
1774
1775
1776
1777
1778
1779
1780
1781
1782
1783
1784
1785
1786
1787
1788
1789
1790
1791
1792
1793
1794
1795
1796
1797
1798
1799
1800
1801
1802
1803
1804
1805
1806
1807
1808
1809
1810
1811
1812
1813
-8.641322982283434 41.94461641364556 0
-9.491059189754017 41.42159100646815 0
-10.31510174979801 40.86047432657341 0
-10.99901978225488 40.13674214991909 0
-11.54398118723502 39.30180130938267 0
-11.93033352196792 38.38389252155443 0
-12.07198946962002 37.39970675137339 0
-11.87401382206924 36.42660590335584 0
-11.42411264179135 35.53727397326705 0
-10.85617790757277 34.71728648489542 0
-10.22055648864038 33.9480453772384 0
-9.592513370625293 33.17267826780151 0
-9.059177146813914 32.33075640129817 0
-8.677896596187313 31.40922529857522 0
-8.316724584856324 30.47944748717167 0
-7.789102027360293 29.63480295391409 0
-7.078636061969364 28.93856066530353 0
-6.14142748268199 28.66859299613946 0
-5.179562708586154 28.92537289234409 0
-4.237992638236897 29.25594582056688 0
-3.387168247209051 29.04875697706229 0
-3.294832225946135 28.05951070221577 0
-3.321380737301072 27.0619116069654 0
-3.328280041175999 26.06407932771714 0
-3.289959257317011 25.0668775547619 0
-3.256383434748178 24.06957616609857 0
-3.345002494167381 23.07685011958008 0
-3.519257301707751 22.09432520573793 0
-3.597059608413101 21.09991325126801 0
-3.588658332997967 20.10214364946576 0
-3.535290458471054 19.10562763220805 0
-3.470014583711575 18.10979256815573 0
-3.41114438082097 17.11356596599088 0
-3.373899492772539 16.11632819160635 0
-3.380863616152718 15.11852740075257 0
-3.451584183733593 14.12323912736642 0
-3.580855956528462 13.13377928733612 0
-3.732974675373685 12.14748539436445 0
-3.827474499058408 11.15435186647081 0
-3.830751058762822 10.15663802402795 0
-3.786923430861331 9.159641492649587 0
-3.74632051660077 8.16251170993802 0
-3.738066693469716 7.164659870877424 0
-3.7839354550035 6.167868427562812 0
-3.871613139439691 5.17378941976482 0
-3.973064467112169 4.180987834053473 0
-4.060306013940366 3.186855029180845 0
-4.143990092817546 2.192408920960767 0
-4.262743140908961 1.201652611927343 0
-4.449224583957711 0.2215057434662168 0
-4.691209390804245 -0.7466292253817608 0
-4.949678860809374 -1.710548882544335 0
-5.197227644748864 -2.677311506794901 0
-5.421172908365617 -3.649808867318949 0
-5.623744484597665 -4.62698689621705 0
-5.804111952238546 -5.608497351679459 0
-5.949887018905611 -6.595656274831406 0
-6.003325250194334 -7.591334664387727 0
-5.976342832050589 -8.588750906965029 0
-5.983820338768879 -9.586668250001658 0
-5.908158880393232 -10.58079912418367 0
-5.623393745334338 -11.5338330363084 0
-5.012918836693342 -12.31053990370868 0
-4.119348221944071 -12.74932224078385 0
-3.659606352493244 -13.59149149464505 0
-3.631523569575898 -14.5879811808491 0
-3.667043684811113 -15.58530456885467 0
-3.633640931680872 -16.58215093839746 0
-3.492226137416528 -17.5697064455038 0
-3.291346368743701 -18.5472237876015 0
-3.141810857775676 -19.53318191454721 0
-3.299303891074991 -20.50525720926833 0
-4.020668206252111 -21.17074793055282 0
-4.966785414177426 -21.48045314471017 0
-5.932344780245929 -21.7304547918888 0
-6.820781176325724 -22.17700722080098 0
-7.5466028289959 -22.85786237910668 0
-8.141310777683026 -23.6590595107078 0
-8.813561596721424 -24.39529488620992 0
-9.574489804537018 -25.04030789721606 0
-10.3905439019039 -25.61424816013091 0
-11.22803884303814 -26.15659851027268 0
-11.97247762827547 -26.81888069664102 0
-12.58173604355564 -27.60714621434386 0
-12.95790893735261 -28.52681184934005 0
-12.9979481020493 -29.51769618995573 0
-12.68496553114761 -30.4610577881455 0
-12.18173897424137 -31.32229638625509 0
-11.63845939655678 -32.15942905861945 0
-11.12462554936819 -33.01454972324844 0
-10.76766416900112 -33.94455856823632 0
-10.28247369183147 -34.81592409378018 0
-9.670576599853431 -35.60128077970698 0
-8.957150761269965 -36.29900762484338 0
-8.251568158275369 -37.00450608142071 0
-7.729265404771905 -37.84257574926617 0
-8.006076496903221 -38.77092435475012 0
-8.401383843413967 -39.67967798144561 0
-8.756007073972199 -40.61177916760648 0
-8.897632878226814 -41.59667998958406 0
-8.81866221057448 -42.59010588923279 0
-8.629694714971862 -43.56996745779108 0
-8.680095229728835 -44.55289429359868 0
-9.168836288736419 -45.40306860846882 0
-9.970600392571471 -44.90846655116736 0
-10.57086982703076 -44.11148933172777 0
-11.14654440819135 -43.29629340701289 0
-11.74955259697156 -42.50146160079631 0
-12.48911912096926 -41.83859873999534 0
-13.42510509089224 -41.50485252356341 0
-14.41710674684282 -41.42935473863675 0
-15.33510572696115 -41.24459725637773 0
-15.28909576999519 -40.27817387294121 0
-14.88429023334871 -39.36637107619035 0
-14.53981808028803 -38.43245837250004 0
-14.65875248303982 -37.45895725255635 0
-15.11060900144068 -36.56981303050389 0
-15.62160531732171 -35.71266702139464 0
-16.164145365425 -34.8751244189728 0
-16.75069836016217 -34.06805009817264 0
-17.45021691445442 -33.35963428730631 0
-18.28981583096053 -32.82122413075624 0
-18.97440920483273 -32.12148338043727 0
-18.82984497953628 -31.15183207922239 0
-18.55930548072969 -30.19429771369525 0
-18.63241677488074 -29.20460055819187 0
-19.03615047436449 -28.29491633475072 0
-19.55072675158098 -27.43989983561959 0
-20.05810379442729 -26.58061274938885 0
-20.4959617847975 -25.68460483661616 0
-20.72885683060242 -24.71785494336503 0
-20.70768880663815 -23.72117208460559 0
-20.81354790011693 -22.73347193459695 0
-21.25428195855109 -21.84148177042232 0
-21.80831226960879 -21.0115491357152 0
-22.38841120739187 -20.1995168782724 0
-22.98474437683775 -19.39932953418446 0
-23.60462397158209 -18.61733137562578 0
-24.30319085333084 -17.90692124586599 0
-25.14080719180849 -17.36644819140042 0
-26.02254994425429 -16.89912231439954 0
-26.91130076890367 -16.44517775664438 0
-27.80477082665025 -16.00060435230592 0
-28.70615674505825 -15.572349216254 0
-29.62300650459628 -15.17852574393054 0
-30.56679425638774 -14.8555608710044 0
-31.54785506618667 -14.68499171408786 0
-32.53919275826868 -14.77739872760267 0
-33.5079340987923 -15.01557774344092 0
-34.32090117285751 -15.57118881153502 0
-35.21884252989766 -15.98668106574359 0
-36.2095961316148 -16.09143042146613 0
-37.2022167335997 -16.00972773987265 0
-37.79073662092244 -15.35948485489579 0
-37.31945143781433 -14.50067773251077 0
-36.41647316453745 -14.09120539991397 0
-35.67915175429967 -13.48309488675652 0
-35.33118891049646 -12.54788440397789 0
-34.91290682712289 -11.64233271457235 0
-34.28322433486287 -10.88561277897561 0
-33.31360013492381 -10.90019537663266 0
-32.40632520295297 -11.31285862752578 0
-31.54964079081578 -11.82439350434099 0
-30.71213221821241 -12.36708673117764 0
-29.86596019574565 -12.89596558835225 0
-28.9610571661518 -13.31214003370691 0
-27.98420709080887 -13.50941005861258 0
-26.98833791357028 -13.55338331335474 0
-26.00997364549277 -13.37363148732327 0
-25.13198533454702 -12.9092687241595 0
-24.51557120737267 -12.13665928882753 0
-24.25692916809853 -11.17804123856429 0
-24.33441198853971 -10.18722873678028 0
-24.63718346490828 -9.237373462420432 0
-25.02669690852529 -8.318588608052154 0
-25.36273853649672 -7.379529150449374 0
-25.57714558935811 -6.405299199013191 0
-25.7397816969814 -5.420676870581959 0
-25.95527790212835 -4.446903297351381 0
-26.33248683704781 -3.524714186123101 0
-26.85946318766114 -2.678293005513445 0
-27.51506876310587 -1.927666697381336 0
-28.28594984822925 -1.295143162997208 0
-29.13974681519683 -0.7801168402391072 0
-30.04544808264949 -0.3614669183159411 0
-30.96378986231623 0.02916502668482868 0
-31.86051089294888 0.4651464583368078 0
-31.72265534575532 1.127118495821646 0
-30.76696159970514 1.411218840257982 0
-29.79175022919896 1.622986217495405 0
-28.8143009436174 1.82433233105434 0
-27.84059601043088 2.042817977858442 0
-26.89323750695734 2.35197776092212 0
-26.08134224027185 2.924542822253017 0
-25.35460268689962 3.60846225794488 0
-24.62365176111547 4.287817244220641 0
-23.82301130592232 4.880692722431163 0
-22.99317397850884 5.342579603406418 0
-22.10053167320179 5.786614247220797 0
-21.3684034208868 6.456902132783948 0
-20.86053232699391 7.313613428407601 0
-20.52987556156594 8.253749439908853 0
-20.36180703314226 9.236595643465693 0
-20.27982756943342 10.2311332210181 0
-20.19626850995691 11.22553482745516 0
-20.05733954296669 12.21361389607313 0
-19.84080301670157 13.18736416041412 0
-19.49780490423016 14.12375594218541 0
-19.16435040074667 15.06344046459939 0
-19.00018937552409 16.04518132570359 0
-19.20180281786553 17.01472860577423 0
-19.70414575150043 17.87531529105556 0
-20.2823233705552 18.68871738535191 0
-20.80419881666024 19.53860950896028 0
-21.15233201322181 20.47048576652949 0
-21.16045307160825 21.46293350380724 0
-20.90540043615923 22.42648431805915 0
-20.56379359226469 23.36414437238238 0
-20.26498341088244 24.31600241395095 0
-20.04357535413925 25.28887359979803 0
-19.89100545723031 26.27491460363563 0
-19.85442705638052 27.27012794693282 0
-20.12588139480266 28.22463359191508 0
-20.65026393650038 29.07250599735199 0
-21.25434592711436 29.86674760812799 0
-21.88391567544413 30.64105800158272 0
-22.52490663972153 31.40595698177712 0
-23.1710350070837 32.1665267965592 0
-23.81351771832551 32.93016646314016 0
-24.4313238950043 33.70796167372987 0
-25.30413062947805 34.19063771204694 0
-26.13266376630778 34.74099082968468 0
-25.68600999961207 35.33430921151783 0
-24.69861615470989 35.47240028282402 0
-23.70186434123801 35.46699469844738 0
-22.71045590457105 35.43024265109172 0
-21.97876410353249 36.0544324959466 0
-21.8763917268748 37.03780395932762 0
-21.80857097976204 37.91206735609109 0
-20.81801539290849 38.00625595127014 0
-19.82104770055766 38.04716948898535 0
-18.85757593941799 38.28472720276222 0
-18.06378272546851 38.88090324013222 0
-17.50475224207486 39.70292674121893 0
-17.21083028508671 40.65187420267791 0
-17.27044670305287 41.6434248154542 0
-17.61734349674015 42.57557721468027 0
-18.17308042166244 43.40341930703963 0
-18.76920924995476 44.20372961581691 0
-19.22798422072064 45.08336426643618 0
-19.04848859426563 46.03736402107437 0
-18.32374176000326 46.71310041896901 0
-17.49909438165532 47.27490114555715 0
-16.63230169437402 47.72202814015069 0
-15.92487960689048 47.72505007301019 0
-15.64017213336956 46.76906011265712 0
-15.25178372731288 45.85563394863199 0
-14.43262194910203 45.31654258331029 0
-13.45015785239095 45.1679349918137 0
-12.50871573721581 45.46117766461427 0
-11.70054772280409 46.04483587048723 0
-10.98188875504518 46.73606798585639 0
-10.39058926273363 47.53808270722134 0
-9.968437423290622 48.440634887104 0
-9.71299871746867 49.40421211232795 0
-9.59864033196469 50.39511043116138 0
-9.493499719786396 51.38682388203323 0
-8.906649590480326 52.12385581288657 0
-7.919295376324925 52.25542971337791 0
-6.94350966598661 52.45322769588386 0
-6.008057035029312 52.78956384288028 0
-5.170871624344493 52.31893267956318 0
-4.883748486101346 51.39059695990564 0
-5.530756063127143 50.68000853121541 0
-6.349194502112023 50.11456246140874 0
-6.912160230483343 49.29755070465301 0
-7.23931461801062 48.35562808722536 0
-7.600635784032248 47.42722289476359 0
-7.926230478760175 46.48415628469802 0
-8.191496441408395 45.52231009278145 0
-8.297290558388184 44.53340248804119 0
-8.081640125645267 43.56415046844972 0
1 9 0 4
1814
1815
1816
1817
-36.44687727034675 2.878099118874329 0
-37.22916213879364 3.438845041190961 0
-36.46473190667096 4.019213420500936 0
-35.55992057000226 3.883838937641424 0
1 10 0 2
1818
1819
-34.76382866299951 7.795270917842789 0
-34.74333748258156 8.464518652537796 0
1 11 0 39
1820
1821
1822
1823
1824
1825
1826
1827
1828
1829
1830
1831
1832
1833
1834
1835
1836
1837
1838
1839
1840
1841
1842
1843
1844
1845
1846
1847
1848
1849
1850
1851
1852
1853
1854
1855
1856
1857
1858
-34.94608543512061 -33.51204245384308 0
-35.89318807877834 -33.51955847292844 0
-36.39221056167978 -32.69035392911604 0
-36.69669842139516 -31.7527993694041 0
-36.89663551413092 -30.80797354129166 0
-36.19591333303195 -30.13135856999445 0
-35.43010415684281 -29.51015272537422 0
-34.72137241829775 -28.82400307444484 0
-33.97984526946106 -28.17471635352503 0
-33.063750618726 -27.89643962976589 0
-32.58134609056961 -28.67182900047777 0
-32.57289383112791 -29.65804667211989 0
-32.34502558470574 -30.61078405663423 0
-31.6615758784023 -31.29630167789005 0
-30.75380548181235 -31.68015457335192 0
-29.8215040995092 -32.00265745204256 0
-28.89033631426439 -32.32840102730086 0
-27.97267422521474 -32.69011337397796 0
-27.07725861986369 -33.10395367619681 0
-26.19114275811746 -33.53753355613359 0
-25.26939493815068 -33.88452463265868 0
-24.29119731876898 -33.99163629115289 0
-23.30480458131712 -33.99520977738752 0
-22.66273090740443 -34.49759071244443 0
-23.08437343247942 -35.38674864685161 0
-23.55686614808636 -36.2525957557354 0
-23.89899260473898 -37.17650974738415 0
-24.335740450557 -38.04741029977303 0
-25.27078124063822 -38.22551445953433 0
-26.23166362045949 -38.00430605687112 0
-27.1910325971826 -37.77577529560119 0
-28.16558801589446 -37.62314210389 0
-28.98042858232626 -37.13287053011788 0
-29.37035984871284 -36.22786082799714 0
-29.79766660369009 -35.33947706311017 0
-30.4094954578505 -34.57253504330339 0
-31.26363900866974 -34.08521751310163 0
-32.14999860248757 -33.65234524751159 0
-33.0468291720621 -33.24293794996201 0
1 12 0 11
1859
1860
1861
1862
1863
1864
1865
1866
1867
1868
1869
-30.50106812707381 -21.30620675388305 0
-29.54303154800976 -21.56911044855025 0
-28.66424467165247 -22.03086923617935 0
-28.02769031669306 -22.77527323937624 0
-28.20795209523657 -23.72013953725385 0
-28.87495192599434 -24.45144605354996 0
-29.77645965307498 -24.65061376804532 0
-30.22536441898304 -23.77509972423869 0
-30.6978204292898 -22.89981796001367 0
-31.08416560238927 -21.98320537157072 0
-31.35108769201306 -21.02563592163853 0
1 13 0 14
1870
1871
1872
1873
1874
1875
1876
1877
1878
1879
1880
1881
1882
1883
-22.8123163630124 -27.99621200430791 0
-22.28329703885649 -28.78872400699727 0
-22.48862246384959 -29.54103453435234 0
-23.42428895422042 -29.48301290082411 0
-24.33209144276984 -29.19312113711936 0
-25.22717299096226 -28.8656442469441 0
-26.10775704596499 -28.50143884946349 0
-26.73258602282367 -27.85126617345668 0
-26.35960964305531 -26.98608252498653 0
-25.81435070020631 -26.2046462444479 0
-25.19453137773124 -25.48145283987981 0
-24.44118963382381 -24.90554601560923 0
-23.89451195796082 -25.41824198528686 0
-23.77776641960272 -26.36280089697445 0
1 14 0 11
1884
1885
1886
1887
1888
1889
1890
1891
1892
1893
1894
-5.689379314838307 33.11357839969331 0
-5.902904864744234 34.05537642153474 0
-6.653701761493452 34.70466778258735 0
-7.433956553230899 35.32018187308562 0
-7.230652611739915 36.08075836965395 0
-6.240521827053322 36.15131754066572 0
-5.26652894373 35.95953391177318 0
-4.390603444462536 35.49672947075751 0
-4.023512581133461 34.61255775618307 0
-4.351581438936901 33.68331976651667 0
-4.925382238474329 32.86991027280306 0
1 15 0 16
1895
1896
1897
1898
1899
1900
1901
1902
1903
1904
1905
1906
1907
1908
1909
1910
-21.95853822395208 -51.22907140140668 0
-22.92599797946015 -51.22243878112972 0
-23.89349502476415 -51.23443849927017 0
-24.86089721744211 -51.22673133484743 0
-25.81421541512134 -51.07123954623103 0
-26.77406717890327 -50.95254544516578 0
-27.73359711797397 -51.01144765901977 0
-27.68060414552915 -51.81534944762156 0
-26.91080955585651 -52.39405137871086 0
-26.0334537060408 -52.80065374715756 0
-25.12655562913978 -53.13756012762249 0
-24.20300498188706 -53.4256048491942 0
-23.25739661632851 -53.62695583765517 0
-22.29349666693833 -53.62305536723334 0
-21.42247436229055 -53.22926239301244 0
-20.93643114614872 -52.41005343876034 0
1 16 0 4
1911
1912
1913
1914
26.31398605230487 50.02368427456908 0
27.1184105641576 50.10302077468481 0
27.73814533633625 50.53159615086745 0
27.22052182987634 51.1322749583581 0
2 1 0 5
1915
1916
1917
1918
1919
7.681481912787396 55.2428404171368 -5.609583668934467e-18
6.741282289157513 54.91595682276632 -9.236678045227087e-17
8.314080851631616 54.68616020940107 4.590122559433017e-17
7.554318845838609 54.52932006745136 -2.325781384650146e-17
7.133854138932169 55.73588264198558 -5.010302364103801e-17
2 2 0 0
2 3 0 1
1920
23.26932760586195 -29.7354036147558 2.643261513265075e-17
2 4 0 1714
1921
1922
1923
1924
1925
1926
1927
1928
1929
1930
1931
1932
1933
1934
1935
1936
1937
1938
1939
1940
1941
1942
1943
1944
1945
1946
1947
1948
1949
1950
1951
1952
1953
1954
1955
1956
1957
1958
1959
1960
1961
1962
1963
1964
1965
1966
1967
1968
1969
1970
1971
1972
1973
1974
1975
1976
1977
1978
1979
1980
1981
1982
1983
1984
1985
1986
1987
1988
1989
1990
1991
1992
1993
1994
1995
1996
1997
1998
1999
2000
2001
2002
2003
2004
2005
2006
2007
2008
2009
2010
2011
2012
2013
2014
2015
2016
2017
2018
2019
2020
2021
2022
2023
2024
2025
2026
2027
2028
2029
2030
2031
2032
2033
2034
2035
2036
2037
2038
2039
2040
2041
2042
2043
2044
2045
2046
2047
2048
2049
2050
2051
2052
2053
2054
2055
2056
2057
2058
2059
2060
2061
2062
2063
2064
2065
2066
2067
2068
2069
2070
2071
2072
2073
2074
2075
2076
2077
2078
2079
2080
2081
2082
2083
2084
2085
2086
2087
2088
2089
2090
2091
2092
2093
2094
2095
2096
2097
2098
2099
2100
2101
2102
2103
2104
2105
2106
2107
2108
2109
2110
2111
2112
2113
2114
2115
2116
2117
2118
2119
2120
2121
2122
2123
2124
2125
2126
2127
2128
2129
2130
2131
2132
2133
2134
2135
2136
2137
2138
2139
2140
2141
2142
2143
2144
2145
2146
2147
2148
2149
2150
2151
2152
2153
2154
2155
2156
2157
2158
2159
2160
2161
2162
2163
2164
2165
2166
2167
2168
2169
2170
2171
2172
2173
2174
2175
2176
2177
2178
2179
2180
2181
2182
2183
2184
2185
2186
2187
2188
2189
2190
2191
2192
2193
2194
2195
2196
2197
2198
2199
2200
2201
2202
2203
2204
2205
2206
2207
2208
2209
2210
2211
2212
2213
2214
2215
2216
2217
2218
2219
2220
2221
2222
2223
2224
2225
2226
2227
2228
2229
2230
2231
2232
2233
2234
2235
2236
2237
2238
2239
2240
2241
2242
2243
2244
2245
2246
2247
2248
2249
2250
2251
2252
2253
2254
2255
2256
2257
2258
2259
2260
2261
2262
2263
2264
2265
2266
2267
2268
2269
2270
2271
2272
2273
2274
2275
2276
2277
2278
2279
2280
2281
2282
2283
2284
2285
2286
2287
2288
2289
2290
2291
2292
2293
2294
2295
2296
2297
2298
2299
2300
2301
2302
2303
2304
2305
2306
2307
2308
2309
2310
2311
2312
2313
2314
2315
2316
2317
2318
2319
2320
2321
2322
2323
2324
2325
2326
2327
2328
2329
2330
2331
2332
2333
2334
2335
2336
2337
2338
2339
2340
2341
2342
2343
2344
2345
2346
2347
2348
2349
2350
2351
2352
2353
2354
2355
2356
2357
2358
2359
2360
2361
2362
2363
2364
2365
2366
2367
2368
2369
2370
2371
2372
2373
2374
2375
2376
2377
2378
2379
2380
2381
2382
2383
2384
2385
2386
2387
2388
2389
2390
2391
2392
2393
2394
2395
2396
2397
2398
2399
2400
2401
2402
2403
2404
2405
2406
2407
2408
2409
2410
2411
2412
2413
2414
2415
2416
2417
2418
2419
2420
2421
2422
2423
2424
2425
2426
2427
2428
2429
2430
2431
2432
2433
2434
2435
2436
2437
2438
2439
2440
2441
2442
2443
2444
2445
2446
2447
2448
2449
2450
2451
2452
2453
2454
2455
2456
2457
2458
2459
2460
2461
2462
2463
2464
2465
2466
2467
2468
2469
2470
2471
2472
2473
2474
2475
2476
2477
2478
2479
2480
2481
2482
2483
2484
2485
2486
2487
2488
2489
2490
2491
2492
2493
2494
2495
2496
2497
2498
2499
2500
2501
2502
2503
2504
2505
2506
2507
2508
2509
2510
2511
2512
2513
2514
2515
2516
2517
2518
2519
2520
2521
2522
2523
2524
2525
2526
2527
2528
2529
2530
2531
2532
2533
2534
2535
2536
2537
2538
2539
2540
2541
2542
2543
2544
2545
2546
2547
2548
2549
2550
2551
2552
2553
2554
2555
2556
2557
2558
2559
2560
2561
2562
2563
2564
2565
2566
2567
2568
2569
2570
2571
2572
2573
2574
2575
2576
2577
2578
2579
2580
2581
2582
2583
2584
2585
2586
2587
2588
2589
2590
2591
2592
2593
2594
2595
2596
2597
2598
2599
2600
2601
2602
2603
2604
2605
2606
2607
2608
2609
2610
2611
2612
2613
2614
2615
2616
2617
2618
2619
2620
2621
2622
2623
2624
2625
2626
2627
2628
2629
2630
2631
2632
2633
2634
2635
2636
2637
2638
2639
2640
2641
2642
2643
2644
2645
2646
2647
2648
2649
2650
2651
2652
2653
2654
2655
2656
2657
2658
2659
2660
2661
2662
2663
2664
2665
2666
2667
2668
2669
2670
2671
2672
2673
2674
2675
2676
2677
2678
2679
2680
2681
2682
2683
2684
2685
2686
2687
2688
2689
2690
2691
2692
2693
2694
2695
2696
2697
2698
2699
2700
2701
2702
2703
2704
2705
2706
2707
2708
2709
2710
2711
2712
2713
2714
2715
2716
2717
2718
2719
2720
2721
2722
2723
2724
2725
2726
2727
2728
2729
2730
2731
2732
2733
2734
2735
2736
2737
2738
2739
2740
2741
2742
2743
2744
2745
2746
2747
2748
2749
2750
2751
2752
2753
2754
2755
2756
2757
2758
2759
2760
2761
2762
2763
2764
2765
2766
2767
2768
2769
2770
2771
2772
2773
2774
2775
2776
2777
2778
2779
2780
2781
2782
2783
2784
2785
2786
2787
2788
2789
2790
2791
2792
2793
2794
2795
2796
2797
2798
2799
2800
2801
2802
2803
2804
2805
2806
2807
2808
2809
2810
2811
2812
2813
2814
2815
2816
2817
2818
2819
2820
2821
2822
2823
2824
2825
2826
2827
2828
2829
2830
2831
2832
2833
2834
2835
2836
2837
2838
2839
2840
2841
2842
2843
2844
2845
2846
2847
2848
2849
2850
2851
2852
2853
2854
2855
2856
2857
2858
2859
2860
2861
2862
2863
2864
2865
2866
2867
2868
2869
2870
2871
2872
2873
2874
2875
2876
2877
2878
2879
2880
2881
2882
2883
2884
2885
2886
2887
2888
2889
2890
2891
2892
2893
2894
2895
2896
2897
2898
2899
2900
2901
2902
2903
2904
2905
2906
2907
2908
2909
2910
2911
2912
2913
2914
2915
2916
2917
2918
2919
2920
2921
2922
2923
2924
2925
2926
2927
2928
2929
2930
2931
2932
2933
2934
2935
2936
2937
2938
2939
2940
2941
2942
2943
2944
2945
2946
2947
2948
2949
2950
2951
2952
2953
2954
2955
2956
2957
2958
2959
2960
2961
2962
2963
2964
2965
2966
2967
2968
2969
2970
2971
2972
2973
2974
2975
2976
2977
2978
2979
2980
2981
2982
2983
2984
2985
2986
2987
2988
2989
2990
2991
2992
2993
2994
2995
2996
2997
2998
2999
3000
3001
3002
3003
3004
3005
3006
3007
3008
3009
3010
3011
3012
3013
3014
3015
3016
3017
3018
3019
3020
3021
3022
3023
3024
3025
3026
3027
3028
3029
3030
3031
3032
3033
3034
3035
3036
3037
3038
3039
3040
3041
3042
3043
3044
3045
3046
3047
3048
3049
3050
3051
3052
3053
3054
3055
3056
3057
3058
3059
3060
3061
3062
3063
3064
3065
3066
3067
3068
3069
3070
3071
3072
3073
3074
3075
3076
3077
3078
3079
3080
3081
3082
3083
3084
3085
3086
3087
3088
3089
3090
3091
3092
3093
3094
3095
3096
3097
3098
3099
3100
3101
3102
3103
3104
3105
3106
3107
3108
3109
3110
3111
3112
3113
3114
3115
3116
3117
3118
3119
3120
3121
3122
3123
3124
3125
3126
3127
3128
3129
3130
3131
3132
3133
3134
3135
3136
3137
3138
3139
3140
3141
3142
3143
3144
3145
3146
3147
3148
3149
3150
3151
3152
3153
3154
3155
3156
3157
3158
3159
3160
3161
3162
3163
3164
3165
3166
3167
3168
3169
3170
3171
3172
3173
3174
3175
3176
3177
3178
3179
3180
3181
3182
3183
3184
3185
3186
3187
3188
3189
3190
3191
3192
3193
3194
3195
3196
3197
3198
3199
3200
3201
3202
3203
3204
3205
3206
3207
3208
3209
3210
3211
3212
3213
3214
3215
3216
3217
3218
3219
3220
3221
3222
3223
3224
3225
3226
3227
3228
3229
3230
3231
3232
3233
3234
3235
3236
3237
3238
3239
3240
3241
3242
3243
3244
3245
3246
3247
3248
3249
3250
3251
3252
3253
3254
3255
3256
3257
3258
3259
3260
3261
3262
3263
3264
3265
3266
3267
3268
3269
3270
3271
3272
3273
3274
3275
3276
3277
3278
3279
3280
3281
3282
3283
3284
3285
3286
3287
3288
3289
3290
3291
3292
3293
3294
3295
3296
3297
3298
3299
3300
3301
3302
3303
3304
3305
3306
3307
3308
3309
3310
3311
3312
3313
3314
3315
3316
3317
3318
3319
3320
3321
3322
3323
3324
3325
3326
3327
3328
3329
3330
3331
3332
3333
3334
3335
3336
3337
3338
3339
3340
3341
3342
3343
3344
3345
3346
3347
3348
3349
3350
3351
3352
3353
3354
3355
3356
3357
3358
3359
3360
3361
3362
3363
3364
3365
3366
3367
3368
3369
3370
3371
3372
3373
3374
3375
3376
3377
3378
3379
3380
3381
3382
3383
3384
3385
3386
3387
3388
3389
3390
3391
3392
3393
3394
3395
3396
3397
3398
3399
3400
3401
3402
3403
3404
3405
3406
3407
3408
3409
3410
3411
3412
3413
3414
3415
3416
3417
3418
3419
3420
3421
3422
3423
3424
3425
3426
3427
3428
3429
3430
3431
3432
3433
3434
3435
3436
3437
3438
3439
3440
3441
3442
3443
3444
3445
3446
3447
3448
3449
3450
3451
3452
3453
3454
3455
3456
3457
3458
3459
3460
3461
3462
3463
3464
3465
3466
3467
3468
3469
3470
3471
3472
3473
3474
3475
3476
3477
3478
3479
3480
3481
3482
3483
3484
3485
3486
3487
3488
3489
3490
3491
3492
3493
3494
3495
3496
3497
3498
3499
3500
3501
3502
3503
3504
3505
3506
3507
3508
3509
3510
3511
3512
3513
3514
3515
3516
3517
3518
3519
3520
3521
3522
3523
3524
3525
3526
3527
3528
3529
3530
3531
3532
3533
3534
3535
3536
3537
3538
3539
3540
3541
3542
3543
3544
3545
3546
3547
3548
3549
3550
3551
3552
3553
3554
3555
3556
3557
3558
3559
3560
3561
3562
3563
3564
3565
3566
3567
3568
3569
3570
3571
3572
3573
3574
3575
3576
3577
3578
3579
3580
3581
3582
3583
3584
3585
3586
3587
3588
3589
3590
3591
3592
3593
3594
3595
3596
3597
3598
3599
3600
3601
3602
3603
3604
3605
3606
3607
3608
3609
3610
3611
3612
3613
3614
3615
3616
3617
3618
3619
3620
3621
3622
3623
3624
3625
3626
3627
3628
3629
3630
3631
3632
3633
3634
6.99774266753933 1.643173915066241 0
25.79370973160712 5.495350894085704 0
24.75798545635367 -3.971667110606881 0
7.200095952519225 7.515277690705974 0
7.450371736671649 -2.263823501799043 0
9.988788246877752 -19.46627479995345 0
24.1237651292616 -11.38015642237171 0
8.181278374857493 -15.73308658118524 0
22.71672666828282 14.16505710714032 0
23.20690328928962 -7.739886342002746 0
7.206038183334281 -9.439427019115548 0
7.558253205889919 11.5529544421523 0
21.28748431922213 -25.35653500921707 0
21.26402209763636 18.01058363050787 0
6.571052052541835 19.58768142137367 0
20.63383151508495 21.20218843459237 0
7.457976945794571 15.6898589198269 0
7.464903501907003 -5.344258378045804 0
10.01634292284513 27.14101059195916 0
11.70243826481061 -23.5544265830803 0
24.49381735062056 -24.60123779848462 0
26.24918906319581 -12.31817661213438 0
26.12623294007179 -1.144995767561074 0
21.5806013781596 24.31600675111531 0
29.97181164229342 -18.50855306895477 0
17.76136519465516 30.82251471625363 0
10.67964602845763 -32.09291625722947 0
24.55428508679522 12.38584272990981 0
18.61529262156193 -27.37706003443424 0
6.98598474790597 4.591620480069594 0
11.32562141212975 29.85645119228447 0
16.24979603292662 -36.57849962742348 0
14.45748401792061 -38.08280716843517 0
6.162852456796852 22.54980450103809 0
17.41416508647572 -31.77018447210134 0
9.667068265786398 47.17735458426274 0
26.79301193768706 -24.88646472822159 0
12.69965999429883 -25.9384124257122 0
9.919559882017358 -38.31029997555733 0
16.76360759975471 30.7081077680513 0
17.33140630842284 29.94413626315275 0
14.7390149833732 44.80987255075713 0
18.28910683996894 30.00976121068955 0
17.84861159558243 29.14647812852016 0
16.89514556357492 29.08825608941042 0
17.40789157252188 28.28051044835767 0
16.43409458193466 28.23123267359268 0
16.96194193204295 27.41527421184407 0
15.98060323044256 27.36657985152879 0
16.52179869341693 26.5482649999086 0
15.5325094292249 26.49586416196799 0
16.07670099742137 25.67189884463318 0
15.08427744160321 25.62030576116172 0
15.62274474520201 24.79210356462692 0
14.63392545630018 24.74350267355517 0
15.17328643822317 23.91364637623169 0
14.18494667533164 23.86469984543126 0
14.72413076299946 23.03464292085356 0
13.73385624048893 22.98527056246197 0
14.27514427685523 22.15319091557245 0
13.28466258809312 22.10286686363315 0
13.82567703022173 21.27087933072442 0
12.83338152483741 21.21976689095031 0
13.37268319143988 20.38646741878635 0
14.36581785890089 20.43791281597287 0
13.91225150190592 19.55262896842861 0
14.90432751601683 19.60326988384267 0
14.45163847187591 18.71810955631124 0
13.45953214534171 18.66733175101053 0
13.99905124328611 17.83252243048835 0
14.99252480381463 17.88319783341354 0
14.53970638048738 16.99697800380644 0
15.53432003641057 17.04755383319959 0
15.08122426401681 16.16076494044317 0
14.0860833362217 16.11046513011998 0
14.62740359434529 15.27410588017688 0
15.62309083290433 15.32477052564245 0
15.16922394718864 14.43803887134719 0
14.1739117699444 14.38713618958024 0
14.71552334824612 13.55099722250731 0
15.71051162586537 13.60200292242316 0
15.25702394196798 12.71507188009732 0
16.25141747212935 12.76595297090974 0
15.79834714587065 11.87942593285138 0
16.79247900184275 11.9302888824046 0
16.33958974213972 11.04386832974221 0
15.34557591350682 10.99280458843022 0
15.88671391082088 10.15743977018218 0
16.88083192878691 10.20844754252948 0
16.42794838424118 9.322028289678062 0
17.4220408837089 9.373234365602736 0
16.9697010416288 8.486358589708457 0
15.97486579503878 8.435293083694937 0
16.51691883642608 7.599159304408933 0
15.5215746628362 7.548182819074391 0
16.06344845879011 6.711967592218976 0
17.05930558096916 6.762608612898342 0
16.6057330714702 5.875407385694118 0
15.61009482738716 5.824250072503142 0
16.15248587085535 4.987898583531998 0
17.14788279756796 5.039393575219773 0
16.69484005065359 4.15178328779341 0
17.68995875022188 4.203306193358535 0
17.2369948924037 3.315815300539077 0
16.24196032196253 3.264177783729537 0
16.7841685193774 2.428277593672698 0
15.78893003555455 2.376209052707684 0
16.33147862434418 1.54069346763148 0
17.32630491075733 1.592469207171089 0
16.87349016239667 0.7051559295036485 0
15.87895592013468 0.65350979227824 0
16.42076147560905 -0.1819488468043743 0
15.42632186360651 -0.2334874078170234 0
15.96814900385582 -1.068951651808828 0
17.86825151972879 0.7567354579384308 0
14.97375460636916 -1.120482136636695 0
15.515640063118 -1.955861716174472 0
16.50981239612798 -1.904333400765673 0
16.05729220183726 -2.791063183482763 0
15.06332312358162 -2.842612036283085 0
15.60495424091735 -3.677706249598671 0
17.05143323132464 -2.739494333129809 0
14.43170615368171 -0.2849276465013589 0
14.61084765249417 -3.729125145319852 0
15.15234602215653 -4.564248074087157 0
14.1582589554325 -4.615704477492296 0
14.69990053944805 -5.450838778800443 0
15.69423580953613 -5.399510562017029 0
15.24179989010271 -6.285947356209513 0
14.24795465467555 -6.337385824158181 0
14.78950278023106 -7.172401240950773 0
15.78309694512747 -7.120716718229274 0
15.33211857416952 -8.005879449582388 0
14.33765061585122 -8.05873523205385 0
14.8791625241964 -8.893427265376385 0
15.87431493024875 -8.839465372001406 0
15.42218915097317 -9.725991900919185 0
14.42756367797207 -9.779540553019615 0
14.9692559604432 -10.61360469381772 0
15.9643813686504 -10.55841543200664 0
15.51078894376646 -11.44758790434904 0
16.50475301999136 -11.39371764644357 0
16.05201792389494 -12.2822235137555 0
17.04643742905266 -12.22916653495494 0
16.59393450392226 -13.11623134412896 0
17.58819633455494 -13.0635626217087 0
17.13560192681379 -13.9505783806486 0
18.12866791769363 -13.89883826184437 0
17.67711576650078 -14.7852385655075 0
18.66971696105255 -14.73251324679168 0
18.21866731821979 -15.61987353056233 0
19.21186154919502 -15.56720664287138 0
18.76069421537714 -16.4545941538608 0
19.75467539552596 -16.40274819958589 0
17.7667574034174 -16.50681107855213 0
18.30894641810336 -17.34180669539795 0
16.1408777414663 -14.00172705698043 0
17.31452876767475 -17.3939480931173 0
17.85701808697542 -18.22936564615948 0
13.97576363115504 -10.66608842349395 0
16.8621132096187 -18.28148945725335 0
17.40470340889257 -19.11709117369879 0
18.39974969257684 -19.06481547309541 0
17.94733767422836 -19.95283318100171 0
18.94269209819847 -19.90066243233017 0
17.49951294095077 -11.33831743070775 0
16.40958875268576 -19.16928986915495 0
15.86697025073138 -18.33325942816439 0
13.72056090911328 13.49974837096289 0
12.29432423156571 22.05319438876927 0
13.61660160471121 -3.780381755263161 0
15.41427187122335 -19.22140695494611 0
14.87150865448064 -18.38501724661867 0
20.20429018334179 -15.51236120953453 0
20.74756331918125 -16.3496007236767 0
17.24658134560601 12.81661589651191 0
12.48300574752071 -28.41005009950365 0
18.49014792346694 -20.78874268195466 0
19.48570058546619 -20.73653908137631 0
18.81610751045305 29.1999727592573 0
11.841805002352 21.16957357085985 0
26.66806272825943 7.796069060038212 0
9.191196288838002 -34.51318191766634 0
26.74239503350814 3.177170522938774 0
12.81951650305701 38.00198137188513 0
11.30353760682125 22.00386526402721 0
11.72382202200277 -30.25035599464893 0
21.19941261794512 -15.46442280182795 0
21.74056703290899 -16.29780444808969 0
16.62353553244068 24.85031499802722 0
30.34929237805305 -21.09041029687062 0
11.38674643067284 40.66158034896498 0
10.12970928984973 42.37962836854417 0
22.1932042265937 -15.40973778685894 0
22.73379069924586 -16.24535606180502 0
22.28206628532604 -17.1309469431454 0
23.27518910097141 -17.07846006435377 0
22.82363064867241 -17.96346712559009 0
23.81511295157087 -17.911529803739 0
23.36657950316961 -18.79770106087585 0
24.35670737812173 -18.74403145185052 0
24.8062118257531 -17.85971568129435 0
25.33424081681877 -18.7002143975654 0
25.79686527613633 -17.80790484518022 0
30.7589136028183 -15.97559611008309 0
24.89518764313357 -19.57744605202068 0
9.194920317311482 -17.50846343026942 0
17.40932162570474 -29.3465642452904 0
22.75373517772825 26.10486510311081 0
14.54124352365957 26.45021855175182 0
21.64927325051641 -14.57011558144219 0
14.53836142165364 47.7284596689583 0
14.4187069524572 -19.27338935818483 0
14.96162706510412 -20.10962545407174 0
13.87589285131068 -18.43709424413296 0
15.91541748781918 41.59033891898881 0
25.8726127848516 -19.53386179665837 0
6.835952173655255 -13.96625827328211 0
19.03323725295748 -21.6246477526126 0
18.03758212551332 -21.6770551554789 0
20.02871290594879 -21.57227456135772 0
7.453652663857046 9.504961362406165 0
10.85061013793613 21.11972513637521 0
7.584232602466801 13.57917995249494 0
23.89769190176573 -5.966581136420292 0
18.58075349236454 -22.51302831085449 0
17.5851631166644 -22.56539873251658 0
7.632386119694971 -7.394351872636568 0
13.96589720619947 -20.16172086578982 0
14.50886275573998 -20.99802776400738 0
28.63109201605872 -12.53454482684938 0
25.43569971479229 -20.40979072126419 0
23.1852283786187 -15.3158648064879 0
15.89292033052844 29.04339271372089 0
18.14284636868651 5.090507581805395 0
18.68453308873742 4.254887815248381 0
19.13726201431449 5.141704080481188 0
19.67878992773678 4.306519830120799 0
20.13134260921501 5.192827301798518 0
20.67268176158688 4.357985537531913 0
21.12495652351291 5.244007304294938 0
20.58386908221395 6.078549860145196 0
21.66615963189594 4.409313891367433 0
21.21394997949769 3.523181488252115 0
21.57697405434348 6.129607813729956 0
21.03622257047565 6.963876924596955 0
22.02891520714301 7.015062623284972 0
21.48842546219696 7.849093644526239 0
22.20767277900593 3.574647726535837 0
21.75539006507512 2.688266685057614 0
22.48085639950894 7.900255616082071 0
21.94051094149466 8.734145432183222 0
22.74937089647372 2.739778658162529 0
22.29695558844991 1.853004843966161 0
23.31757030073119 1.897757863060008 0
22.79149881751233 1.042564918294977 0
22.93265332399665 8.78521494468437 0
11.75608739387093 22.88715398123235 0
10.76575677453011 22.83767298667849 0
15.15680459505455 4.936423885537186 0
14.61433697320119 5.772992537333673 0
14.16090913541257 4.884871305312429 0
13.61838592706697 5.721706637224765 0
13.16496011614024 4.833313553347407 0
12.62235300829675 5.670348062109994 0
12.16889631691969 4.781868883419078 0
11.62620571640029 5.618851281570969 0
12.07974104079966 6.507404102659013 0
12.71152828465458 3.944895899692251 0
11.71542281582484 3.893415689690775 0
18.5833748036464 -13.01019991199112 0
13.43383574818784 -9.831818374859019 0
12.98209412327386 -10.71857082953978 0
12.4399596847812 -9.883770883469658 0
11.98805704817654 -10.77082387430309 0
12.53037423210282 -11.60555690640278 0
11.53620918113211 -11.65795992447101 0
12.07866661469399 -12.49286677017429 0
11.44578790287832 -9.935946175825677 0
13.17866269071344 14.33642739115345 0
12.7252263171365 13.4486307230271 0
12.18321765839631 14.28565835705907 0
11.72961068628024 13.39790177014643 0
12.27169262828039 12.56073224999643 0
17.87474490495391 10.25868846459342 0
12.25813732476279 3.056475691162081 0
11.26196691250471 3.004967726117663 0
11.80465019054566 2.168227102575059 0
15.36054895665217 20.49074347908807 0
13.16379234900749 -4.667309872596326 0
12.62188522551165 -3.831437059567605 0
12.16930543540646 -4.718644279699307 0
11.62681873868168 -3.882868862572363 0
32.39165169166883 -13.93765177294692 0
14.32869248813955 -17.54875475312336 0
13.33311160744648 -17.60082237721588 0
13.78591773313275 -16.71269657122426 0
13.64290164697908 24.69660961298363 0
13.00553129235443 17.78209180360945 0
15.9863560534521 17.93412639775074 0
16.52905807932449 17.09832360398679 0
16.98114498346935 17.98550630721852 0
17.5235823680797 17.14949357051897 0
14.98025811502887 8.384268214423809 0
17.94380548350279 27.4755206853892 0
11.89783749662053 -9.048605534924667 0
24.44995877859838 -20.46519460393289 0
21.83615338398528 0.9700713840047778 0
22.32516747067961 0.1610781803021259 0
12.07994979019408 -2.995169367389395 0
21.37931112926455 0.08414077736338368 0
21.92068333587682 -0.751595926994203 0
20.933755214668 -0.8074876397127506 0
21.47674370796435 -1.643941002851359 0
15.71200269490178 23.0843652212251 0
11.08418455997402 -12.54538163738536 0
11.62682362508159 -13.37966923454388 0
22.71269686532488 31.2221595923744 0
12.79041572793115 -16.76463748471942 0
17.02611819584075 37.74147764690157 0
12.71775405546754 32.36998079496675 0
22.39242351769048 9.618797069929764 0
26.38879851044334 -20.38215434532081 0
10.80851899562706 2.116499063973347 0
11.35135554821972 1.280127896060201 0
30.60581613187197 -24.75899373538583 0
11.08348500504303 6.455905826004881 0
11.5371591864258 7.344468875852363 0
11.18758568666572 14.23474641666761 0
10.54161484942512 -11.71018626784652 0
14.32362978273039 49.75461585777149 0
11.27583850460236 12.51004912992914 0
11.8179795377629 11.67290501740559 0
22.01664877347056 16.20422739091126 0
10.71929778788468 3.842042381856123 0
18.12821826601833 -23.40134353938979 0
17.13280634527988 -23.45368254049738 0
10.35502728162181 1.22801687258193 0
38.61927719282181 -15.45777579856663 0
11.17500594000008 -4.769592438613282 0
10.90324914874966 -9.100727349266137 0
26.92157563573334 12.14705646963724 0
10.94657550930018 48.8908417203997 0
11.0844459832383 -3.046504267033441 0
11.21640653094135 23.71929079520427 0
10.19539836439349 23.6961803971811 0
9.771405911207099 22.79280452961511 0
9.193389025226104 23.63649992343102 0
25.97250723585059 -21.24478634973558 0
35.52585031526307 -15.30693740082727 0
31.12097195832455 -14.66183047254593 0
23.22116846664872 28.99454113629837 0
10.4967903540794 -21.44980635744675 0
17.97636567136921 18.03704715654178 0
21.40039435330653 9.567779531652599 0
21.85231410680328 10.45239358035219 0
33.43562151935505 -13.88817450240117 0
20.48393323881242 -1.696523637971596 0
21.02591594153336 -2.53229257272354 0
12.62062617859645 -13.32414115023585 0
26.92508253280709 -21.21754481481868 0
32.79910289044483 -13.09193526582823 0
19.25705745074194 30.04285505101938 0
19.7859983149817 29.24966365049008 0
5.881215691268869 24.50067408262624 0
18.58772492192867 -33.96046488525842 0
10.85808053257938 11.64540253192502 0
39.54047252318426 -12.36938092635988 0
10.08951204888102 -12.59776014103043 0
10.54081237026292 7.292444750931011 0
10.08705907387829 6.40427376562938 0
20.49631796214788 7.800000890312688 0
21.83239143291925 -18.01739208647701 0
20.76143112251627 2.636714737135883 0
11.3555042900771 -8.213139485409544 0
11.37079879091168 10.78921119135465 0
11.53781802674458 -2.15917666901299 0
22.61439020243789 4.483855762653976 0
22.94698206238445 -0.5998305356942528 0
23.86796926089721 0.977262264871023 0
18.51850730931764 17.20079132050926 0
18.06574620340474 16.31303314927633 0
9.546793106997796 -11.76235012086636 0
6.97289025958715 17.68933889589208 0
7.176326388841431 -0.2876878984921836 0
26.95590948172132 -19.49330029930261 0
37.55883394129464 -12.62715389118478 0
10.59105433389773 -2.235044731964541 0
10.15914357985607 -3.12169048238269 0
23.35377804072856 9.740900871152306 0
23.47140696236781 7.986713319231956 0
21.76984724723396 33.60932329058313 0
20.48108858440882 -20.68427596858691 0
21.02403329099902 -21.51985888026794 0
20.86070599185341 10.40175641779637 0
21.31509282528648 11.23096783934543 0
25.256944516372 -16.97700240169747 0
26.24081589114688 -16.90973193045304 0
25.70508800080358 -16.09960434665324 0
26.68367060650949 -16.05110615560896 0
27.21338214426446 -16.84885018205301 0
27.65422359674992 -15.99736703472825 0
11.64131133442297 15.12256873248868 0
10.64566058469302 15.07164886042873 0
11.10058062905133 15.95876322614116 0
17.43441031520906 18.87324519519427 0
18.42909998233458 18.92442156117045 0
17.88705818232594 19.75920993429864 0
12.36125450317331 10.83664638596365 0
16.77222547174838 -16.55866957547213 0
20.03221003805479 -2.584235499829409 0
20.57404077500006 -3.419395593458105 0
21.5678327512749 -3.36794939783343 0
21.11540309142551 -4.254173082315739 0
20.12215440280046 -4.30541614628804 0
20.66291940445504 -5.139647020002475 0
19.67025003514777 -5.190688949243281 0
20.22143194902237 -6.030146424488915 0
19.22012242196179 -6.07648986781019 0
19.77153506434304 -6.915967514224858 0
18.76903986208911 -6.961711441577473 0
19.30927630419833 -7.795323831231962 0
18.67783043770453 -5.241845327488273 0
17.50400855014187 -1.852745394494729 0
12.80143829302719 2.220107072373263 0
20.32094405489653 11.22637439593727 0
20.80233631655495 12.13698903612927 0
11.38925000646241 20.2848502346271 0
10.39642013177899 20.23458244842699 0
10.93603197181426 19.40004601880035 0
9.957754784637723 19.34109548221911 0
9.258966253819658 20.22788032355178 0
13.51304595117024 -21.05013265381244 0
14.05613148271039 -21.88647059738851 0
17.67319618513209 -24.28823484472206 0
16.68006038258077 -24.34165673238929 0
23.77442909571185 2.778112409955347 0
10.25185569844307 10.85219406997218 0
11.55645420032995 51.65285440775865 0
9.812164319159919 2.065074253811034 0
15.46179723704965 35.84792761506587 0
31.84840934833681 -13.15731042220699 0
12.97820761587293 -20.20850382689221 0
10.36048994175466 -8.265270645992073 0
19.06046941955492 16.36420925978804 0
18.60743960573759 15.47676412452844 0
27.46556488026686 0.4585506757486904 0
27.12078408048659 -15.19828722485746 0
28.07882556662526 -15.14300615802089 0
20.57175017001952 -22.40807057236794 0
21.5670751297565 -22.35542387908218 0
20.29868703256682 -7.7430100688231 0
19.84733261448415 -8.628074573360401 0
18.85544347772903 -8.678932651956849 0
19.39521763367494 -9.511976235575133 0
20.38659086602119 -9.461226918209949 0
19.93498721213481 -10.34442750116798 0
20.92582217028512 -10.2935183060081 0
20.47499672057302 -11.17658571259583 0
15.56702320509827 32.34765942500306 0
17.06604401899576 40.72036117105563 0
12.33746796023438 -17.65281471831959 0
11.79468627317213 -16.81644415463488 0
23.49992181586971 -38.46876007470622 0
10.32537984812071 12.49212141680141 0
11.55246348842122 -40.13732000587414 0
10.10701020992358 15.90794576129067 0
8.689771546439033 -36.25222634483074 0
6.644605874270116 -11.74670020968546 0
28.97722466197718 10.1478222534494 0
21.465580657135 -11.12580128219958 0
28.40246438526383 -25.72866779824131 0
26.51133362087372 -22.07890757445375 0
27.5022571030507 -22.02649590342691 0
25.52804519846885 -22.12576856971973 0
18.64779412263842 -24.17367013088668 0
19.60202225258266 15.52790998006615 0
19.1489236445226 14.63825397363114 0
8.788024356506044 22.74010000526745 0
19.93921649508179 32.46248153068228 0
9.929194682894465 -9.163352092996 0
20.22626432970166 30.093266660692 0
10.67998229713734 24.54920538634592 0
21.21230846458286 -6.024884800939455 0
8.581170629039171 44.91412639890941 0
34.93241530226741 -11.90274636842531 0
17.18551048099906 -25.15841824977629 0
16.22168445049493 -25.22654753836708 0
15.68423362576226 -24.39362832472677 0
15.24934976350596 -25.29029455719041 0
15.77741575719105 -26.11821783018564 0
14.75224922377223 -24.48760186662806 0
21.01466910422629 -12.00922743722574 0
20.14320572343138 14.69190396805821 0
19.78531231416523 12.07094334338498 0
18.41590650873161 9.423527257277804 0
8.794800332507799 26.17657775978068 0
21.47591321883513 -20.63189848460234 0
12.53464551594675 7.394408015617388 0
16.58981246129919 -22.61785156332672 0
18.3211677629719 1.644051596195587 0
15.05914485913648 -12.3334401165366 0
19.39517448207784 -19.01304896899054 0
13.97938699531235 -1.171963194348607 0
13.43720228078552 -0.3361420006527316 0
19.94259210220004 -0.8611622002698819 0
10.8128829299834 -7.377375620748197 0
11.80799256035118 -7.325952081008806 0
10.48243826704807 18.51288272216995 0
9.505999594564841 18.45332337385744 0
11.90831999799209 9.949199465712073 0
12.90269309829596 9.999472977649692 0
13.24323875741259 -15.87671855350947 0
14.23839223979059 -15.82481561110801 0
11.00418935312017 -1.32949640860544 0
9.93211754103576 -1.487027416363235 0
32.22594768639729 -12.33407885195806 0
20.71577033757977 29.27517005900653 0
20.30915322485189 28.43337254708099 0
9.358542255874918 1.176326187189996 0
22.00544924613581 -11.9583197772843 0
28.18619279659107 -16.67180473138412 0
41.17466720297007 -14.29575670329515 0
27.89571904247491 -21.01807932008474 0
8.390557374463288 23.45830821461747 0
9.094549202922732 -12.65010479567953 0
9.637245232308755 -13.48383407572141 0
7.936078071250609 25.78209995296173 0
34.87229070416311 3.409291428011738 0
9.650331828451304 15.02058574054238 0
22.30428734193777 11.33698381930485 0
9.817534957950077 -7.429493911954344 0
27.55705714506036 -14.35103901469845 0
26.60327155592856 -14.45254078983247 0
21.34635276766306 -9.430757279364572 0
22.10925541633981 -4.203300075462831 0
22.56220508203549 -3.316464033422047 0
28.50195406105429 -21.96799105795074 0
28.05117247588648 -22.85347105037513 0
29.04299673790212 -22.79976354019553 0
17.92560232733143 40.31501804707728 0
29.77109405858355 12.42712748335448 0
9.544258664716356 7.241600744975626 0
9.090445658609491 6.352842080796604 0
9.998079992849203 8.129703601507588 0
13.06020471846648 -21.93861426460884 0
29.63822303256608 -19.42523020940162 0
29.02671603375552 -18.74634131794749 0
13.43509463141211 34.62830385456098 0
28.50355508528305 -14.30093471795075 0
14.77698224999156 -26.18693941028257 0
15.32331138121917 -27.00784159746742 0
16.31848438561883 -26.95326833294077 0
15.86571640410978 -27.83245880336868 0
14.87137826587076 -27.89135929820509 0
15.37021701908307 -28.69596561012138 0
32.50183125913892 -10.34075808056417 0
25.52594751215309 -38.74383155200149 0
11.34050770244621 -17.70482857149306 0
14.2109369025393 -28.74429920638402 0
14.87647522202355 -29.58228517355858 0
13.91968622931849 -29.7047708405202 0
14.49521962606799 -30.50851033387021 0
15.41627619482347 -30.4433996449747 0
15.03517989745426 -31.33949354954214 0
14.0718705885792 -31.40355151177622 0
14.59954121352892 -32.22875234701357 0
13.61857817975094 -32.28940199031068 0
14.1491974480913 -33.11918682107128 0
13.1447615397778 -33.16728927255116 0
13.68317247390265 -34.00137889701563 0
12.68638435976286 -34.05323522270425 0
13.22716220863689 -34.8883770736388 0
12.24106643435638 -34.94550208567701 0
14.70947109264503 -33.85253501494032 0
12.78379674996587 -35.78136972249973 0
11.79156194304074 -35.83511438981377 0
12.33332529790341 -36.67021973617376 0
13.8153261263897 -35.61979020351385 0
11.53161166405157 -34.07740138998134 0
10.65089599996554 -47.0043081312005 0
18.81955784424482 19.77078828063853 0
18.2826515554362 20.60852117400113 0
21.26324736004095 28.4763234460361 0
20.84240753697231 27.62254619912122 0
19.44283153348055 -34.49926829727703 0
11.51250595701721 -42.62598463261384 0
28.59428576467589 -23.68334991732436 0
18.50204112088005 -34.92475964622349 0
17.6645942924723 -34.4291850738225 0
13.42938047950263 51.67332429178786 0
12.38557047564138 -45.0759210957096 0
19.39946069458805 18.9851839050865 0
21.11490932770194 -23.24375883772714 0
22.1103340822947 -23.19108769780789 0
22.56232944367216 -22.30296660555636 0
11.66533857440217 24.59949516374974 0
11.16076986953405 25.41089278178638 0
12.11868947236469 25.47493071962672 0
11.58423364582667 26.2986725096407 0
12.56296718524564 26.35335604089022 0
12.02561115942003 27.18004543982615 0
13.00927339999049 27.23176644147019 0
12.46599968446283 28.09397652606621 0
13.45561380239338 28.11582664304546 0
12.92498711098519 28.98724530372926 0
13.90466957148052 28.99725831443845 0
13.36790279285591 29.81401961872596 0
14.33432801719755 29.85581645746291 0
13.8121750725952 30.69041524804658 0
22.45683708370731 -35.41911729238041 0
18.40329569222936 -9.563270901128984 0
23.83575427876762 -36.54649265005798 0
17.86295133282067 -8.729818064533573 0
17.33703676832343 20.58771738742506 0
17.78779821686921 21.47206972980522 0
9.022257089106773 8.068382352915419 0
20.93343923429086 -19.79692030217183 0
18.59597753895118 5.977090077439777 0
19.48458977023274 -11.23170480035423 0
18.1544697155267 14.58929301639789 0
18.69587456441938 13.75204164222813 0
17.78900955185848 11.97903335705023 0
22.5397530651186 6.161373091835792 0
13.60185856225351 -22.74388118210743 0
14.07214513252111 6.609749114137955 0
13.8897605270814 0.5508197828680509 0
14.70334386411555 4.048288119163121 0
15.15259303155698 -23.56528504175055 0
20.29674294121705 -17.23652881762177 0
15.50432879964338 -20.94584204976051 0
16.80417523892957 21.42603787591134 0
17.25702190228538 22.31037253539712 0
18.23357800832266 22.3688824403955 0
17.70713512409691 23.19576847447816 0
18.68292666494881 23.25434049479332 0
18.15765692895244 24.07886673951083 0
19.10392042506749 24.10218596667153 0
18.60380695809429 24.9544434611033 0
19.50511942271148 24.95626707157334 0
19.63224346130164 23.27253923794059 0
19.03707997006771 25.82945385378525 0
12.09506308982615 16.01020529184117 0
20.40824134098174 9.519131235573568 0
11.99389619667962 -40.94836727883224 0
20.84713552030546 0.9153827761137683 0
9.633569015961299 5.515776140881954 0
11.88431308111323 -18.54122901234219 0
13.35618498218889 10.88770654180515 0
18.04549107265513 -2.688031937248224 0
17.59287610605782 -3.574446222270852 0
19.22625767075382 3.419493935663023 0
18.86315910047598 0.8082515979421713 0
14.89294995497019 10.10545375606772 0
12.71217818136568 -5.553718217515805 0
10.27009861477065 -6.541864798812111 0
9.287148219857553 -6.599989079616514 0
9.729369335367899 -5.707297585548103 0
9.458784323946068 8.965318975700971 0
26.06811559503894 -22.95992007949567 0
11.34072992558681 -36.76323637430232 0
11.90444179019191 -37.59471977636981 0
10.79806045412606 -35.8947788112769 0
18.40928074449363 -0.07884420390338204 0
34.01506042023458 -15.24299952162969 0
17.185082791059 39.77224882314774 0
16.29611455687492 40.09913871970435 0
11.55390151342213 16.84635854852353 0
13.69712557393648 -14.98966783602097 0
12.70385506705642 -15.04177986754537 0
20.45827012885773 -35.01352226096092 0
23.10411214296045 -23.13785545022101 0
23.55752446064283 -22.25060852609387 0
23.01265311564507 -21.41449363511447 0
29.01838241751992 -15.07828307582163 0
29.43315195000556 -14.25253961204521 0
19.87796462707309 27.58073305708243 0
20.09796556760732 25.77765716085696 0
31.2981013724326 -12.40370206450715 0
33.20492750904622 -12.21430055591875 0
15.55439394350532 -32.13456433014323 0
20.0559553034344 16.40521077858334 0
23.21835057546797 13.35126256199603 0
8.824492460574868 2.019400557990248 0
9.27071642289666 2.903388440544219 0
8.283158519777983 2.857958627731299 0
8.728328004363405 3.740811615487277 0
12.64414217514585 -32.25517555581798 0
8.568050623018909 -11.80410716988425 0
9.006913087297203 -10.92537068633432 0
25.96357631991246 4.55475686367459 0
25.0112400520633 4.990800390473698 0
24.92999606314486 5.962761391952204 0
27.40190802042686 2.469443493157097 0
26.40197439297501 2.272256559373799 0
25.763217047016 3.001545595690434 0
10.80899686183575 -16.86079326196157 0
11.25358669739457 -15.97869566908951 0
10.28602261047802 -15.94036162405784 0
10.71767185462078 -15.13556810683581 0
12.82993284208805 30.64138272567234 0
8.636854370644361 5.464341018814586 0
11.25442359569254 50.12259477460913 0
11.93449130320821 49.29828136671389 0
11.71525561186711 48.3037307471231 0
12.68833751537829 48.66301119598307 0
12.48631945066573 47.68386213247508 0
11.53683049266944 47.32409960876908 0
12.31975426029905 46.70365615689426 0
11.4618387268014 46.33678078664904 0
12.20976198221561 45.71666026006989 0
11.33797965140081 45.35118650544176 0
12.06820414843773 44.73390079615081 0
11.15336463084611 44.38221110552221 0
11.93838980092478 43.78177910505968 0
12.85862414806294 44.1009198973732 0
12.71896300098053 43.15272535814867 0
13.70331815273634 43.43474242668492 0
13.48277036055552 42.49693534597763 0
13.15251444664509 46.15035741285241 0
10.34574466048685 45.14115712353801 0
12.60559440644204 42.13205014152331 0
13.34060320345613 41.51849745580911 0
18.82643579663826 38.62148875970251 0
25.41961111958707 2.093681694804711 0
14.7665117170542 30.67679488697808 0
12.28054493408242 50.20770112438731 0
21.8463586370369 27.67569026477643 0
22.45746985222157 -11.05185818339186 0
22.1721099355811 13.36441511552496 0
27.74563233246893 -17.66796803864862 0
21.36286017550689 26.86249010052629 0
21.15780466963919 30.00379156509192 0
11.46746228527609 28.03636840810666 0
26.04704971033915 1.341725661665292 0
20.84832562491748 30.96737620998427 0
12.4877125217143 -40.16068068707287 0
8.654975868108362 -13.52952299263146 0
30.85677855836845 -13.26717875519466 0
25.08145749598333 -22.99125465525941 0
16.97221358471557 -27.80399007820251 0
14.44606997034862 28.15973521662587 0
14.2214695047661 31.54846910699341 0
18.06205012982857 25.78459795346842 0
31.25608012707277 -22.92981022612465 0
21.55404168303342 -12.84240933069267 0
22.48983952629532 -12.77184107852676 0
20.5646696879027 -12.89417543696725 0
23.05221920190991 -4.177566508699991 0
20.23167386480378 12.95428490328601 0
34.71035439434014 1.751642301019434 0
9.205987978930604 -14.31550065795261 0
17.41155670946546 -9.614838508946793 0
9.106113795234362 15.84715649724222 0
10.27462260320172 44.12187286813224 0
8.707983647398827 25.24224110939743 0
24.72010807911457 -16.14642908703775 0
25.17736478608916 -15.32808595447085 0
7.957382603651181 -10.91389989098372 0
12.89307196152921 0.4979790664729705 0
12.18797215854082 -39.21972644238217 0
15.89859912363606 19.65558719748707 0
14.69089413968616 -14.93738449860414 0
14.15132291371746 -14.10261023197978 0
15.23333159032365 -15.7729656255999 0
18.58702113443362 -3.522860285542623 0
19.31522054100255 1.69663178693893 0
20.11822506862687 -23.27395027381008 0
19.32740428128514 11.184037922311 0
9.346199368491556 21.92211292480629 0
8.254293198168334 21.8252670075989 0
21.92689938317926 -19.74300546583836 0
18.4977501087455 -1.801441629206154 0
10.45464160203924 9.013959687576081 0
12.5331565711064 -2.108935680274486 0
12.44155619655949 -0.3881497067430482 0
11.92853812696344 19.45152281875143 0
10.02844829501436 17.62601712598853 0
8.99539050096222 17.55097079629624 0
8.569151403328732 18.36007720515342 0
24.00364250971571 5.444903419719651 0
12.44869091497893 9.111172932610158 0
13.44479160835382 9.164493229583139 0
10.90133021020756 0.3927740064388996 0
17.71774319796131 -33.46472316825202 0
16.80171323693406 -33.97402781999469 0
16.79797943941595 -34.91281016143938 0
17.21706173467164 -30.27913014979515 0
14.39164895431525 41.93506820899302 0
14.07154259714382 40.87854169973136 0
13.18469540266984 40.53427305363215 0
13.89301768001821 39.88316149797161 0
30.24511487265638 -12.50182611064465 0
23.49232766979334 27.58080505758948 0
12.94739460374439 -37.42489236813083 0
16.39559098489005 39.17743142952487 0
23.02107505921117 -8.951916619679849 0
22.29094991674858 -8.293246764212263 0
22.32708950244261 -7.246587490673929 0
22.61989983628041 -5.085756010450324 0
21.74592293590381 14.23374402850639 0
28.71518505045196 -19.63888351696339 0
24.14192449324291 4.405238181925585 0
10.36002257786182 -36.78058680731083 0
13.75115143771509 -39.0716548627604 0
12.77363150435283 -26.88264607890816 0
6.223851959511451 -12.5471907142942 0
7.174116273602071 -12.58787154066205 0
35.95388917307429 -12.37530102593307 0
35.10383023901994 -12.93196029765921 0
36.07324279403275 -13.49637551891719 0
13.07761246477708 39.5280466902059 0
15.49553137812961 39.61933061267554 0
15.60356905245199 38.558602542803 0
22.64494894132435 -24.01022448594612 0
20.66001752623943 20.02944752381552 0
10.74880263534498 -45.5609702009021 0
8.418582011021863 1.151674379952611 0
8.877424044690105 0.281683660025857 0
25.42441629051531 11.9108021528376 0
24.64988926629471 11.41758881263795 0
25.55689778958421 11.01541163615025 0
24.7973601583208 10.43712042321274 0
25.6790847529111 10.03779841969831 0
24.92949273727164 9.441559022801359 0
26.50073255278257 10.60706407236373 0
26.63402578852931 9.559683102769743 0
8.689219119547181 14.92437430642011 0
9.17644969770021 14.09591319400906 0
23.49534316895524 -3.279224711238528 0
23.00518928445164 -2.43163951325319 0
23.91165543859643 -2.389862712030591 0
29.38694021512893 -17.79546759571355 0
24.86029695327642 -12.0538064469343 0
23.98326523736161 -12.29775630552624 0
24.72996999927464 -12.93724169906579 0
8.938091856526741 -37.74736233269672 0
19.38483963666178 31.62525374778818 0
27.3768116442162 10.19354642349091 0
15.1595305934146 34.95271175045642 0
14.77955243669818 34.02718659011619 0
14.54094068596773 35.76265670855046 0
14.82451917207655 36.6542949913073 0
13.2863479191116 33.73186674872015 0
24.09127427873441 6.516284123039798 0
24.969762430938 6.931574482756984 0
23.84370148320979 -13.26268896333987 0
9.601434506974648 25.63217157545593 0
29.54968355905896 -23.61310459948429 0
31.46329203266916 12.16445247535989 0
29.05944157746226 -24.305214906172 0
22.6625135770357 29.79063131764719 0
23.74853606297209 11.83751849524915 0
13.8164283340617 38.97379330517381 0
27.66836945266989 -12.59353674064744 0
24.66225709066412 -13.85981752944237 0
40.56565793034672 -15.78275788105282 0
31.68643659145166 -11.72890877451634 0
25.55352765304017 -23.87910126512734 0
7.782586126560155 24.85244691818355 0
7.09928642718659 25.40298656588953 0
8.559908499738455 -10.03566334551594 0
12.49397789441011 -25.00514740109342 0
13.39770435114382 -25.26475586650547 0
13.26326615884442 -24.30931444469087 0
33.16395874676547 2.859678637925237 0
20.78780522319314 22.18142290041063 0
19.84452695991991 21.79394356834813 0
8.093590104967038 6.301479402870644 0
27.64362113959584 -23.71160356016175 0
28.89156919265346 -21.14658595625477 0
5.705667651635985 26.35686159881411 0
20.81005580649487 23.34278547340284 0
8.806824002388684 -7.461865854333643 0
13.87189015794464 -27.86015312252891 0
13.01496689816049 -42.20663917364003 0
16.46209687972986 36.99302229290468 0
19.43286224059608 40.02293432018004 0
34.16308518355167 -11.04533867907282 0
25.48846255954818 -13.556512551057 0
20.45502088942079 34.17230513765584 0
17.29086292946249 -26.73596568023118 0
16.77894698400779 -33.07468877040534 0
28.28673519127588 1.872546891661098 0
36.41209174681012 1.871711596557485 0
17.37516860462514 -36.30786068167023 0
20.49952181254998 -24.08007003890137 0
22.87033464057522 -37.39914553208714 0
22.59813660129917 32.13345287518609 0
35.14147234202055 -13.9296823816122 0
16.13654987109556 -34.49733292852369 0
13.86062232624061 36.49175884983366 0
14.23969619256897 37.40271784059992 0
11.7498427493152 -47.97901806320826 0
8.354711931593172 -14.26084821470433 0
19.3164517917098 -26.57492612597187 0
20.23355893900803 -25.79873368921754 0
19.07397343329601 -25.57095203113266 0
15.59746835350666 40.5963375282391 0
30.07432898724919 -22.77917443518436 0
16.63163547186249 -29.49741022243929 0
20.6367033773687 24.28743712132471 0
15.17080682552136 -37.20148995297457 0
15.35608841614536 -36.17685053862026 0
14.0683013328574 -37.21669091985218 0
29.84860890134576 -15.04005482894772 0
29.49291751594734 -15.89025350208038 0
41.58916503184207 -12.24148866778888 0
10.53176262254084 47.9254921677609 0
23.73241323426253 -39.44490920527971 0
21.78544116343306 31.58909632688675 0
12.55962403143916 -22.939492000051 0
12.26605891929189 -22.05852831153638 0
27.97919165482041 -18.8635264844494 0
10.68502012724406 -38.88071475754079 0
19.40808657494851 -36.1506732539404 0
14.77869834872805 43.69382280022047 0
19.79431888452064 20.81268089275632 0
21.058308147487 25.23192155670254 0
29.80606000536309 -25.64741627929118 0
25.04367973063398 1.157165944017167 0
25.67448306765586 0.4154925109279642 0
24.68146155213617 0.2151263771174128 0
8.807996094608498 -5.768705118398171 0
9.264339988992127 -4.89110399987264 0
21.89642113096897 -36.75769383335577 0
10.772222865546 -18.74296328214762 0
11.5115375575844 -19.57327483674084 0
35.46678477103866 2.559151696226767 0
15.15979608843168 42.71568216312841 0
23.73768128792216 -14.36279975288737 0
23.01150201079836 -9.990415557263869 0
20.97230052262208 18.96475359066757 0
20.10728421690427 18.24420665101524 0
18.26865388943192 -26.39452046036783 0
23.10285528344528 -6.651894875283608 0
12.14142839640287 52.39389192751752 0
7.729434630993689 3.688668646708913 0
7.130189036037984 2.725769989602464 0
26.39362415105654 -38.16204694990384 0
30.28588785721458 -17.43304056205503 0
9.699407449989701 -35.90717707842438 0
10.33607908281559 -35.150772429198 0
38.55766191704986 -12.51096051045861 0
39.15985304869939 -13.30051231353163 0
38.11809021729752 -13.45910446467661 0
40.14126170522441 -13.17314891868128 0
39.72224052802376 -14.09402715590192 0
37.12786026822863 -13.5394831949257 0
37.67441793059161 -14.37951944939402 0
36.73493157749361 -14.42570679673522 0
26.87439115006652 -0.341798466853421 0
21.04683241945399 -36.08961704796133 0
27.03762765322801 -13.53494402347905 0
9.339617203116202 43.09085472834789 0
30.85911400452381 11.32843110831136 0
22.19183076692029 25.24588738229723 0
8.357230654132083 8.962532300000447 0
8.939912615435285 9.893384086205835 0
38.65993650222632 -14.39266752602804 0
19.82942794746814 -24.91589092816995 0
22.24503971833487 -6.139615974322822 0
22.67511700562204 12.32670691880685 0
9.658276756327243 -18.5114364539366 0
28.93416448787079 -13.46858986276357 0
7.278630730167865 16.73252848255542 0
16.17417007741386 31.5138756278606 0
15.75157585643929 30.70401092344271 0
12.15147316233085 -29.28802094566859 0
12.71269723534534 -30.15298937557242 0
12.30711905136707 -31.07407380178668 0
21.76312384727814 32.56044038672823 0
23.77075540598968 -0.1041720780739059 0
24.44937577938251 -0.7213489945506297 0
29.79389959112008 10.78046923424315 0
28.89708940791604 10.95022177053703 0
17.21732260836689 38.77346287562861 0
7.672047947885327 14.74074351024145 0
17.89610654049831 -28.28137303102071 0
13.49696878185274 48.02791507188422 0
8.781691136110007 45.77784183850128 0
33.53599303755387 -10.28210728467255 0
33.29108522334926 -11.22000162214725 0
27.85918651147232 12.20994409931702 0
29.86318836627945 -13.43264274059621 0
25.54214462699925 -37.69395895435271 0
24.57637828479616 -38.26406967327914 0
22.3282777214297 29.0442514958014 0
29.54694798837247 -16.85126978510728 0
7.998560187927 17.52756849824418 0
7.526392231834231 -3.259467779608212 0
8.338136423637796 -2.688456300038669 0
8.254020734014542 -1.718637622709196 0
8.313989875812947 -3.73094884058726 0
9.091186917719575 -2.117087445006366 0
21.39916478865304 -7.740001890996382 0
11.20798881344355 -31.18634045680533 0
10.47202086360826 26.18393788794062 0
26.0978831275618 6.946000354063322 0
27.28914368598001 8.788807123957016 0
34.24192402222947 -12.50220764190727 0
7.522604131010024 -4.296285113304686 0
10.64964068733207 46.81588823260655 0
9.921320531794143 46.16977023803388 0
25.68298900150727 -2.16068406429539 0
9.624496159862872 24.62787505811065 0
11.02704947415922 -44.60097610005532 0
7.362469404438856 8.519828536027219 0
7.630337303803358 5.495968266760967 0
11.28663790008165 -43.58186407372989 0
12.08562854384319 -43.38854056626489 0
15.91575327639339 -35.39540907210556 0
14.85458311660227 -35.43083424727913 0
20.90177084974097 32.01415754452661 0
20.91773846419245 32.93150943799486 0
10.73288694412301 41.54872659645728 0
10.94095732471696 42.50652724631782 0
24.36293257392969 1.964250068856906 0
8.732464105987146 -16.63189061947142 0
9.234024760797668 -15.7349527830063 0
18.45891687848243 -35.98095931501803 0
12.15227349466744 -46.0704220879143 0
13.02224677178475 -41.12919195048578 0
8.334871095201098 16.54179613689888 0
23.86282018007093 -37.56641992748067 0
30.43945183255253 -23.72843250108917 0
30.75931187631721 -22.02620395022791 0
12.34886883629973 40.07632962708752 0
7.381559254575786 -8.439825198198772 0
8.197201754237575 -9.016522475075954 0
23.69323381687971 -23.88668873909926 0
25.25202863744006 -3.065124261007838 0
21.12278400473905 13.30474837456716 0
6.795530476329306 24.33414977092645 0
25.39691150166887 -0.5419305593018211 0
27.38530514986979 11.24562980213415 0
10.12422544175673 -32.92474538464104 0
11.11843943385397 -33.01649831346835 0
10.51266888665439 -33.75867110205444 0
10.21616991373595 -20.47643853109159 0
11.24902256491687 -20.68332257329386 0
10.80823091185638 -37.74209981059546 0
22.31528801716034 -24.9558277231578 0
24.76672860919907 2.877283800550706 0
25.13641922273085 3.887667843360859 0
6.30805060450389 21.56462942048769 0
7.108757470364443 22.18110058267836 0
7.293988750091858 21.19024852310234 0
8.248522475425874 20.74396170945916 0
6.899908259569861 23.19154084129186 0
7.40186294598172 20.20033614941653 0
8.289849163935816 19.7869123705072 0
7.09703414980588 -10.40896709882985 0
14.41124095789343 48.73242598106481 0
13.80587811684626 47.02831617363208 0
7.477622092267815 10.53541422501419 0
8.459627693870983 10.86385753734913 0
8.449160359358231 11.99076751152138 0
9.307529681260402 11.42949381793881 0
7.472168651922511 19.24862678185804 0
24.38805888542926 -4.946095179922416 0
13.54729350526912 26.40491656721568 0
28.57370819197209 -15.87498023323242 0
7.585576789270696 12.54919492959335 0
8.590414335688136 13.15491899023849 0
10.47309859628026 27.9420319580764 0
14.7163597211305 45.78659567315623 0
13.83112273207383 45.3058807166903 0
7.45936349635425 -6.340602799952498 0
40.58345062801476 -12.19365228850568 0
16.71461644588603 23.14159972703529 0
21.10256072816821 -13.72699074774014 0
20.11330111387155 -13.78430328961815 0
10.89171540782609 28.90826540143147 0
11.92259639196555 28.94907240526666 0
12.65198210366714 24.64898992182638 0
6.453360921619378 20.57106440033073 0
22.81896460496539 -36.40356158668844 0
13.12490018853781 -29.10680592351202 0
34.30707445874005 -13.44696417635554 0
27.83479556288858 -19.96935664166123 0
27.14461918911708 -18.47535236121338 0
19.23926952250498 12.90620033240383 0
24.18736689845563 -15.31408245166599 0
22.64756338652663 -14.50222559266087 0
20.65377152189949 -14.6195708204843 0
28.07310579195918 9.552587580744962 0
30.45785821511153 -14.25375878750121 0
17.95127910629088 -10.44948261561486 0
28.25051404607669 -24.63502142692325 0
18.49540098796445 26.66236983942601 0
24.00481024902393 -21.35715387119924 0
16.35102646177287 20.54060275513151 0
15.81194734065046 21.37566841774071 0
16.87071363120618 -8.782513888230403 0
17.32284704191273 -7.897190427642618 0
10.27446071701633 -17.70060916088489 0
23.73160029081165 -16.19245770193282 0
14.87749812024229 29.01528632977352 0
13.99660961579653 27.28275830594028 0
14.98326142915123 27.33136955267099 0
16.95882555855906 -10.50364956128015 0
17.61791881971377 24.90557549458445 0
17.06568494746417 25.72872381206623 0
17.16300417332626 24.02280501667252 0
15.14619121588874 -14.05206709563031 0
21.38298291143172 -18.9059841555012 0
15.1292944541373 37.57878126914964 0
11.45252414617907 9.063338299420652 0
18.49040116658243 -11.2852706605759 0
12.16472305737019 31.58440740399616 0
12.10941728748105 -33.17558451067659 0
20.81209107055377 -8.613856709641249 0
20.75521892802606 -6.866772783851985 0
19.64500956845664 13.76758227263068 0
11.69041924489126 41.74676570501401 0
22.46903083488029 -20.57878203314986 0
22.92007935331345 -19.69031609492373 0
18.24354329283546 12.86470522015199 0
20.38917365078366 -18.95987170915992 0
14.09102808138728 25.57420665652197 0
17.70137984570129 13.70315230154322 0
17.15992555981602 14.53911077750456 0
16.26028492127473 22.25780342679158 0
12.74289441129385 22.93695050970519 0
18.04200190901828 -12.17539740697202 0
19.03444373422119 -12.1184851187882 0
18.87874571181342 21.4326381954526 0
13.10247699915216 25.52550158651076 0
13.19120072694341 23.81849775466918 0
21.66080432190309 -5.141229493915607 0
16.59910424579284 -3.626056411760511 0
17.14077831785436 -4.460740534166258 0
19.59018095721932 6.027709146376343 0
19.0491451098064 6.864351045627733 0
18.05476385739955 6.813044316447644 0
18.50747058387115 7.700449644907337 0
24.26752779409893 -17.02759912334253 0
26.6352894512509 -23.82713697539432 0
18.77378697136665 2.531689289796913 0
16.14673729531821 -4.512816768790257 0
16.68783351100528 -5.348277152004 0
17.68143408044145 -5.29619279052553 0
17.23160548462345 -6.180628382136213 0
12.63678068369007 15.17321902136544 0
20.39353133222787 0.02757635261445686 0
12.81401186905303 11.72394280736491 0
13.80942555463125 11.77608146780583 0
13.26722112503187 12.61219131708626 0
22.01860498989132 -21.46686755869008 0
11.71111830196006 -15.09169010847855 0
13.09020100924458 16.06095339869557 0
14.81684689471261 21.32286195708973 0
16.23681076001716 -6.233498424777246 0
17.33400292892353 11.09431664584624 0
18.32908524545017 11.14294007604941 0
16.70585730293844 13.65273479308287 0
16.16519000423736 14.48933619358466 0
16.61956118068703 15.37524143058984 0
17.60108486917409 5.926341924917507 0
19.58073034569741 -3.47102241537883 0
22.83290956035469 10.51763784039889 0
23.29281455950718 3.748622005070215 0
18.85198474555593 -18.17716759888269 0
19.84585381286014 -18.12420550365439 0
8.144790104967784 -12.65269989699006 0
17.41514387627166 -0.1303942370791767 0
27.06863156428276 -22.90958919055125 0
13.25418937812841 3.108048346765403 0
13.79811314931287 2.271716301933167 0
14.2502333313356 3.159748051901662 0
14.79405342656619 2.324131246964481 0
20.5970905399252 15.66572693160247 0
21.05048600370037 16.46589405783144 0
23.07317027330921 -11.86756723457841 0
17.04220124765568 -21.72947947283279 0
17.9634693219829 8.538303614477988 0
18.95958983813951 8.588174424443466 0
19.41381710758235 9.4705424903468 0
17.51193820371293 7.649987347141449 0
19.50262693004751 7.750026794696705 0
16.88957143397601 19.70542057691483 0
17.49467245368654 -20.84105720856275 0
18.17013074559857 39.2715577313325 0
14.78116745213681 -16.66053482102898 0
15.7764230782576 -16.60874719611279 0
16.22937791796083 -15.72260853265379 0
15.32411843003389 -17.49705118317985 0
29.6099127451047 -21.86166654785658 0
14.06535970606144 -23.71293340192958 0
12.54887480043604 16.89694104764281 0
12.01038646355499 17.73224359210312 0
19.93787810587097 -19.84855307710261 0
7.355485906297803 -1.270954571967589 0
8.297103855690249 -0.6505910994486165 0
18.13399811714891 -4.409142285526443 0
12.24825288212552 -15.9284905562032 0
19.3031495881066 -17.28950849483392 0
12.35002065953086 -8.161404785375066 0
12.80244053574172 -7.274787675136009 0
15.05174520294659 -21.83430285360884 0
14.52671573660359 7.496915859132832 0
14.52165848444665 -2.007278425306065 0
17.77902706908921 2.479965520638677 0
13.07618153555208 6.558399014618031 0
13.53142737563505 7.445156031454708 0
9.999528048354302 -10.87485231227146 0
22.10556273218322 5.295830117204126 0
23.0044645579653 5.358723122291636 0
15.9569275770745 -20.05739824371629 0
13.70752735163116 3.996527546030379 0
13.52414171500518 -11.55287966386344 0
13.07246999037611 -12.4383770627633 0
24.07750732892366 8.891917371468546 0
24.50079006510279 7.955062878793123 0
15.2465713584758 3.212322252254909 0
15.15070981992239 -33.00646420730892 0
14.59951810861845 -22.72271634476215 0
16.07706800037223 16.21105233232908 0
18.23173935765828 3.367490136456698 0
13.07490655163702 -2.944779221814697 0
11.26555944588606 -6.491223024466588 0
15.95780186343925 -31.26869458849108 0
13.89845215394278 10.05301227469832 0
19.53754858148408 17.25763638000339 0
12.89196904446265 -8.99677811607194 0
16.96241797926364 -1.017374032718606 0
18.31520842579421 -7.845500696627644 0
11.23742366229107 -35.07153947463082 0
20.04306043531845 6.914085776959269 0
9.901376102365061 0.3392005546240147 0
13.632228319537 15.22350095695471 0
16.13902985320038 -23.50711644907541 0
12.34430605459483 -21.11080884024243 0
13.70614921829849 -5.502212500361965 0
14.80417818100027 11.82812625276467 0
14.26234711818275 12.6637911894392 0
17.22491686037433 -15.67197792247899 0
13.42442002469007 -19.32450920372563 0
10.6300132824088 5.567336496097561 0
8.597704385722514 7.16471075979547 0
14.34447776869059 -27.07422060933304 0
19.11854740882124 -23.31206203466477 0
10.9938075792952 -10.82295718384577 0
15.06805263188989 6.660676332400161 0
11.17280474183836 4.730396773349234 0
12.8804619916821 -18.48896938416323 0
10.26583976327041 2.953444693925382 0
19.57588415253626 -22.45693499955603 0
16.31939653467745 -17.4455274888833 0
15.59660924264429 -22.67157302108273 0
10.63209000705212 -13.43169338355391 0
23.14245907798052 7.00343724396298 0
10.74144574317939 13.35245869775193 0
15.69933434351956 4.100148985335026 0
16.95211001219176 -20.0051691336467 0
21.91654142269324 -10.24274335657512 0
17.95638460167364 -0.9660165063434019 0
20.94892333080242 8.684090576232851 0
18.99471107599964 18.1082144957211 0
14.88450265486134 0.6017480661397825 0
19.12866407882212 -4.356829234911248 0
22.07067398788843 -13.66850124030944 0
10.18999124397373 14.17858251129989 0
9.196618044703877 -8.391327245879367 0
9.723005530736376 3.791162696774551 0
13.54490801033837 16.9466586357271 0
20.22013446989689 3.471415845768731 0
10.64419993055841 -3.937579209439218 0
16.72535381883462 -26.01672262526889 0
27.1858736683492 1.440387752217922 0
25.79053327529902 9.227764928773601 0
15.33691760263146 1.48871198136594 0
14.51754444139947 -11.49986099645136 0
16.04695679824418 -21.78216587397273 0
13.88558863776836 -8.945395818033798 0
21.28965240101259 -17.18333575380813 0
19.03911359730291 -2.636164093235367 0
15.43409039698327 9.270678148848011 0
12.42756642529772 -19.37734674924318 0
18.22635086255963 -6.126649139020226 0
14.06926967853971 -2.893800493537862 0
21.3011225635989 1.802335851151099 0
15.44514372981443 18.76911400747015 0
16.49953281474934 -20.89351866374863 0
12.34771298687756 1.332371054967065 0
19.76769635728992 2.584599545908656 0
10.45464369021652 -9.989665300997219 0
12.38103969574763 20.33593863316505 0
10.17675105610685 4.678956362720815 0
9.721151025155899 13.28611477175111 0
9.498035830483275 -10.0428942960938 0
11.89781835890948 0.4455313626608398 0
18.94329509685753 -10.39768878573618 0
20.83946619170407 -18.07121967103707 0
13.34377790746403 -8.110378974887341 0
15.68745442601775 -14.88724522057358 0
13.70275394808386 -26.28144865647088 0
21.51269972827694 -24.25079317086727 0
16.43741641009103 18.82039317601564 0
22.01858735685697 -2.480944163366979 0
23.81161836183377 10.72791432235802 0
13.79602285397088 -7.223667796465817 0
14.06602109341042 -12.38479308690905 0
16.68255743985563 -14.83656261314048 0
19.49088423937354 -1.749137766861795 0
17.77455743278117 -7.012931744178603 0
15.59996041642858 -13.16698863061669 0
20.30850247856289 1.749765343619874 0
17.07134789042967 16.26208312970487 0
17.61308169260029 15.42592093800032 0
9.180324166461386 4.627857147341849 0
22.71046538422646 28.1563466365344 0
8.148543870695359 4.601544529197197 0
14.35112779004003 10.94053081359532 0
18.94987781356297 -0.9142525901932066 0
13.25441784078383 -6.388630195882028 0
12.92034827593082 19.50165073056901 0
22.4727496983358 -1.57508293129461 0
19.12280932231284 -13.84210731317521 0
16.32756400706209 -7.951946038958923 0
13.52743879537941 -2.058206979044804 0
22.21099396955134 15.20441081043793 0
23.37734144391331 -1.573243657169439 0
19.34421689896765 28.39055383922148 0
12.20398495685314 23.76839635439785 0
16.16819833832999 23.96747248396979 0
9.858790109656029 21.06910660745595 0
12.26018365276488 -6.439860240190698 0
19.85521350054369 0.8616156187300092 0
19.40227576558403 -0.02613590417997217 0
14.34222906535626 1.436587386650598 0
12.98504118153194 -1.222951148259757 0
11.71754716105162 -5.60492912727848 0
19.66215595657345 -14.67659337659405 0
13.34538766386408 1.384930110877519 0
15.43574127710797 28.19126605631879 0
16.41827498137098 -9.669759098201393 0
12.46712540130296 18.61697778556232 0
9.454027971730307 44.64161010575187 0
20.02569684638205 -12.06329170683712 0
10.7230725763732 -5.6558773113922 0
10.3160499847737 21.95754790815971 0
11.9915062500485 -1.274309328494869 0
14.43980814722521 9.218256689617242 0
22.37542720544761 -18.8529776648677 0
10.19581969195052 -4.824318809544057 0
19.86662159770695 10.3512775400558 0
10.99633313906081 8.178821238368906 0
18.76490212083005 30.83007858840546 0
9.41256537801147 -0.5481332264348251 0
18.86958126468716 10.30558450580029 0
16.77941361192067 -7.066151955987146 0
18.37625038182888 28.33864879237334 0
9.730329124703935 -4.013595188356112 0
13.98692321338586 8.331559055821963 0
10.89126831710415 9.919995960925799 0
9.895387781395355 9.871368572189768 0
23.9080817920719 -19.63137731721989 0
19.95491941828357 8.63532773526768 0
13.24523366133234 31.5392096761065 0
13.70264527011708 32.32955607297015 0
18.78704754838069 12.02348067525439 0
14.60631163314403 -13.21797619780727 0
23.46076902058883 -20.52288625925668 0
12.99056967911442 8.279829671139577 0
11.9937378892341 8.228770041527481 0
11.47376154980033 18.56559401140746 0
11.01804906811828 17.67989113105757 0
15.26672614856571 22.20475547654552 0
13.61406509911304 -13.26941800970616 0
10.56402700417135 16.79333384759561 0
11.44831037094839 -0.4411909331182536 0
9.522643483417827 16.71120336088536 0
30.77992709415599 -11.54826697444649 0
24.98980315575402 -21.29781116729592 0
13.16013183847113 -14.15639590792062 0
27.99384403885061 -13.50580456503361 0
12.16840327572669 -14.20755817230606 0
22.66136262201247 33.11181123084037 0
13.39244649425464 -36.50413881949848 0
10.43331482594807 -0.5123122372431399 0
24.10307628431996 -23.03358790505681 0
11.17262686481543 -14.25941249256076 0
10.20305543585321 -14.28815113363454 0
19.57404925138945 -12.95209379622951 0
37.59525842107836 -15.37435898433825 0
6.008517429560463 23.56594851962029 0
13.51589788979162 49.15420421386835 0
13.39414665777447 50.1746965466006 0
11.00646157887607 27.13034446592494 0
24.54779775779009 -22.1841728879239 0
7.146948102215781 6.440090211564991 0
11.04114855938353 -23.10487244930112 0
26.1549547143572 -15.26264211120558 0
18.2150989625418 -25.18995544459635 0
11.64480745298227 -32.13384284195228 0
12.5003974626837 -38.28495345377335 0
17.50844702903664 26.60245858368376 0
34.33872142638416 -14.39578034456825 0
33.78501210820669 2.12250717955079 0
18.91707775217482 27.528248723536 0
20.42630921858597 26.77044701012759 0
41.189135482247 -13.21970381827904 0
14.33460487690522 42.8490966958273 0
14.53011165030295 38.32562217771963 0
24.70269237268272 -37.14694140292382 0
12.44504750101037 51.58779940626182 0
13.56555200478526 35.54747941319222 0
11.71074768728447 -47.10413530278252 0
11.83576427592036 30.68512543593807 0
19.63492059545153 40.86928372720404 0
28.79289243498643 12.36322597251737 0
21.71071226292042 12.59444150728737 0
9.406069296317241 12.34415561064166 0
12.30924088700381 38.9403620513504 0
19.47529968724556 26.69148494080237 0
16.3215314252559 -28.63784325827721 0
17.61376284578154 -35.37815921783553 0
25.12756708892677 -1.405584863864998 0
12.68854367835593 -44.09350795040894 0
39.36797750264954 -14.91715433253228 0
14.24716787552206 50.65683006414239 0
11.06351995005858 43.48123125580918 0
25.63515451144873 7.673108332983793 0
13.5175398633455 -30.6317230514987 0
7.891600618561783 0.393947760588248 0
32.30278952231911 2.540034195856721 0
12.10212804365335 -20.19065136528251 0
20.62834614956774 17.24095190070359 0
8.640636381877899 43.95688662427772 0
21.57029009396362 -35.16086824193717 0
7.873769648910149 1.961209508594396 0
14.66800235809458 46.7217236468105 0
14.24300524920639 -34.72566315734427 0
13.84874859406036 44.39247602938593 0
7.001558921161131 0.6943292543695574 0
7.827079581907938 22.82984932382944 0
6.728394232459956 18.62659490943471 0
23.40512089052609 -10.9224793089147 0
15.82074837549189 -33.68203251918485 0
24.74643982808573 -39.36955061154634 0
25.57720147595039 -14.44757973257246 0
26.74729870727912 -17.71302832085076 0
12.92867022280579 45.10145913320535 0
13.4632925364491 -38.12832246407275 0
32.39976378120332 11.91137110151601 0
13.26242598425029 37.23521502366283 0
24.22246319607837 3.539384848172542 0
9.755148228904398 -16.72951181327524 0
13.23184997163771 -31.53078518223806 0
8.334535561079088 -6.573439549123417 0
29.45310276563869 -12.22363110239732 0
36.55447186059231 -15.34284839463887 0
21.68132493897918 17.09132456003187 0
26.27353397139494 -18.67145661959319 0
7.648717681173808 -13.56899075832835 0
9.203362679267347 -3.181740160429212 0
21.15382890609662 14.97352176677136 0
22.00095803178391 30.54984825659427 0
9.577135707294635 -33.68105773627268 0
8.875509577328783 -35.36661202665879 0
19.19486618331695 22.45141010400478 0
29.30332801454415 1.890179634767394 0
12.36780080432414 29.82221611360279 0
9.338838585359543 -36.86634324947835 0
16.61911146957772 -32.10434474509658 0
37.18539053337209 1.253852983339602 0
13.4109711524396 -40.11583592695911 0
5.732046963538115 25.44764433976523 0
14.64855610139235 32.3540726214457 0
14.1145058102405 33.22564360286544 0
14.67239695767751 39.24015154901537 0
6.808884522988662 3.649116271860688 0
8.96629508104024 19.20799407042231 0
25.45829327003556 -24.77653952221031 0
19.64063575389085 19.8797616516329 0
9.375864131404324 10.58335865275775 0
8.333924607258789 -4.870735409864911 0
35.58103004158136 1.405827299219307 0
29.23286938727636 -20.32707465438084 0
7.61718332429745 -11.82107758881738 0
8.307935757720859 14.12233765466512 0
22.31157151977273 26.850576785252 0
14.32317771212006 -25.37658279042311 0
8.661049732326005 24.35739280304569 0
23.95025281728623 -40.34090791869517 0
15.23164945627097 29.84877547322869 0
14.989349943988 41.16274745446531 0
31.43706311740229 -13.94153781279231 0
22.98076535279061 -13.59742511079399 0
16.31105085249852 29.88944653850113 0
11.2262542999604 -46.31911314647421 0
12.51001256825653 41.14678018944412 0
40.28417408753673 -14.82384806357222 0
27.59126006263006 -25.33944142273393 0
23.36520495187195 -24.75775659684414 0
26.56530443776586 0.5407409928002099 0
20.97031996447326 26.15617111018827 0
28.17326625604611 10.59832961192365 0
12.96318688135223 -39.43176192237557 0
19.55198601285973 -24.0986029469349 0
8.227053999302974 -8.134323702355674 0
7.659535670196672 18.42181365963789 0
5.928743557960146 -13.33191169527708 0
19.78224748628974 30.86472735233098 0
8.060964102570448 7.871549981984498 0
9.076191762411531 -9.329951891112215 0
34.54649392745048 2.62395339511132 0
10.78802119223899 -22.34599994390408 0
23.04624834428488 -5.817630890739039 0
18.72477510360162 40.6697982366378 0
22.19680658850813 -9.264858184031461 0
11.56652789717854 -38.51896577971919 0
15.18821774369401 31.52414709862059 0
18.01114634312958 38.25532929991795 0
21.92639748252232 29.71798596923026 0
24.58502252016875 -23.67837407260549 0
28.56930059991227 -18.05255864775747 0
20.86858189781102 14.23282902674484 0
15.09960415852654 33.1038698774 0
9.807272302060602 -15.0930209558628 0
25.22629520009914 8.533522487028161 0
11.85053554301583 42.84803565422594 0
12.762683660047 49.49957888951064 0
30.80093564967098 -16.71809865809146 0
30.07932999445777 11.76180645657547 0
17.71737597503488 -32.56828701344592 0
21.83912316494899 26.10618612593453 0
14.4065348546671 -36.3118699668205 0
7.601198215944706 -14.77791859979116 0
8.99739888529432 -1.304295361992448 0
9.006988026265368 21.12799766505665 0
23.73094677962056 12.66244007705267 0
26.28964539955789 11.45745426327611 0
6.801293403832386 5.551972821919286 0
23.49377525788251 -5.08657867635123 0
39.55425920263905 -15.81745311859257 0
41.07123475534541 -15.14006877143469 0
33.59773007996312 -13.02871642848219 0
28.1183203668644 1.00025907412595 0
31.60413641605685 -10.93132377298867 0
25.5542433770664 -12.74208990068414 0
26.22765720770161 -13.13928011981475 0
24.8068219224254 -2.279372504701356 0
13.19320299168124 -23.5734348337504 0
7.526551416330577 23.83279271092138 0
11.50271678633883 -21.72640671787146 0
23.9408687372968 -4.154555487737428 0
30.62508281060142 12.35088101474206 0
26.13535579419364 3.753254100737475 0
16.43394122683196 38.40865600040824 0
14.25692793177014 34.8350105636522 0
11.36140733358432 -48.66961372023374 0
24.38327831396088 -3.213081692067683 0
35.82896548466173 -14.42385346009304 0
8.466922789892363 -37.01056924784358 0
30.62476249087755 -15.16764685596996 0
9.514188007397934 45.4292210630693 0
11.63608386336289 -41.75937424767612 0
21.62818626898823 -6.746626003639204 0
20.21058772954014 33.46546007175536 0
8.287037425619863 15.71377136416749 0
28.51402764714906 -20.419996017869 0
31.50644866219477 2.298442593698019 0
16.30527049450995 -30.33756990256569 0
16.91156528780449 -31.10587865564605 0
23.08842328264485 11.3282710911086 0
23.2767871234848 26.8043061070487 0
9.889464974364321 -37.46001715947695 0
9.013203719216348 46.58460492490619 0
10.31473925546922 25.28099301621063 0
10.2106327392791 43.25135851997216 0
12.85651592998133 50.81692991853977 0
10.74190862867855 45.94733406972456 0
24.02599138857916 7.293010738313039 0
24.19395132541569 9.847882402198595 0
23.3636231215094 6.102208821282283 0
8.72480837876903 -15.0204305948894 0
10.92209352997519 -47.83410441229405 0
36.73494778170009 -12.73885850669097 0
13.66665746696321 38.11615715599005 0
28.74112019847878 -17.25137261599504 0
17.53709601625398 -25.89911649204811 0
8.128099766858465 9.981562175986911 0
29.75785291055938 -24.56020516771034 0
29.0765347238702 -25.15471045495365 0
24.2222310534175 -1.532578672106633 0
12.44789006980222 -24.08789569862244 0
20.18294165749469 31.5990091567865 0
26.28979111249586 8.621140775258443 0
5.331614531415171 -12.86104927655152 0
12.38641099197601 -41.6834552775949 0
34.74096774183838 -15.30392353219356 0
7.219442689581605 26.21864890056941 0
24.66385852216634 -14.66738617289629 0
11.62164474353487 39.68265627065743 0
6.699699877365362 -13.18633971534077 0
33.62024123892082 -14.73039059774568 0
9.563640894627952 26.43369348326172 0
13.97448574584651 34.089602271983 0
20.0538995268453 22.6084202568214 0
16.74993205814618 -35.72593542043567 0
31.77250417879344 11.43445700989612 0
10.72341319378756 -19.77590657517478 0
20.61641159768515 -24.91804840331352 0
32.4190607809067 -11.46156194301554 0
33.06709373320552 -9.615949842902381 0
17.18921967144471 -28.59430956176594 0
10.04278052832007 11.71151715559879 0
23.25030738833069 -35.773691601775 0
23.67157463725899 28.33121075283852 0
33.94960140961143 3.228994515356383 0
14.00684633885527 46.16341016229224 0
13.96035143038839 -24.63023767403541 0
23.29948458417546 -12.67882742225907 0
20.11197512371147 -35.85883934473934 0
30.11739312510174 2.06798273543453 0
11.5586251688493 -45.31291079906126 0
27.19804344209495 -20.44004039819877 0
16.30214316288306 40.92112412015658 0
14.78655115174397 40.23004505701638 0
11.79392108465422 50.8387387301438 0
15.28001849690575 -34.59730115656296 0
9.986146745835999 -34.43611373150605 0
26.88118814917258 -12.71156793123688 0
10.42802900764712 -46.29312995424453 0
17.81547914197001 -27.3963097152498 0
27.39325779354309 -24.46847314259739 0
13.55599623228593 -27.19591345532739 0
12.96241803642844 -27.71114934157116 0
13.03911913211932 47.09427234917506 0
21.59975897802001 -8.675869322485255 0
7.61695988353188 1.166759287192111 0
13.13789113117256 38.71206811492106 0
29.37224934492503 -12.88699791745849 0
30.14301238543956 -16.40654702921567 0
36.44559725679685 1.09522195283646 0
7.774975541457877 -9.987659487210291 0
15.76001297064954 -29.48269500503852 0
33.89267453367339 -11.83251849534612 0
6.380915143955519 26.75074250372627 0
21.4824334127231 29.20140721101654 0
11.830997233441 -44.31593687823558 0
29.16006742446071 -26.02666366213025 0
6.386674807881108 25.0514612996252 0
19.33974897165875 -35.37208736149374 0
6.42067228062982 25.87139086806495 0
31.21530841343566 -23.93412394353048 0
15.99200613235029 -32.80418861451693 0
23.38155465781079 4.651005968273209 0
35.11519546203358 -14.67203542385887 0
15.62474103107136 36.70767376773929 0
12.88311866090654 -43.1459751122516 0
11.3131049325544 -39.39158043765359 0
7.82602712950325 6.99856825246246 0
19.91371780855382 24.04879847975419 0
28.40209394383678 11.51809324985047 0
11.70869662767732 -22.64686479519964 0
16.01247780265804 37.7011603258507 0
23.69441200212824 -0.8552777723330556 0
20.93990340387024 34.58194289834002 0
20.33107596870592 24.93862630644474 0
13.22393754749478 32.94122824436888 0
9.581652963082425 -35.16061232006864 0
21.01655500601908 33.82557174017633 0
12.92555115864805 52.285197215743 0
22.76797357544358 27.41659348036656 0
30.06102816579581 -20.19979871870708 0
26.07411873589442 -0.2546398224209567 0
19.09839971705374 -24.83597427517656 0
20.4111100910577 13.66280881617675 0
5.725420428858977 27.09636479217507 0
14.11191897409828 51.37326182594069 0
18.70840135688624 39.90782573530513 0
7.09131777851017 -11.13598618687563 0
32.87587394603198 2.100395161155295 0
21.80627021816554 -35.92527903999547 0
9.840609608230748 -2.411679017590674 0
30.55647586210684 -25.55056135496132 0
21.77608470453087 11.86170068740144 0
26.12720090780291 -24.53187520719306 0
40.47552168751784 -13.88751428760003 0
26.15614432914072 12.17027173456252 0
27.33100531212818 9.521027098990531 0
8.04750013697412 -5.826360162289768 0
19.05229865626767 20.51478467211837 0
28.90817733827236 -16.50793617355984 0
38.13722251167952 -14.90108043958174 0
15.34770663438227 41.98224214672675 0
13.27160185417218 -28.34070507342327 0
25.55797664809292 -11.89853158819143 0
21.3819902416875 15.75651601702965 0
20.15593974284893 19.22067066444355 0
22.91231057621193 30.47527802741286 0
29.28939990515011 11.63349069451299 0
8.198442648904763 19.02611077458125 0
12.2684308579009 -42.50478924450511 0
8.950143224910365 -4.188723849042712 0
13.59501939452268 50.94672862163839 0
11.1006234927941 51.0153972246506 0
9.550338082644478 43.86909783462794 0
23.10649969430688 0.3170852992614886 0
24.13878829075353 -38.88682239120285 0
29.62893437377667 -20.92510723481398 0
23.83001716710453 -6.892737388280704 0
21.96191211699593 28.3985935405624 0
29.91806759429468 -11.75216517103243 0
26.16348971510146 -13.84790632499631 0
19.2337067443955 39.24547220973626 0
25.67639604301904 6.26328280097788 0
10.72232211890869 -34.50654765872093 0
12.99657902918397 -38.78775588119049 0
30.1736429792857 -15.69601966525937 0
2 5 0 1
3635
36.40524083264567 12.20347379000534 5.983485911807554e-18
2 6 0 2629
3636
3637
3638
3639
3640
3641
3642
3643
3644
3645
3646
3647
3648
3649
3650
3651
3652
3653
3654
3655
3656
3657
3658
3659
3660
3661
3662
3663
3664
3665
3666
3667
3668
3669
3670
3671
3672
3673
3674
3675
3676
3677
3678
3679
3680
3681
3682
3683
3684
3685
3686
3687
3688
3689
3690
3691
3692
3693
3694
3695
3696
3697
3698
3699
3700
3701
3702
3703
3704
3705
3706
3707
3708
3709
3710
3711
3712
3713
3714
3715
3716
3717
3718
3719
3720
3721
3722
3723
3724
3725
3726
3727
3728
3729
3730
3731
3732
3733
3734
3735
3736
3737
3738
3739
3740
3741
3742
3743
3744
3745
3746
3747
3748
3749
3750
3751
3752
3753
3754
3755
3756
3757
3758
3759
3760
3761
3762
3763
3764
3765
3766
3767
3768
3769
3770
3771
3772
3773
3774
3775
3776
3777
3778
3779
3780
3781
3782
3783
3784
3785
3786
3787
3788
3789
3790
3791
3792
3793
3794
3795
3796
3797
3798
3799
3800
3801
3802
3803
3804
3805
3806
3807
3808
3809
3810
3811
3812
3813
3814
3815
3816
3817
3818
3819
3820
3821
3822
3823
3824
3825
3826
3827
3828
3829
3830
3831
3832
3833
3834
3835
3836
3837
3838
3839
3840
3841
3842
3843
3844
3845
3846
3847
3848
3849
3850
3851
3852
3853
3854
3855
3856
3857
3858
3859
3860
3861
3862
3863
3864
3865
3866
3867
3868
3869
3870
3871
3872
3873
3874
3875
3876
3877
3878
3879
3880
3881
3882
3883
3884
3885
3886
3887
3888
3889
3890
3891
3892
3893
3894
3895
3896
3897
3898
3899
3900
3901
3902
3903
3904
3905
3906
3907
3908
3909
3910
3911
3912
3913
3914
3915
3916
3917
3918
3919
3920
3921
3922
3923
3924
3925
3926
3927
3928
3929
3930
3931
3932
3933
3934
3935
3936
3937
3938
3939
3940
3941
3942
3943
3944
3945
3946
3947
3948
3949
3950
3951
3952
3953
3954
3955
3956
3957
3958
3959
3960
3961
3962
3963
3964
3965
3966
3967
3968
3969
3970
3971
3972
3973
3974
3975
3976
3977
3978
3979
3980
3981
3982
3983
3984
3985
3986
3987
3988
3989
3990
3991
3992
3993
3994
3995
3996
3997
3998
3999
4000
4001
4002
4003
4004
4005
4006
4007
4008
4009
4010
4011
4012
4013
4014
4015
4016
4017
4018
4019
4020
4021
4022
4023
4024
4025
4026
4027
4028
4029
4030
4031
4032
4033
4034
4035
4036
4037
4038
4039
4040
4041
4042
4043
4044
4045
4046
4047
4048
4049
4050
4051
4052
4053
4054
4055
4056
4057
4058
4059
4060
4061
4062
4063
4064
4065
4066
4067
4068
4069
4070
4071
4072
4073
4074
4075
4076
4077
4078
4079
4080
4081
4082
4083
4084
4085
4086
4087
4088
4089
4090
4091
4092
4093
4094
4095
4096
4097
4098
4099
4100
4101
4102
4103
4104
4105
4106
4107
4108
4109
4110
4111
4112
4113
4114
4115
4116
4117
4118
4119
4120
4121
4122
4123
4124
4125
4126
4127
4128
4129
4130
4131
4132
4133
4134
4135
4136
4137
4138
4139
4140
4141
4142
4143
4144
4145
4146
4147
4148
4149
4150
4151
4152
4153
4154
4155
4156
4157
4158
4159
4160
4161
4162
4163
4164
4165
4166
4167
4168
4169
4170
4171
4172
4173
4174
4175
4176
4177
4178
4179
4180
4181
4182
4183
4184
4185
4186
4187
4188
4189
4190
4191
4192
4193
4194
4195
4196
4197
4198
4199
4200
4201
4202
4203
4204
4205
4206
4207
4208
4209
4210
4211
4212
4213
4214
4215
4216
4217
4218
4219
4220
4221
4222
4223
4224
4225
4226
4227
4228
4229
4230
4231
4232
4233
4234
4235
4236
4237
4238
4239
4240
4241
4242
4243
4244
4245
4246
4247
4248
4249
4250
4251
4252
4253
4254
4255
4256
4257
4258
4259
4260
4261
4262
4263
4264
4265
4266
4267
4268
4269
4270
4271
4272
4273
4274
4275
4276
4277
4278
4279
4280
4281
4282
4283
4284
4285
4286
4287
4288
4289
4290
4291
4292
4293
4294
4295
4296
4297
4298
4299
4300
4301
4302
4303
4304
4305
4306
4307
4308
4309
4310
4311
4312
4313
4314
4315
4316
4317
4318
4319
4320
4321
4322
4323
4324
4325
4326
4327
4328
4329
4330
4331
4332
4333
4334
4335
4336
4337
4338
4339
4340
4341
4342
4343
4344
4345
4346
4347
4348
4349
4350
4351
4352
4353
4354
4355
4356
4357
4358
4359
4360
4361
4362
4363
4364
4365
4366
4367
4368
4369
4370
4371
4372
4373
4374
4375
4376
4377
4378
4379
4380
4381
4382
4383
4384
4385
4386
4387
4388
4389
4390
4391
4392
4393
4394
4395
4396
4397
4398
4399
4400
4401
4402
4403
4404
4405
4406
4407
4408
4409
4410
4411
4412
4413
4414
4415
4416
4417
4418
4419
4420
4421
4422
4423
4424
4425
4426
4427
4428
4429
4430
4431
4432
4433
4434
4435
4436
4437
4438
4439
4440
4441
4442
4443
4444
4445
4446
4447
4448
4449
4450
4451
4452
4453
4454
4455
4456
4457
4458
4459
4460
4461
4462
4463
4464
4465
4466
4467
4468
4469
4470
4471
4472
4473
4474
4475
4476
4477
4478
4479
4480
4481
4482
4483
4484
4485
4486
4487
4488
4489
4490
4491
4492
4493
4494
4495
4496
4497
4498
4499
4500
4501
4502
4503
4504
4505
4506
4507
4508
4509
4510
4511
4512
4513
4514
4515
4516
4517
4518
4519
4520
4521
4522
4523
4524
4525
4526
4527
4528
4529
4530
4531
4532
4533
4534
4535
4536
4537
4538
4539
4540
4541
4542
4543
4544
4545
4546
4547
4548
4549
4550
4551
4552
4553
4554
4555
4556
4557
4558
4559
4560
4561
4562
4563
4564
4565
4566
4567
4568
4569
4570
4571
4572
4573
4574
4575
4576
4577
4578
4579
4580
4581
4582
4583
4584
4585
4586
4587
4588
4589
4590
4591
4592
4593
4594
4595
4596
4597
4598
4599
4600
4601
4602
4603
4604
4605
4606
4607
4608
4609
4610
4611
4612
4613
4614
4615
4616
4617
4618
4619
4620
4621
4622
4623
4624
4625
4626
4627
4628
4629
4630
4631
4632
4633
4634
4635
4636
4637
4638
4639
4640
4641
4642
4643
4644
4645
4646
4647
4648
4649
4650
4651
4652
4653
4654
4655
4656
4657
4658
4659
4660
4661
4662
4663
4664
4665
4666
4667
4668
4669
4670
4671
4672
4673
4674
4675
4676
4677
4678
4679
4680
4681
4682
4683
4684
4685
4686
4687
4688
4689
4690
4691
4692
4693
4694
4695
4696
4697
4698
4699
4700
4701
4702
4703
4704
4705
4706
4707
4708
4709
4710
4711
4712
4713
4714
4715
4716
4717
4718
4719
4720
4721
4722
4723
4724
4725
4726
4727
4728
4729
4730
4731
4732
4733
4734
4735
4736
4737
4738
4739
4740
4741
4742
4743
4744
4745
4746
4747
4748
4749
4750
4751
4752
4753
4754
4755
4756
4757
4758
4759
4760
4761
4762
4763
4764
4765
4766
4767
4768
4769
4770
4771
4772
4773
4774
4775
4776
4777
4778
4779
4780
4781
4782
4783
4784
4785
4786
4787
4788
4789
4790
4791
4792
4793
4794
4795
4796
4797
4798
4799
4800
4801
4802
4803
4804
4805
4806
4807
4808
4809
4810
4811
4812
4813
4814
4815
4816
4817
4818
4819
4820
4821
4822
4823
4824
4825
4826
4827
4828
4829
4830
4831
4832
4833
4834
4835
4836
4837
4838
4839
4840
4841
4842
4843
4844
4845
4846
4847
4848
4849
4850
4851
4852
4853
4854
4855
4856
4857
4858
4859
4860
4861
4862
4863
4864
4865
4866
4867
4868
4869
4870
4871
4872
4873
4874
4875
4876
4877
4878
4879
4880
4881
4882
4883
4884
4885
4886
4887
4888
4889
4890
4891
4892
4893
4894
4895
4896
4897
4898
4899
4900
4901
4902
4903
4904
4905
4906
4907
4908
4909
4910
4911
4912
4913
4914
4915
4916
4917
4918
4919
4920
4921
4922
4923
4924
4925
4926
4927
4928
4929
4930
4931
4932
4933
4934
4935
4936
4937
4938
4939
4940
4941
4942
4943
4944
4945
4946
4947
4948
4949
4950
4951
4952
4953
4954
4955
4956
4957
4958
4959
4960
4961
4962
4963
4964
4965
4966
4967
4968
4969
4970
4971
4972
4973
4974
4975
4976
4977
4978
4979
4980
4981
4982
4983
4984
4985
4986
4987
4988
4989
4990
4991
4992
4993
4994
4995
4996
4997
4998
4999
5000
5001
5002
5003
5004
5005
5006
5007
5008
5009
5010
5011
5012
5013
5014
5015
5016
5017
5018
5019
5020
5021
5022
5023
5024
5025
5026
5027
5028
5029
5030
5031
5032
5033
5034
5035
5036
5037
5038
5039
5040
5041
5042
5043
5044
5045
5046
5047
5048
5049
5050
5051
5052
5053
5054
5055
5056
5057
5058
5059
5060
5061
5062
5063
5064
5065
5066
5067
5068
5069
5070
5071
5072
5073
5074
5075
5076
5077
5078
5079
5080
5081
5082
5083
5084
5085
5086
5087
5088
5089
5090
5091
5092
5093
5094
5095
5096
5097
5098
5099
5100
5101
5102
5103
5104
5105
5106
5107
5108
5109
5110
5111
5112
5113
5114
5115
5116
5117
5118
5119
5120
5121
5122
5123
5124
5125
5126
5127
5128
5129
5130
5131
5132
5133
5134
5135
5136
5137
5138
5139
5140
5141
5142
5143
5144
5145
5146
5147
5148
5149
5150
5151
5152
5153
5154
5155
5156
5157
5158
5159
5160
5161
5162
5163
5164
5165
5166
5167
5168
5169
5170
5171
5172
5173
5174
5175
5176
5177
5178
5179
5180
5181
5182
5183
5184
5185
5186
5187
5188
5189
5190
5191
5192
5193
5194
5195
5196
5197
5198
5199
5200
5201
5202
5203
5204
5205
5206
5207
5208
5209
5210
5211
5212
5213
5214
5215
5216
5217
5218
5219
5220
5221
5222
5223
5224
5225
5226
5227
5228
5229
5230
5231
5232
5233
5234
5235
5236
5237
5238
5239
5240
5241
5242
5243
5244
5245
5246
5247
5248
5249
5250
5251
5252
5253
5254
5255
5256
5257
5258
5259
5260
5261
5262
5263
5264
5265
5266
5267
5268
5269
5270
5271
5272
5273
5274
5275
5276
5277
5278
5279
5280
5281
5282
5283
5284
5285
5286
5287
5288
5289
5290
5291
5292
5293
5294
5295
5296
5297
5298
5299
5300
5301
5302
5303
5304
5305
5306
5307
5308
5309
5310
5311
5312
5313
5314
5315
5316
5317
5318
5319
5320
5321
5322
5323
5324
5325
5326
5327
5328
5329
5330
5331
5332
5333
5334
5335
5336
5337
5338
5339
5340
5341
5342
5343
5344
5345
5346
5347
5348
5349
5350
5351
5352
5353
5354
5355
5356
5357
5358
5359
5360
5361
5362
5363
5364
5365
5366
5367
5368
5369
5370
5371
5372
5373
5374
5375
5376
5377
5378
5379
5380
5381
5382
5383
5384
5385
5386
5387
5388
5389
5390
5391
5392
5393
5394
5395
5396
5397
5398
5399
5400
5401
5402
5403
5404
5405
5406
5407
5408
5409
5410
5411
5412
5413
5414
5415
5416
5417
5418
5419
5420
5421
5422
5423
5424
5425
5426
5427
5428
5429
5430
5431
5432
5433
5434
5435
5436
5437
5438
5439
5440
5441
5442
5443
5444
5445
5446
5447
5448
5449
5450
5451
5452
5453
5454
5455
5456
5457
5458
5459
5460
5461
5462
5463
5464
5465
5466
5467
5468
5469
5470
5471
5472
5473
5474
5475
5476
5477
5478
5479
5480
5481
5482
5483
5484
5485
5486
5487
5488
5489
5490
5491
5492
5493
5494
5495
5496
5497
5498
5499
5500
5501
5502
5503
5504
5505
5506
5507
5508
5509
5510
5511
5512
5513
5514
5515
5516
5517
5518
5519
5520
5521
5522
5523
5524
5525
5526
5527
5528
5529
5530
5531
5532
5533
5534
5535
5536
5537
5538
5539
5540
5541
5542
5543
5544
5545
5546
5547
5548
5549
5550
5551
5552
5553
5554
5555
5556
5557
5558
5559
5560
5561
5562
5563
5564
5565
5566
5567
5568
5569
5570
5571
5572
5573
5574
5575
5576
5577
5578
5579
5580
5581
5582
5583
5584
5585
5586
5587
5588
5589
5590
5591
5592
5593
5594
5595
5596
5597
5598
5599
5600
5601
5602
5603
5604
5605
5606
5607
5608
5609
5610
5611
5612
5613
5614
5615
5616
5617
5618
5619
5620
5621
5622
5623
5624
5625
5626
5627
5628
5629
5630
5631
5632
5633
5634
5635
5636
5637
5638
5639
5640
5641
5642
5643
5644
5645
5646
5647
5648
5649
5650
5651
5652
5653
5654
5655
5656
5657
5658
5659
5660
5661
5662
5663
5664
5665
5666
5667
5668
5669
5670
5671
5672
5673
5674
5675
5676
5677
5678
5679
5680
5681
5682
5683
5684
5685
5686
5687
5688
5689
5690
5691
5692
5693
5694
5695
5696
5697
5698
5699
5700
5701
5702
5703
5704
5705
5706
5707
5708
5709
5710
5711
5712
5713
5714
5715
5716
5717
5718
5719
5720
5721
5722
5723
5724
5725
5726
5727
5728
5729
5730
5731
5732
5733
5734
5735
5736
5737
5738
5739
5740
5741
5742
5743
5744
5745
5746
5747
5748
5749
5750
5751
5752
5753
5754
5755
5756
5757
5758
5759
5760
5761
5762
5763
5764
5765
5766
5767
5768
5769
5770
5771
5772
5773
5774
5775
5776
5777
5778
5779
5780
5781
5782
5783
5784
5785
5786
5787
5788
5789
5790
5791
5792
5793
5794
5795
5796
5797
5798
5799
5800
5801
5802
5803
5804
5805
5806
5807
5808
5809
5810
5811
5812
5813
5814
5815
5816
5817
5818
5819
5820
5821
5822
5823
5824
5825
5826
5827
5828
5829
5830
5831
5832
5833
5834
5835
5836
5837
5838
5839
5840
5841
5842
5843
5844
5845
5846
5847
5848
5849
5850
5851
5852
5853
5854
5855
5856
5857
5858
5859
5860
5861
5862
5863
5864
5865
5866
5867
5868
5869
5870
5871
5872
5873
5874
5875
5876
5877
5878
5879
5880
5881
5882
5883
5884
5885
5886
5887
5888
5889
5890
5891
5892
5893
5894
5895
5896
5897
5898
5899
5900
5901
5902
5903
5904
5905
5906
5907
5908
5909
5910
5911
5912
5913
5914
5915
5916
5917
5918
5919
5920
5921
5922
5923
5924
5925
5926
5927
5928
5929
5930
5931
5932
5933
5934
5935
5936
5937
5938
5939
5940
5941
5942
5943
5944
5945
5946
5947
5948
5949
5950
5951
5952
5953
5954
5955
5956
5957
5958
5959
5960
5961
5962
5963
5964
5965
5966
5967
5968
5969
5970
5971
5972
5973
5974
5975
5976
5977
5978
5979
5980
5981
5982
5983
5984
5985
5986
5987
5988
5989
5990
5991
5992
5993
5994
5995
5996
5997
5998
5999
6000
6001
6002
6003
6004
6005
6006
6007
6008
6009
6010
6011
6012
6013
6014
6015
6016
6017
6018
6019
6020
6021
6022
6023
6024
6025
6026
6027
6028
6029
6030
6031
6032
6033
6034
6035
6036
6037
6038
6039
6040
6041
6042
6043
6044
6045
6046
6047
6048
6049
6050
6051
6052
6053
6054
6055
6056
6057
6058
6059
6060
6061
6062
6063
6064
6065
6066
6067
6068
6069
6070
6071
6072
6073
6074
6075
6076
6077
6078
6079
6080
6081
6082
6083
6084
6085
6086
6087
6088
6089
6090
6091
6092
6093
6094
6095
6096
6097
6098
6099
6100
6101
6102
6103
6104
6105
6106
6107
6108
6109
6110
6111
6112
6113
6114
6115
6116
6117
6118
6119
6120
6121
6122
6123
6124
6125
6126
6127
6128
6129
6130
6131
6132
6133
6134
6135
6136
6137
6138
6139
6140
6141
6142
6143
6144
6145
6146
6147
6148
6149
6150
6151
6152
6153
6154
6155
6156
6157
6158
6159
6160
6161
6162
6163
6164
6165
6166
6167
6168
6169
6170
6171
6172
6173
6174
6175
6176
6177
6178
6179
6180
6181
6182
6183
6184
6185
6186
6187
6188
6189
6190
6191
6192
6193
6194
6195
6196
6197
6198
6199
6200
6201
6202
6203
6204
6205
6206
6207
6208
6209
6210
6211
6212
6213
6214
6215
6216
6217
6218
6219
6220
6221
6222
6223
6224
6225
6226
6227
6228
6229
6230
6231
6232
6233
6234
6235
6236
6237
6238
6239
6240
6241
6242
6243
6244
6245
6246
6247
6248
6249
6250
6251
6252
6253
6254
6255
6256
6257
6258
6259
6260
6261
6262
6263
6264
16.36911987997032 46.9017540310826 0
3.833400357372618 -30.015418540517 0
33.17577245692843 -34.89770067162908 0
30.69379486121706 23.57096145004854 0
27.32371430358291 -47.7396173547367 0
27.95458726582974 -38.25263809202895 0
32.97208693779676 13.26389253278622 0
22.9293271218617 46.54637659568039 0
27.25200317351243 -36.92122856291596 0
28.67016569192343 30.73169351940787 0
24.41927043600937 -42.05973174646377 0
33.96461158965075 20.31451322931299 0
32.81430678291414 30.35407307427824 0
6.597173616795477 -41.31254794400544 0
25.16891668464989 27.27960528486289 0
1.908902941229021 31.83056742829858 0
36.16902544294251 -19.6890423730968 0
32.72989049637467 -42.36940021189187 0
10.36129493739459 -50.18621826824217 0
27.91874938189612 -39.07604834015216 0
28.65854180651105 -38.69033025996808 0
35.40316025677679 28.94547912185847 0
19.34022766464076 50.78517011526948 0
6.106918154929815 28.35246976998636 0
10.71807584098266 -51.07771656919895 0
30.87795681212657 13.96360037781853 0
0.9155652865593171 -32.90049902547337 0
24.71892909888182 45.42267565379629 0
1.695451544868561 -18.21328432493067 0
3.826854935016542 -36.60746780455603 0
3.502741490830929 -36.22252198260389 0
20.06747524575168 42.72815639110011 0
7.11465556471615 34.10967330451307 0
37.1455155711308 17.76472912471963 0
29.54087842586083 47.00595894771713 0
27.24547181826182 38.40107255593456 0
22.05412515620894 -45.71568425397876 0
22.51977353069373 -45.41482232035688 0
21.53714009561008 -46.16813507241731 0
30.6595174965173 -43.6139348906628 0
18.83527580322741 50.21306219067456 0
4.044646716327676 -36.08787232735155 0
3.475083250879261 -37.83932401807119 0
9.760196369477853 -50.93573993649148 0
31.24023406588362 19.96542036516696 0
4.40268139394086 -21.33394063147037 0
10.1212054136017 -51.83531602448089 0
26.77153014479746 32.73633781590005 0
7.554588019873222 -33.93722544504882 0
7.265611562068529 33.25245908976068 0
24.98881461621714 -35.20525781257474 0
3.658845527761133 -35.64220345060392 0
24.46341499356982 38.93240154451031 0
19.574822340759 50.05040407549323 0
24.85265636389661 -30.38075683478317 0
29.12637740808576 33.17293170736734 0
33.75199836170791 23.54598945022944 0
22.55257581020772 -45.97636721898451 0
23.02738478788633 -45.69947410606369 0
36.0236025138618 -20.3694941705359 0
35.50759797495832 -19.84746957560774 0
36.0747766225764 13.28282686673944 0
1.710636343554171 35.13615577664024 0
39.6271609222935 -29.12059709836067 0
1.268038490717673 -40.94659390928013 0
22.77742191850226 -41.96970884021499 0
32.13957656817818 44.6848887000538 0
34.54933420225444 -37.23349307619368 0
27.86800557432013 23.86387286534049 0
6.728048558425955 -16.65212012174453 0
31.72944416911636 -31.26488684774472 0
32.1460939364058 37.67626085317524 0
27.85172684960628 41.71665739299561 0
6.419342909336693 33.54532944670689 0
5.516135807982651 -9.126083924310608 0
28.6210436794561 -39.53314247371955 0
29.37924874220224 -39.14312242090879 0
29.41408405885035 -38.28992033670959 0
30.14380057156855 -38.74585753335086 0
13.26193607301866 -55.83557693966357 0
22.5959598952099 -44.87715136109517 0
4.875726509260637 -52.36548659239659 0
26.6760408257844 -10.67215308264449 0
40.41840511690297 -33.06184733721911 0
5.746628312865604 15.44371033393037 0
4.164283541895692 -36.94676132304902 0
24.13121488861183 49.25865851315091 0
34.67466997580323 -5.074704445635906 0
9.855458942693069 -56.77174254311698 0
23.06088417527255 -46.28358512437455 0
23.58723585339924 -45.94737597585325 0
6.584210110401597 32.66263969586376 0
5.153396057884216 -14.64852985661844 0
24.91162115258828 -31.23623124262769 0
28.37634912039247 16.92992215257987 0
29.37666615806199 38.05922037481857 0
25.6362684257624 -30.76365020641605 0
25.6971149705156 -31.63626660467085 0
1.661013303909522 -6.68346105425606 0
5.257470997253154 28.70396611609527 0
4.280433720237127 -35.51410105420248 0
3.840544442217218 -34.99149585363926 0
18.365926736014 -47.77718910470104 0
30.69728461803887 0.5262187393960983 0
19.01721758393377 49.48538539610843 0
19.78175532567072 49.27242222845315 0
6.3053965153125 -54.571398192842 0
5.681867678042625 -48.59353530481039 0
21.69585133217466 -50.49871678226865 0
30.17768400861298 -37.87470892689678 0
5.023664290756181 -43.21867613378814 0
3.664349398215098 42.42498329364804 0
19.28500059048356 -32.22047742649433 0
23.47327351634806 34.64944011436447 0
16.33311294311389 44.93083276415215 0
35.2971636502679 -20.53280591659645 0
34.80405504284768 -20.02863239425648 0
35.83305132303323 -21.04654163291908 0
1.085396126111849 -10.25635629530842 0
11.08208007681687 -51.96963206652526 0
19.41880614440172 -40.95081385512666 0
5.729041385078043 37.27401578964795 0
37.10640382699714 26.12500775313823 0
16.46262326204952 56.09441709659121 0
20.36178717656293 49.85535169069534 0
31.1195092293482 33.17919241513647 0
36.14855135512409 -31.9230083478381 0
19.18208458316186 48.71007153932164 0
24.57437125959462 41.31107951770862 0
27.92205616427641 -27.35784580984981 0
40.54370452496561 -26.08735667662952 0
25.03272442098782 -7.472665893148421 0
23.5449163352681 38.90795142138789 0
3.857335061615243 12.85048504973882 0
3.51821130539565 13.31788477279137 0
1.900283483220651 15.62099045383063 0
29.52724399123535 -46.11526703048126 0
9.308385476253058 29.6295423076876 0
29.33724605905534 -39.99659571007182 0
28.5704442389714 -40.3892598220785 0
28.40347393166459 -6.872754764004076 0
9.158362187028565 -51.69772847892501 0
6.725762779248599 -29.61563177946164 0
12.27152101711105 54.05479708258139 0
5.721404440380661 32.95510547973821 0
8.044537601263606 -18.99561884405609 0
4.726406884251261 -36.0434181053936 0
21.91074470102993 -49.61423828793207 0
9.521865112709477 -52.601269749234 0
3.976214122969864 46.1049467262214 0
4.40388332112185 46.84261058160343 0
7.326452539629049 50.68684299350973 0
29.83537064514464 5.759863972204642 0
32.61442922922026 -29.12295319455563 0
23.63259392681937 -46.57471801115296 0
24.17929014462614 -46.20361940478028 0
24.11795445880687 -45.55452249909941 0
24.77381395001216 -45.82916903091442 0
22.56417034834854 -30.63976453639308 0
39.92390664418178 16.22751629666072 0
19.58625238628588 -40.15660671755019 0
5.550557907030976 33.86402701715812 0
39.74252099998431 -22.16816133309088 0
19.1553980915977 -42.89047072703424 0
30.92157661005958 -38.34005261766538 0
21.06579691398525 -45.13984387155605 0
38.6511825420421 0.8606780009621442 0
21.87316854569088 -30.05970118891396 0
33.27190822170669 0.3993201167749336 0
4.28063366600917 -44.97429591597101 0
26.43818045012332 31.38182908047363 0
26.81215948233778 30.83052831673022 0
29.90376707320118 41.26233640552215 0
37.10586672169154 -7.748106960175756 0
36.80930013974415 -27.8035461362538 0
26.43602974407012 -31.15137488272545 0
26.49804283729096 -32.04069841883065 0
6.457236974129732 49.72842508415675 0
20.10390868082274 -40.65641349674913 0
5.689480389779483 -6.303051178655899 0
4.529835090322835 -34.83621611999725 0
4.040422830287294 -34.28721992567405 0
24.67664165349089 -45.10975693586376 0
25.39695497510682 -45.41427460467145 0
1.066258652465593 -42.88300957252685 0
34.855861380569 -40.97004554660094 0
21.12257418566339 -44.5125671660041 0
19.98214112132931 48.46608184965834 0
19.36049560913623 47.88547500739695 0
17.74197656868138 53.63709571690241 0
34.4253966795519 35.04620049029295 0
25.50053997067948 47.19325193502029 0
37.13394777511868 -3.838437691208754 0
24.3889416902571 44.49934565048169 0
25.30317907637278 44.68954129873198 0
42.03590165290298 -5.901426388326652 0
30.72042067348335 -3.22396578234132 0
37.6640652929155 -21.49292244053596 0
25.48973186827134 -29.88717785258829 0
5.02020701916091 18.28637775144833 0
5.917539213420565 29.25104767151774 0
5.075745252469557 29.55288416717059 0
35.69818938722511 -19.12061394863393 0
40.03853599505115 -6.163732265215613 0
23.06572413797744 -46.93885257903813 0
8.797290753897379 -50.79191220082216 0
18.22610828428743 50.29164674461561 0
14.3710559007204 -52.91268974616001 0
4.060960837041354 12.42852465140856 0
30.88395522626402 -39.22290852905511 0
31.91385023434776 -18.18595342872463 0
31.67488769394696 -38.81389081869852 0
7.197443660507236 -38.46437163738843 0
21.05216916305352 -49.85770007814895 0
6.564554277445828 -24.20770052521303 0
29.00078942398275 -10.5669702215572 0
30.58569840375396 30.96887885138754 0
25.69145321670039 -40.80640506361028 0
25.32879138352961 -44.63706406940381 0
26.06902625604359 -44.96270761547974 0
26.00138733551211 -44.13707826794423 0
26.77869024008182 -44.47625096186128 0
26.68360427051825 -43.60183498257112 0
23.16401324135071 -42.55815437453085 0
22.46276943749405 -42.59136822730893 0
35.08229478422565 -21.26676028875596 0
35.64036129572736 -21.81237586983599 0
21.16332956116363 -48.89674545239453 0
10.88997368762206 57.56657707025421 0
42.82306757888808 -11.07865581059654 0
7.26198123576089 51.30456215842474 0
38.13211637262915 -34.77654608729242 0
25.48534247458881 -26.32226466376459 0
20.80551344877705 -50.74721948735997 0
1.875891651065045 -16.38768697560635 0
30.9606551895203 -37.45382099530664 0
30.19728910898364 -36.98008336615923 0
33.98555525321318 -8.359562643142548 0
34.11242692818779 -26.20224581281269 0
13.21428656326742 54.08682465789836 0
4.710367607724738 33.1057687801153 0
4.791340016656227 -34.1261844699419 0
4.272303900503042 -33.52397476163893 0
5.074744981246594 -33.40005749535842 0
24.81372877153789 -46.53027280170469 0
24.03774117424047 38.09710781038094 0
23.09848248811229 38.07002646708418 0
22.30948983351978 52.25945640206874 0
4.159564396920965 13.32086866475194 0
3.836860215512104 13.87146798297436 0
38.77477131908584 1.669380202678675 0
41.59596285391355 -22.6508832628781 0
23.57025954652434 40.46553617436447 0
39.42809562172796 1.140595823896751 0
24.1937891555007 -31.72033908442487 0
27.23213315168229 -31.58267247936463 0
27.31121895686699 -32.45675152270844 0
27.20887010036487 -30.62380906357092 0
17.61246201164206 51.83732052022589 0
7.459585662222219 32.37766975950156 0
6.745834582805487 43.96399272370705 0
26.13239210724949 31.91166396475392 0
4.644321699566062 34.15751002919383 0
3.911449000499019 -12.26001835344467 0
27.49794830447346 -43.96420407315757 0
8.191465324310094 -51.5589370210677 0
7.604874961762082 -55.92723701919661 0
20.96999160838294 42.91547524223262 0
20.35643403326914 43.59346331616823 0
19.4560684885958 43.42506884043678 0
19.75875026872515 44.25188389210351 0
20.63786218721724 44.44119064611514 0
37.68869980680041 16.96207198134833 0
36.78301537817809 16.87906639476502 0
36.17648773934124 17.65560808701384 0
35.83139811750874 16.6097080684398 0
35.21533157533823 17.49714972467148 0
34.82749855995876 16.61915486844068 0
34.24613037537226 17.3912719449248 0
33.864701048413 16.5083367771115 0
33.27994991907287 17.27765022876257 0
8.817621926594011 -21.81870822628466 0
21.65656990313399 -44.32102417377268 0
21.22835047271458 -43.84848811577858 0
24.885737959619 20.49940411022268 0
8.893727954491684 -47.4172284303116 0
34.46429617257884 -16.76380420960395 0
4.695691656715217 20.33587137214012 0
3.345561305452919 -34.4358255664277 0
9.677877548027032 -23.8678891090935 0
8.633516238624349 53.21510451836153 0
29.29312922107392 -40.86461424823515 0
40.59707999996278 13.69384332120907 0
20.14410650740244 47.62076815607603 0
20.82475084806703 48.18009069114325 0
25.66274544400384 23.77392313893529 0
1.091289851650643 -45.87026899969987 0
37.85640827184621 -25.01787916849368 0
37.32206852744384 16.08839502451052 0
28.07778902474901 -31.93830604907918 0
28.15285638312877 -32.83884107914413 0
27.36580568505157 -33.3740335040179 0
28.17767493677652 -33.75590111383567 0
28.9870618034251 -33.24052740980505 0
26.11994844031912 30.82571247317053 0
26.48195722456728 30.25704829837614 0
20.56358402529025 -44.71064551449885 0
20.49635816409783 -45.4109100235671 0
12.73645127673669 54.86940419911082 0
18.42984569208956 48.93605387750561 0
34.54488575523789 -30.07563193626284 0
22.07164628429926 -42.02679536363263 0
7.85903385855592 50.98657982498015 0
7.835982409197523 50.28656983516559 0
28.68062416958383 -0.621710748148941 0
23.22446378950302 -28.3872210120757 0
28.53147782253917 -41.23328528774381 0
24.31572812686523 34.15286304750313 0
24.31244655230187 35.12614575377496 0
3.86726548588253 33.60143117900427 0
43.47815385945476 -18.16199499304529 0
8.872890139202736 -26.71392479657851 0
2.052084199610733 17.52408536097293 0
29.01306319453286 -34.23051824578194 0
29.81478982798024 -33.69141008898562 0
29.49934712288773 19.5055588692838 0
36.13938804105891 4.508014985531076 0
20.26730953061603 -39.92750723229663 0
21.59309219038757 42.27994845181173 0
34.8689006391902 -22.04964061692392 0
19.53846651761927 47.03429470114699 0
29.45677116927745 6.278194892426016 0
29.17393089183479 5.653579213742711 0
39.12430566461367 4.919535176644414 0
7.564397695838183 42.72277747323203 0
34.48235585963813 15.8021733642998 0
30.29935744590131 5.22949117574543 0
36.25202800686838 -38.10516614669055 0
25.15147504681925 34.631664698177 0
25.15850539549898 35.60693730197993 0
26.0020973994418 35.11062535762231 0
4.797641296641755 46.08792289490399 0
5.287994049840657 46.82773427574957 0
23.68576140362953 -47.25784154207071 0
1.194852327248821 -8.59161260002319 0
11.7939692580209 54.86262569213816 0
39.95270973963122 -3.047314463484744 0
33.43043088204813 -2.658286816465771 0
8.230159440833724 -41.68794849758055 0
4.364286939690881 45.35814574953614 0
2.623444971603315 -20.84752810069268 0
8.699493621274852 -32.04651761634106 0
4.522158835335568 -32.73114865629987 0
5.376213165345527 -32.59735876620719 0
32.89781999632762 16.38810037490124 0
32.30875302970294 17.16158237436066 0
5.076750882415484 32.28238595469113 0
32.62379545073257 41.73456522665311 0
35.86044322661307 23.2769410588563 0
6.641791082976749 -37.73447648047713 0
6.299551257969078 -38.53457611552004 0
13.69011830336792 54.87751035435097 0
19.73267340235283 -39.42212891592212 0
4.452297904380218 22.30859254825916 0
42.67797107917833 -2.748694723830691 0
19.03613490058033 -29.82093673371525 0
5.362878552935801 -34.85827144516073 0
31.32814892865698 -8.907809482949618 0
20.18450828846296 -50.1297025924942 0
21.89147286212087 35.54011457999992 0
21.27048531458974 36.13709276594842 0
22.12296543999087 -33.46592161353017 0
31.47503141671444 -26.48747191557779 0
33.42919839807234 -36.23215268731133 0
21.7261269960452 -30.90731158483372 0
37.28162234572978 -9.266272018432829 0
36.64051787035172 -9.014967122435387 0
3.700057128625314 -32.91430939354982 0
32.20740733542704 -21.07236416538914 0
30.97618050010715 -36.57948333539743 0
25.22913915592953 18.39156071070486 0
2.89828195421191 37.46104232201246 0
34.49016100918298 -24.45918641098379 0
7.827434089918086 -50.65586468029805 0
3.960775710922729 -4.020317963024817 0
3.600235628851163 -4.879383774484637 0
29.72502879768382 6.922769599564116 0
44.49076132286405 -8.718193562736888 0
7.924811167460271 -40.94316811236865 0
5.516119073651511 7.729437948104808 0
31.63358157196799 -39.71118029003858 0
32.43763144403565 -39.29601566547203 0
37.32783974037574 -17.16605921308986 0
28.36299713971034 15.94802102050228 0
29.21496085059442 16.42217485722722 0
6.76371307824772 31.7792582847729 0
3.214114619537056 6.107919612883425 0
20.38709857510977 46.77806990084986 0
35.93543826760978 -24.25307918200186 0
24.07263329796924 -28.45321290952232 0
17.4641161018493 -39.92131820136006 0
15.31133963474132 52.22734051879116 0
5.20066643121473 3.590508183288672 0
27.64356512788322 -2.127631723872244 0
24.47518888539933 -44.30897433563373 0
10.00280464265305 31.50419352689868 0
25.75850154988846 -32.50548392326849 0
4.361534084570954 28.93509474442405 0
4.200542114041918 29.81632249261431 0
35.20954317293488 -0.1957960129850444 0
6.629924113067979 59.22869013638966 0
12.2546182764593 -50.47456538488481 0
42.90068837898464 -25.22985540125431 0
3.750446038911328 9.857244228130305 0
19.33781966202875 35.12529281375858 0
6.784689078341342 28.92395933839054 0
1.939378994910027 -13.98099674254095 0
2.154523446080773 19.53185321432707 0
38.34332130558336 12.63702361473236 0
38.32112227571975 13.46953785770472 0
23.0778194087033 -47.64866483651711 0
26.84669397798062 -45.34641235744667 0
20.43417137598257 -27.79890748835117 0
1.992724155687482 -38.98243131073425 0
4.776718913285391 -50.25968681547378 0
8.75284934889854 41.24340569679435 0
5.215862150373391 54.37926345076307 0
9.746501354742982 -30.4531523617445 0
24.95192035227999 43.81809455986048 0
25.9029411145105 44.00044857940913 0
26.2655610532432 44.85766425032456 0
26.87277665276628 44.18496552901901 0
27.23913257361284 45.02931398078692 0
27.86284973173482 44.28289301076942 0
41.3429009525572 -19.19108585448786 0
27.39195675028322 -34.27225982799136 0
22.85562817883538 -43.16046662957789 0
17.96421876410557 -39.24788435517479 0
37.92756801665637 -9.545582755254349 0
33.14807942921338 -7.898729978363242 0
7.666256681035501 47.45065845401056 0
22.48021186116172 21.88933855482689 0
5.255986730924247 1.567336092255753 0
6.065802156696043 56.74648899749805 0
29.28137165306622 -7.257275850270507 0
28.53670635604245 -7.82300491646035 0
19.90115806574806 -50.99514997108706 0
22.61872110214228 38.89508784248314 0
5.35017460458217 -21.52376451431534 0
5.071004659709516 -20.62983049810931 0
6.010938843269096 -20.86358395038856 0
5.743972584797895 -19.93574935683993 0
4.796704354603993 -19.70139492040275 0
5.476113435966891 -18.99770478319092 0
4.521155203497353 -18.76272041687518 0
4.158532193696306 24.33289107759882 0
21.82457039332933 43.10639604143791 0
22.42632473887111 42.48748047518797 0
18.73645399042803 44.1722562278782 0
9.528755173756958 55.70796169682799 0
33.34817702603901 10.75452013251707 0
4.505351832017539 13.83115122885907 0
4.170375186977226 14.43760376911063 0
42.25204902858408 -10.36139861941654 0
27.53438223331225 -6.492359593980011 0
4.277863036317459 -3.281674502594475 0
1.211391180457296 -47.52893784747112 0
33.28613342754828 -16.37645809392263 0
9.739660933807802 54.17736788829291 0
25.30958928466629 16.70990279196817 0
3.073418939882852 13.90206525184814 0
1.272146920112873 -12.15609421764294 0
5.301497990883119 41.39279530206807 0
34.0190058657947 -7.443035062009789 0
34.77273282777431 -7.876374346093574 0
7.620908338834789 31.49318744656786 0
23.98324517081044 51.23297895684891 0
34.77269946011666 5.028183558008845 0
37.63242348935393 13.86757384246489 0
38.35279041102346 14.31744223236532 0
17.35423309747238 51.06986207947934 0
12.25480550776123 55.67267170572149 0
38.39922658875876 11.80654098292783 0
33.0599571692986 33.19217580563848 0
26.01115859068457 36.09177793178497 0
26.85954575745584 35.59189187645562 0
30.0583614333074 -29.10910701202142 0
29.20730761275389 -29.41906638181194 0
11.56010943638773 -56.52787127299086 0
18.70801854700509 47.30296721574909 0
4.849034282474731 47.62102448050766 0
18.89078881146711 46.4344745029182 0
16.90062819045444 34.37353766055056 0
29.26985324052676 -41.71358008882468 0
30.03418826037349 -41.34499478556931 0
29.76137312583166 -32.75061733440473 0
30.60231604608478 -33.16955353732803 0
30.66185096832902 -34.11560448500418 0
0.9686960414636927 -35.09483982839046 0
32.47711138528248 -38.39613757346078 0
33.24617411932091 -38.87458436113295 0
27.89608358034826 47.96650549536236 0
38.5304511025718 0.07463187111829718 0
7.219943499484268 -51.42070201809167 0
7.585503328557309 -52.33154561281808 0
22.91809938992659 18.65992997192989 0
39.54969352748695 1.976117389643445 0
38.91385152596548 2.511720441789912 0
3.953409628254594 -1.657670812449349 0
32.69317740465192 18.06145458600171 0
31.92660289329456 16.25826709444775 0
40.83972154764653 -31.4922249108842 0
5.373896532509314 34.76300734403618 0
4.491627151076293 35.11637925096111 0
3.464094502596652 -46.79660488472895 0
22.36420681875672 -28.42432391205033 0
7.664347487475162 57.14682410315252 0
26.16975129267671 15.27732508980344 0
31.44490171995452 -33.59162166884458 0
45.10027393421819 -10.44396883886182 0
5.404884877878985 56.00889870614068 0
20.86720820165825 -40.38899362447677 0
31.74845424105009 17.93271444493446 0
22.20821039800295 38.08389995282388 0
43.35557050126337 -11.7950106233667 0
40.21710830875887 1.415705172376311 0
1.86199703359588 -31.4074874216748 0
8.492537449342093 -49.92917952136202 0
22.4281379222222 -47.26909727592064 0
15.17031356280025 -39.94698921560631 0
4.82135844353305 13.24897432109905 0
24.65560208621732 -9.609357220140964 0
25.77077602991945 30.23016316004867 0
26.14763186500155 29.59991051617234 0
26.91647553641153 29.6467785336736 0
26.57121245809764 28.94586243751254 0
27.41787354992395 28.98606993464813 0
26.93766859440888 28.07090377474851 0
27.93559003871657 28.2240836691702 0
27.58143111948855 27.32865406662076 0
28.48358954706816 27.45494528339897 0
28.88523361126622 28.31962106198107 0
29.42736128547121 27.5434100794636 0
29.01335405573627 26.67846583902054 0
29.97210228079781 26.75202159283213 0
30.38806168351471 27.62744302003503 0
30.94122229532126 26.82653298273549 0
31.35943765253351 27.71214046611789 0
31.91776746923216 26.90453059578109 0
32.33846265316924 27.79631267649039 0
32.89963673778921 26.98553580129737 0
32.47652872645364 26.09221071912427 0
33.46259286473782 26.17116619381147 0
29.55108021218171 25.87741845518453 0
30.79984035229937 28.51459655507437 0
19.98221113026369 -44.98076054592408 0
19.87217565563907 -45.6766468527635 0
35.45543623416181 11.12207535537982 0
33.21081653293048 -39.79435321819324 0
28.58640415216935 25.81601905430422 0
8.549228182048653 -42.46385477576172 0
2.149767537635768 21.51250429175893 0
14.18955430133695 -44.51634156538141 0
8.696270495429001 -46.50379492270863 0
2.795676679871783 27.4107380619104 0
5.899225716166123 11.54573384435085 0
37.97432263816673 6.097004704172331 0
19.99949923022432 -41.49673924147613 0
8.55767965188304 38.89994730699054 0
24.90236836946231 38.07660323198827 0
20.56760350436053 -51.66148153743769 0
25.15745411482388 33.67528575671828 0
34.036243337479 -39.36425746320083 0
9.435432560286195 -27.44584003470251 0
39.37175005472103 -18.9197790193824 0
16.13177585587934 48.87622062701422 0
25.3948012179988 30.851686059583 0
5.575558713945085 53.52535548414011 0
23.6793714841101 -27.65678281531291 0
9.731766281540494 33.60312626884342 0
33.88663384513707 27.06662338387068 0
34.45067306445905 26.25061833873201 0
27.43496092477799 -43.11408648833486 0
28.19518490069778 -43.49437315041011 0
25.75147685215852 -48.50855453488165 0
32.48399404609098 15.51914174642919 0
23.50564391218948 37.26673097673477 0
6.746488599961058 -39.26776717904805 0
5.929068525344771 -39.31363838453044 0
5.436901113551923 -38.60681870863053 0
5.080406855005421 -39.36146121461782 0
29.98071126680672 8.775462380159789 0
15.26815362203694 -46.66974929072161 0
8.006099653308587 -25.90423885180434 0
7.844262906139697 51.63099878501538 0
7.242303873315419 51.91991691414992 0
8.46503949662052 51.31247787450119 0
30.04657867663281 -44.31757011995389 0
43.84684594825716 -16.30799134326638 0
28.2986050106658 -44.34484929685488 0
7.015067337626999 -35.94662361175089 0
21.76873515530455 -42.62722243704074 0
7.931164897918817 -47.17414079722749 0
31.67146851627357 4.03130040177714 0
25.67647537129269 43.11233412009067 0
30.19895632909963 -36.08178501441699 0
1.604682711168025 33.42517626564904 0
2.61137166112579 44.170862352931 0
4.784761907111822 -31.90122375929217 0
5.666065513578413 -31.7608413008085 0
29.24539163762267 15.47916332897932 0
20.40406635339673 -39.13990840565666 0
26.62360678233243 -42.67736676673189 0
36.56951204052724 27.62562214721916 0
6.854411286055557 -50.51388544426946 0
35.10190424268549 -27.01980234175675 0
34.05082344561637 -27.22172167280319 0
40.07326887405945 0.6142922383205026 0
41.89392316427005 -16.66487386233192 0
26.28157219282458 -4.612426800799742 0
22.20854739904984 41.66418672148136 0
5.688404511733144 46.01049358806766 0
5.204184835763538 -18.0523806604423 0
4.244966983300169 -17.81583539406594 0
4.930764475216124 -17.10147157395651 0
3.968291856853807 -16.86344361038249 0
33.86907845264376 5.10070330112054 0
29.19552405461857 3.617469656495816 0
22.35279183232361 -31.52225060321314 0
21.53378507296306 -31.78355057504961 0
10.79395644808775 -25.55631751954189 0
34.27087217420571 -21.46663372959316 0
33.52192199551241 -25.53036728620059 0
44.32406839213579 -14.34108991512229 0
17.24150130372663 42.65864249329934 0
21.06264441183762 -30.32866068221782 0
34.77383507256835 -6.984976096345761 0
23.20499896256575 23.58001160694162 0
29.43445349098201 -8.177960217616082 0
24.6761937541774 22.22068845246946 0
34.76634592502748 -28.00510124302786 0
28.77338889001446 6.210375984613401 0
19.87895134189434 35.87680345506894 0
14.74809962615437 -41.47478395584024 0
8.780187213107052 -45.47724183989533 0
6.267011068911087 -32.44756684184731 0
14.16863318293253 54.08585687943199 0
14.65262245975401 54.88355583812023 0
15.15268314505321 54.02372843387068 0
6.552576081832267 -31.52303157179392 0
39.33044093886729 -10.64869918307474 0
40.44482569437022 -9.075321287880028 0
24.12904987113954 43.60978334741027 0
8.93389379377593 -41.07023084510663 0
27.74927080483186 13.74051848571914 0
11.53100279544468 34.09371778885679 0
23.51247685330308 -43.15380041143559 0
23.22744577653419 -43.74180347101367 0
4.506245922183278 -4.74563176834558 0
4.167985769046806 -5.615874624017136 0
3.616464400955247 0.2922871027833558 0
29.40082460771294 -36.5115623557914 0
37.21537692317676 -1.598726155581019 0
31.07423513437317 45.87048863481834 0
14.70974959308345 -54.79286596588739 0
6.160628203193909 -18.2909111628608 0
36.72870269097616 -9.702759642117256 0
14.32278204730587 -49.48051292162211 0
8.326854423559032 32.11170148295341 0
13.66326989180626 57.05714649533896 0
5.147911613919836 -10.77805988579418 0
6.577294970691499 29.81268442456981 0
21.25384342570661 40.33964855594447 0
28.23140583399975 45.17113428300195 0
28.85493978617889 44.39129333980296 0
3.359079805940982 2.260669119507722 0
2.279960977022518 23.43945503969719 0
28.45087018022097 5.547625128868704 0
3.165097285266543 4.145371163255561 0
32.95038402641751 8.879949986849518 0
29.26936584065901 17.39399807028289 0
30.87105576141813 -6.801197330417384 0
37.75303654573754 9.949958079790196 0
30.71464951083864 -27.24622846036304 0
28.42797541686016 -4.071833532201682 0
20.02851010081542 -44.2256252898474 0
24.46698054486749 32.2160468712346 0
27.7834315932744 -40.77112999894339 0
10.48728063156682 36.00965583387001 0
11.3177415651781 55.65960424423218 0
35.3534367750257 19.89556321597384 0
5.766519148632804 47.61669323241793 0
23.75033000482366 -48.04786591619025 0
36.5265652653691 6.751735492128803 0
8.515712843984264 28.12448664613763 0
43.17269123751103 -10.22217400208038 0
21.37871248646169 -42.06462917110883 0
21.06767843586766 -42.6850369175476 0
29.12082535714697 25.0429461104039 0
7.082013069723097 40.23006592390782 0
3.422293426270121 7.810070381634356 0
27.60158313847788 45.94605838759348 0
18.03243386711568 -49.61182069948252 0
22.313213954355 20.18102040355172 0
10.77037799051651 38.01872679272027 0
4.869074115703816 30.42806970318765 0
4.040188444271974 30.74698089683148 0
18.66412045149881 -37.62219277541395 0
33.56799855832841 37.03603319429859 0
24.17801209893842 25.0744797436219 0
8.974268135698068 48.96364254718131 0
6.288077201724253 -21.75032021800197 0
6.953827679669049 -21.09566672355606 0
34.04438477199241 -22.30476929901653 0
5.240489469003747 5.658762426478934 0
8.614140972908874 56.89409019535724 0
26.57451274604974 -33.88600690939861 0
26.62399104724167 -34.82871245300948 0
37.34341920260006 -18.76097350655994 0
43.4823557018522 -4.769392143051295 0
33.74925787708414 12.89650585207 0
33.6898300116752 13.80346584921945 0
34.97160236022249 -9.447404959653909 0
17.54947804174947 35.83442977763225 0
24.30409795028275 14.94732877674608 0
13.6653710437195 -47.30211147442495 0
40.46860549705477 -17.40499610184253 0
2.466635799171341 25.38615819828366 0
3.420112931203541 -13.0310815859591 0
4.680326031608319 53.61927083601734 0
36.41619354488456 -39.80064330675153 0
22.99254749469196 -48.47641978145118 0
17.16175474545258 -39.19182863233971 0
8.97808170661088 -25.7216069498654 0
8.252322447035562 -24.9159004735552 0
15.84384559264348 -42.85287954459185 0
29.06418715338297 -30.33675152192727 0
20.43412574167569 -46.11844240086826 0
19.78836488114388 -46.40013996820972 0
20.39476784061924 -46.85478977435649 0
3.328381313625988 30.11736501666763 0
29.75312448775765 -30.9155949775855 0
31.49481281987919 -34.5151280204456 0
30.26125431826031 16.92946242373747 0
7.418629607560815 29.50875300383109 0
19.64799441385654 -51.91217428636438 0
5.53896709002154 -40.08706452063383 0
4.659035338483523 -40.13160960348067 0
5.169004996641494 -40.91067959252929 0
4.255698845339211 -40.92968772847596 0
3.773668287297771 -40.15717829881568 0
3.337721479696094 -40.96432210549316 0
3.837088125988636 -41.74717512531856 0
2.896203020138265 -41.79069307906992 0
3.413370176326127 -42.59334041509184 0
10.19344866729641 52.62996782204982 0
31.76015256052829 -37.03393815417713 0
5.770451161858082 9.639560725344886 0
32.89155241875759 -23.41479665198426 0
3.56733777586514 -18.52838846309716 0
26.83746958122889 34.61109131506672 0
27.70872850572357 35.08937104230374 0
27.7210479627251 36.07824276449756 0
28.57425390448009 35.57355294794588 0
19.97921436652079 45.21455618424834 0
20.9306538218079 45.27885552449449 0
21.49499621642889 44.56773606449063 0
42.58871023750041 -9.492069171029296 0
31.76487122878706 -27.39149709269705 0
35.48383191963545 -22.6285137468625 0
21.26051560759898 -29.46326080870151 0
35.37733881683886 -2.127940110103854 0
5.439370338699721 -0.4703237061993771 0
32.11905149071705 5.723282425488344 0
33.18477652241069 -6.972866001170409 0
29.45868370513317 -28.50023762807967 0
39.15931534176488 12.28826311828469 0
22.11290401894673 36.50015533691678 0
18.26522042839363 33.26384412007783 0
28.44005714788394 -28.90296183625632 0
3.236119470012807 -5.745771278489725 0
3.815948602081601 -6.498037225687526 0
33.03670754355894 25.28224660622073 0
32.0522275575464 25.20071530395968 0
22.31878315709594 -40.82894041963671 0
28.65990780957164 -8.757653800146961 0
27.77384599859845 -8.405370046380032 0
5.14606529496769 56.85287528061335 0
5.691944595645487 57.66008878575709 0
8.333291137995149 -39.31032985542354 0
23.0156424139327 41.81628209156818 0
3.011661169639649 -35.72021448573578 0
31.18830511068602 -42.87062265810926 0
30.20337930232289 18.0195388803956 0
22.60722552029503 45.54338094806469 0
31.72448062757155 -36.18545781024717 0
18.04395748268657 46.71002290402237 0
18.22621023515179 45.82675370675582 0
17.91129898341985 47.5598572287652 0
36.22837154120566 -22.3328529401193 0
27.89435779911017 -9.335987346549995 0
27.00655597586111 -8.979694841744703 0
26.87624255834055 -8.028436183183697 0
28.37079011753855 43.36913393360509 0
29.45842063104806 43.59005054633312 0
29.83852391250736 44.52992501265121 0
30.46045654805957 43.74972772329416 0
4.370680243496186 38.08409137200439 0
35.82868254255632 -30.96220231445554 0
36.76693845220173 -31.09837161241315 0
37.13549208191979 -32.05490356978152 0
37.74645431726428 -31.22624209872993 0
38.13064010835028 -32.14473811290603 0
37.36208933958952 -30.30235422818193 0
38.73445117492467 -31.34380128992206 0
37.52980511660719 -32.92890575501102 0
38.48021359743197 -33.02093786915654 0
34.60846275429523 18.27016090850485 0
43.05428119480998 -23.78894815431181 0
9.536167876652494 50.2525732792501 0
7.202052435232063 -22.03810054740803 0
21.89167176257721 -43.73582933048843 0
20.75239147617154 51.87469889263504 0
38.23735755904946 16.14446714577273 0
8.451213346638994 31.24523611145539 0
5.053255411157707 -31.0251235956555 0
9.554772135877041 -44.16185658109865 0
39.68752706787615 2.841941026227623 0
37.76199413199939 -7.12281393749201 0
36.80527061310918 -6.859675115208198 0
37.46477373836947 -6.209482951171133 0
36.51687248299629 -5.954239138664423 0
8.154515287004198 -48.07838621826936 0
31.3826401881774 -19.63301780644171 0
6.256120493652977 -51.27583320877461 0
30.09480789446813 25.09604278715612 0
37.25465312916573 24.25401314994548 0
40.8935759973042 0.9059149736331347 0
29.18225565968381 -3.564443248354291 0
5.305821282414677 48.42300997788111 0
19.85872955747351 -38.63142987912055 0
4.13332551177528 26.48599104336696 0
26.9490427594809 -27.02561672714808 0
27.18649311318848 -27.9678237837276 0
26.29558536897985 -27.8412647163306 0
34.93751107193431 9.559431359548334 0
5.268092164684981 13.81049213761913 0
24.59016390621018 -27.75319145101142 0
27.39395096769692 -35.17429352862561 0
34.87563706805786 27.14781343110794 0
21.62066695560871 38.8086034325835 0
25.74735946332256 28.90794109410891 0
7.204772867027228 -47.89341534214064 0
33.23517172389911 -26.40153375317487 0
27.70323708230578 34.02497074806741 0
29.68636995959911 -43.40379104886091 0
23.43577191783599 35.68035193396587 0
26.54636173314446 -28.650194295002 0
5.760611038809683 -2.41435213696435 0
4.361294026586189 54.51721956116511 0
23.64101497973303 16.69455382730555 0
31.1407763778931 5.429388454256334 0
15.9516528552275 51.38192436642795 0
16.24671223448779 52.28624921541226 0
16.20751282500829 50.39138697577511 0
11.13937245607505 -26.98123869184567 0
35.40634888289203 26.32993418687126 0
35.00923164906682 25.43220084037238 0
21.97371566658969 46.19843399048086 0
22.11326403136079 47.08793706243169 0
2.987670049339904 -12.24332972875265 0
3.462186541386914 -11.4225503530188 0
4.360603325974095 48.38250263007868 0
21.37366021581415 37.92051577566831 0
18.9974865956977 -51.22552663163043 0
37.53910082163915 3.003015933094073 0
21.15842725105654 -33.13783961519405 0
30.87746651847265 -28.77212247669014 0
33.08436268113094 -33.28874374289594 0
10.55025692921708 -28.78794020198342 0
6.698510622064139 35.94060802935836 0
23.02790752528377 -33.79039072273014 0
33.8169268936591 -28.16964528337279 0
4.601515886477621 -38.66890206452742 0
4.99448407242349 -37.95013496000569 0
26.22486341214508 48.55242617264398 0
32.40122758625779 -7.427685520182809 0
34.75697570796532 6.662800887050679 0
19.72516287233415 -47.17208660579588 0
20.3223376318956 -47.65098842054272 0
21.07952591000735 -47.37706764166055 0
28.59517691305513 36.54731733393843 0
29.44309750932637 36.057061066815 0
29.42943060658974 35.06561234121457 0
30.28135846631473 35.58169805650736 0
30.30709442495338 36.55246813975531 0
31.16346035850957 36.04561197027601 0
31.11874512685869 34.92176608839728 0
32.01736841471928 35.51207263253087 0
4.389759213668537 27.47107865788175 0
36.24591225458353 -7.5361279881334 0
2.577257525415015 -11.44532992832607 0
3.011312463041402 -10.59243890894701 0
24.34574412046964 -47.58490869357975 0
32.06180876305926 34.70370214862396 0
24.90180544503353 -28.61739851119735 0
29.58866399869775 -9.129043435248168 0
22.63116284290439 43.29884945991757 0
27.77804335907563 -41.72678664716443 0
17.66636051584009 -38.6378257986445 0
39.16951212715878 10.50092064181379 0
4.65556894397294 -16.15078791908821 0
3.700753214513831 -15.92754597103242 0
29.14843093172848 42.64292907615865 0
34.45634184328463 13.40906745707035 0
25.19168184334369 36.58470933770369 0
25.99862521513263 36.99603434482383 0
8.29256619167211 57.81255333401214 0
3.762623300014051 -13.89683354066087 0
19.74095596121369 37.29975045338252 0
24.79907044095699 23.71130391308041 0
2.878509311168875 -40.19347344208806 0
3.313889942658466 -39.37707153330858 0
20.28484860198022 -52.5695486564308 0
40.77957331061134 -30.04971860902004 0
18.97420284522542 35.95125927211776 0
30.83619358399683 -40.10943158689359 0
31.59320841781022 -40.60359302849334 0
7.704033390828187 53.06872134792415 0
6.759674130618609 53.02888661677662 0
24.98140454914593 26.3598250968922 0
25.92186816080442 26.65703522915484 0
25.73629866925655 25.5355059820605 0
26.74205231227638 25.94688828147703 0
26.56800626911095 25.00750893355955 0
17.50060313952358 55.16488398968153 0
5.192016279003009 35.69192989717726 0
4.306465964027756 36.04913521205015 0
3.576763081568441 35.43784384051833 0
28.53082704996549 7.528021841279997 0
21.94899665599245 -26.88975822051962 0
7.173952076617045 -32.23329118370302 0
7.436889808408659 -31.32313597483678 0
44.80082229081197 -12.38535481097452 0
26.17575364630492 -8.595317114076709 0
7.517746271150114 -48.83362383834177 0
37.72354730926637 -0.1915803376701143 0
39.15616539312961 -1.296389145781335 0
28.90405064708202 4.957583577666896 0
21.97447698259737 -39.1301380776174 0
22.84620213315888 -32.84577592693842 0
23.70769354023231 -33.12223267447364 0
39.11032187442255 13.81785950463713 0
39.10028086322508 14.78243804727932 0
42.52002422485445 -15.54571953473514 0
25.93741282852753 13.79383209570848 0
18.64048761309763 -39.27935095819946 0
34.27744819455089 27.92416305266174 0
32.69291898744265 43.06851545171175 0
22.9523644215534 47.60487318967597 0
22.21512436960176 47.96980144341502 0
32.31795778821445 -17.31365874723392 0
32.81985521370159 -18.08098782523415 0
32.84745262424912 35.06380836829224 0
8.447482787606383 52.02245213037637 0
9.109846342416976 51.67535299093708 0
25.0240857831904 30.21022051803336 0
12.76770409132859 -49.68224359968216 0
13.15648205383719 -50.58927121172894 0
12.59382733574053 -51.36240042414261 0
15.58699057977757 54.85186772019157 0
15.08271502510095 55.68363238068325 0
16.11889937954985 54.01094148265771 0
24.41766044579603 -48.2698846499493 0
32.57048717747928 24.37600643149046 0
15.75373877343723 -44.80624359615268 0
38.36663541742219 -6.413481483244261 0
38.10979086376784 -5.510830833206027 0
37.61002425218748 14.70356414104067 0
19.39864696410643 -44.51664291631034 0
19.63687722933029 -47.98953544753249 0
9.00391473531104 -28.30544326854602 0
8.625729504325701 -29.19562538586918 0
16.66336388297506 -39.84472278351011 0
22.1383813336074 -44.17557443293523 0
39.41090077379737 -34.29688801650404 0
33.92340332087416 11.21904862141154 0
39.05451570270763 3.332658752799276 0
37.46224629292993 -10.77197798043631 0
29.41139792684393 -35.57519607758298 0
7.47686268027656 57.99523826049285 0
31.53633189527036 9.633269972590758 0
7.747374799054301 -46.2299497475588 0
7.131338930051198 46.5315014482714 0
24.16368929495957 -26.97390991393555 0
2.737854004373751 -48.34822116331684 0
18.55084198032356 43.24256172287564 0
17.88134529063983 43.90580675368924 0
23.93920175199253 -34.04295727111906 0
30.52397254263563 -32.30739695393423 0
6.494907590782621 44.85707536522212 0
5.832897265115311 44.24293353928964 0
6.005292750376055 43.33229990304267 0
5.119266025523009 43.63537197601756 0
26.9186859126366 41.89584058222331 0
34.43396537852664 14.33620354477778 0
30.94123789594513 4.524267946919735 0
24.60887721136272 -33.36631457588319 0
13.54936209461536 -51.51828527320767 0
12.93566393476201 -52.27703904205806 0
19.22207062433488 -46.09881145404445 0
29.94384419455359 -42.07542584377829 0
9.833579117204353 39.80981725094375 0
31.54896889203381 15.35241896438528 0
32.23844416138272 14.70807636062997 0
17.2756518057252 46.13100651841924 0
11.77027998076718 56.47894551582486 0
33.26037834300867 -38.0139592758253 0
33.44721572498224 -21.67600028719225 0
33.79193129014283 -20.87823326901017 0
5.541580608022714 52.08455797076773 0
27.58033072846008 -5.337146806982918 0
26.72295080973298 -5.913729962752886 0
10.88790234348026 54.88822131489917 0
36.87186957900551 -34.35220753469183 0
9.454903823438769 -48.68514256093093 0
5.857361609688295 -41.8465639447548 0
4.18747327633578 -31.29856822201915 0
36.98332646358184 -0.6584924087882558 0
20.44115786513243 -29.73517851270296 0
20.25461638880208 -30.61128571253815 0
28.61442009283322 -36.03458991208206 0
28.6583003026301 -36.97158321048322 0
24.84099880561043 19.4658597098209 0
23.99543911985708 20.08069378257092 0
24.41227176566342 18.61073462509203 0
32.15864708489252 18.82864094177511 0
33.0775989789133 18.92087801015992 0
4.504810169103481 56.20802504536022 0
36.86204247057228 14.26572841181967 0
9.841416286862657 -42.34131736503498 0
42.99100298153235 -13.53587923128212 0
30.07635464365469 4.533147799049524 0
9.21274382426348 57.50129532641643 0
22.87594984768637 48.42202030536892 0
22.17386260816201 48.72470065035198 0
9.734057259405986 -26.55216371418337 0
29.80138026709314 14.02526882690081 0
16.20916452540929 -41.67074844734027 0
30.38188585470677 15.0179905417097 0
2.655469775658953 28.50888865431637 0
32.69587747348905 -25.71327347007762 0
41.16052044761287 2.52318713381244 0
1.955777816438288 -15.11829597060035 0
25.35829538216328 41.65334705852671 0
24.60029882184948 42.13255460455648 0
31.07526768739557 18.83781917997934 0
27.71787564787245 36.99150374410021 0
3.202598798036572 31.02231844885092 0
3.844096733567675 31.65807595737362 0
20.53498596630701 -38.41190010925608 0
5.879467424977804 -4.325687881297226 0
24.0476462292221 20.94398342711906 0
26.5202279193927 -35.6458219400706 0
28.08871351977412 6.233112434178509 0
25.27235213887688 15.62234451689568 0
32.71795164241897 -15.9911620091849 0
27.53529542774152 42.64170301100977 0
6.240348318823481 48.41661345495249 0
8.064394456678965 -43.9906597246612 0
27.78110506962475 29.70493569812928 0
18.70681420098462 34.41959977309281 0
11.91976467843828 35.59390153024612 0
36.1671746050518 25.56523900703149 0
33.59932914339468 14.68981919240648 0
39.47649213683818 -17.36631922570879 0
28.17226370288668 4.844312388495059 0
34.16847051510749 33.74921080749603 0
26.78294263362645 -6.954075194518747 0
2.495714982464838 -42.60875693333185 0
2.97404578501753 -43.45188157991467 0
30.91743956476556 7.887582784512915 0
41.70255080082038 -9.614551990939479 0
23.30642764030191 -26.92700244751502 0
43.10409371860434 -8.444324979233043 0
3.006938843380917 31.99746497096735 0
9.078706195979684 -22.85417793685853 0
9.976847881351494 -40.89561686123495 0
13.32050568434409 -48.80724703858449 0
36.47382444890691 -18.80467063558075 0
35.80369968083131 -18.36114833079863 0
35.10424321628601 -18.64657286210376 0
35.2227534520643 -17.88893449861676 0
34.4104887234242 -18.11809835390978 0
35.95584894425269 -17.5386104898754 0
34.43425809168614 -18.95611670526108 0
30.77172581084003 -41.96888587168969 0
29.6838063305149 24.20769367533019 0
33.06385677354143 -24.89971662706302 0
5.542371249186381 13.15309793575434 0
5.092695179070371 12.61209721732401 0
41.9914014691862 -26.01884512892756 0
40.74016080165789 15.25219323102305 0
34.01024024551825 -40.3293461906253 0
33.14827538685057 -40.68179870302747 0
17.60807820676265 45.22464451493919 0
5.368500718399356 42.46520717483933 0
6.232160796821945 42.4659715671923 0
20.61121086201824 -41.96316885089498 0
20.36883733493703 -42.74915245298343 0
21.06786160461198 -41.48230977214796 0
27.17408984186178 -41.18940668124222 0
36.38297175741123 11.05274180711433 0
35.75461705723378 10.29736715726627 0
37.31635219678081 10.90429780037456 0
37.05789478780073 23.13947399230924 0
31.46520714254495 41.16271047428268 0
10.3819893258863 34.49181292152758 0
4.00217765491621 -43.35462852656838 0
27.08150837870443 -40.38865286373681 0
40.79567267838261 -0.5296207055551458 0
24.42858671399288 17.57595958089071 0
32.61689651352133 19.62191862547709 0
2.474838477694658 -13.04990118592429 0
28.06072680562815 24.93876540422741 0
26.9315319318354 14.88700737572119 0
35.69208472777549 24.66750248993904 0
6.587699057236364 -22.61662415910784 0
7.482419238581445 -22.98431824679249 0
20.29631229062635 -48.49160767512861 0
19.61765151977865 -48.86858966506545 0
34.61049890368923 24.41122660617328 0
1.973572092509153 -41.78359756867408 0
9.406283824958001 53.32187125713787 0
28.47543763628623 15.03331019103571 0
33.5805842858837 -29.63407182388095 0
27.64223095333422 30.8553192479484 0
32.46458416682107 -18.84551811388264 0
2.863282380718042 -6.625453133227306 0
3.41650107284095 -7.394078082857183 0
4.359110745672655 -7.245629446187916 0
4.049542887324138 -8.172634124770726 0
3.067267247174078 -8.307804942337915 0
3.777176686807236 -9.078660016171519 0
2.811651048144006 -9.221879277325669 0
5.028276297330545 -8.008589867232971 0
2.757688885869175 -14.46146748906899 0
10.288475128967 37.06507138682704 0
9.730449105554085 37.94292162058358 0
30.99972524100453 44.8084137875037 0
8.317902531767263 48.2571950500782 0
8.03028983515885 49.17333065758478 0
8.640609116839789 49.82849310801614 0
7.018631884722313 27.9560260056521 0
33.15164081223773 -27.42318799925492 0
34.82089051922392 -39.89653951337792 0
34.90404123463344 -38.94424673051356 0
38.2130626164794 -18.74911353237202 0
2.166495000763109 13.90900322916005 0
35.91488769763629 -9.445605295062329 0
35.98439911890089 -8.757599025068064 0
36.21330500979268 -10.22086367426488 0
7.084541425306389 -34.89724054146936 0
6.506408328780802 -34.01032754699236 0
6.262398763879316 -35.33990175512236 0
6.180817302130685 -36.23290593270471 0
28.4312243150308 18.70001314687178 0
33.91753961614358 9.258371796463187 0
26.6927471165064 23.94749751754413 0
36.98109379616167 -18.03505839853775 0
33.2735086749676 -18.76137662027181 0
32.9532135510533 -19.53315232585921 0
7.249470048347724 49.7334701722862 0
10.82687275285836 56.4652792348612 0
33.80767953004172 -41.19619328479796 0
38.40516700512651 -17.2053093205945 0
32.93855284896585 36.14068878639785 0
21.13060307433927 -52.32394734355927 0
8.687949184632425 -23.93971495653875 0
30.45743290143858 3.876374038697668 0
3.058140514197259 45.06171835413384 0
9.073569086368483 32.84967591733778 0
17.11270014325057 33.34364104092437 0
26.40226448607579 -9.62267879625109 0
4.110057862061502 25.34896725301767 0
32.45364843922395 10.26236237327184 0
35.73785543296356 -27.86773626852993 0
35.39475716577115 -28.70400175668469 0
22.12642578770742 -48.75128555704809 0
6.94519066040262 30.91102291732577 0
6.115629693515114 31.3191119793297 0
1.711909931993446 -19.8455434432228 0
24.60932419624045 30.88035080854194 0
4.022500499625846 -10.65280294596673 0
10.69306411816915 33.49334384581804 0
25.77649283786694 -34.45305092320568 0
12.7233292122618 56.4953026456321 0
36.86946977757457 15.26512263028799 0
36.05138994914949 14.66771772336935 0
35.9777392179894 15.60101804385773 0
9.571463178081622 -29.02902717957466 0
22.04513965878311 39.7503334829708 0
28.56979798757511 46.02071794882247 0
7.33820351416629 48.57803250792436 0
5.864357897369664 -50.36988855652798 0
6.489872982648383 -49.55470197823317 0
7.851453637882145 39.6089758076828 0
16.36782503409018 -39.15378979216307 0
23.89370289496394 -43.72634147204352 0
23.60856550920553 -44.32615741543982 0
24.57413762839869 -43.4990921034009 0
11.1826705938665 36.71384759927118 0
21.49877497015113 -48.15359321387561 0
30.75137780807129 -34.97044194242297 0
36.86424471376766 3.795290991615397 0
37.78524729123997 3.992339305918206 0
37.01203511655091 4.798659391952003 0
36.17985830089523 5.342238368597101 0
3.31609228657049 36.41677425298965 0
4.146485252155921 37.03352862899037 0
2.382637373855639 30.4371911565947 0
14.56748170506936 53.08826565308494 0
21.45209854138511 36.97817154030672 0
9.678500521254799 30.52403748072093 0
36.10624911329911 -23.24488445321927 0
36.95307777924866 -22.91019839611175 0
35.31719011244781 -23.46612007114715 0
5.256047212893841 17.28249751259148 0
4.276988229831599 17.60528054775871 0
4.51045528682576 16.6325711465448 0
4.029802285330728 18.65818187937501 0
3.618895060763912 16.91412481867139 0
3.799291487764343 16.01910045404748 0
2.799927841197832 16.11013931903693 0
3.201378630955511 15.25939949242331 0
4.691061063315544 15.62540102646414 0
19.0744454843703 45.56505307436944 0
27.96134500066127 46.89796278582087 0
26.97462443314321 46.68939407532601 0
25.09410676398068 24.64352143605958 0
22.36578285855189 44.67299571992746 0
29.23050549919022 -42.58390338668117 0
27.42858658504732 -28.8457506155073 0
26.86846618749144 -29.57964392807614 0
31.4562895882949 24.34754030251113 0
31.20162479956223 37.0482725042881 0
30.31006228354975 37.49005124059985 0
36.67665092451654 10.19261129940124 0
7.802585144915999 -45.15566658496725 0
33.82142341860678 -5.563121528879152 0
2.981824018568203 -16.63268608645455 0
29.78535528745135 -27.67883772248698 0
16.24766762668245 47.96217786870893 0
16.98397648245137 48.61333545298274 0
16.85588139606185 49.41230278170108 0
4.118414525067975 52.78596174399233 0
7.231121188000177 -25.13448681200714 0
10.0953025441621 32.86801023028881 0
30.91184256138678 16.08168203776979 0
28.19732207784871 -2.988490061813237 0
29.15969284385627 -2.556690419298418 0
27.56431561000746 -3.790903625051405 0
2.580836816848835 26.34305088853429 0
2.654315244190328 35.76368350230167 0
2.821119306702183 34.84292200860592 0
3.699151493303144 28.13233190184494 0
22.8157910853043 41.04771156935674 0
6.885340284728161 -46.82656225021237 0
5.323911260370128 0.5555642291485218 0
36.9194032042003 -24.66157666495569 0
37.72328734384756 -24.09012709437764 0
38.64752367716586 -24.4088965099635 0
38.44325737721608 -23.47825527608572 0
39.4057574394302 -23.79836317687652 0
39.5833674819177 -24.74516016634737 0
40.35045553549725 -24.12292843513426 0
36.68172002116325 -21.00229724522926 0
36.95254533791142 -38.87490063624309 0
35.19190589802967 -17.07537041677184 0
39.03771390947472 -5.718826948726377 0
38.76387101192613 -4.788356390534401 0
39.74880457884991 -5.082285210131659 0
40.71600588287557 -5.321729108440008 0
40.52775675226951 -4.427220567489002 0
41.41270990599018 -4.657312469859288 0
41.27477557582706 -3.738114858639565 0
42.08503072311407 -4.002409107153463 0
39.58654321605628 -4.008855044730401 0
38.58198593451363 -3.796819817357341 0
6.497468241673937 51.63985165411601 0
5.792894906117088 -37.86171277035069 0
5.290277005565986 -37.21624648299299 0
21.22963207972025 43.75252241578492 0
28.81429026749191 -31.32339906431482 0
5.638327203447103 -16.41216295432178 0
4.412164657084382 0.9420104587896005 0
4.355953947890278 2.01910499116801 0
26.0447485897007 27.57486863431961 0
25.42967057498406 14.61285583216351 0
24.37459862060092 15.97004300514854 0
20.41412236021715 36.6351924018347 0
6.847703296761395 -33.12477661810846 0
5.193983491901849 4.615682661439804 0
4.437705060603824 5.108492775160379 0
4.297611257568568 6.194832847064932 0
4.249142620316031 4.050226767264061 0
19.46916647992058 -43.63327804629969 0
28.21635603171136 -42.640517830373 0
5.241055993586077 -51.16511140680033 0
3.724049073628577 53.77403111993107 0
23.33559587789956 -31.44044639280971 0
30.36355839820462 -8.530053410766877 0
9.118191125446531 52.55629045501023 0
20.80188669314994 -43.30171170517521 0
31.82944983601615 -6.378949697342239 0
38.0417188831802 5.04820426118773 0
34.25588950586739 0.0652281009526311 0
33.46446333872848 -0.5759951109521543 0
32.51427293352391 -0.2536126596505617 0
32.69571496489221 -1.206103157027506 0
31.7506255007779 -0.8918492536985011 0
31.9328889296148 -1.872048289096167 0
30.99465869407911 -1.538909811294474 0
34.49411200956072 -0.8494315851158373 0
30.82119834725416 -0.5443372426684974 0
30.0543426876777 -1.213298490287992 0
29.91007474620012 -0.2317036479740435 0
30.21379584142723 -2.199474144063143 0
33.74248727423767 -1.587338410952912 0
5.782671215099626 -29.72793753693133 0
7.97951412513323 -32.84973432252462 0
10.86786151306566 53.33865162077661 0
31.88038033178189 8.568994947979879 0
34.13473848883812 10.33683374762231 0
38.71864015475806 -21.8907867058892 0
25.93301555947345 -6.374120479753516 0
32.44070382020929 -34.0460927831039 0
7.860860540322779 -21.3866098498073 0
7.623682775502898 -20.41477808417786 0
8.000103072548232 40.60657287949564 0
7.047731690862436 41.1178614896869 0
1.914733435586357 -43.40686059736658 0
2.510797899588136 -44.31601502143509 0
1.536133528447113 -44.3739587832668 0
1.943065930712591 -45.32889262562239 0
3.060360302348286 -45.16536907366184 0
2.716368572271765 -46.09723577825282 0
34.08083843898258 12.01970125004054 0
7.625061406065818 -23.96462035310327 0
9.129244994811845 31.83853874976519 0
40.08340074494558 -23.14025556438268 0
22.05324129649004 -29.2370979997301 0
21.56168158425777 -28.61524148196702 0
36.60748133906316 18.56308062324698 0
5.0796823266871 -5.494337964926373 0
22.17303711363312 -43.17856818624527 0
4.835005462781645 19.32639316242662 0
3.908039037222021 19.72594954259081 0
3.817573422865283 20.74981796901333 0
3.002086270715529 20.14490226882558 0
3.093722013725627 19.08632277943406 0
3.161492948831347 17.91138612659285 0
23.04846431668115 39.67590904147411 0
34.69608264688971 -6.033033658811971 0
35.57216368053145 -5.548433530788429 0
34.82448414110146 23.43513309702062 0
2.129742065798164 -5.840578027266443 0
2.322555859307643 -7.500462873822833 0
22.96577157052423 -44.33863884567226 0
23.24838238141604 -44.86580672270737 0
14.39613598394961 -43.55715630529164 0
35.92934242382765 -38.98547583950402 0
22.65373120151513 37.23033111807906 0
14.74938677575993 -42.58021920037132 0
43.4513339561673 -3.283400101335935 0
9.451899412926203 56.62362692055861 0
18.55138069768551 -46.72423897166693 0
31.44959973583697 43.9011839271052 0
31.05135119438111 42.98687806810899 0
26.3365522626018 38.60313708942954 0
20.16864078026811 50.62868331655901 0
20.95768509584497 50.45314107622221 0
21.16351763902098 49.67954752472927 0
21.77265016961128 50.32341894189975 0
43.72231326238729 -9.235976799729793 0
44.14521322025661 -10.21557922610723 0
35.10259800640754 15.04227614262639 0
5.349078034832478 6.702426762303319 0
4.43939681079645 7.443272530986607 0
4.895808488832211 8.439747796100779 0
6.178722111265019 40.79995378122267 0
23.07915825012195 49.28933666801682 0
18.62308110443607 -52.0679560539845 0
5.788500160373975 10.60524813359163 0
5.033765587605864 11.11716825016234 0
28.25312549337733 38.27661293160886 0
2.22810076605542 -35.8840116742418 0
2.4945733664454 -35.1051194884606 0
15.67957557857374 53.13432480009113 0
16.79877506934551 53.16714935542719 0
25.11979917913342 -41.48347065679951 0
25.21659395751112 -42.33150647752303 0
25.97887946277013 -41.86684286078879 0
39.70598261610236 3.947667725306095 0
44.09658319386111 -15.32763018954716 0
43.37120445585472 -14.66230016831499 0
23.31266868618721 17.62950157342938 0
28.64491550840238 14.05829173278649 0
10.39734108009909 55.63298533070991 0
25.97823265209219 34.1462646688103 0
25.97105052084185 33.24857281134508 0
25.23808074380433 32.83161900756889 0
28.19156790419208 -30.53221466601548 0
27.76955098793992 -29.70951577691386 0
5.476312049691868 -35.68656072664089 0
2.705815556703545 13.26433329108842 0
2.738421222498594 14.57097279457366 0
28.63986843161308 -35.10128028917872 0
36.48899113673897 -33.02481169307723 0
8.836859965015657 39.9875541466831 0
38.31486743585122 10.85800937542227 0
8.528857720003701 -40.23296076451693 0
7.76098513702327 -40.09280635860097 0
3.66585603238306 6.923023580928509 0
20.62555006933101 -28.71320095143941 0
19.76905872464861 -29.21713466518408 0
33.22768546149023 -17.19687025026359 0
43.06700497004194 -19.09793756939031 0
42.60595348460092 -18.33362755901822 0
42.9861322689381 -17.55215100923095 0
21.44342179914338 51.23870435642518 0
22.39503579541689 50.91264058387202 0
14.54757843003402 -48.59383548058199 0
22.89133795615469 44.07516676835237 0
19.3471605363252 -41.97976885482111 0
6.224489494949077 -47.75278054192794 0
25.68419968495676 45.61940336509441 0
40.26856141508292 -10.49811537658673 0
39.74094700717204 -9.756408979034875 0
38.69117969479544 -9.897959020871134 0
38.39650090802382 -10.79663509182662 0
35.51167935055756 -4.612496271640253 0
26.68952996973031 42.80365641081498 0
16.3626109353663 45.88982250175414 0
4.284795664966786 23.30571289469922 0
3.583256128676459 22.65558840002951 0
3.241013286242272 23.67689683017668 0
35.35700348514399 13.93827985223086 0
2.207533527920287 18.48189935919365 0
3.79572995289893 -0.7035693896632073 0
5.467710463990428 16.33127058760544 0
5.129608953034211 14.97479866899501 0
2.811038676809488 -38.54667404356136 0
24.98302206436268 31.4824276428474 0
6.460974499405741 -30.58406603937753 0
30.1469731294813 33.20821187596636 0
30.61536026970808 34.01333416034539 0
14.74933755834302 -47.61256077683984 0
30.55856724927377 -9.517815589871034 0
31.08335949216651 -7.893608797926231 0
28.92736748313918 -32.3370909991864 0
3.798166018274408 32.64318325483487 0
3.052135666337686 33.17755623345047 0
2.248288527616964 32.71780923560026 0
5.769379227433127 14.49214269399839 0
5.932369049548709 -33.26649849328675 0
8.136893521153894 33.00474731012083 0
22.8239050601024 -49.34440236216864 0
44.58916708551995 -13.36527998922238 0
43.82779264442943 -12.70457339919727 0
24.39110985013575 36.13465022070637 0
6.335534477294785 -40.0078438236567 0
4.327084191434363 3.001618606035883 0
34.3762289397995 -2.370708024883712 0
32.32187462825559 -2.855804434047117 0
14.70937281816997 -53.82918054570899 0
13.81584795980304 -54.24591740425586 0
10.32289577459772 38.92947563634905 0
4.678892609504854 -44.07523521303885 0
13.73187274642648 -46.38357722414088 0
30.19563913680239 45.47459884820029 0
35.35149398210303 -37.62173682457926 0
36.33203174327648 -5.090570654168215 0
35.72506456003994 -6.626807395101667 0
32.56542821295399 -36.62340509641572 0
32.6321698584073 -35.69724902198379 0
35.50580466275377 -1.197251667514563 0
29.91450576438271 -34.57443135058464 0
30.21864888702899 -7.55542704946341 0
28.18412761882117 33.1525620218445 0
33.59730880926251 -18.0004322200184 0
19.73162810774507 46.1690135536377 0
5.870200410094423 12.39490366970116 0
31.56119702928813 0.08822837194846514 0
11.92444083674147 57.43953005270414 0
26.61363926583631 45.79444261924381 0
22.05543248144066 43.90589804615756 0
38.7884999339505 -25.38238687506354 0
30.09219246484358 42.84936461921135 0
30.66148278560832 41.9343346970676 0
39.08524573964502 -32.23577243501825 0
39.71295529631527 -31.45750403688838 0
39.31604702550154 -30.62835510617276 0
29.45250567516353 37.05518663321401 0
32.03217969191357 36.57736002388268 0
36.25746291523768 -1.931377687625193 0
9.417405852295659 -50.08475894544203 0
4.856111315121447 44.65181930504679 0
4.187771666533289 43.94271149984954 0
3.254150716296117 24.82214761098282 0
3.457883373045716 29.09990026525817 0
33.31666570288695 27.87404903491954 0
33.79239964957417 28.87302771264823 0
36.39613086203975 -30.18754987423051 0
36.85786205894152 -29.40513514610597 0
37.88282083697305 -29.34866629973924 0
29.21482432997495 45.27381457747016 0
38.31775463148568 -30.41956402476298 0
32.82018847428228 -6.045987039178172 0
3.284953148180997 -17.57896174577157 0
2.316586386593758 -17.34533111495142 0
37.83668729634633 -28.26936739000434 0
31.49503342911796 26.01503195214797 0
6.404970063488066 -19.24231858331143 0
7.091896367918725 -18.63264448380498 0
6.867874955922234 -17.72179245499795 0
3.85550625731802 -19.46779342730228 0
2.930547871736319 -19.23386751513676 0
34.02668368208496 25.34719236064134 0
28.60744875828786 34.60628215920138 0
24.3771429696364 33.17722024778401 0
32.75583577627657 28.69225123905182 0
25.91132491716581 -43.28761338852206 0
6.62393210334151 -52.18832300927022 0
6.996814713330927 -53.08700947414286 0
7.954625423838824 -53.24683337332847 0
5.9714952207883 -52.95751192423826 0
7.241197365145508 -54.15517068426841 0
8.305637213591888 -54.18032545630181 0
8.928970004149432 -53.38707544391168 0
9.29704297410656 -54.30334384458061 0
8.741431346432888 -55.05664611858609 0
9.682306991352124 -55.18177188871475 0
10.27921979633313 -54.43147286333087 0
10.63569404548971 -55.28150786071703 0
11.25350825078103 -54.55980136876474 0
10.87919788045154 -53.65370237030704 0
11.85894397464438 -53.80090262178093 0
12.211851106255 -54.65989097189501 0
9.1112807120884 -55.99872189906368 0
12.82627255703114 -53.93856225533983 0
11.46229200079927 -52.88931531363782 0
9.904200660150817 -53.5211628180007 0
11.65745518347436 -55.53270484367576 0
9.729984671875808 -43.2297069969448 0
40.47451956741227 -25.07582152390401 0
41.26933298850346 -24.45294303142612 0
5.921638038661477 -17.37180648805397 0
29.5277557310538 34.08444501155652 0
26.86009277644422 36.54481863320236 0
35.61589848127791 18.41078904028749 0
30.52150833376927 25.94973304084854 0
8.556798563432283 -52.47056494654748 0
18.15746984609693 42.30303211218665 0
33.03202468808773 6.146262612364009 0
40.37437973744174 -19.0627590444657 0
40.88884464353758 -18.30020291907681 0
28.91696558347676 41.64195593082238 0
31.34707710357245 17.01846616886613 0
4.372491189179294 -42.48595361310699 0
25.60893694635165 -33.45836663787028 0
5.795686386653142 -7.375769367934643 0
10.49514019075494 -52.74506639036427 0
5.912175510543177 32.07718014876708 0
31.77568856652205 28.60369950719857 0
31.2099589913734 29.39062305378787 0
30.2363320076801 29.28570793153975 0
32.20506949454109 29.48207542742052 0
31.62027955460954 30.30888307200777 0
3.548296982817517 -44.25452904003043 0
3.814254993820709 -45.89050623998807 0
2.608287154769209 -46.98171414280775 0
21.20242572241933 46.70677708881474 0
14.1578751700713 55.65606290197704 0
5.230398474372806 2.587482409446822 0
28.84583032091231 -27.7136571581025 0
4.84362703852918 -29.98031134232885 0
4.143907034295072 -20.39852171275813 0
6.664681451159113 -20.17849969887162 0
31.35911770037994 -32.69945531777976 0
4.699329897903517 31.42859358213443 0
29.83565512390016 28.41402401542791 0
27.86032412540119 -39.93416882194737 0
3.752489515931714 34.53557714468663 0
3.505182626145332 -33.70914202268777 0
2.75033301687411 -33.88888398887362 0
19.35165945948231 -50.33103768822748 0
11.3628654157953 54.08349584140825 0
33.65708693601889 18.16091903359139 0
18.44602088055715 45.03203732463872 0
27.57672689890448 -44.85205083800995 0
27.64180929937044 -45.74657698514378 0
26.87907515860162 -46.21416528409638 0
27.66071756760952 -46.78453642892092 0
28.56771732209844 -46.15801488665231 0
28.3927983777551 -45.2121158894748 0
29.13028430527435 -44.7264108037535 0
31.71945494586739 -37.92370507361997 0
28.10712097349566 26.5856165213228 0
27.66266044516882 25.81022033517907 0
40.22511181539821 12.78126123568293 0
39.97964432062331 11.75338928038341 0
26.13133764285295 -45.79981562796338 0
26.11019391102406 -46.63391995461629 0
32.59849993179613 4.324348554669569 0
7.932701191699757 58.80543070683196 0
19.27971038254479 -52.94037134622805 0
31.04205681210255 25.16673923407292 0
29.27996832519183 29.1768332776653 0
29.66355036772716 30.12833236760817 0
17.67668588644133 32.48289387675875 0
30.88093364891216 8.772586635967926 0
29.97510717199416 7.825767739303397 0
1.94144264862496 16.57267054662857 0
21.39800360667217 -51.38966054975476 0
5.694632950047536 30.08935344917944 0
5.386877986047849 58.58404718974309 0
28.33780886868742 29.04613302918455 0
16.67969597398857 -40.7079523911181 0
15.60521329573959 -40.917513475825 0
31.95301549674086 42.1983389260138 0
18.19209099876866 -48.75393755656251 0
34.00058278495207 -38.49301923559297 0
6.246133594969201 34.41064320638836 0
39.97711930134716 14.39856929340644 0
28.90953010540004 23.55818883759489 0
24.80480280612513 -29.52808632703361 0
20.57865013378585 49.04985627661831 0
7.681513435579701 -29.42468356756369 0
8.348993269523088 -30.08732471658153 0
7.430625241229369 -30.36640368464626 0
42.90518537474628 -16.59803798028548 0
11.6573242404567 -51.21637946502665 0
25.87815776665487 -35.22209014976511 0
27.65126561859745 -7.429333449754484 0
20.15663182984089 -37.77934476778419 0
28.69294712263716 -37.85702293777462 0
29.42352153490453 -37.41414685563581 0
37.86939015637554 -22.57252947978013 0
26.55303931770253 -32.94179236802577 0
42.23675534318507 -8.601344893771326 0
17.7912370019058 34.07978913935499 0
22.99465732472728 36.45074152887304 0
5.37972450808397 -49.52280110454898 0
30.10864494020641 -39.61008803391265 0
2.378303927647001 -40.97730482045214 0
1.92405425737511 -39.98941435656236 0
31.29299781053576 -2.499986449289014 0
3.914684367563247 47.61134344868379 0
4.787365639292458 57.79765511552363 0
4.697993286178351 -6.359913453763982 0
23.93830401536497 -44.92586642606364 0
32.39439592682416 -40.1956008931596 0
7.799097545738999 30.63274756403371 0
41.11931380232334 -23.50393298216781 0
41.97715091597139 -23.72950407604811 0
13.93642391968184 -45.46475410858409 0
19.128716716104 42.5076479160128 0
16.53349282714368 55.09835676234958 0
6.707785394003969 47.59254293814201 0
13.20561087432866 55.63978894411993 0
3.436130807011811 1.256240469700308 0
6.024258501963958 -37.05721455784743 0
6.881852905933147 -36.85975114359253 0
2.216931977125899 22.46286935094813 0
4.741084689619904 -41.68234753220784 0
5.831822741231216 -3.36564585500309 0
4.965896586714714 -3.923868244580861 0
22.70379513712042 35.14451079162874 0
2.761983524979153 -15.65370835273383 0
26.77362771086382 33.67526185193817 0
3.945177632704519 -32.09952568558259 0
3.127241552176669 -32.29532584968216 0
29.17549854695933 8.225188054109772 0
38.74280840423496 -28.69580912208475 0
23.20569192181414 42.58086111671489 0
4.639609907441791 -8.944439804059899 0
9.269060519658833 -31.24891950509494 0
38.25413690091689 -1.540938121718199 0
5.613049594358175 -1.444879883143571 0
2.694421403782316 -5.002040746260618 0
36.50599045392075 -16.90115311502004 0
43.70350975624851 -10.98416674073948 0
33.20588155562839 -22.55422862168347 0
33.81781722424896 -23.14385671125514 0
33.5895479716456 -24.10676717757831 0
9.243663965971699 -24.79484577052346 0
30.00306704451419 15.9860946378847 0
4.482948827103242 41.90538250048468 0
21.97886565581864 40.82165451063332 0
4.591609371042105 21.33027597210155 0
3.52822257043155 8.890681124610339 0
7.868067921425106 -55.06488645773647 0
24.43201726319187 37.14580665577012 0
18.56935307475574 48.13698963412567 0
14.60260045021729 56.59685406397506 0
39.44741685374997 13.07809401532427 0
34.01501618738519 18.96078153563314 0
6.195277410409364 46.81406825985155 0
20.88550583467312 -31.20143760796665 0
20.7417983707493 -32.24295387282127 0
37.73733385744316 -33.91454879875884 0
22.65314824761759 50.15462718486239 0
23.71685362513857 50.20436207292069 0
17.92124891421347 34.98340476964301 0
20.92325927009369 39.45943444558137 0
32.52068622795362 -37.50755148876428 0
23.85975618619735 -48.94010150925929 0
42.49664396444712 -22.98588384818908 0
19.9222903918705 -31.58536438525639 0
19.37729708933106 -30.80376572415743 0
4.405601735014791 -11.43840994065403 0
4.623777946544648 -9.828413549606795 0
38.34026886150671 15.17889871691878 0
39.09186880346095 15.69979331959167 0
2.486998286752503 29.50345277340831 0
24.98947328040455 -32.07010842610231 0
10.23492966370708 -24.77073053038892 0
2.905489178785246 -33.11360929960478 0
2.239589656348298 -32.42283012396915 0
2.150998000732125 -33.36070625578559 0
2.078234655935249 -34.28867430347359 0
2.641693642613755 -18.29127296862482 0
9.499365368283541 -40.17846639466563 0
34.39778015100358 -28.97496381835401 0
21.43316075669082 47.58309265622346 0
5.328154809738697 -15.52199998827016 0
33.49264290951639 24.4303811601458 0
23.85137743821265 41.78265721102377 0
5.741655069382643 49.29734432629373 0
1.99426378727122 -10.67297428261622 0
7.798519738176599 52.30469204200367 0
33.27453309829853 -37.16872161008943 0
22.32095353828477 -47.97152925642101 0
25.93678716953318 -7.462236065644996 0
39.14419903515122 11.36284543669671 0
4.432593441193363 -15.28976913138753 0
30.06306598176029 -40.4768867214429 0
3.45865507734834 48.35415480109649 0
32.14252587922776 -8.21295969730226 0
5.734700444808357 8.693567531238092 0
33.49696740932281 15.54766236049669 0
3.761273669878826 55.54537351252178 0
40.86398116746705 -2.924730078942313 0
7.646511634447653 28.55457733445947 0
8.370597964107398 29.26154728813647 0
3.973459757781172 10.78385122927397 0
4.855868321830737 10.06439001649183 0
4.329051075243002 11.55230829498926 0
24.74092382071055 -8.275086936830363 0
39.09692073839155 16.60786778171878 0
4.197226717508126 -39.38920375314184 0
3.767584257803785 -38.64109309878734 0
12.03145738709465 -52.13198509813044 0
7.495200530652754 -49.77057576640839 0
37.83739978095338 -17.9626562083238 0
14.85107274262082 -45.14067527081091 0
3.06673842127093 5.081240090301902 0
21.02620968477124 -46.54069479386047 0
21.7804184847891 -46.82149906735619 0
2.337010490498878 24.39339421097769 0
26.59462818366022 -48.1267117364206 0
25.97885292753269 -47.52709952505795 0
34.67238896567569 -22.85663237264929 0
14.11360845428101 -50.52465133652601 0
3.358978796931908 3.20026057146839 0
6.648104351694829 57.600268354324 0
3.495592802603751 -21.09436035573692 0
38.88921910137739 -18.08806663059298 0
1.549502699368051 -13.01890951425188 0
22.49228673425751 -46.62596918275654 0
31.90628015858924 4.866758095276832 0
21.75383744102731 -41.45679962873607 0
18.83540039276552 36.90800708972299 0
40.50567856001115 3.252276265719208 0
23.52002881959183 -32.28554063442785 0
37.79350093260821 -4.48636624718867 0
8.663807031681058 30.32700517319607 0
2.063528083507703 34.26621131749331 0
33.83885400247188 29.96523290414998 0
5.69246236101623 45.11887979504045 0
36.55248774122816 -8.31445047880568 0
45.05687493110447 -11.44572064362282 0
26.82349225762692 37.560157593838 0
36.32165559274708 -4.164351027280928 0
4.851046377019076 -1.998703286981982 0
41.76148109071723 1.200754652306176 0
27.12531342833883 -39.5503857666377 0
3.61875956734331 -14.95336967700668 0
3.727098547853255 21.69686815696206 0
12.42801697751737 -56.20510087464875 0
39.45373184181094 -33.2248560522282 0
30.33905883664314 46.44531384694549 0
23.61048119676215 24.42179529492224 0
1.14266923011016 -11.22986710663014 0
1.811832910919358 -9.572345570958877 0
41.25978230952073 -8.84917579186382 0
3.8918435884902 11.96775783152937 0
32.3355507222602 -41.07022828011914 0
34.6432607629616 29.46787631090105 0
15.83735409056345 -43.84809947511364 0
1.418274677998894 -33.59935285314741 0
21.37086321607535 48.90513361108773 0
10.06956697005777 57.07456456626225 0
17.22629571456621 46.99904756807314 0
12.44876867197957 -53.06528672714195 0
13.43635428698501 -53.20863434385652 0
39.94329641864719 -18.19104264616952 0
37.20408118825148 -5.33966336805037 0
39.89844945659621 15.35087424448603 0
35.51866015638092 -30.11279754933855 0
22.23336279693448 -39.97306990815851 0
1.931889416346309 14.71510649893709 0
32.21825431895491 -33.05234590822869 0
32.17385281404516 -32.12506139152384 0
4.394072083555673 42.95286038207378 0
21.4885599388745 -43.2294761153793 0
5.378096102079085 -36.46513462937993 0
4.545858336753531 -0.07358395444879701 0
33.7783005335696 -19.38536341271418 0
35.21608956318104 12.94914532232642 0
26.29249460524472 -30.2302866513789 0
24.84999962429334 -34.2180328059785 0
17.75085663053407 52.72636845646032 0
30.81259154394536 -40.99619307176027 0
4.755962890122307 -36.7526416416832 0
21.99233039029942 -32.51796511486488 0
31.98356203264826 13.808700681756 0
34.407710578599 5.823787419283329 0
35.32421924695898 5.849994073973742 0
32.10530233164295 33.14225134247926 0
33.59752731145196 -42.02211145910169 0
22.8050084378572 22.76281590801401 0
23.29025306498065 22.11846933512356 0
21.16597386646972 -27.27672570730656 0
4.68750941051278 -1.057472421551676 0
3.901657477625608 15.1971572421034 0
32.9666467389105 5.167960788549862 0
32.35169222968543 0.681046990992929 0
6.61038385616607 -48.63270161305752 0
34.5484149020357 -20.71979243206782 0
1.410872413489221 -7.669293498425888 0
5.658837155231194 -53.89286527914692 0
39.69439892915737 -25.75258750532709 0
41.35694073378614 -17.47533693261308 0
8.872176050126598 -43.45452934311228 0
5.027518886848354 52.82923237496886 0
35.7045782320857 -40.36447662927003 0
25.45821530856695 -46.17680930178324 0
33.88588533342541 -6.507169897732542 0
27.31878174319869 24.52448861781798 0
30.36514280279754 19.72503249008015 0
30.11800605850236 18.9038792338779 0
27.24874533745236 -9.981876471393488 0
28.09402695720087 -10.26851144679122 0
1.80215314677919 -46.61808072414547 0
25.4231621201789 -27.82001996457637 0
39.29181809316106 0.3340534764727711 0
40.01904302368825 -0.1397815239875965 0
5.7936660641259 -51.990453228296 0
26.2500814407447 -26.37603390446257 0
5.985652028856968 -40.80053164650732 0
2.167206995938173 -8.468608422536732 0
10.04429120715225 54.88644309874894 0
4.206751072489744 -38.02538318011364 0
3.573472870506168 43.25810298590618 0
8.127482733895963 42.08542318442343 0
20.24965199375123 -33.15117219513598 0
40.67181497235418 -22.33283022030335 0
11.26016524404705 35.0450126631294 0
9.086915424444552 50.90717121860232 0
9.802194018268795 51.2605531716669 0
28.12961201038882 -1.345144520882066 0
29.16229484866873 -1.543276823712715 0
3.268283611936781 -20.1575617672294 0
4.377979970677882 9.12884136265612 0
21.40151572074387 41.3738674166209 0
8.59861019514525 -20.80957946137982 0
3.32074072555093 -31.47233867014032 0
27.54379788437347 5.554651315594222 0
24.24781094967835 -46.88192807423199 0
29.03028531212536 -43.91075857121778 0
29.92446781033063 -45.26874147702307 0
9.925170774970905 -25.61989209025401 0
16.84068314185263 51.62538265633454 0
21.751650683174 45.38337728689634 0
38.15034309863446 2.244263369306958 0
32.71378883844732 23.46533399284917 0
28.70360935149313 47.48673742501664 0
27.86214079356423 7.030113162653371 0
23.12053892648621 20.55082464366643 0
23.10069824918031 19.67075667376885 0
18.28933326211473 -50.47227123048938 0
2.15641434618232 20.55942992590251 0
41.36861169000708 -10.47491940732278 0
9.081299587150506 -41.96381163209686 0
25.81262846035892 -10.33804518380019 0
26.76453332693335 27.00615801734371 0
31.52346856105015 -41.42998596184781 0
9.955370381093816 -49.37037410952343 0
32.93677216291056 -28.24613221575462 0
25.14852818093679 -47.84091213020263 0
3.688527757356118 27.20512012601752 0
15.65027420947227 56.41415658741964 0
28.64892771074007 4.250561087470974 0
6.248858160433236 -15.70586176894143 0
1.08061447899681 -41.94250310111573 0
38.9707696470028 -29.70972047938252 0
26.81490635921906 -47.10376034063641 0
35.92776444754863 -29.38259294205537 0
2.334272354514023 36.65289232379855 0
25.40274763597554 29.57147612070723 0
4.432562136410268 -51.55762668080482 0
27.97568876246312 -37.38490130020735 0
4.702127506277376 55.32200405692906 0
32.24562303009294 -34.90387715218682 0
5.021178463563821 36.63517647529678 0
35.41031433948466 -10.18666453689398 0
8.424378934009344 50.65188427300042 0
37.18989979574027 25.21186322330185 0
21.86771201456413 -27.76522880134015 0
22.71623233394782 -27.50397514083726 0
1.349189131043877 -32.16015975239842 0
5.982326357863133 13.79156731535756 0
33.64602239300395 35.51209250552451 0
21.4747588402794 -39.74422083398236 0
2.714768539805757 17.00648123438054 0
26.89072938922181 13.90811146801815 0
31.14216923299461 37.96992415244981 0
34.98688103131961 -19.36306485969425 0
35.21619633915218 27.98751586798629 0
35.76455550099385 27.25040145582332 0
20.53557933021159 45.99651636209562 0
25.42733016015855 28.15055308072258 0
25.42067611725488 -46.98729810955636 0
42.20902084730956 -24.73349840175396 0
22.5360052933257 -43.82718088629532 0
21.80710376546897 -47.52710634011633 0
6.919593102709189 -55.33887745124102 0
22.09101388181912 -44.64074858566153 0
32.90744398911353 14.19392462739298 0
10.86770086989584 -27.88834710504813 0
32.76090795748086 34.09688917162501 0
33.67866386846423 34.51533423471697 0
41.37326375575773 -25.36343836622501 0
17.81157774615708 -37.82158957236899 0
27.1555694509649 -2.93166487215176 0
9.116856979432978 28.78188714925223 0
20.33297027467858 -49.29948008333331 0
24.70663021175492 42.97272183640903 0
28.74118461750043 -9.647758202140899 0
10.52683175618719 54.12658583406979 0
29.59476156824888 31.05999296304502 0
32.3932476654273 -26.701193988079 0
26.89002084432058 -41.84677856204208 0
4.67392915850056 49.1925870501734 0
2.900672240446721 -36.25464583606217 0
28.47980262293575 -46.98411435032605 0
36.99863504996009 5.832495759431545 0
30.66316386502884 30.01648505526622 0
5.866268246165341 36.25537846097364 0
34.10151209399484 -20.1361266560912 0
31.55534259892813 -3.332381280500378 0
19.26865995067616 -45.30530770533739 0
25.11719945468782 46.34014978858351 0
7.221859545066536 -40.74052321413819 0
26.6656709798322 -3.839421451657675 0
20.06771190538841 51.44353449332918 0
3.479196888834045 54.66703796611397 0
27.25120793713683 30.2826580980465 0
21.02556954473257 -45.87917618717636 0
34.97404670032563 10.40195339509421 0
31.81461975069377 23.51808870099346 0
15.51893977026493 -45.7577321703705 0
28.72708261740123 29.86525453351336 0
17.78845962586274 48.38167327472303 0
36.62514786438501 -10.8851093729063 0
16.93013165462925 -38.30436690246519 0
27.21965585112663 -4.519594425279244 0
44.2083504120578 -11.70963319142922 0
12.85998783345314 57.42304481757287 0
33.98708264439615 -17.33051824144265 0
6.960144173933331 45.63873737952778 0
17.09162044107921 54.25574389028785 0
5.094489835750807 -53.28204543605077 0
8.079049901784838 -22.33377029301224 0
24.54650883121928 49.99069275527976 0
20.17413559586833 -43.45760397060258 0
39.16902589148751 -3.174862760792907 0
18.6764488620147 -44.81544699938133 0
15.44349739805448 -42.05738765876286 0
14.76057880453688 -40.6259742988474 0
42.34570694162636 -4.927040880943212 0
42.94286354066769 -5.594298493062326 0
8.448414408168221 -48.96756816361177 0
2.594557591708345 -30.81425185776613 0
34.64231898942793 -17.47897330453149 0
23.87310718698508 -42.61256505289511 0
26.08300347625821 46.53770623944368 0
26.38901262703643 47.57097056361189 0
24.68492644438356 14.1685721014546 0
34.39872503303289 35.9574463117432 0
13.13161713319127 -54.93479719998031 0
6.42528243748933 52.36796518564223 0
18.92281514315298 -49.46863075025398 0
29.74271959456007 -10.06997986987341 0
36.34619671513167 26.6457244875182 0
20.63018124785544 38.56025182066443 0
3.487018612241982 14.53977775550558 0
29.85736509401878 -2.975206369617878 0
35.40117547285386 -7.438732635172133 0
28.57544935576271 37.44833922222369 0
38.41813775343338 -0.7253701784318186 0
7.283943431465979 -19.52710961986461 0
32.45916216831442 43.86847972446382 0
33.08795131699404 29.49259508323183 0
25.75688473653672 31.42975875072871 0
5.046684619860926 -2.943568316922073 0
36.57047162283309 24.70263884727376 0
41.0077509442281 1.681597260417253 0
41.54943374768356 0.2521026884152791 0
20.84944973259102 -53.2025776701679 0
18.15408283465184 -51.39007001362047 0
33.89085342368195 6.501806136084916 0
29.59538339931731 5.098936099217615 0
3.176924665053388 -35.06773114253052 0
28.37391116266789 17.8154008640225 0
29.23414848802777 18.52958316089139 0
23.4827393145222 -45.3762640380093 0
8.291215914111575 -31.0830994648373 0
29.04763818140024 6.866440321102292 0
29.2908199496006 7.473637511071914 0
1.051623561625289 -40.00675581707169 0
6.915711935838507 35.03024317920191 0
35.03477662878908 19.0915526419231 0
2.95845908920142 21.10742536157333 0
4.510223912301877 12.2172113209255 0
9.073445492135823 -39.5378079440901 0
26.0519662417885 -29.33011345474505 0
39.04382781211829 -22.84139192268418 0
27.08740341254122 48.49858414208235 0
37.38120972536869 -9.969929478046136 0
15.04141040665679 -44.2025876365951 0
20.65317351225031 -44.00944029365111 0
27.6386162922842 15.45971396405918 0
25.439924560037 32.08564657052693 0
24.46150188732091 16.75526188023989 0
5.921102018206354 -5.302480312688401 0
19.11421060321793 -39.69773719254059 0
33.03418289897679 20.37030182297922 0
31.55676563599443 -35.35584986021929 0
25.39230726771699 38.79571435934987 0
10.68036405559753 -56.73324235737633 0
41.81572383895561 -3.061402599640265 0
36.06374252814399 28.30819754241907 0
20.02135442834069 -42.21479370948541 0
14.28988604176062 -52.04920577939576 0
35.6328850021826 6.76879790927331 0
23.66228293106171 48.26958725551788 0
35.24431795230051 15.93486609753288 0
1.487709833233032 -19.10319525017616 0
29.69831977721913 -31.84100402917455 0
30.42540790728562 -31.39774051867124 0
30.59415109731951 24.47779548982378 0
4.543991591123659 -37.39638647324349 0
40.03814458772762 -32.2954771300621 0
10.13616888719698 -29.64946206161044 0
24.59882641094172 -26.20954349054937 0
40.87427902417575 -32.38680019363407 0
31.23325604073893 -28.10506650288831 0
32.06731377206353 -28.24190702668167 0
20.52420112110622 37.64140311314999 0
8.307337631901067 -56.48745375991574 0
17.66051125371926 49.15573774547209 0
17.64028666994346 49.91185686356154 0
36.91178803436495 -21.89174386211853 0
24.61148550346852 29.59579529758986 0
3.147570887619059 -47.62042689001969 0
24.88434667643308 21.39172183719279 0
16.99948813280279 35.25178010677178 0
32.72597779331873 37.04125339662801 0
40.29093916500354 -30.76058280866464 0
38.66246881071044 5.633137271737533 0
24.35270821794214 -32.5637091573919 0
33.18517826413768 9.826335259096748 0
36.45974846123309 23.87899851163603 0
36.88457757386783 -23.74159935859204 0
40.80500150559121 -9.842257414441507 0
1.815543218354158 36.01663738814955 0
0.9332320681909935 -46.74933576390928 0
5.571356899006382 -34.0346889530399 0
2.040329697483388 -48.72203559548325 0
0.9290455773610035 -9.428411253723189 0
40.31208200202092 2.233117191275973 0
22.56788189129206 40.32221621310734 0
39.21042852015475 -6.594438015204855 0
36.31383084149668 -28.63335180861141 0
41.1056186836754 -6.123694479310346 0
10.27570089672221 -27.25109949957817 0
24.88945995769467 25.50176258940616 0
30.68766870480962 40.97993905853098 0
19.20874723827701 -38.93765557762444 0
18.45371898358551 -38.53498179513928 0
19.22052055612238 -38.19837352854883 0
21.36737698307159 -40.93089034013275 0
25.2541682098003 -43.84503329111682 0
7.537788873291083 -39.22203653206719 0
4.282661628553607 57.0468751855993 0
19.51769403169204 36.53446356266432 0
40.10015928704033 -33.83057021179638 0
23.62175318813499 44.2773563278671 0
25.01982209384333 -27.03286727208096 0
6.173754447242117 58.3315113081508 0
14.61974696368851 -46.05484550159449 0
33.36916087625183 -34.05309595222788 0
32.76090192097985 -2.070363449478818 0
8.924335397886551 58.38369689443116 0
37.09037690341767 26.9739454909996 0
7.869015433814575 27.59184306243674 0
4.422689060621124 12.80742418790593 0
18.83382550837185 -44.06201839214188 0
3.675428713184486 37.73090228990552 0
32.15435909758779 30.98136953263794 0
42.99477573942855 -12.57334516874415 0
3.079050800447351 -30.13922844669512 0
18.34012693966031 49.66294381914354 0
27.52283055894529 -10.91514095279693 0
9.950744861585662 -28.11794954823882 0
6.048756201758252 35.34863501952261 0
1.766240145087256 -35.08719847902231 0
9.461425439309018 40.65379431500288 0
3.862124629550444 49.06902304140188 0
3.328288765719154 25.81862932654483 0
22.08330925621467 -46.26153095909866 0
17.09998182703894 47.76148572107167 0
29.91470095974235 3.399268017387111 0
8.755783691519632 -44.58836389280292 0
17.04989781757241 52.32849404077204 0
21.14934678378649 -38.89133873902107 0
3.517511299276535 -9.905390100147367 0
19.72035611418588 -28.40578301799279 0
5.873354792570252 -8.232953855897424 0
4.902794155354658 37.42283315516336 0
25.79275900041863 37.87357547852464 0
43.83732332252173 -17.34808080774546 0
1.01438175546599 -45.06233227885483 0
29.72796256317645 42.07309153895004 0
26.27181920344911 14.49582637228296 0
4.897638742064549 -35.37780126065937 0
28.53453416123056 -29.78010203658498 0
3.428864693896009 44.15337760170338 0
24.55579073771732 -42.79234195705252 0
13.99589073562214 -55.32130985866678 0
27.35124060112316 43.47391980324952 0
32.14958354164767 -15.46716015267356 0
31.78054002152678 45.43737596888218 0
23.74481792463005 -26.24460698236786 0
29.33738542856967 4.38155703104391 0
10.12243628933452 -55.9892093236095 0
16.61291943490235 43.27293926336886 0
16.44345893974491 44.04036679348529 0
17.15357077043997 44.49832438358594 0
25.97135189769712 -5.422943985840216 0
23.49709799496925 41.19394693875326 0
10.14681733906301 53.5188888844654 0
32.89755007749014 -32.54956461313819 0
5.571490831001405 -10.06022264129294 0
2.719502327596343 43.35581809912164 0
20.5688101924533 35.82973480094168 0
29.44212177900408 46.16617057841847 0
23.16439444046283 52.33061583875786 0
27.96460466626169 -28.15760784068871 0
42.19349341243215 -17.45861117082122 0
13.53621646621935 -49.81678522162875 0
31.47473363956571 31.17698142939185 0
34.76197084199244 20.3085547139196 0
30.37897961661565 -42.83247306090877 0
37.32123304206961 6.637448414078268 0
36.04800729076607 19.3097363452346 0
6.471119834097216 -53.76446821116092 0
9.764609446670088 51.95723943301606 0
1.01259888082523 -43.68103739723816 0
2.902951949088198 22.02047531296882 0
40.89704183339127 14.44537120925251 0
34.5085897671414 -23.63170483787811 0
31.0683472100196 -30.91206743872705 0
2.146303011588707 -12.28924614810464 0
34.70392866563814 -8.674357726907031 0
8.269560642240751 -23.14849220411064 0
19.19156577345971 44.81113392052836 0
2.613919770565066 -31.67835589356321 0
21.27880504484051 45.91279205055641 0
28.34838333368528 42.42737594877322 0
9.022106587917499 -56.84128554488574 0
40.0450602505022 -1.011553898277573 0
17.8762934609684 54.45794177608676 0
22.39351450630552 -41.49732586364996 0
25.98289217348943 32.54735507478756 0
29.74938175745442 23.3479627182038 0
22.27320841429353 21.0714769994849 0
18.12684634011556 36.41722061838865 0
9.493793618157111 49.50229265554235 0
1.383134185912127 -35.70130604068829 0
31.69909812034071 -28.96111886483442 0
42.18138542433421 -19.30213614199502 0
23.97064342901175 42.76574476497743 0
27.27323364159128 -36.0442465872195 0
35.16106050219622 -24.20020399074414 0
23.16932156363681 50.75769247351688 0
5.228452201592825 -42.41918651434317 0
36.95281190933218 13.54655296719933 0
31.87928180627295 43.19819371825384 0
6.073495721637559 -34.63521026213731 0
18.95608633327571 -48.37178057617612 0
31.65859349594451 -7.225700577513964 0
23.40827320152658 43.4346269642066 0
30.18508802519414 34.73561538090544 0
30.92708653052026 17.7476002195826 0
13.82354502357689 -48.1145702433585 0
25.92798909375 24.55445454506923 0
37.97946967616922 -10.20588674355756 0
22.97859539153193 51.58493907484988 0
39.80137428509507 10.98607880425784 0
35.98889021436064 9.49381178394159 0
25.48338173295207 17.57638033306732 0
32.73233698784779 -16.65229466078237 0
3.570691003034293 -30.71028763059955 0
8.350339790602954 -19.86071596213019 0
31.74092417459977 -20.27840328576887 0
15.52776751597151 -39.13557602035161 0
21.51901919584862 52.14052885648076 0
24.30046242120119 30.2427538517879 0
10.90132660025597 32.86314611992817 0
39.20693554553207 -0.4317369620983107 0
26.05948271132362 42.16040945017044 0
6.817357242179926 43.13577141742821 0
7.10911009026007 42.0695041136483 0
5.122526980080275 11.90657043290885 0
33.83123758385197 -24.85079653562273 0
29.12241430057936 -45.47424380756048 0
20.13416867593613 -53.38637972130296 0
2.987785616556146 34.00295626103055 0
2.55173924716645 -39.49034723912585 0
14.40689638684289 -46.80456885354435 0
11.99783148380408 34.81058670698201 0
10.5526964673228 -26.33741064590515 0
36.00630448773563 -0.4706150189951354 0
7.780544245842334 -18.11297958585612 0
9.891442794228933 58.00013736047614 0
32.71224134212897 -21.93926638283752 0
32.55950573634849 -20.25123849483775 0
21.92394070622612 49.57819287373489 0
31.5513596972004 0.8818453679189912 0
43.34796863951475 -15.68833584322983 0
37.70653845748375 -0.9582766173305794 0
27.89967532445619 4.166826683371365 0
30.35462874932368 -28.23526663375493 0
7.214457242517251 52.55550253549782 0
28.60524719060863 -41.97961464815742 0
38.63189090976233 9.954973461719987 0
24.18359939334323 -34.79310687388408 0
16.9477664464839 50.30136825806203 0
29.88755716245067 0.5653605534364249 0
3.929977501599462 44.77441858964418 0
36.56779225320953 16.10810418626432 0
43.20671192039501 -24.59410037619122 0
38.69077235257411 -33.96609420069395 0
24.48283126701425 23.09430417979198 0
23.78603148127157 22.75343577176447 0
41.75579472935801 -18.38615062104439 0
1.512481675252838 -17.32805428576582 0
25.75743914283511 -28.56698965584995 0
33.36557652657303 -20.21255856481775 0
41.30673572705219 -26.3020086153565 0
25.6639182697946 48.01511831531466 0
4.700892784431593 52.14062625850688 0
23.82111262914433 19.17263524208573 0
37.04373748124267 -33.58912879532703 0
31.54914125169845 -18.92607524753978 0
22.36998976688875 19.38743455905631 0
8.187810155201085 -43.09278127190548 0
12.57189110951306 -55.42556461531219 0
35.50945767056821 -8.178882155763061 0
31.51646573891787 33.95821622038727 0
2.94333003798429 -13.66336214632812 0
7.041540062556619 -45.8562293761355 0
4.329470517144435 -30.5819356320056 0
8.821257044761566 56.18663466530733 0
17.78923169653396 43.19640735411498 0
26.32159604521933 -40.13226682091558 0
9.2393448719468 -42.65867749804135 0
9.179071418977934 -29.82532170410239 0
23.21543815005093 21.38933902594786 0
4.052455096517436 -2.508439368908761 0
45.36537747172515 -9.721973580313847 0
44.62837413144331 -9.500954794715081 0
25.00567181371391 28.86934947501176 0
24.16075905937987 31.45366670856445 0
19.97130729391142 -32.43642330708863 0
28.60044041845581 33.79609206001772 0
38.3546649038303 3.203973027623983 0
38.67773917694568 4.074063041579951 0
19.08079388415548 -47.46100405365584 0
32.35484862245087 9.449753614846967 0
7.188038874178674 30.21655831056369 0
44.44284445077711 -10.95981372815211 0
22.60112061094899 35.85339245847575 0
43.82064711189444 -13.72182454062781 0
15.99743270032844 49.7319742220535 0
3.766724490284696 4.693352192349678 0
21.71393662299023 -38.36555477233789 0
24.98203034088689 -48.8174621124578 0
34.48746718444728 12.64899479765911 0
5.476092852333386 30.92962309120259 0
15.98004872752936 -40.07472085254878 0
40.38279413736814 -29.39659219455071 0
25.41120297480388 -9.199729010864857 0
13.68088231053081 53.44342322937729 0
9.153726382867712 -49.40740466017403 0
1.514369881985604 32.51142692298217 0
30.31246434917895 7.200585364105652 0
22.62244793440643 -26.4775087770471 0
25.50209019310661 -8.134148455341212 0
36.95704344640039 -4.583877797579388 0
33.00899595432916 -21.09123723039402 0
9.386971083598691 38.96262040912659 0
42.54176882782267 -14.50191360826256 0
5.623448806865045 -30.49923803392953 0
6.340183114918432 30.51388683060419 0
41.73116247587963 1.927724516678151 0
39.89454736796348 -29.94426104935855 0
20.87205607276881 -48.1140004807204 0
25.86974622689145 -27.1056241398185 0
35.521554885802 4.979454407471657 0
32.53146320073262 -24.24851189260808 0
8.338578228652661 52.63056053905837 0
38.45303386349001 -9.240213161927405 0
33.77310940584514 36.27375600042597 0
2.124575318841227 -47.73377662792259 0
24.02125598527103 23.67874186738763 0
30.88199766455941 -35.75710374844112 0
6.25317532431623 53.50735612579118 0
34.64517270863522 28.66134399469231 0
11.43421781123493 33.34537150700632 0
31.93710613570109 -42.75352699505331 0
9.724188916364788 -41.63847800571421 0
6.859056902726033 -23.43521709756647 0
24.35354440660402 24.32558134519564 0
31.46243261607759 -42.17397077621128 0
5.87722320517336 59.13884644749742 0
18.92316934960303 -31.45886221475187 0
32.16765429462543 -25.13550775367803 0
27.42332430952163 4.77981772457828 0
37.67583779555241 15.47608953170614 0
33.52262664011621 19.63800644937078 0
7.903825221296385 -31.96106963811924 0
39.07659449304195 -9.303438840563308 0
18.50855693272875 -45.73325343256492 0
19.7756529936989 -30.03766026965957 0
34.71046680850737 -1.641721000532042 0
28.12106224058904 -34.5670582333678 0
20.55194813969942 -41.12191804158448 0
11.34483193710358 37.47442784222493 0
37.73137257495421 11.52852709394781 0
18.27945215732656 35.67807131500373 0
16.75557187681592 50.91017185407532 0
34.7013623949112 -38.0835336882907 0
35.4451328070225 -38.3910447008557 0
43.81364049186774 -4.034260152376993 0
42.97351920433653 -4.084023243606163 0
28.6880852334282 24.3613839107866 0
33.79275883021238 -16.73861315557705 0
7.978788364308979 29.9517210726355 0
23.71952352793384 36.52959291890532 0
27.23887765118518 47.50824021613164 0
15.18704942080552 -43.39070876794349 0
29.21915759250311 14.67245089971918 0
38.86618523786669 -34.79281688372873 0
22.80938981065466 -32.1223957344508 0
17.22277630039094 43.73897108069838 0
36.26025710528876 -21.58562429567143 0
3.999918374290242 -37.44793458241556 0
38.46199202027157 17.03358457289487 0
15.88851065189711 55.58978458717503 0
0.5812349311317749 -34.43864416245031 0
28.45849738172915 -2.112246709915736 0
29.25126287614139 0.06434464236148339 0
3.778330999527487 56.46664174000491 0
6.899107615640764 58.52726514113024 0
30.38889089479812 -30.57928791711138 0
1.314498617786767 -39.3440567352491 0
19.42503784975885 -37.4453294962135 0
43.92040561676433 -8.277899592822171 0
18.70856106064023 -30.49166292128966 0
2.535224613129245 -9.964055364812985 0
20.70541652695208 51.13746673117186 0
28.45678200031416 6.792784981140152 0
25.07057681028509 -10.08861917343328 0
26.16595252692753 28.33912143821593 0
41.11606826870782 -30.70750314295818 0
37.14010023470035 -28.69201335614295 0
0.6763725670585886 -33.71268754600533 0
27.99388274907842 -36.49002037641769 0
3.458692485417922 53.04574727850939 0
36.36304951019974 -1.146541385932847 0
27.69318667047851 14.56379341189669 0
10.09876410839254 56.29578376298504 0
25.26349033830983 37.33534580976211 0
10.91274370739465 -56.04817477376118 0
29.94805074959691 -6.85492874810383 0
6.665377796217504 49.06267967344959 0
6.256341564694859 45.54266968215863 0
5.681656989497792 -22.26473831341538 0
1.287471277800289 -34.35989459212396 0
13.67108577577299 56.26778185792716 0
25.09638730056073 -32.81771954903953 0
7.366785366026495 59.36786250771037 0
34.23270094202944 15.05961657993588 0
28.35622816903879 -10.99824445841321 0
17.18084994502694 55.84651478399488 0
7.939087852385971 49.75546594326317 0
17.84885810517789 50.71448692427039 0
26.34193817628793 -36.46712884185094 0
31.21204579924261 -31.88079684573295 0
23.68077829403749 15.64740084307732 0
32.13164419334178 20.24212292769167 0
37.60194424293699 -23.33888147524563 0
6.122617590311554 41.66898936283685 0
22.92832985582221 -45.23161863516001 0
19.68192093711109 -49.61948815587488 0
24.79529762797551 -47.16506396185508 0
21.08340820087112 -37.96231752690472 0
4.418444986850521 -14.476269304657 0
31.1166328353863 3.608997997983047 0
9.426728052772475 -44.96481479459393 0
36.93000944774456 9.49644895732585 0
1.314893743285164 34.33461618788186 0
25.21551643347802 -43.05852130363868 0
5.8551042060791 -14.99098716689497 0
11.25774254037217 -26.21324461202532 0
29.13043734593311 -46.75897565823237 0
30.57179154144692 9.491134250095648 0
4.251301337779112 -50.82911896429147 0
24.53347309776012 50.68512149327759 0
34.40727024903526 -19.57532448180319 0
20.78467956316208 47.34233228100922 0
36.60443116991795 -17.54662824416055 0
31.40616355057962 14.5701573852599 0
21.79834266521262 -40.43903963686409 0
11.85404374946325 36.37767686689373 0
27.36258832011259 26.47861824650224 0
2.385253126733807 33.53968409701557 0
2.49426341822258 15.18029770427741 0
33.03049139178808 37.67643612740606 0
33.3750873278024 4.560392103584764 0
25.26573131631133 -6.726399633197386 0
26.83406785196858 -5.16597481718426 0
34.69264440294845 11.29580827235553 0
33.9080857560801 -18.6000839152718 0
10.53999387754746 35.2692963837058 0
4.622368302677856 28.21002460350741 0
37.36061070464235 -34.91498964474359 0
20.83253794194738 -39.6183937670867 0
5.2478516270406 -4.76501777532785 0
30.06903281399333 -35.31233548424789 0
32.96994747874293 -41.51607358228792 0
2.820389198420367 22.89821003403289 0
19.27355459193078 -46.77125621067457 0
4.397523578625574 32.2248487511501 0
39.83324175846675 13.65965073439734 0
34.62798590200124 34.33212609957517 0
21.51866115698168 -52.86944069695859 0
6.119855315645411 -23.21661808609975 0
27.89930357752768 -4.591848497457175 0
33.94914676609988 -37.6797603696314 0
36.24568048741605 13.9753281837669 0
33.46929854453544 -28.8295532671836 0
23.68787772377936 18.32125148635684 0
31.92056735699811 -25.85010530280989 0
27.41530736550655 -42.40360482436493 0
21.15659928486205 -27.98499280925444 0
40.48964956106504 -3.637130925323508 0
6.487696387415264 36.74317256765775 0
2.421487308524971 44.86993174178612 0
7.845090636579704 41.40078357303322 0
36.00595893644494 6.143574671282137 0
24.08643786459642 -43.16481460134266 0
21.99226348763542 37.39327736705972 0
5.405477670688047 31.63691838833439 0
2.710362178804012 -34.51152801031589 0
30.28638856878453 38.28247796543334 0
8.966968495402883 -30.53956355047213 0
40.67279494397793 0.2215592145803617 0
32.75826383218059 -15.39798901137497 0
42.64033179512285 -3.468813781709472 0
14.0831577414196 -53.54910550999534 0
4.296731198635725 -36.50497600706156 0
25.87831228179185 -42.60135472975611 0
32.91500506293765 42.31971024645139 0
1.826528094899595 -11.55870233666401 0
36.11789273704611 -27.20591897269848 0
24.27979527395375 -29.14580530565253 0
40.66769145094842 15.96866083564223 0
9.024767700108413 38.18089909688213 0
27.39891318910258 6.369282314468686 0
45.15543386645088 -9.004818335416276 0
23.73416821488852 52.03725095873445 0
27.89867873311387 -31.22458197396763 0
35.39083068356231 -8.884434131450817 0
5.042350896573121 45.42310313602965 0
4.090153266408218 8.341582465463958 0
36.88212231669049 -10.31012802955418 0
26.4290481640199 32.30879404308812 0
42.78462056573319 -25.98194661950203 0
16.90373913890312 45.38604001730256 0
2.530246615320474 -19.91490233030786 0
28.05320957858962 -47.52945987866163 0
1.927881539566379 -20.62080912798226 0
5.867126653835728 52.87516299106272 0
28.8246890198823 -43.17755700747337 0
6.482243027651383 -24.98260204878017 0
35.15676953518844 -29.44999760053909 0
32.27666091284076 41.11127946579136 0
21.33672808740369 -32.43465026898461 0
32.47025947460642 -6.75941313257921 0
5.23787524633114 38.02127364107382 0
34.28428465458111 36.68658911301813 0
35.10198756592209 -30.7983155331616 0
35.39376732984747 23.90753486184861 0
31.84453790900697 19.49918440801803 0
2.214728417295779 -18.97437475057079 0
7.486604306416885 -17.25901435005847 0
18.64818308436188 35.16857480529786 0
32.94523574986095 14.93172485747107 0
9.170640838145509 31.10641806867609 0
35.48421361854592 -39.55994500802851 0
25.40114910081072 -29.18595316028285 0
4.52400488647471 14.92076462358511 0
1.376998133416509 -48.30258188327048 0
28.39691482832378 3.645051252707373 0
10.59086905039353 32.14542939922436 0
28.74997615487796 19.32418114965471 0
30.45681958872012 -44.86396276267773 0
25.27779499097877 42.40195200051443 0
41.5231886134141 -5.386240665375901 0
6.568638755065113 -40.65369924357948 0
3.684689880157892 45.47873902759545 0
24.03083751280837 40.96922279220606 0
19.56338274986267 -32.87718099182344 0
32.10833484478307 -19.57790087905499 0
3.416705975509464 38.29600064267105 0
5.904512013275534 -31.08850089464553 0
4.887166493857878 14.37281396365357 0
8.922017837986544 50.41003046971724 0
33.75179917808412 33.16173703592267 0
26.5229246315961 -41.03839214205595 0
6.458603982403916 46.13018724094593 0
19.75600874449825 -42.82084462687107 0
2.995811973009785 42.75883788464722 0
1.737936282522338 -42.51102435991901 0
8.326598514721908 -55.70698905089972 0
27.64643214631713 37.77171130978767 0
37.83304003451239 -3.516231084933561 0
25.5867573843824 -35.93384573534293 0
22.0819653631576 51.5794500814362 0
34.43278145586629 19.66218549636009 0
21.57616253558124 48.23814767345294 0
32.11195661956705 -16.38332420330683 0
11.35289181449727 56.9875829684111 0
33.29966106487919 -35.58284023904672 0
24.46743742006633 -8.977366177104704 0
29.31194252630557 -34.93097952329105 0
33.63326277638458 5.748104051480531 0
23.98331822602262 21.80293964160287 0
23.61687024694618 47.31041656072068 0
32.15973266836777 -41.88553096790189 0
5.095322055904692 -7.031142313540693 0
27.25779663508623 25.2311597091771 0
29.79928628515471 3.982683970522344 0
28.79253195716807 46.77661930135533 0
5.158691100378569 9.186932705833653 0
29.44725585621668 -0.7911748919421171 0
33.46856180574328 33.79109724725263 0
35.7998770171336 -16.72551096284677 0
25.21444553935838 13.73118530135326 0
33.9210631455219 -36.88685878136651 0
28.06581729907658 -35.56003776170166 0
22.48746468394189 -44.42748790077201 0
27.39013866073301 33.25539921029024 0
19.09288651235785 -28.94649979889056 0
3.305331106314234 26.6527058892748 0
21.84823285290777 -52.06100930082516 0
13.68701621298877 -52.41553759212284 0
2.339082757079494 31.23438822272925 0
8.932113900816452 -48.16261517567742 0
7.028549231283641 -39.9974460585151 0
9.662581653790921 32.30296405046509 0
1.614723350536502 -32.88870960215478 0
17.9299183655345 44.57759836186386 0
2.957063564598892 6.997590093239188 0
3.717822580854863 5.442059861272414 0
28.09752843724635 30.32841330904672 0
7.314802807762803 50.27645995602517 0
16.14632955872593 -38.43712656799681 0
15.56184571579722 50.85189253362988 0
30.42723345034305 8.304985769409594 0
18.99992325964784 -43.46658305176984 0
34.38254324580159 -41.74261069029131 0
36.35759001988961 -18.08762678814568 0
17.52569655209142 42.01515460737672 0
39.66876942701868 -9.049772904969194 0
35.87018363428402 -10.74472904848714 0
36.98790634911605 -38.17990367667485 0
11.20731979582156 35.83489847951937 0
26.46728414214759 43.52099190805146 0
36.408571436464 -33.83227891503861 0
38.82918023107769 13.05789455993793 0
32.46276912828523 -27.60078366449345 0
16.52796643872374 33.72609463516244 0
2 7 0 1532
6265
6266
6267
6268
6269
6270
6271
6272
6273
6274
6275
6276
6277
6278
6279
6280
6281
6282
6283
6284
6285
6286
6287
6288
6289
6290
6291
6292
6293
6294
6295
6296
6297
6298
6299
6300
6301
6302
6303
6304
6305
6306
6307
6308
6309
6310
6311
6312
6313
6314
6315
6316
6317
6318
6319
6320
6321
6322
6323
6324
6325
6326
6327
6328
6329
6330
6331
6332
6333
6334
6335
6336
6337
6338
6339
6340
6341
6342
6343
6344
6345
6346
6347
6348
6349
6350
6351
6352
6353
6354
6355
6356
6357
6358
6359
6360
6361
6362
6363
6364
6365
6366
6367
6368
6369
6370
6371
6372
6373
6374
6375
6376
6377
6378
6379
6380
6381
6382
6383
6384
6385
6386
6387
6388
6389
6390
6391
6392
6393
6394
6395
6396
6397
6398
6399
6400
6401
6402
6403
6404
6405
6406
6407
6408
6409
6410
6411
6412
6413
6414
6415
6416
6417
6418
6419
6420
6421
6422
6423
6424
6425
6426
6427
6428
6429
6430
6431
6432
6433
6434
6435
6436
6437
6438
6439
6440
6441
6442
6443
6444
6445
6446
6447
6448
6449
6450
6451
6452
6453
6454
6455
6456
6457
6458
6459
6460
6461
6462
6463
6464
6465
6466
6467
6468
6469
6470
6471
6472
6473
6474
6475
6476
6477
6478
6479
6480
6481
6482
6483
6484
6485
6486
6487
6488
6489
6490
6491
6492
6493
6494
6495
6496
6497
6498
6499
6500
6501
6502
6503
6504
6505
6506
6507
6508
6509
6510
6511
6512
6513
6514
6515
6516
6517
6518
6519
6520
6521
6522
6523
6524
6525
6526
6527
6528
6529
6530
6531
6532
6533
6534
6535
6536
6537
6538
6539
6540
6541
6542
6543
6544
6545
6546
6547
6548
6549
6550
6551
6552
6553
6554
6555
6556
6557
6558
6559
6560
6561
6562
6563
6564
6565
6566
6567
6568
6569
6570
6571
6572
6573
6574
6575
6576
6577
6578
6579
6580
6581
6582
6583
6584
6585
6586
6587
6588
6589
6590
6591
6592
6593
6594
6595
6596
6597
6598
6599
6600
6601
6602
6603
6604
6605
6606
6607
6608
6609
6610
6611
6612
6613
6614
6615
6616
6617
6618
6619
6620
6621
6622
6623
6624
6625
6626
6627
6628
6629
6630
6631
6632
6633
6634
6635
6636
6637
6638
6639
6640
6641
6642
6643
6644
6645
6646
6647
6648
6649
6650
6651
6652
6653
6654
6655
6656
6657
6658
6659
6660
6661
6662
6663
6664
6665
6666
6667
6668
6669
6670
6671
6672
6673
6674
6675
6676
6677
6678
6679
6680
6681
6682
6683
6684
6685
6686
6687
6688
6689
6690
6691
6692
6693
6694
6695
6696
6697
6698
6699
6700
6701
6702
6703
6704
6705
6706
6707
6708
6709
6710
6711
6712
6713
6714
6715
6716
6717
6718
6719
6720
6721
6722
6723
6724
6725
6726
6727
6728
6729
6730
6731
6732
6733
6734
6735
6736
6737
6738
6739
6740
6741
6742
6743
6744
6745
6746
6747
6748
6749
6750
6751
6752
6753
6754
6755
6756
6757
6758
6759
6760
6761
6762
6763
6764
6765
6766
6767
6768
6769
6770
6771
6772
6773
6774
6775
6776
6777
6778
6779
6780
6781
6782
6783
6784
6785
6786
6787
6788
6789
6790
6791
6792
6793
6794
6795
6796
6797
6798
6799
6800
6801
6802
6803
6804
6805
6806
6807
6808
6809
6810
6811
6812
6813
6814
6815
6816
6817
6818
6819
6820
6821
6822
6823
6824
6825
6826
6827
6828
6829
6830
6831
6832
6833
6834
6835
6836
6837
6838
6839
6840
6841
6842
6843
6844
6845
6846
6847
6848
6849
6850
6851
6852
6853
6854
6855
6856
6857
6858
6859
6860
6861
6862
6863
6864
6865
6866
6867
6868
6869
6870
6871
6872
6873
6874
6875
6876
6877
6878
6879
6880
6881
6882
6883
6884
6885
6886
6887
6888
6889
6890
6891
6892
6893
6894
6895
6896
6897
6898
6899
6900
6901
6902
6903
6904
6905
6906
6907
6908
6909
6910
6911
6912
6913
6914
6915
6916
6917
6918
6919
6920
6921
6922
6923
6924
6925
6926
6927
6928
6929
6930
6931
6932
6933
6934
6935
6936
6937
6938
6939
6940
6941
6942
6943
6944
6945
6946
6947
6948
6949
6950
6951
6952
6953
6954
6955
6956
6957
6958
6959
6960
6961
6962
6963
6964
6965
6966
6967
6968
6969
6970
6971
6972
6973
6974
6975
6976
6977
6978
6979
6980
6981
6982
6983
6984
6985
6986
6987
6988
6989
6990
6991
6992
6993
6994
6995
6996
6997
6998
6999
7000
7001
7002
7003
7004
7005
7006
7007
7008
7009
7010
7011
7012
7013
7014
7015
7016
7017
7018
7019
7020
7021
7022
7023
7024
7025
7026
7027
7028
7029
7030
7031
7032
7033
7034
7035
7036
7037
7038
7039
7040
7041
7042
7043
7044
7045
7046
7047
7048
7049
7050
7051
7052
7053
7054
7055
7056
7057
7058
7059
7060
7061
7062
7063
7064
7065
7066
7067
7068
7069
7070
7071
7072
7073
7074
7075
7076
7077
7078
7079
7080
7081
7082
7083
7084
7085
7086
7087
7088
7089
7090
7091
7092
7093
7094
7095
7096
7097
7098
7099
7100
7101
7102
7103
7104
7105
7106
7107
7108
7109
7110
7111
7112
7113
7114
7115
7116
7117
7118
7119
7120
7121
7122
7123
7124
7125
7126
7127
7128
7129
7130
7131
7132
7133
7134
7135
7136
7137
7138
7139
7140
7141
7142
7143
7144
7145
7146
7147
7148
7149
7150
7151
7152
7153
7154
7155
7156
7157
7158
7159
7160
7161
7162
7163
7164
7165
7166
7167
7168
7169
7170
7171
7172
7173
7174
7175
7176
7177
7178
7179
7180
7181
7182
7183
7184
7185
7186
7187
7188
7189
7190
7191
7192
7193
7194
7195
7196
7197
7198
7199
7200
7201
7202
7203
7204
7205
7206
7207
7208
7209
7210
7211
7212
7213
7214
7215
7216
7217
7218
7219
7220
7221
7222
7223
7224
7225
7226
7227
7228
7229
7230
7231
7232
7233
7234
7235
7236
7237
7238
7239
7240
7241
7242
7243
7244
7245
7246
7247
7248
7249
7250
7251
7252
7253
7254
7255
7256
7257
7258
7259
7260
7261
7262
7263
7264
7265
7266
7267
7268
7269
7270
7271
7272
7273
7274
7275
7276
7277
7278
7279
7280
7281
7282
7283
7284
7285
7286
7287
7288
7289
7290
7291
7292
7293
7294
7295
7296
7297
7298
7299
7300
7301
7302
7303
7304
7305
7306
7307
7308
7309
7310
7311
7312
7313
7314
7315
7316
7317
7318
7319
7320
7321
7322
7323
7324
7325
7326
7327
7328
7329
7330
7331
7332
7333
7334
7335
7336
7337
7338
7339
7340
7341
7342
7343
7344
7345
7346
7347
7348
7349
7350
7351
7352
7353
7354
7355
7356
7357
7358
7359
7360
7361
7362
7363
7364
7365
7366
7367
7368
7369
7370
7371
7372
7373
7374
7375
7376
7377
7378
7379
7380
7381
7382
7383
7384
7385
7386
7387
7388
7389
7390
7391
7392
7393
7394
7395
7396
7397
7398
7399
7400
7401
7402
7403
7404
7405
7406
7407
7408
7409
7410
7411
7412
7413
7414
7415
7416
7417
7418
7419
7420
7421
7422
7423
7424
7425
7426
7427
7428
7429
7430
7431
7432
7433
7434
7435
7436
7437
7438
7439
7440
7441
7442
7443
7444
7445
7446
7447
7448
7449
7450
7451
7452
7453
7454
7455
7456
7457
7458
7459
7460
7461
7462
7463
7464
7465
7466
7467
7468
7469
7470
7471
7472
7473
7474
7475
7476
7477
7478
7479
7480
7481
7482
7483
7484
7485
7486
7487
7488
7489
7490
7491
7492
7493
7494
7495
7496
7497
7498
7499
7500
7501
7502
7503
7504
7505
7506
7507
7508
7509
7510
7511
7512
7513
7514
7515
7516
7517
7518
7519
7520
7521
7522
7523
7524
7525
7526
7527
7528
7529
7530
7531
7532
7533
7534
7535
7536
7537
7538
7539
7540
7541
7542
7543
7544
7545
7546
7547
7548
7549
7550
7551
7552
7553
7554
7555
7556
7557
7558
7559
7560
7561
7562
7563
7564
7565
7566
7567
7568
7569
7570
7571
7572
7573
7574
7575
7576
7577
7578
7579
7580
7581
7582
7583
7584
7585
7586
7587
7588
7589
7590
7591
7592
7593
7594
7595
7596
7597
7598
7599
7600
7601
7602
7603
7604
7605
7606
7607
7608
7609
7610
7611
7612
7613
7614
7615
7616
7617
7618
7619
7620
7621
7622
7623
7624
7625
7626
7627
7628
7629
7630
7631
7632
7633
7634
7635
7636
7637
7638
7639
7640
7641
7642
7643
7644
7645
7646
7647
7648
7649
7650
7651
7652
7653
7654
7655
7656
7657
7658
7659
7660
7661
7662
7663
7664
7665
7666
7667
7668
7669
7670
7671
7672
7673
7674
7675
7676
7677
7678
7679
7680
7681
7682
7683
7684
7685
7686
7687
7688
7689
7690
7691
7692
7693
7694
7695
7696
7697
7698
7699
7700
7701
7702
7703
7704
7705
7706
7707
7708
7709
7710
7711
7712
7713
7714
7715
7716
7717
7718
7719
7720
7721
7722
7723
7724
7725
7726
7727
7728
7729
7730
7731
7732
7733
7734
7735
7736
7737
7738
7739
7740
7741
7742
7743
7744
7745
7746
7747
7748
7749
7750
7751
7752
7753
7754
7755
7756
7757
7758
7759
7760
7761
7762
7763
7764
7765
7766
7767
7768
7769
7770
7771
7772
7773
7774
7775
7776
7777
7778
7779
7780
7781
7782
7783
7784
7785
7786
7787
7788
7789
7790
7791
7792
7793
7794
7795
7796
-25.03506919293711 -4.796908309059268 0
-6.286889405950363 -3.911076253267341 0
-6.588321268844501 -11.30309130660672 0
-23.62205373652427 -9.397564336322096 0
-21.87798110308923 -19.1418853359742 0
-5.414431218043473 -0.1312072391227869 0
-6.838927720989451 -7.047218194960071 0
-20.37376845241888 6.446160237029369 0
-18.55742680829121 17.85634918485304 0
-4.615460106027184 7.713675260957545 0
-4.418800692736948 21.6644554424561 0
-7.769373821306171 -21.89314754329737 0
-19.19940553737829 11.69087143380651 0
-19.31178601511984 24.61070160640679 0
-18.26315292580707 15.53499522327057 0
-4.616801093535557 11.6814694828085 0
-4.346784890021675 17.62545832103711 0
-23.56036053138246 -12.00574511218869 0
-4.88706452248671 3.748420852364088 0
-20.28049445969353 -21.89464119152997 0
-8.058243162041833 28.61367385006091 0
-22.17226376706217 4.811560995252953 0
-11.39132522330354 -25.18654632285806 0
-9.225293222360438 30.66734934746913 0
-20.07975532027696 29.97795142418476 0
-4.51363658794034 -16.11265538639319 0
-19.1714870161633 27.9502104728119 0
-19.4616899252199 8.513578376524814 0
-11.16279411000338 33.81468942784727 0
-25.04947374970827 2.690533644506548 0
-13.0647912063375 -26.69291859627986 0
-19.50218143251776 -25.75395716145251 0
-17.95924733839875 37.93480173042695 0
-4.27816882878431 14.68212907215459 0
-25.87302458538952 -2.683271531754898 0
-12.41778812273485 35.59295986364495 0
-4.136343485877331 24.5391667238023 0
-23.43699850343728 -17.68534924246276 0
-20.20024827953619 21.72429828367541 0
-11.91166343502745 40.2748790993712 0
-18.05710483088111 -28.32011913518681 0
-9.890691869128739 -36.54587219949104 0
-4.283414615133209 -18.09727220540736 0
-21.80337974672025 35.10589403485481 0
-13.62972278731714 -30.28904683584475 0
-14.08919095915253 44.39021196069965 0
-12.85293746780075 38.01439756071525 0
-9.310522595091278 -39.97575194427564 0
-21.52905781196855 31.5721152513917 0
-16.34001383020016 41.40326069982448 0
-6.843825484103985 -9.081237448451295 0
-15.79196557753269 -33.97144804119239 0
-4.399561133105156 19.57446805286449 0
-8.958943765844237 -23.54541929288459 0
-5.807368946556477 -2.025994297794445 0
-24.38146837656297 -7.558038292698416 0
-12.65078770793047 -40.75816398794642 0
-14.1995247584797 -36.81131658331799 0
-10.37088022498708 41.80884480195385 0
-4.672156254776997 9.62018854874257 0
-11.71953605608617 -33.85534525136617 0
-25.21983166473773 -13.8914199092923 0
-4.60970762585896 5.73857620381719 0
-27.41272030326418 -0.9638373031297199 0
-17.87252522276254 -30.90532496460323 0
-11.58289204109883 45.06501557904889 0
-5.098265565024196 1.860479602468792 0
-4.038967091863981 26.63845909856668 0
-5.578233556664046 -20.85332524188769 0
-21.05212449443027 35.71757350134828 0
-20.8703355002028 34.82597015255713 0
-20.1420389450634 35.41734464541931 0
-19.94586744882437 34.51446151224027 0
-19.21747487946979 35.09840983194179 0
-19.03695823002737 34.13747504311931 0
-18.29665902003076 34.74893479491483 0
-18.11360203575187 33.78850618268708 0
-17.36749929816563 34.41268079057773 0
-17.18309934331145 33.45311342856282 0
-16.4301007582852 34.0949161424982 0
-16.24937353318067 33.12297898736995 0
-17.00336693872171 32.48113593412724 0
-16.06915007614222 32.14860795359214 0
-16.8244326075651 31.50537883441267 0
-15.8891007521407 31.17285277312978 0
-15.133905078213 31.8159397538949 0
-14.95404270636594 30.83980302784107 0
-15.70926550030289 30.19703936788631 0
-14.7750568575816 29.86463982080599 0
-15.51269852046869 29.26937402482149 0
-14.59340272845172 28.89810106877896 0
-15.49175136526079 28.27689368391865 0
-14.43954625839081 27.92246326614113 0
-15.17093536853924 27.27441177203105 0
-14.2406380768185 26.94328560583854 0
-14.98884986953459 26.30042896751919 0
-14.05803780324579 25.96746088502718 0
-14.80875524890455 25.32488122393569 0
-13.87730743864195 24.99162998991219 0
-14.63295928361852 24.34793982813271 0
-13.69785169882054 24.01516845813659 0
-14.45418054166656 23.37115776044108 0
-13.51825707925618 23.03831862130522 0
-12.76228589334274 23.68232386060321 0
-12.58251532920755 22.70554960658929 0
-11.82631665486552 23.34958041603921 0
-11.64656225051185 22.3726842843602 0
-12.40277239822532 21.72823659043438 0
-11.46650493799739 21.39500881247292 0
-12.22306127829034 20.75030545074617 0
-11.28652621121824 20.41691896784508 0
-12.04364149092579 19.77204150384923 0
-11.1067729981858 19.43893986971097 0
-11.86390539027906 18.79369544908094 0
-10.92709590824032 18.46047520877013 0
-11.68410933583616 17.81509993199676 0
-10.7467525476362 17.48142045621141 0
-11.50495496080191 16.8358258884125 0
-10.56633472737346 16.50217846381424 0
-11.32508735778409 15.85633790241473 0
-10.3861173792001 15.52264507084522 0
-11.14450083013854 14.87681247895215 0
-10.89032063298304 23.01728238732806 0
-10.20585731941682 14.54297075260854 0
-10.96429126561413 13.89711043736966 0
-11.90349218020765 14.23075391478665 0
-11.72325499023605 13.25110732526514 0
-10.78425580978026 12.91724817517029 0
-11.54287272574692 12.27137745574127 0
-10.60415185621798 11.93731658884509 0
-11.36287482433065 11.29145292580209 0
-12.30146587282666 11.62560236546287 0
-12.12150188514432 10.64566463952874 0
-11.18296649266484 10.31155248719068 0
-11.94150508994612 9.665780035267593 0
-11.00299171016801 9.331718441893601 0
-11.76152937432122 8.685931847316844 0
-10.82297009966827 8.351860281510959 0
-11.58158798664608 7.706099213291525 0
-12.52006258232663 8.040158306089868 0
-12.34014781041647 7.060356056265162 0
-11.40164663600099 6.726323523320198 0
-12.16021058627091 6.080577220872766 0
-11.22169599469463 5.746498784563561 0
-11.98028922935481 5.100793483962582 0
-12.91873728895563 5.434886556954114 0
-12.73886257279959 4.455128796357963 0
-11.80038266500159 4.120979257989069 0
-12.55900360624021 3.475298500394716 0
-13.49747173810386 3.80944728621168 0
-13.31759573601133 2.829680111860098 0
-14.25582650093031 3.163847075378288 0
-14.07604511724579 2.184081975690374 0
-13.13768645001867 1.849847110203454 0
-13.89641639795214 1.20419414300359 0
-14.83462620663329 1.538362932723544 0
-14.6551070268623 0.5585972296962163 0
-15.59343434587987 0.8927299527545026 0
-15.41380523301421 -0.08699205366381475 0
-16.35227227043742 0.2472772823565968 0
-16.17254597044445 -0.7326157311967069 0
-15.23399450478844 -1.066855460935123 0
-15.99272251967599 -1.712579074738777 0
-15.05408818792205 -2.046805082988281 0
-15.81284791767452 -2.692595363781129 0
-14.87418147501117 -3.026814792409725 0
-15.6329651749901 -3.672627796661941 0
-14.69429396982461 -4.006857102886308 0
-15.45229419919009 -4.652510880352335 0
-14.51451276582901 -4.987173131652948 0
-15.27239155731218 -5.632436685207233 0
-17.11111021329019 -0.3982892162591649 0
-14.33482238248197 -5.96701515522997 0
-15.09251379476682 -6.612020647889801 0
-14.15507347520474 -6.946567252599185 0
-14.91327789165321 -7.591393469427469 0
-13.97568245379082 -7.925897447344378 0
-14.7333661003334 -8.570289207128894 0
-16.3899303829193 -4.317202753363976 0
-13.79627136996093 -8.904319001160554 0
-14.55367804474499 -9.548795785589135 0
-13.61637969548948 -9.882503962373077 0
-14.37415863649378 -10.52709622487818 0
-13.43682924677541 -10.8607197303529 0
-14.19463281194659 -11.50533615239433 0
-13.25749841630341 -11.83912611772837 0
-14.0152052647074 -12.48366694105971 0
-13.07796547295052 -12.81750808773877 0
-13.83567563563188 -13.46205560233762 0
-12.89858541348026 -13.79577820221908 0
-13.65612781651839 -14.44044370408476 0
-14.59330378616037 -14.1067328835578 0
-14.41373246607182 -15.08522022922458 0
-12.7190081902173 -14.77405735294636 0
-15.35096119164151 -14.75147887662078 0
-15.31141236434024 -10.19259213480067 0
-15.17132482319151 -15.73002769196836 0
-15.84972584561316 -7.256421784126861 0
-13.93580972148884 -3.361802186572284 0
-16.10864993386801 -15.39626906387462 0
-15.92686005657868 -16.36857767171679 0
-14.99129358382469 -16.70754112540585 0
-15.75409260016866 -17.34068407719057 0
-14.8126735112873 -17.68490664602427 0
-13.39651790854431 -6.303528259292226 0
-15.57982254574729 -18.31923384398013 0
-14.63398580265831 -18.66335278661668 0
-15.39219889574598 -19.30850596347343 0
-17.29079763505396 0.5815497093930359 0
-18.049489416687 -0.06396456855975292 0
-14.45313455327567 -19.64384396402338 0
-13.69502139068503 -18.99906720083134 0
-15.21095966478752 -20.28973789264739 0
-13.06006603410165 10.97978157677971 0
-16.86525839049025 -16.03746591881826 0
-17.04606230360222 -15.06165609448956 0
-11.9616764531431 -14.12954780443707 0
-11.78208072505666 -15.10757027628701 0
-12.98019677175596 20.10558819205881 0
-10.35017547647844 20.08473522452616 0
-12.44205299081874 17.16985032180371 0
-12.85931618324435 -9.238027220479868 0
-12.95783173594754 0.8698838267685038 0
-17.80168451205235 -15.69993827054343 0
-17.98354784944913 -14.7268949899187 0
-11.02509558421317 -14.46330706865081 0
-10.84576600932114 -15.44084921921771 0
-13.30131607683555 26.6099849717572 0
-13.51507420966155 -19.97822507964477 0
-12.75714017495649 -19.33326428423085 0
-10.08882298406375 -14.79675019191203 0
-9.909614553867353 -15.77404091954378 0
-18.22907447297483 0.915800794426493 0
-18.98785339623316 0.2705652609288861 0
-18.80827324400938 -0.7094739472336931 0
-19.74682485431401 -0.3748541876121776 0
-19.56719683663093 -1.355031677082264 0
-20.50577496133801 -1.02052226851704 0
-20.32615974105397 -2.00065094016803 0
-9.8088765893432 17.14797654976846 0
-10.06434502626127 8.997590101152539 0
-20.68531649952491 -0.04044821846942737 0
-16.33971848970561 -18.96487739993627 0
-18.7175091992433 -15.34133381281606 0
-18.91753693565426 -14.38871514063865 0
-10.26646083897678 -13.818673822355 0
-11.07007117087372 23.99359539716142 0
-10.13433956184175 23.66161034742921 0
-9.15278189480261 -15.13000480656591 0
-8.973543602237676 -16.10750241217139 0
-18.53530135330021 -16.22595652012819 0
-21.44442067948923 -0.6860166319727311 0
-19.55488761301103 -15.12915961273169 0
-14.01985174330474 30.50691058323211 0
-18.16292507588004 -13.74804843343455 0
-19.10048044320769 -13.41415350600112 0
-10.31386995073557 24.63744820595313 0
-9.378693955238097 24.30569411491705 0
-9.19898765521738 23.3295554006445 0
-12.57729025944781 -20.31222624711112 0
-11.81948570049212 -19.66707046394356 0
-17.47060964777718 1.561120434667081 0
-18.40855259750838 1.895254923370872 0
-17.65047122810428 2.540368067435999 0
-14.43572103739619 4.143447506970301 0
-13.27856955282769 7.394405617728333 0
-9.845424308380609 12.58325676677895 0
-9.447728048897746 15.18892701266117 0
-8.44427779863851 23.97384994289784 0
-8.263541668445246 22.99765415976683 0
-13.24014596490078 11.95981213651463 0
-13.99866598205241 11.31386150206914 0
-14.17890591293673 12.29364832622383 0
-14.93718990764814 11.64788008694022 0
-14.75725029601939 10.66796290086855 0
-18.34334798538546 -12.77024009036661 0
-19.25552214048399 -12.43154033383225 0
-18.51874880685954 -11.79057145752048 0
-19.43037100718218 -11.45189568743123 0
-18.69686653492252 -10.81137492657311 0
-19.63427379203791 -10.47737367325486 0
-12.49911391720085 -11.19511076557221 0
-9.884310152715022 8.01768044300351 0
-9.125492542191282 8.66352797672465 0
-8.945402587510792 7.683417315432252 0
-11.62041644181029 3.141133246085851 0
-10.86170997950457 3.786801444994162 0
-10.68177019402249 2.806796467780993 0
-9.922858379163001 3.452648422669934 0
-9.742831769239224 2.472503906564151 0
-13.33521415923439 -20.95745583515366 0
-18.88021388907087 -9.832982705320214 0
-19.81863670310714 -9.499085611422867 0
-19.06108124140201 -8.853951970645509 0
-19.99938791513109 -8.519948173852136 0
-19.24104692529491 -7.874589649954446 0
-20.17944111585824 -7.540478091893289 0
-13.66351344266871 28.55798320474818 0
-19.42089262925411 -6.895011255302543 0
-20.35933222827126 -6.560821562175896 0
-19.60070854027055 -5.915267000772199 0
-20.53917772607046 -5.58101267132061 0
-21.62407334308487 0.2944084584109025 0
-22.38318881420186 -0.3514084244079155 0
-22.20353671274717 -1.331723267485806 0
-15.38998271641761 23.7040279062189 0
-15.21049860211682 22.72676244177366 0
-15.11707158922248 12.62756687308439 0
-8.983844775263645 3.118468482108863 0
-8.803838209524077 2.138041435058187 0
-9.562847732015666 1.492077333554497 0
-18.58804972608453 2.874371352582852 0
-17.83015983657294 3.519329082146739 0
-20.15199839056717 -12.9744397132359 0
-12.39738727911822 -21.29131603114874 0
-13.15558570499666 -21.93676618596832 0
-16.12803649897112 23.0633496400932 0
-15.96423018422026 22.08254304405851 0
-8.216828202072916 -15.46334836511168 0
-8.037285982192621 -16.44110682128472 0
-8.794391821444549 -17.08542021486569 0
-7.857708339195289 -17.4192724225664 0
-8.615266175301434 -18.06376129492092 0
-15.92676445519052 26.52256340328622 0
-8.623801672294752 24.94913247079011 0
-16.61397617537468 34.96958976275963 0
-8.186487878979886 8.329465229763489 0
-8.366606109974734 9.309547824294341 0
-8.006397803699187 7.349077985540341 0
-15.6959622083315 11.00218093551693 0
-15.51607870179272 10.02212928893132 0
-15.50018361801113 33.75130826768211 0
-8.396032764797745 -14.4860952220194 0
-8.62384468679527 1.157513297886667 0
-9.382982921521286 0.511377818071116 0
-19.38755180973083 -2.335163674877689 0
-7.690390456830632 24.61754321399222 0
-7.460250806462895 -14.81924366077062 0
-18.82823817369646 33.16279366547793 0
-10.66588883685844 -16.41843861091225 0
-14.95233929218672 -12.14960359710005 0
-9.16414163664744 4.098328076698678 0
-21.29786760102872 -6.226665551357454 0
-21.47773509794247 -5.246770148820593 0
-16.45479477819347 10.35630195500371 0
-16.27502964020779 9.37634518426986 0
-8.22520622278746 3.763822262669882 0
-17.03615770067023 22.45276680700914 0
-16.72457117550221 21.4371046979099 0
-8.44383949373815 0.1768852749560845 0
-9.203119274802669 -0.4693152615258847 0
-20.57810211356809 -10.14460130174449 0
-23.14234250238771 -0.997166147472592 0
-22.96253834008171 -1.97709801837382 0
-22.56277915658607 0.6289057035418995 0
-21.80381183378495 1.274677914577669 0
-7.870494445693433 25.59139910561534 0
-8.787246355144463 25.90243014599542 0
-16.44688296320844 29.60187803441255 0
-12.63546043689147 -32.19638578041511 0
-19.73500220897499 19.57673821301348 0
-14.35905628825559 13.27301773713036 0
-15.29696734482841 13.60689262039252 0
-14.53907344166316 14.25205600044278 0
-16.05486335348347 12.96145635188278 0
-12.53915239233768 -15.75236214309617 0
-10.14211611175519 -0.1346115832453348 0
-9.962363945045251 -1.115531201310553 0
-9.023254737788562 -1.45003720891137 0
-9.782642185178682 -2.096189171357844 0
-10.72171197041205 -1.761693143629119 0
-10.54195580579459 -2.742221588504039 0
-9.602860909159517 -3.076817321178707 0
-10.36213159535033 -3.722778834071732 0
-9.423041594973526 -4.057366025256066 0
-10.18236236355091 -4.703276069374878 0
-14.29575365712768 -1.401100824888689 0
-16.19518231980286 24.10111332285018 0
-15.78697032908803 21.10389577257553 0
-16.54464966657844 20.45883057427488 0
-11.12125412500017 -4.368722958421333 0
-10.94149863445012 -5.349169678012672 0
-10.00278704077862 -5.68354581198515 0
-10.76182581822871 -6.32924960220606 0
-9.769693837057224 -6.656356955617619 0
-10.57300711586342 -7.307690208435595 0
-9.580010923922108 -7.634526617107115 0
-10.3899055466362 -8.286369178544646 0
-15.60740598569095 20.12548028378426 0
-18.1233643690381 -9.188196436590735 0
-18.66224470365659 -6.249516391875571 0
-18.84198800741937 -5.269644785457729 0
-16.36482032839097 19.48043945316128 0
-15.42753502673815 19.14707949087086 0
-16.16604180031675 18.50547212055544 0
-15.24444466030159 18.16927767928038 0
-15.98234219051993 17.52780373671431 0
-15.0633642100249 17.19121911530005 0
-12.20874904640897 -22.24625120654037 0
-12.94404684725192 -23.03123595155612 0
-13.90865889265507 -22.60139207468688 0
-11.45782301906677 -21.62111530228184 0
-13.78731269466131 -23.59493035052715 0
-14.68021865904164 -23.23641123633308 0
-14.50272798289683 -24.21400811548617 0
-15.43349878174355 -23.87568388967254 0
-15.25302377509289 -24.85382404367106 0
-16.1894732137739 -24.51897084169054 0
-16.36837618965172 -23.53921411488304 0
-16.00945231716587 -25.4977300396644 0
-17.21246832382016 43.39834418401976 0
-15.82094619328014 16.54706872693648 0
-23.8031941029373 3.903980749045869 0
-7.678282851962686 -18.3976581240266 0
-8.435917413659006 -19.04218009445735 0
-18.76761090218571 3.853197392655241 0
-18.00979790697913 4.498138301002083 0
-19.52545619961951 3.208361719714564 0
-20.93794615280165 -8.186032778011695 0
-6.937763287333734 25.26047159188329 0
-6.772308549058605 24.3044340665858 0
-9.46832229596389 -8.623327735113794 0
-10.2209815594606 -9.266384775440125 0
-9.302530341012595 -9.603448217392554 0
-10.04573930045017 -10.24457069704924 0
-10.05711656881669 32.27016571619453 0
-17.12639253210963 -24.18441964545168 0
-17.26906401534252 -23.19865194687566 0
-33.24881791454049 -14.00101978312155 0
-4.461141397354885 -14.21185026290137 0
-22.22024580089456 -5.889526522088674 0
-22.41366713905257 -4.912000633223711 0
-9.143452514319128 -10.58431024911656 0
-9.024117485940618 43.85159305085975 0
-18.8584216415141 13.35853576055815 0
-7.427440367817525 8.975632744308738 0
-7.607615860789371 9.955738937791363 0
-7.864597328997483 1.803671353467708 0
-6.920695385621425 -17.75307640027958 0
-7.6031347399518 -13.83967697421202 0
-17.42236775363186 20.78509616774982 0
-18.18890187036276 -23.70423045416076 0
-9.064331440220283 -6.018177973696075 0
-17.1872884391811 9.715408465278921 0
-17.00297526338816 8.736330453365305 0
-16.09023873856734 8.397441440526109 0
-16.84770544421064 7.750613786881697 0
-15.91291037598348 7.416220309477284 0
-11.248990164864 24.96899393852603 0
-17.072242328475 4.164298417484237 0
-17.25206047507546 5.143164087294533 0
-9.870586609655057 -11.22218247431383 0
-16.54197316660018 -22.55914046962652 0
-17.42873006066759 -22.21608108031479 0
-17.58475868071783 -12.12514339989586 0
-11.99927254650026 -18.68841498801724 0
-7.099955700791289 26.21227288292548 0
-9.018820816181572 22.35295455189719 0
-8.082450177917714 22.02098788823908 0
-13.45851060950909 8.374169395549231 0
-8.970816378035153 -11.56733643432632 0
-16.7507459660837 -2.358149815554958 0
-9.665337471206206 11.60318011250436 0
-8.906527028160919 12.24920726163009 0
-8.76541912225964 6.703220645109814 0
-7.826348444609848 6.368588502039197 0
-11.48102955773238 -2.407643704561754 0
-11.66054738888465 -1.426872362847307 0
-9.372918577155914 -18.7082690594399 0
-9.192183652450829 -19.68571307179391 0
-20.71904492227064 -4.602148179497262 0
-25.190021822483 -16.3937682495481 0
-21.54842979239646 34.13124714520718 0
-17.43206165298621 46.29037048319034 0
-22.74232938830886 1.609155647904841 0
-23.50165272948736 0.9635510289372494 0
-21.98271558802553 2.254299962398893 0
-7.067149865478868 7.01474388442503 0
-16.23484732545236 13.94047767041914 0
-18.17021731685287 5.454252286995815 0
-6.887047067906312 6.03409409386129 0
-19.7232654275632 4.1357141990231 0
-11.27434290674351 -22.59073596043856 0
-10.49812270266993 -21.95417048218138 0
-8.663623189060491 -3.411352187803275 0
-27.10603775767228 1.340205544839782 0
-15.07127973007649 -25.83136436611272 0
-15.82936081743765 -26.47646230040936 0
-16.70395563281501 -26.12683507977747 0
-7.185087522200947 50.3817523711474 0
-15.06033734505887 44.54639003598486 0
-14.64408539085259 43.59025792890617 0
-13.72260127192828 43.46563707211133 0
-14.284767788934 42.70891383108631 0
-13.34998100378295 42.57203829552364 0
-14.07356911964989 41.71901761982698 0
-6.741107456192747 -18.73163668805277 0
-13.57232314913268 -24.5490022840739 0
-14.90024303010218 -26.80029868001917 0
-15.6314428369373 -27.41479636674261 0
-33.2125025959954 -11.88161574004022 0
-18.42194857667617 35.83846792722892 0
-16.12110871884341 45.19308908230462 0
-23.88654662145168 -1.600963505899098 0
-23.79615025437845 -2.649443202767077 0
-24.27665699855897 -13.48338925364517 0
-24.33616629472477 -14.43432353545738 0
-23.45166205268226 -13.97279592726338 0
-23.49099475749137 -14.95900963700202 0
-22.61198685944539 -14.49384214621905 0
-22.64926101285272 -15.48502300830239 0
-22.64916018593819 -13.50314221453533 0
-16.76180178181951 16.87860865296146 0
-13.90922470996373 -39.19553703535536 0
-13.52324564981388 -38.28665182716832 0
-12.93835023223666 -39.02900091886719 0
-12.58853366886499 -38.1053706621904 0
-11.96729175580882 -38.84138421758185 0
-6.704196049027365 -14.17537744447701 0
-6.524330458017443 -15.15235527004405 0
-12.75860211476079 43.2753120866798 0
-11.62053750411926 -37.93148424890027 0
-12.25492719211676 -37.1741779360993 0
-17.38906574958698 10.69135875850728 0
-18.04596494373364 9.943279460016786 0
-23.16314783443319 -5.481438634810066 0
-11.6978863710041 -41.29618033955101 0
-15.28729604957499 42.82504488552594 0
-6.183050401641678 25.89882904494637 0
-8.633707455166807 -8.033094490684821 0
-9.991682646293846 46.62500142364946 0
-12.34665561395744 42.48220960870525 0
-11.7411374796125 43.19752571485414 0
-10.49399043751238 25.61189241017283 0
-11.4290814962986 25.94374517692396 0
-10.71045121745918 26.57816771382116 0
-11.61430254725551 26.91589394744393 0
-10.89645193768654 27.54934682771651 0
-11.79416112938074 27.88759161785055 0
-11.0766428189223 28.5221743610464 0
-10.09197134019984 28.19501277269753 0
-11.97458910873176 28.86069148113373 0
-11.25573640201683 29.49678280241701 0
-12.15469869339034 29.83585754688538 0
-11.3988419499949 30.47940198828776 0
-14.88947537798023 16.21342248059383 0
-11.51860124612142 -6.974783318855644 0
-16.71744620546848 -21.5795206353018 0
-17.64138997305734 -21.24332016999815 0
-8.568111962525496 -13.50775962275917 0
-20.46572007348473 3.533921514305338 0
-20.28442061613071 2.562617191991468 0
-16.31412087768302 4.809965358228901 0
-16.13315015581754 3.831055993073088 0
-12.32841305860226 30.81303888086282 0
-10.98054655417836 -9.909820549695549 0
-14.05405680572996 -17.04163758451382 0
-14.85256435877393 -22.25313068838543 0
-8.483789860898561 -4.392049275139344 0
-22.02283798888178 -2.311339819074978 0
-24.0787719632017 -0.6556166528921524 0
-22.04267016979297 -6.970721806008036 0
-15.53053098161733 -13.77276503363745 0
-9.086715631737729 13.22927205173952 0
-8.147674941955314 12.89529536052024 0
-8.327874082413748 13.87546296009146 0
-7.389063439317118 13.54135262320237 0
-7.570656462664016 14.52199038651924 0
-7.208766207627512 12.56122770444394 0
-6.449920092054797 13.20724861853132 0
-12.1990825095355 1.515614493248534 0
-12.01922925907192 0.5355553410856184 0
-12.77826469014139 -0.1104868423566569 0
-16.71170450524275 2.206193284597683 0
-8.838365145752116 21.37590982444242 0
-7.901502847030216 21.0433225463127 0
-7.053562717867624 21.66492781639967 0
-6.965359843362774 20.65952064846629 0
-7.720975499306591 20.05636481700877 0
-6.78285112978874 19.72249650885774 0
-7.539709986994513 19.08628298499504 0
-6.601178448320967 18.75181670027028 0
-7.358720494301292 18.10645645801541 0
-6.419641767165723 17.77360478291039 0
-7.177515468939109 17.12686993877844 0
-6.238155801647503 16.79396996847859 0
-14.49044737446254 18.81468688621474 0
-21.77022584924842 -15.02033599484293 0
-21.80702305402007 -16.01441166436209 0
-17.75928608054518 31.83835898266971 0
-17.58032590780089 30.86194659544635 0
-18.51561839408792 31.19508165172522 0
-18.32834884232201 30.24149769280207 0
-8.297165482156517 18.43988983537153 0
-11.87979213852523 -5.014708236128311 0
-12.06000494143102 -4.034495105301581 0
-12.41992788750388 -2.072002344278733 0
-14.85054578956328 20.77099324395251 0
-10.69787644076608 -20.97820591278812 0
-9.733938749834504 -21.30453442972888 0
-17.90378325806171 -5.604687491078369 0
-17.72411923830848 -6.583976757362518 0
-18.08431837940558 -4.625012772565976 0
-19.02177327269497 -4.289702778394684 0
-18.26421031255783 -3.646181879338501 0
-10.98270595185334 -41.79343101497538 0
-18.04368731258345 -24.87416760338997 0
-7.765146409803306 -12.87133061130498 0
-13.97031144101165 -29.31804682313334 0
-14.60886880127462 -30.0121082823911 0
-14.31572916032314 -30.99779459012462 0
-15.25659840143187 -30.78410976646531 0
-15.54967792232999 -29.76063374955897 0
-15.00565677508404 -31.71172797890851 0
-16.09100625217258 -31.41692851767932 0
-16.32223079444805 40.20760215063549 0
-16.57576663816733 39.16393024050165 0
-15.62649121904195 39.53833949828871 0
-15.862986595728 38.50803641077421 0
-14.8859244896735 38.82216462892313 0
-15.09400274731578 37.84303587482634 0
-16.11447901707015 37.52139381396074 0
-15.30846876504101 36.86816854274284 0
-14.68715076153396 39.85133598340896 0
-16.58178909218787 15.90077716427811 0
-6.668307270220275 9.621890081536016 0
-6.488134422594719 8.641285331740573 0
-6.889085056031165 10.59453085941672 0
-8.236067591110803 -20.00008459306535 0
-10.89159350329227 -38.8128878061689 0
-4.074925072410263 -19.98049278490824 0
-31.600804542657 -12.82093874914758 0
-19.87846315336169 -22.78502682139665 0
-5.352038891288807 28.03386490733855 0
-26.95678770424988 -15.55593602860766 0
-17.68284413108558 -29.94389154434236 0
-6.041047845130667 -12.50527894253597 0
-17.6829025547265 8.040534943095292 0
-6.025568383107102 20.37903196071978 0
-23.46548036547123 -4.419690696840584 0
-17.16613311509472 18.85985097729614 0
-9.260676913585639 44.98622111132112 0
-9.960582022422546 44.1436245931612 0
-16.98877757855957 13.29072837401342 0
-11.59018628019537 31.45418632736313 0
-12.50953656044794 31.7901743545109 0
-14.38828972201373 37.16542598612806 0
-14.61603471050588 36.21514796377144 0
-19.79965087525436 -24.38870738094366 0
-6.157674217034082 6.67486375254299 0
-23.63374445933507 -16.01985873428541 0
-23.3643476932535 33.89716152805588 0
-24.81468833216462 -1.236454502542069 0
-25.01537514606694 -0.3150647515504097 0
-18.94445157929426 27.01545054007104 0
-18.21861936188296 27.70046389730742 0
-17.94058250589862 26.77625592714786 0
-6.84383063202222 27.99193039241391 0
-7.82305422224132 27.62514577012187 0
-9.006428352977633 48.70125815861498 0
-6.204337370233547 12.11953294430144 0
-20.28572563102161 36.30317151959549 0
-5.99787956840531 -18.08951715062855 0
-6.169160041103465 -17.10888144875892 0
-5.865024921688772 -19.08662886462017 0
-13.99340220449639 -28.24518859332324 0
-8.421096051570158 -10.00374449793233 0
-10.67156696652792 -40.85715870883535 0
-19.27213286301103 -21.93528564695982 0
-19.71050522969024 -21.07826718044184 0
-34.39432198305436 -14.49285197027081 0
-23.38339393911059 -10.96455962228771 0
-22.59576143781036 -11.62799784675979 0
-22.33517144765615 -10.57142034319537 0
-21.58251284951218 -11.38257653438152 0
-19.12349767991499 37.34819181706808 0
-17.19978528695633 27.53167907961129 0
-20.85754973579684 5.561746948562148 0
-5.680397507417179 18.41750679800381 0
-12.1865249413903 25.30189612991593 0
-17.42855584916627 6.118253162382373 0
-18.43364681966344 6.440276391543096 0
-9.693704276917291 -12.19956960286674 0
-10.62217067816374 -11.86446694342855 0
-16.90182263017603 -20.60148603439252 0
-17.820305631047 -20.29148197059171 0
-13.60119026944979 13.91843264602162 0
-13.78007214903902 14.89841643152187 0
-14.2172495221038 7.728395379977579 0
-14.03708575741506 6.748589791503974 0
-14.39747951927282 8.708109642024027 0
-16.81281581302013 12.31516097886181 0
-13.6385958396932 9.353977468711204 0
-10.46306539611145 6.392175577664945 0
-10.2831435109815 5.412342360231937 0
-11.26054816747114 1.181129029389231 0
-8.726460549249481 11.26904522463754 0
-9.485425125983678 10.62308553715932 0
-9.774346556669439 21.7079357378691 0
-12.81752741793239 -4.67885914408767 0
-8.585503628287428 5.722998867104554 0
-6.996075418938418 16.14726347093343 0
-6.056478282792282 15.81434117504844 0
-7.934548897432532 16.48088131996933 0
-11.06262837418442 -19.02092003958589 0
-11.24233120392458 -18.04208486782035 0
-12.1789558911567 -17.70966511104279 0
-16.966063194805 -5.940852041540397 0
-14.13043725706871 16.85714182585431 0
-20.1440326032486 -2.979805601390775 0
-22.5961868450902 -3.932359269493277 0
-17.35650253586939 -32.45964268390032 0
-29.10335894059811 0.9377602791908126 0
-5.492283643539057 12.90490813198896 0
-5.717333636105644 13.85406457146777 0
-8.561786279614047 51.2471127272667 0
-8.517064994173248 47.15616708382167 0
-34.12944331664698 -13.50365837292299 0
-12.95147592301156 36.46726609906252 0
-23.65837596058241 1.917275354100721 0
-24.39946590067051 1.249581292537037 0
-18.62075526651642 26.0719948639103 0
-17.69198783605593 25.85952744788364 0
-7.048147744767931 -21.2674401055985 0
-13.97854887281736 39.19161502669784 0
-13.80852328962902 40.12982859374084 0
-16.27142372879827 36.57156735939252 0
-25.73965645208276 -0.9523270798736424 0
-25.95852519792507 0.006209784218875525 0
-17.62965627884278 28.38846684652391 0
-6.58592717642378 -19.68773753875806 0
-17.20603678165273 14.22817783626357 0
-18.37781907873688 45.13040036692691 0
-5.314588867970309 16.41899943791199 0
-26.2217828328308 1.674083225515032 0
-25.27274000844994 -14.79390144495884 0
-19.79667650332583 5.618836355232737 0
-10.13420245998861 45.0562965784905 0
-8.84543128419622 29.28726258753462 0
-18.26134352198353 16.70455732855102 0
-9.737619571894786 43.21756539772264 0
-6.472820032842291 51.06007753230743 0
-15.69775931348825 -32.39963703329163 0
-14.66169340532515 -32.57703577985503 0
-13.85768222879547 -40.63374930634519 0
-10.15290728508236 -43.20547005658437 0
-8.711143765628552 -37.96865987075146 0
-15.9350542503787 44.13565816553314 0
-11.25442555273025 41.24999039849484 0
-6.057831118520122 10.36324746249148 0
-11.25501620581738 -37.11227588476473 0
-11.80193733039435 -36.23960480806769 0
-19.39278856938397 28.95445439469517 0
-11.84392564216658 32.42309393535665 0
-12.68622445087178 32.76925829533811 0
-13.44274596468385 32.124634021661 0
-13.62296704193069 33.10244445810538 0
-12.84526673658474 33.80214231528763 0
-13.75603514811339 34.05468847768263 0
-21.86177108935107 -12.30679785874214 0
-11.55636040517945 -40.30639757727568 0
-14.84194436475567 -28.80012908042709 0
-15.92177759280561 -28.82756603241082 0
-16.77414025100423 42.44564015279691 0
-19.82936933766744 7.35305235390765 0
-12.50765771789648 39.24551202108751 0
-10.60432505997377 31.18247788635627 0
-7.775365600410849 -3.755311037704559 0
-7.912603944272718 -2.766688461113734 0
-7.544373316975183 -4.726909557514026 0
-20.91163646241547 -12.10548908221031 0
-17.87737647199859 12.62758177328278 0
-12.30391152851858 -25.88570524188593 0
-12.53861995415463 -24.72859711019444 0
-11.55505305407815 -24.15847006521768 0
-25.21995352196016 -3.774151780590856 0
-20.98523653161811 -15.54720194904704 0
-20.97384812548251 -16.54368145228914 0
-21.81292823544517 -17.01041122841976 0
-20.99761821196346 -17.5393072713379 0
-20.14727654859877 -17.07265944004682 0
-20.1615650612231 -18.06876509172697 0
-19.27727672225862 -17.6032685476203 0
-19.36348693144355 -18.59673101276038 0
-18.36189073702716 -18.29756990617425 0
-20.18056705165317 -19.02734158450687 0
-19.43069380819874 -19.54145109923646 0
-20.8907031688561 -14.55487271342482 0
-15.47525257326485 40.73880659928704 0
-13.3312987366388 35.64586580578019 0
-8.575842039866421 50.25046340185136 0
-30.84623259096338 -14.07285073083843 0
-26.15508842246009 -14.25452176148003 0
-10.37298363249394 -22.82208920791761 0
-6.873783577742923 -10.35288835790891 0
-7.509384099797391 -11.11733512988818 0
-5.858620482524223 -14.52907459132144 0
-5.988954708027546 5.69195571189865 0
-6.713779515883715 5.052244861290653 0
-5.224235629560132 -17.56396622379498 0
-16.92149691643024 -30.65148441602009 0
-14.11309228606267 -26.19593723916294 0
-28.43775551717167 -14.42715767035727 0
-12.19798511978181 41.11733769836238 0
-28.3248372023119 -0.4110267871350455 0
-27.2863053341962 0.2096463362431458 0
-5.703644889399062 4.624265721792934 0
-6.52703958135348 4.072171003679677 0
-10.71104885323664 -39.84578114501436 0
-21.83830749043231 -18.02776690731596 0
-11.28979832828772 -34.72358924107006 0
-12.29476437935625 -34.63407234728913 0
-12.70744612733365 -33.78755321983569 0
-13.28276871704754 -34.60085018416277 0
-13.67482518975151 -33.7601691577363 0
-14.26031760040408 -34.62158037934262 0
-10.79446703959101 -35.66951276230403 0
-35.80460879048195 -15.18412272599505 0
-5.384543285276441 -13.1733933743686 0
-17.68197899410305 17.5987318741503 0
-12.73880350117313 -36.46953344864878 0
-6.264034695095622 26.77040987017961 0
-18.16925189029937 36.85455407364859 0
-21.19301208181809 -13.0401188890396 0
-18.84631261693052 -22.7772361736728 0
-4.524779143971647 28.28333697385304 0
-18.51249354791675 -27.45207650755622 0
-17.56607330391603 -27.43772058899127 0
-18.06349676180827 -26.59267289335543 0
-5.434917823500753 26.54384893321333 0
-5.254488190685392 25.57195889549248 0
-5.470602180647099 -15.45169387767417 0
-29.9515173491513 -14.04407075752155 0
-4.760824669563968 13.49354761803957 0
-18.9629412215244 7.737460482553664 0
-11.95650816130689 34.5174051193031 0
-13.73018664683435 -35.31108850905462 0
-8.034995699406901 48.97361868564965 0
-17.04595745052436 -28.38931530694784 0
-27.67188881256722 -14.28061508849698 0
-33.30421796468695 -12.94171686390387 0
-34.21543409616134 -12.49501166158262 0
-7.504160007151794 51.22700294250664 0
-16.57853488412512 28.24877831889473 0
-20.23152905631791 -20.05952454191925 0
-18.31297987167265 14.44228014275473 0
-32.28871520766535 -13.98211126085302 0
-4.341171978153183 22.65813476552109 0
-5.239441047847144 22.22855343662669 0
-5.161911891253995 23.22120970456753 0
-6.002244147443868 22.81044349889754 0
-17.1490453779238 37.20741510923865 0
-17.37443887409592 36.27705005975777 0
-9.717819888108934 -42.16173110028073 0
-12.39214456663468 44.58821632486713 0
-6.718812733255974 -6.04775674542846 0
-7.608623207507134 -6.540361643129998 0
-24.87107265061888 -2.764599186317314 0
-24.18100988077716 -3.588937848927551 0
-9.115820735935657 28.39456207974225 0
-19.50834729184569 9.624838024897848 0
-18.68802732634859 9.200485996538189 0
-16.78332613454987 44.33031290966407 0
-24.25315438864878 -16.8851117028601 0
-10.57112181479052 -24.46850636675324 0
-9.191780098756388 45.89275839414306 0
-19.53991976612658 23.63946614832888 0
-18.58088296225928 23.96831307067263 0
-18.81572334860167 22.96783414511539 0
-17.85081502138044 23.21912696114491 0
-17.7043244263053 24.25040787859734 0
-18.11549092424365 22.23991545223107 0
-19.07977065925888 21.97798166518004 0
-5.010762814985343 15.39527839405611 0
-19.24222165538714 30.59587523857033 0
-19.52120735045512 31.69076433480726 0
-15.50295502067673 41.76390912229756 0
-4.612614286469285 10.68065147297914 0
-5.479627364510793 11.18481283642168 0
-4.415962819645488 20.62396462423618 0
-13.95386964257884 -27.14442811585998 0
-18.69093548238121 -20.98210634482556 0
-28.04570299883653 1.068727941048865 0
-9.646539740071299 -41.00718750090864 0
-18.3754215230523 25.06163155012285 0
-20.64225561477129 4.520946966435652 0
-21.4760862093645 3.992039266444912 0
-24.85699666586162 -5.716849802257082 0
-18.39836519076304 10.92931506185059 0
-16.67771490215371 -29.60138702975506 0
-16.98100231070353 38.15638456234061 0
-7.729204038894146 -7.521899805647107 0
-10.74273795092046 43.4445888119993 0
-13.32686162961249 -31.32728375888612 0
-13.63761265097148 -32.28112485223616 0
-8.603906768286066 -22.68603966623648 0
-8.758276767499691 -21.62787608459694 0
-7.023824408355207 -12.22115267205664 0
-26.51186239496626 -1.683410654068411 0
-18.89593415898376 -24.33342397907256 0
-6.964616245885526 -3.114376348496048 0
-7.210767982348957 -2.094093104120796 0
-14.43978391848093 40.78113877106356 0
-8.672432782305906 -6.932488399666831 0
-7.701784991319622 -8.559239503036759 0
-20.7548433971147 -20.9860036793467 0
-21.33307011342111 -20.11817535547881 0
-9.548017450026817 -43.95107677137754 0
-12.43499692910459 -23.7965869304215 0
-16.42677435485631 -33.10417237199464 0
-20.88848067646245 30.78591498541272 0
-20.56037074415227 31.69064385678711 0
-21.18223078920527 32.49016027717536 0
-20.21484006355979 32.56194718284216 0
-20.85638219890477 33.34070218394763 0
-4.254743265598091 25.5348389625097 0
-9.451419039015139 -22.28139757309575 0
-19.82651684151741 22.66737368428062 0
-19.42234146188552 21.04467078552377 0
-18.33770622811873 21.1594701556299 0
-18.98999301009571 20.28465831798379 0
-23.96612891718416 -8.50096571421494 0
-22.98883014596655 -8.652632710453316 0
-23.37767090445822 -7.770625547588911 0
-23.70755449126334 -6.898774616874055 0
-22.42403930822849 -7.885510212158188 0
-21.84241455323179 -8.721061586030487 0
-22.59985653363358 -9.532237373425687 0
-21.59277008912043 -9.729933168324489 0
-22.1711510887937 32.32476792171121 0
-26.07489705193086 -16.00018913674953 0
-11.24641361347125 42.38772006685863 0
-19.20123541751909 18.69196603867045 0
-18.21157021396603 18.74788984210199 0
-6.107804843240099 21.86573311017429 0
-12.72128067459584 28.22018288318372 0
-9.705986366855468 26.40034181191769 0
-6.650150721652178 -4.946954287555079 0
-4.470670933990493 -15.10111531151094 0
-16.61192402926539 46.78881854665165 0
-16.64699390820842 45.94094968049691 0
-9.644529985024047 28.98372948329698 0
-9.378974949576376 27.46692039072864 0
-8.040681053281979 26.69920680664156 0
-6.859522336165716 -13.22432268687232 0
-4.352976384287381 18.56702956350242 0
-13.08285569529851 30.17026731678654 0
-9.550598122963454 25.30115652662437 0
-17.08751491896119 -19.62389876160085 0
-17.99373734297188 -19.34187657750514 0
-17.3082291354369 -18.62726693016057 0
-17.4749641503242 -17.61996771434268 0
-16.52170759222861 -17.97564907650476 0
-15.96857393158505 -20.93581937776067 0
-17.5718820040755 7.055871837980068 0
-16.66488413457867 6.76105888753637 0
-15.7334650497301 6.437228871846521 0
-17.38219333139536 29.93690096747968 0
-18.20478229237564 29.26867970378827 0
-12.59891054488588 -1.090794769540513 0
-21.04338245074408 1.919339467946422 0
-12.84236660960199 14.56431339166032 0
-13.02115901909243 15.54479699647932 0
-11.83968871521926 -0.4452176144771753 0
-16.40724253240258 14.90204983282743 0
-12.66248233489254 13.58484571370133 0
-15.19399907217387 3.497555603228736 0
-15.37431211809303 4.477232935189739 0
-14.61620318763936 5.122938630604032 0
-15.95262920922091 2.851603074126263 0
-15.15490956105027 8.062516649638832 0
-15.47441156960971 14.58400744116037 0
-20.8645101139244 0.9397966059632883 0
-5.384257938559106 21.12885827974489 0
-15.5547570904054 5.456300982260555 0
-16.1501314218269 -19.95405423830185 0
-16.96553925181762 26.54272824156452 0
-16.70442471502227 25.60783996297599 0
-14.71423453442638 15.23370097676483 0
-9.331533927417395 -14.1524509175826 0
-25.21915756145273 0.598694061424153 0
-11.20323827327579 -13.48525911978508 0
-12.14106954471447 -13.15129189980834 0
-11.38158675271042 -12.507562671137 0
-12.31953607658617 -12.17334799944647 0
-11.56062300137035 -11.52995010188551 0
-11.74145705963635 -10.55159886564215 0
-11.33719058908116 -7.953009590749785 0
-12.27918335250594 -7.618045289447753 0
-12.45817617364924 -6.639792730813455 0
-19.92589596195845 0.6050373475327939 0
-11.69940794698308 -5.994628071061735 0
-10.44577537302511 -12.84140442932288 0
-16.60986579825116 -27.23209770998663 0
-12.94227556145494 24.6589241266611 0
-13.12250563168811 25.63481162570156 0
-12.36512743487305 26.27609077038236 0
-12.23957748015748 -3.05287508374104 0
-12.90292012239351 29.19477193601553 0
-24.25606931310856 0.3040534588979443 0
-14.55741289189967 33.41377528152566 0
-12.67914608453009 -10.216248534773 0
-11.92069025524799 -9.574068532401958 0
-10.8820151760619 -20.00062587013412 0
-15.59931034849958 36.02414061833573 0
-14.93593161733394 35.31361097636719 0
-6.848901719592019 -8.064946753907996 0
-14.0938152959973 -21.6028242775385 0
-15.02999264283864 21.74892169357266 0
-14.09387737055541 21.41614782092438 0
-17.22585691630888 -14.08280837356491 0
-12.08377163031907 15.21044543060038 0
-12.26228025518998 16.19084259049115 0
-12.93683265167509 -18.35458609098033 0
-13.11645796012065 -17.37586862832716 0
-12.35807032683282 -16.73148615312133 0
-8.115640592781698 17.46052163198183 0
-16.94945042879192 -25.16183688379711 0
-15.0320705486008 -21.26916614359943 0
-13.47638391432551 -15.41877673131123 0
-13.29630033718041 -16.39728756186709 0
-14.23384865505398 -16.06341515404849 0
-19.06758699697021 4.870321872239152 0
-22.90019666095675 2.563774644549365 0
-22.14771233262359 3.196063384176786 0
-18.48254471269038 -7.229329876754169 0
-17.54460830034396 -7.564408512720131 0
-19.16687671125245 1.250196042825001 0
-14.57739362862666 9.688031316111433 0
-13.87466432547308 -18.02017482661744 0
-8.330762310689371 -5.34155871475265 0
-13.09866054925938 6.414652289184202 0
-13.85725900228071 5.768745793193021 0
-17.40551964991108 -13.10385554662308 0
-16.64769398286515 -12.4593070953721 0
-16.82764362121091 -11.4803643392742 0
-15.89004669320781 -11.8147147695214 0
-16.46807976284417 -13.43816208597396 0
-8.509708477389985 14.85546315776076 0
-11.30107583506429 -3.388108164584811 0
-13.83960009828313 29.53211232172788 0
-15.33518829825293 9.042428920250263 0
-17.76444651184451 -11.14631868359376 0
-17.00705392084262 -10.50163446158887 0
-16.93118086293241 -1.378275785198641 0
-17.6884114651779 -2.023568772501891 0
-9.551729735258991 -17.72968311297365 0
-13.67737580452922 4.789099095048518 0
-14.67096865376976 19.79321788504691 0
-15.67028376835749 -8.235860759308814 0
-8.478228747324332 19.41898168868807 0
-9.233963561598134 18.77333298908448 0
-16.53193878288821 1.226809935562427 0
-15.6111749402424 -22.89645288700147 0
-12.88001825664695 9.999807221363239 0
-10.42421266876123 10.95734450942332 0
-16.57022379081269 -3.33712453493796 0
-12.80102738280044 19.12716684958981 0
-14.79565522498086 6.102274741043854 0
-13.71664605061517 0.2241894768026457 0
-11.63864631249215 -20.64509330456791 0
-13.75587442292356 -4.342912574341835 0
-23.32199257777216 -0.01682422506821135 0
-23.41801143847265 -12.97221548220221 0
-19.95242811810675 -14.17900222436542 0
-14.77279403641215 -13.12822610484539 0
-12.48148239438267 12.60531734238256 0
-7.101743255957604 -16.77468110929023 0
-18.62760201272848 -1.689299526130705 0
-8.263837433884369 -0.803810784221334 0
-7.504398007155815 -0.1575529921652602 0
-21.26464667166774 -1.66608398797707 0
-10.02562954078647 13.56316720896686 0
-21.08283844336501 -2.645826549991051 0
-13.81866500619004 10.33390366431721 0
-19.78025642179121 -4.935830685028408 0
-12.70003695874053 9.019970712382996 0
-18.30294911148636 -8.208996857324776 0
-17.36543372367242 -8.544386467310815 0
-14.97519090470351 7.082775919610651 0
-16.64365690219777 30.53360776810393 0
-14.11627734447484 -2.381280246371546 0
-20.50617007262872 -11.17073814922911 0
-21.65757609245353 -4.266828884426759 0
-7.647323665260515 5.388368347277535 0
-12.6204897635337 18.1483678351348 0
-12.00607739779854 24.32588564481782 0
-21.03838624853339 -18.53457673200775 0
-7.495943522633103 -19.3589541802559 0
-21.07153409206351 -7.214701462105023 0
-7.967744402419131 11.91525083392615 0
-15.7881913710494 -21.91542366870656 0
-17.94306269210137 -10.16718547263849 0
-20.11498517803716 -15.97156313614151 0
-16.89172621057224 3.185474653144001 0
-17.86934453580422 -1.043811969313974 0
-9.247845768518545 -5.032662311700694 0
-11.42225636819655 -17.06348795117805 0
-20.75780695204568 -9.165374614897013 0
-8.045011945143226 2.783948256804903 0
-7.10156366542671 2.450126743311928 0
-6.924521041437719 1.4693126040113 0
-6.134593535781905 2.133597236903163 0
-5.994729904425002 1.167851530112811 0
-5.470117860896958 2.884386623139774 0
-7.684357619817707 0.8230636534367692 0
-7.247268100948768 7.995172134979809 0
-9.267232909789294 14.20914507013424 0
-10.6430315304612 7.37204435058444 0
-14.31008949722092 17.83611999416451 0
-11.0417072615658 4.766653851019541 0
-5.87529959857986 14.83356842233958 0
-17.18643092688959 -9.522605622164235 0
-16.24899043656582 -9.857630931762746 0
-5.605204067163053 9.335091979361707 0
-5.548669252527188 8.306829792401606 0
-13.24951573252682 -37.26151704626682 0
-14.47534062788334 -0.4212265399620302 0
-12.37904849855937 2.495489662879035 0
-8.657666803686142 20.39639926951912 0
-15.49542129210315 24.69360488197242 0
-14.27307012658098 -20.62348582801683 0
-9.628256175158761 16.16843126709724 0
-19.34620761438688 2.229295809995864 0
-17.24125981153494 19.87006192339454 0
-16.28835684831369 -14.41718992136021 0
-10.24428632745953 9.977414031120032 0
-11.60220244310055 -16.08569905896875 0
-13.48388807417994 27.58401878370339 0
-8.844839178030938 -2.43091722020601 0
-10.32185737310375 0.8463799545806039 0
-6.779963758537631 0.533450594292927 0
-6.454961238933502 -0.4094820742546286 0
-13.42054386080302 12.93917898366239 0
-7.371726482655682 22.68082367286941 0
-14.31303154234278 -25.18619500743503 0
-9.704240831150511 7.037802488525253 0
-15.71024745818889 -12.79379644774172 0
-5.371099310969557 17.41843521111266 0
-10.10308882060303 4.432512131482714 0
-16.63339430231075 11.33622715328565 0
-10.90126092308135 -0.7807216937342196 0
-21.67384841415295 -13.91700314024303 0
-8.096659768347653 -1.780602256269848 0
-11.44042389268464 2.161212292940367 0
-6.327827361656947 7.657207497534838 0
-15.13212521973997 -11.17092092369424 0
-14.27435583986025 22.39357906077604 0
-15.87510775418748 11.98191509489016 0
-5.891554929836365 19.39569303018873 0
-13.31762827775814 -25.53972591317201 0
-7.337124119829878 -1.09889613185086 0
-9.954600382593776 22.68498008757017 0
-15.77286288810973 1.872082593938126 0
-10.53033225295255 21.06272831050713 0
-16.06972141720745 -10.83627332773478 0
-7.28087381562046 -15.79669576841688 0
-9.524628338625787 6.058025010091375 0
-9.305581922314584 9.643353240579756 0
-13.2620416146152 31.14637703335319 0
-10.50171318808948 1.826683164134974 0
-9.730112359044487 -16.75151283441991 0
-10.80173424330438 -10.88735056298251 0
-20.10483679454031 1.584549902027602 0
-17.5704237441664 11.62770691601136 0
-15.01433149905231 2.517922209180888 0
-13.03879871203863 -8.260829665353723 0
-12.96159790524842 34.76100034584113 0
-11.08078342495043 0.2004189055997872 0
-11.15877306598593 -8.932781097127831 0
-17.93015416321799 32.81571487247556 0
-8.546689321598601 10.28937000503996 0
-22.64749764600874 -16.47244180952725 0
-13.53728001160145 -0.7558383671774744 0
-15.3152145533515 32.79239929789308 0
-10.57500616790072 30.15534305641977 0
-16.78668834525883 -6.919093862861155 0
-9.344504606801912 5.078044679504675 0
-16.49130724610649 5.787661891591542 0
-15.7044700357847 34.63834234357172 0
-6.328796669357757 -16.12483993886363 0
-7.794499373444522 10.93425739855083 0
-19.40791787906063 6.435355952055048 0
-21.22957942720045 2.906558676991617 0
-15.49080300231983 -9.214362328771751 0
-13.33830563451143 22.06098560691655 0
-18.67652339747234 32.18966512071906 0
-24.42905323147809 -15.32947687802562 0
-10.71044450228467 22.04010327001793 0
-7.029401050579389 11.58160853049328 0
-7.534781888509295 23.66556826545751 0
-8.751679949514459 -12.53721018822232 0
-13.21729515058264 -7.282532202576448 0
-14.19793782845868 31.48179380506936 0
-8.405423917747299 4.743398975045284 0
-16.4288149732998 -8.879597814841286 0
-9.594026925926663 20.73004934790835 0
-7.467663179070136 4.408283008341941 0
-9.508957825218143 -13.17523990266482 0
-10.63988018369395 -37.84728981897008 0
-10.01036288377366 -38.52857329991053 0
-9.669723004284371 -37.59858149709741 0
-13.98556443142578 38.16669011872805 0
-9.990318078106577 18.12725252536107 0
-12.63806217926912 -5.659135040079656 0
-23.91664617014419 2.869900023062767 0
-7.281345151653452 3.429478307596733 0
-13.57621951283006 -5.32310388411405 0
-6.636039497103695 14.18791210330714 0
-9.053022301239539 17.79384151414999 0
-13.3578693286563 -1.736094073417942 0
-13.1588438359256 21.08351029023863 0
-14.37836389308956 32.45516443635822 0
-19.9593867936257 -3.957272380154616 0
-22.76368411033559 -2.955715512063574 0
-22.81980891514063 33.09099378598844 0
-19.20252641628561 -3.312441210263744 0
-9.941187452307803 -20.32971076915908 0
-12.99797675171289 -3.69774866371585 0
-13.17790641899904 -2.716967099682899 0
-5.634961657242673 -1.061949549861875 0
-6.81463569806723 15.16797775092425 0
-10.17051118585882 19.10661545612185 0
-8.691102698578003 15.83491421733865 0
-6.37536197097246 3.116671430790789 0
-8.871907875755621 16.81442775005091 0
-16.60759249275761 -7.899961533528176 0
-13.91488044930933 20.43911255953686 0
-9.414095450145419 19.75168566264134 0
-7.752787942178363 15.50141505057428 0
-10.48619267133337 -17.39577829511451 0
-13.73523961781285 19.4608527510921 0
-16.02817080590939 -6.277589471904565 0
-6.01183025498659 24.93161849459556 0
-10.30693898489699 -18.37450518432834 0
-13.55566703057677 18.48144068445953 0
-14.73038974897189 -33.68869789091392 0
-5.801186321954775 23.90403218567907 0
-10.12631203617631 -19.3532906657402 0
-13.37613007450654 17.50288085261905 0
-16.20824699131691 -5.297437484562 0
-19.43894496140118 36.00793159486368 0
-12.09899202635066 -8.596126899260151 0
-17.14690962819542 -4.960739728217854 0
-17.32688837240588 -3.981531220415602 0
-17.50697654602316 -3.002646194302152 0
-18.44435250224979 -2.668650239622733 0
-20.90034383862307 -3.624394157889846 0
-21.83724455312485 -3.289410698823247 0
-12.54667932285344 27.24896049572019 0
-13.95456846215125 15.88084090678393 0
-15.64801654998115 15.56350443709351 0
-13.19745255147672 16.52536560735696 0
-13.21239667285255 -39.89595539739044 0
-4.365170193202037 16.12703459312534 0
-30.17077062750458 0.623728417758226 0
-8.973080848766321 -20.64882979369445 0
-22.52865446960293 34.4977275459117 0
-4.746120543136629 4.780339787262569 0
-17.32568253028992 45.33185268547989 0
-4.6312239518552 8.659091260963944 0
-5.364781702242283 -16.55522667272914 0
-4.799465984316224 27.213197288915 0
-15.70734452890231 25.61903073869177 0
-11.43893492644537 44.1036759966425 0
-19.41060709978412 10.63549804745252 0
-17.50928285195119 16.10053242948847 0
-5.048343079970852 24.72951276047307 0
-8.013884236650085 -20.95530102723799 0
-19.03479868286224 -26.57522872791168 0
-18.5574655711727 -25.78926457899669 0
-24.28316423832682 34.61669610737174 0
-8.005623801684626 -11.92277548061171 0
-17.8652535667114 13.59295154513247 0
-18.70886559958995 12.39681962300879 0
-8.306813185680348 48.04308355515163 0
-12.75716645653649 -35.54108789039581 0
-9.057187192344466 -38.94522607544608 0
-16.68683861616034 -16.99348661016592 0
-15.20706241175486 -34.80703560274 0
-17.61625813104422 -16.63461031401783 0
-4.821600122330637 -20.52699567996357 0
-4.995432786596925 -19.60893011833718 0
-8.823925663761164 42.89711619039596 0
-19.79798737446272 33.51037447367335 0
-32.46005820790381 -12.3817298160601 0
-4.592561450991378 6.735230118724158 0
-9.404440085736145 47.62867049224711 0
-17.773597623169 44.29967651149119 0
-21.80691455297919 33.21281072170688 0
-4.178713374153834 23.57673313005482 0
-10.54712789905957 33.05567333327853 0
-7.311861239411926 -20.30567677758696 0
-12.90406858570315 40.41803893134912 0
-22.68585646055255 -18.46964231671388 0
-5.967741177790552 51.88134794539891 0
-10.72086672105365 45.69377113229691 0
-18.32522190913651 -21.96352400476927 0
-14.76363962249469 -27.72886757023838 0
-4.41865593399556 -17.08016297870432 0
-24.63991745697487 -6.646835482426475 0
-14.52882405189447 -35.70986292835679 0
-24.14036527891287 -5.115083141576919 0
-17.38008067594568 15.18480210481381 0
-5.11633727091177 -18.58726378733479 0
-5.44479561019473 7.27140083295048 0
-23.01645659321321 4.401068132282203 0
-5.159130428734061 0.8195499479342323 0
-14.70498010714457 34.34627991638943 0
-17.48953588741359 35.34231896503834 0
-9.607585937463742 31.4319267224734 0
-4.589393584398887 12.57542086139541 0
-6.035578391751923 -2.972786723565382 0
-8.502456521589608 -9.087518505115094 0
-20.34669252669721 20.85792595613677 0
-22.93788000841026 -6.460584393241664 0
-26.39041665136887 0.8075149214705598 0
-9.64731045817711 -24.01920924274317 0
-12.13734394782932 -32.98128726766588 0
-11.99817566665709 33.39604729905932 0
-20.28863934708954 37.27394171301802 0
-17.59092462206434 -25.87964789191981 0
-18.3894195260168 -17.19670034852417 0
-5.180846349127208 20.05644456715628 0
-36.79051381316177 -15.20610814577572 0
-18.089470882135 -31.8270632287926 0
-16.18362931148968 43.30117495326595 0
-21.15684920354417 36.58111461554073 0
-16.87818702732739 17.9281337651459 0
-9.575134617045618 42.32861204601667 0
-7.588317460822223 -9.638291999840037 0
-35.58774110764217 -14.34497713458471 0
-16.96840459050233 23.57175255244376 0
-10.99437778119011 32.23879663636093 0
-12.91048148058469 41.58544253378659 0
-17.14382413891208 -31.58002927398995 0
-16.53194302410274 -32.21973183294419 0
-16.895938655859 24.60284424547348 0
-16.16420963060596 27.43011181553046 0
-13.81845195560114 36.41540639549369 0
-13.46907817990052 37.28240299123396 0
-25.30801161840424 1.55386679129336 0
-25.39689511750286 -1.89289100299654 0
-13.12222042013081 -32.99654770143285 0
-31.09693766564603 0.7312754477718983 0
-6.678185997729805 23.35029520133583 0
-13.15903640820642 44.15795691988095 0
-19.04957933594914 29.80769169080812 0
-12.31429017688792 -39.66507820713787 0
-19.36959867003145 -16.61482585974638 0
-20.7392839171533 -13.72951589442538 0
-34.03101533625572 -11.66710232347441 0
-11.0482713793656 -23.44050421839477 0
-21.33934120753301 -10.55855775464625 0
-20.05113961465551 -12.02682059318776 0
-11.93218568867689 -23.18003361460674 0
-8.894716698228756 26.80538109881754 0
-13.61805251871986 40.94051291664954 0
-17.6192076179051 -29.09186271488479 0
-19.3785101640114 -23.57473310491983 0
-26.58181393648689 -0.6767437833219505 0
-17.84395966227317 8.996511890534885 0
-23.00628381869105 3.469709258778988 0
-7.03642682211068 27.15468420714382 0
-5.792645765021735 3.689183126353453 0
-23.90764362264269 -6.053261011864376 0
-5.349390844761881 6.237161513127559 0
-6.48862432067533 -1.517264610501221 0
-16.22755580933917 -28.03860941292886 0
-4.150544495261924 -19.05906076635605 0
-6.404244544308141 -20.61213110459983 0
-18.10155872325638 45.9006175951281 0
-19.24850872321163 25.46162324477472 0
-22.70231662755603 -12.52648883368909 0
-5.034490619994348 14.41966060733058 0
-23.33026308963479 34.75670842861487 0
-11.8138025031448 -35.3716743108478 0
-23.36420346378679 -3.556143036005341 0
-24.54951369416097 3.472138783756141 0
-20.0338995277928 30.91760242619541 0
-18.9752091031746 5.76380857161317 0
-34.91977551885405 -13.79850559576136 0
-29.3057871597689 0.04968940783750586 0
-7.498763459406346 -5.588958457291096 0
-23.41453715991417 -16.8453818003589 0
-14.48259721799533 -40.09046787687046 0
-17.53501132791378 21.6228656076339 0
-5.07884216603115 19.00900120433759 0
-18.66924918859978 -20.02678149138069 0
-14.75780173877349 41.99885271004927 0
-18.68123147601158 19.48956779660914 0
-16.09474472335997 -30.47137413728747 0
-5.723226506843956 -20.02826428243815 0
-26.13006511776051 -15.15759008708254 0
-22.56799445494606 -17.45881429827164 0
-10.33455719566384 42.63746622491021 0
-8.344848699348487 -10.94064407140345 0
-19.92070771922657 -25.14315746348786 0
-13.97127723488764 34.95498085465272 0
-18.52346670372973 28.45245506302533 0
-35.04602066745955 -15.11966503109315 0
-21.44973740003931 4.934581684783293 0
-24.46639467990192 2.056231421100086 0
-11.41103894024299 -39.44625167322778 0
-6.01978456472596 -13.73311947664731 0
-10.13627504442005 27.18694604969646 0
-10.49293166384198 29.1322830979141 0
-9.674186471917229 29.89125419368712 0
-27.86638950215484 -15.14695659296441 0
-13.30944702295696 38.82454701319806 0
-19.4078014746028 32.56633358552651 0
-16.58477348716698 35.79385847803658 0
-13.38254359968636 -27.71603676383237 0
-9.373420309752891 -43.09567025505331 0
-18.02174311565538 -22.83091582444347 0
-21.18969333003581 37.36223671904952 0
-23.21789922930228 -10.12081209622836 0
-30.71887919503117 -13.25811363520176 0
-9.047280912135216 -37.09473113375098 0
-22.34861548138464 3.987755181600879 0
-15.39987508213489 -28.21795762466328 0
-10.76336935365491 44.58449544860655 0
-6.147004629231654 27.62913952058047 0
-5.298240855989006 12.09268782351226 0
-10.79162199679844 -36.51190181073114 0
-10.68013351332282 -42.52444497683761 0
-15.43557033065509 -33.19858078852978 0
-8.635480778307873 27.70862493335995 0
-6.332089146509786 11.20420114096528 0
-18.07342378536032 20.17782523023673 0
-4.967098383132191 18.10285829203903 0
-17.07081322410071 29.05119371419429 0
-25.12018946437836 34.88764862178521 0
-3.962125685053695 27.62805487559165 0
-4.629881425927211 -13.34080154427405 0
-8.899630871549649 49.51114912213554 0
-20.93374583814617 -19.35752123902531 0
-22.38363619045074 33.72775168154782 0
-19.60618100658632 36.70931833170914 0
-19.34658255303757 -20.33762613156076 0
-24.5530705952233 -2.02887028010442 0
-17.29001099694983 38.86593399540825 0
-9.927136313346164 45.77761962354126 0
-9.142594086850359 46.71918110612864 0
-7.983505326390534 50.6488156196737 0
-34.83311547725418 -13.14262380110408 0
-13.94964076969211 -33.0048173686551 0
-4.561757528596909 16.94069870583559 0
-21.63836237166673 -7.799466833019951 0
-16.25720942380361 47.24308767775155 0
-28.43596243620624 0.3906008561622159 0
-17.55408772669449 25.06678269251331 0
-14.67631753811799 -40.73526861023427 0
-19.25845640272463 -15.85656778831276 0
-14.21054750188817 -31.76193491333596 0
-13.3016490978006 39.56190831721467 0
-10.29460708226069 -41.63658854745539 0
-6.86941735569921 51.70118428080265 0
-18.36280576667421 7.449672195709006 0
-10.25478930989878 -23.54299671319288 0
-18.91518611957984 36.5908833430468 0
-4.081781420907395 15.41902609272627 0
-19.76764088637113 20.36168757998469 0
-17.55360178746432 16.82060757128781 0
-10.04753556770502 -40.22907688588728 0
-10.00681938835409 -39.37407887321812 0
-5.239008223237057 -13.94090764031765 0
-18.76245676534972 -19.11732684371457 0
-25.30689984995737 -15.63433392707986 0
-13.92681481780037 -37.61492520743022 0
-21.96374799399491 -13.07898702264929 0
-4.843796650926732 23.93141960985411 0
-5.302651456464594 5.310942458831888 0
-17.24815299943282 -26.71246384213864 0
-8.321458573373636 -6.123001311785091 0
-16.18282959465696 28.86245841406663 0
-17.87472368039352 19.42903915392771 0
-6.307910760642262 21.09664055622412 0
-6.654488821220185 22.34012774721397 0
-24.3885491424391 -4.345877727396791 0
-15.93865951585168 42.38615566715985 0
-22.81736864746851 -7.234545028293178 0
-31.5893588994707 -13.64027187591865 0
-11.31837203827222 33.02476188592995 0
-4.770060671215187 26.25984305036755 0
-6.006794060425753 0.3904061439142751 0
-7.067512719197442 -4.11345293541852 0
-11.93822874617498 41.80588011259552 0
-26.96142624546047 -14.65816714533106 0
-19.4133370378785 12.58135578022047 0
-13.57246262702593 -36.1355393721438 0
-18.32898177415478 11.81023541583014 0
-16.21333302065807 24.98697187002888 0
-5.234357042859453 10.1958777926875 0
-4.687738060434211 2.755175316117981 0
-12.7776346194951 37.20629597656349 0
-7.757940322382162 -10.39398008773676 0
-20.00610585440808 4.900424842204614 0
-18.83059555016141 10.07942971744711 0
-4.16502967018582 13.95876486525114 0
-14.13551914923727 35.68027017253953 0
-29.25867894235797 -14.50848732972124 0
-20.6089573168558 34.10411249057781 0
-24.10502257541505 -12.73601351736968 0
-12.22843396495513 43.82976596597302 0
-5.555248967189367 27.25061544253614 0
-14.88595326671742 41.37376952135149 0
-9.961401560125225 30.6845032251857 0
-24.48947825236973 -16.13634916232307 0
-15.41113263781011 43.62356184930687 0
-17.6282615917482 18.31944981520997 0
-19.08809398595426 -25.13850192489031 0
-25.83361975381248 2.261091280394204 0
-6.490422141131109 -2.395401397193356 0
-9.361508444322341 -38.24448470554302 0
-19.06886255379441 7.08085749416711 0
-20.32686055913701 -15.07485354629902 0
-10.43300418021092 -37.11654193785881 0
-18.47894041388015 8.332832342556564 0
-7.488904548957061 28.23857539120199 0
-3.838252733637589 28.48293781100541 0
-15.97777193282722 46.11472975662859 0
-8.770147518138101 29.99202331395532 0
-13.83112334378207 -39.91287622261943 0
-8.600773329035812 46.32474000184956 0
-15.93065723178539 35.36298030633795 0
-9.590364484540434 -23.0589861385856 0
-7.931870281649632 49.84389165085177 0
-13.11674780736746 -23.95343027331319 0
-5.100008643550751 -14.64692833674511 0
-20.36117329038508 20.16108940492494 0
-32.52918061904752 -13.23670576501564 0
2 8 0 1
7797
-36.08669967742583 3.454431531590398 0
2 9 0 0
2 10 0 51
7798
7799
7800
7801
7802
7803
7804
7805
7806
7807
7808
7809
7810
7811
7812
7813
7814
7815
7816
7817
7818
7819
7820
7821
7822
7823
7824
7825
7826
7827
7828
7829
7830
7831
7832
7833
7834
7835
7836
7837
7838
7839
7840
7841
7842
7843
7844
7845
7846
7847
7848
-25.96396097001924 -34.5479787344003 -2.407708597866684e-16
-35.24442503705071 -30.4576004226384 2.933618200093403e-16
-27.52582000834251 -36.90985746020854 -7.456249428914454e-17
-28.8198728883041 -35.42300752205424 -2.30141473866111e-17
-24.44921685146416 -36.38552361889759 -2.986804138228439e-16
-33.48016487832675 -32.37344384869328 2.202989703441976e-16
-34.62066116387057 -32.47662811557937 3.010980109729815e-16
-28.75933947400241 -33.25775328830089 -8.133927525141588e-17
-33.26551927369749 -30.25633583765664 1.526091289100748e-16
-34.24296251532902 -31.64065323080614 2.542790206013854e-16
-30.48779449160947 -33.52913834914441 4.399140500897516e-17
-24.84199575863237 -34.80271865662347 -3.113439110023154e-16
-25.64961696434503 -35.47569536185337 -2.391181452064971e-16
-26.78168109542634 -35.28145296978566 -1.663388713271674e-16
-26.28634631951355 -36.22474717577168 -1.767091067773023e-16
-31.55433521031608 -32.21961059072805 8.437304873468493e-17
-25.65489053744345 -37.25624549693448 -1.942079565281601e-16
-26.89215517470264 -34.17962745454574 -1.863294973890279e-16
-35.20649413066143 -31.60503875701428 3.194688068179089e-16
-29.26008561417089 -34.59728925157823 -1.348259374386197e-17
-33.32921893180543 -29.35458439992848 1.344163816637847e-16
-28.32850947405178 -34.69092159033139 -7.50292329055811e-17
-27.83905982152999 -35.48729249289165 -8.867180644751755e-17
-32.5629081379429 -31.64559143332816 1.391812254722403e-16
-34.17088241065227 -30.0501435342178 2.095418333712136e-16
-28.26310793547911 -36.40344551260835 -3.666806220035337e-17
-24.0834522104089 -35.46803533251371 -3.467203736191047e-16
-30.60510100099007 -32.58834027210555 2.849818995178985e-17
-35.9929365744272 -31.11030694079032 3.610265811189086e-16
-27.90374629137823 -33.82478086352481 -1.258307341697489e-16
-32.39228201459748 -32.65110981616335 1.526369505411903e-16
-29.6743110410187 -32.91998337816193 -2.703961535189055e-17
-26.60161890092626 -37.0763951483187 -1.337792824424858e-16
-31.40885838811174 -33.12096029812577 9.694731035740824e-17
-25.31113533264427 -36.39489054927901 -2.39334037617978e-16
-27.16819415424431 -36.09678012273349 -1.194319682417802e-16
-23.73683282276955 -34.67651838660284 -3.902955722885723e-16
-24.76024478231214 -37.28524426100178 -2.54838940440138e-16
-35.52929655762674 -32.56276984190021 3.655691913618349e-16
-33.80344071668949 -30.91477165909559 2.05974562495515e-16
-29.59840006648522 -33.77327954539939 -1.089667137710743e-17
-33.42046319662279 -31.5108905308517 1.946238411960674e-16
-24.85466978016174 -35.67624093803919 -2.886195906017423e-16
-33.39016535063609 -28.59477538044924 1.195861437430645e-16
-34.53364096207659 -30.93364152075445 2.565252086590733e-16
-35.96352724915806 -31.94425376764499 3.798745859665265e-16
-28.71315091551662 -34.03109448470612 -6.515834637993896e-17
-34.05079844180726 -29.0899434624197 1.772824960257313e-16
-34.71330626999099 -29.54143803195284 2.340147308679548e-16
-27.5490303714178 -34.69281507421585 -1.284400284478087e-16
-33.0128397348258 -30.97999248233528 1.53385427066995e-16
2 11 0 5
7849
7850
7851
7852
7853
-29.73693504689007 -22.91683915591781 -7.399407834602591e-17
-30.15334467713382 -22.15957335218718 1.681288510577249e-17
-29.22360174254169 -23.68233369198105 -1.706473451171631e-16
-28.86957853036068 -22.90128588064931 -1.181959904220276e-16
-29.39342689480937 -22.31553561469678 -3.734534004165388e-17
2 12 0 11
7854
7855
7856
7857
7858
7859
7860
7861
7862
7863
7864
-24.24598522375769 -27.25779339104935 2.557562419199335e-17
-25.39357819294857 -27.95697663320999 -6.708868932709801e-17
-23.70016660221781 -28.03166651479611 6.066411763511228e-17
-24.85349249635605 -26.49870986258351 -1.430891948402839e-17
-25.48203221629909 -27.01747593855429 -6.616433319715177e-17
-24.51588513463584 -28.21250668652448 -2.635221137896409e-18
-23.0870975399043 -28.75245659155058 1.012811982048395e-16
-24.50444293780322 -25.74712177897575 1.825195501602324e-17
-26.02979520753875 -27.64124985030439 -1.127496356917602e-16
-23.81190593474964 -28.73455276616292 4.648665617659896e-17
-24.92994988825727 -27.41483157330544 -2.754358984290249e-17
2 13 0 4
7865
7866
7867
7868
-4.988307029909507 34.67362829394613 -3.834225574284639e-17
-5.918874503584216 35.17915558867869 -7.907634875954183e-17
-6.695046861126833 35.49938275766953 -1.037934503532837e-16
-5.171510977380655 33.67916263089878 5.350279902672045e-17
2 14 0 2722
7869
7870
7871
7872
7873
7874
7875
7876
7877
7878
7879
7880
7881
7882
7883
7884
7885
7886
7887
7888
7889
7890
7891
7892
7893
7894
7895
7896
7897
7898
7899
7900
7901
7902
7903
7904
7905
7906
7907
7908
7909
7910
7911
7912
7913
7914
7915
7916
7917
7918
7919
7920
7921
7922
7923
7924
7925
7926
7927
7928
7929
7930
7931
7932
7933
7934
7935
7936
7937
7938
7939
7940
7941
7942
7943
7944
7945
7946
7947
7948
7949
7950
7951
7952
7953
7954
7955
7956
7957
7958
7959
7960
7961
7962
7963
7964
7965
7966
7967
7968
7969
7970
7971
7972
7973
7974
7975
7976
7977
7978
7979
7980
7981
7982
7983
7984
7985
7986
7987
7988
7989
7990
7991
7992
7993
7994
7995
7996
7997
7998
7999
8000
8001
8002
8003
8004
8005
8006
8007
8008
8009
8010
8011
8012
8013
8014
8015
8016
8017
8018
8019
8020
8021
8022
8023
8024
8025
8026
8027
8028
8029
8030
8031
8032
8033
8034
8035
8036
8037
8038
8039
8040
8041
8042
8043
8044
8045
8046
8047
8048
8049
8050
8051
8052
8053
8054
8055
8056
8057
8058
8059
8060
8061
8062
8063
8064
8065
8066
8067
8068
8069
8070
8071
8072
8073
8074
8075
8076
8077
8078
8079
8080
8081
8082
8083
8084
8085
8086
8087
8088
8089
8090
8091
8092
8093
8094
8095
8096
8097
8098
8099
8100
8101
8102
8103
8104
8105
8106
8107
8108
8109
8110
8111
8112
8113
8114
8115
8116
8117
8118
8119
8120
8121
8122
8123
8124
8125
8126
8127
8128
8129
8130
8131
8132
8133
8134
8135
8136
8137
8138
8139
8140
8141
8142
8143
8144
8145
8146
8147
8148
8149
8150
8151
8152
8153
8154
8155
8156
8157
8158
8159
8160
8161
8162
8163
8164
8165
8166
8167
8168
8169
8170
8171
8172
8173
8174
8175
8176
8177
8178
8179
8180
8181
8182
8183
8184
8185
8186
8187
8188
8189
8190
8191
8192
8193
8194
8195
8196
8197
8198
8199
8200
8201
8202
8203
8204
8205
8206
8207
8208
8209
8210
8211
8212
8213
8214
8215
8216
8217
8218
8219
8220
8221
8222
8223
8224
8225
8226
8227
8228
8229
8230
8231
8232
8233
8234
8235
8236
8237
8238
8239
8240
8241
8242
8243
8244
8245
8246
8247
8248
8249
8250
8251
8252
8253
8254
8255
8256
8257
8258
8259
8260
8261
8262
8263
8264
8265
8266
8267
8268
8269
8270
8271
8272
8273
8274
8275
8276
8277
8278
8279
8280
8281
8282
8283
8284
8285
8286
8287
8288
8289
8290
8291
8292
8293
8294
8295
8296
8297
8298
8299
8300
8301
8302
8303
8304
8305
8306
8307
8308
8309
8310
8311
8312
8313
8314
8315
8316
8317
8318
8319
8320
8321
8322
8323
8324
8325
8326
8327
8328
8329
8330
8331
8332
8333
8334
8335
8336
8337
8338
8339
8340
8341
8342
8343
8344
8345
8346
8347
8348
8349
8350
8351
8352
8353
8354
8355
8356
8357
8358
8359
8360
8361
8362
8363
8364
8365
8366
8367
8368
8369
8370
8371
8372
8373
8374
8375
8376
8377
8378
8379
8380
8381
8382
8383
8384
8385
8386
8387
8388
8389
8390
8391
8392
8393
8394
8395
8396
8397
8398
8399
8400
8401
8402
8403
8404
8405
8406
8407
8408
8409
8410
8411
8412
8413
8414
8415
8416
8417
8418
8419
8420
8421
8422
8423
8424
8425
8426
8427
8428
8429
8430
8431
8432
8433
8434
8435
8436
8437
8438
8439
8440
8441
8442
8443
8444
8445
8446
8447
8448
8449
8450
8451
8452
8453
8454
8455
8456
8457
8458
8459
8460
8461
8462
8463
8464
8465
8466
8467
8468
8469
8470
8471
8472
8473
8474
8475
8476
8477
8478
8479
8480
8481
8482
8483
8484
8485
8486
8487
8488
8489
8490
8491
8492
8493
8494
8495
8496
8497
8498
8499
8500
8501
8502
8503
8504
8505
8506
8507
8508
8509
8510
8511
8512
8513
8514
8515
8516
8517
8518
8519
8520
8521
8522
8523
8524
8525
8526
8527
8528
8529
8530
8531
8532
8533
8534
8535
8536
8537
8538
8539
8540
8541
8542
8543
8544
8545
8546
8547
8548
8549
8550
8551
8552
8553
8554
8555
8556
8557
8558
8559
8560
8561
8562
8563
8564
8565
8566
8567
8568
8569
8570
8571
8572
8573
8574
8575
8576
8577
8578
8579
8580
8581
8582
8583
8584
8585
8586
8587
8588
8589
8590
8591
8592
8593
8594
8595
8596
8597
8598
8599
8600
8601
8602
8603
8604
8605
8606
8607
8608
8609
8610
8611
8612
8613
8614
8615
8616
8617
8618
8619
8620
8621
8622
8623
8624
8625
8626
8627
8628
8629
8630
8631
8632
8633
8634
8635
8636
8637
8638
8639
8640
8641
8642
8643
8644
8645
8646
8647
8648
8649
8650
8651
8652
8653
8654
8655
8656
8657
8658
8659
8660
8661
8662
8663
8664
8665
8666
8667
8668
8669
8670
8671
8672
8673
8674
8675
8676
8677
8678
8679
8680
8681
8682
8683
8684
8685
8686
8687
8688
8689
8690
8691
8692
8693
8694
8695
8696
8697
8698
8699
8700
8701
8702
8703
8704
8705
8706
8707
8708
8709
8710
8711
8712
8713
8714
8715
8716
8717
8718
8719
8720
8721
8722
8723
8724
8725
8726
8727
8728
8729
8730
8731
8732
8733
8734
8735
8736
8737
8738
8739
8740
8741
8742
8743
8744
8745
8746
8747
8748
8749
8750
8751
8752
8753
8754
8755
8756
8757
8758
8759
8760
8761
8762
8763
8764
8765
8766
8767
8768
8769
8770
8771
8772
8773
8774
8775
8776
8777
8778
8779
8780
8781
8782
8783
8784
8785
8786
8787
8788
8789
8790
8791
8792
8793
8794
8795
8796
8797
8798
8799
8800
8801
8802
8803
8804
8805
8806
8807
8808
8809
8810
8811
8812
8813
8814
8815
8816
8817
8818
8819
8820
8821
8822
8823
8824
8825
8826
8827
8828
8829
8830
8831
8832
8833
8834
8835
8836
8837
8838
8839
8840
8841
8842
8843
8844
8845
8846
8847
8848
8849
8850
8851
8852
8853
8854
8855
8856
8857
8858
8859
8860
8861
8862
8863
8864
8865
8866
8867
8868
8869
8870
8871
8872
8873
8874
8875
8876
8877
8878
8879
8880
8881
8882
8883
8884
8885
8886
8887
8888
8889
8890
8891
8892
8893
8894
8895
8896
8897
8898
8899
8900
8901
8902
8903
8904
8905
8906
8907
8908
8909
8910
8911
8912
8913
8914
8915
8916
8917
8918
8919
8920
8921
8922
8923
8924
8925
8926
8927
8928
8929
8930
8931
8932
8933
8934
8935
8936
8937
8938
8939
8940
8941
8942
8943
8944
8945
8946
8947
8948
8949
8950
8951
8952
8953
8954
8955
8956
8957
8958
8959
8960
8961
8962
8963
8964
8965
8966
8967
8968
8969
8970
8971
8972
8973
8974
8975
8976
8977
8978
8979
8980
8981
8982
8983
8984
8985
8986
8987
8988
8989
8990
8991
8992
8993
8994
8995
8996
8997
8998
8999
9000
9001
9002
9003
9004
9005
9006
9007
9008
9009
9010
9011
9012
9013
9014
9015
9016
9017
9018
9019
9020
9021
9022
9023
9024
9025
9026
9027
9028
9029
9030
9031
9032
9033
9034
9035
9036
9037
9038
9039
9040
9041
9042
9043
9044
9045
9046
9047
9048
9049
9050
9051
9052
9053
9054
9055
9056
9057
9058
9059
9060
9061
9062
9063
9064
9065
9066
9067
9068
9069
9070
9071
9072
9073
9074
9075
9076
9077
9078
9079
9080
9081
9082
9083
9084
9085
9086
9087
9088
9089
9090
9091
9092
9093
9094
9095
9096
9097
9098
9099
9100
9101
9102
9103
9104
9105
9106
9107
9108
9109
9110
9111
9112
9113
9114
9115
9116
9117
9118
9119
9120
9121
9122
9123
9124
9125
9126
9127
9128
9129
9130
9131
9132
9133
9134
9135
9136
9137
9138
9139
9140
9141
9142
9143
9144
9145
9146
9147
9148
9149
9150
9151
9152
9153
9154
9155
9156
9157
9158
9159
9160
9161
9162
9163
9164
9165
9166
9167
9168
9169
9170
9171
9172
9173
9174
9175
9176
9177
9178
9179
9180
9181
9182
9183
9184
9185
9186
9187
9188
9189
9190
9191
9192
9193
9194
9195
9196
9197
9198
9199
9200
9201
9202
9203
9204
9205
9206
9207
9208
9209
9210
9211
9212
9213
9214
9215
9216
9217
9218
9219
9220
9221
9222
9223
9224
9225
9226
9227
9228
9229
9230
9231
9232
9233
9234
9235
9236
9237
9238
9239
9240
9241
9242
9243
9244
9245
9246
9247
9248
9249
9250
9251
9252
9253
9254
9255
9256
9257
9258
9259
9260
9261
9262
9263
9264
9265
9266
9267
9268
9269
9270
9271
9272
9273
9274
9275
9276
9277
9278
9279
9280
9281
9282
9283
9284
9285
9286
9287
9288
9289
9290
9291
9292
9293
9294
9295
9296
9297
9298
9299
9300
9301
9302
9303
9304
9305
9306
9307
9308
9309
9310
9311
9312
9313
9314
9315
9316
9317
9318
9319
9320
9321
9322
9323
9324
9325
9326
9327
9328
9329
9330
9331
9332
9333
9334
9335
9336
9337
9338
9339
9340
9341
9342
9343
9344
9345
9346
9347
9348
9349
9350
9351
9352
9353
9354
9355
9356
9357
9358
9359
9360
9361
9362
9363
9364
9365
9366
9367
9368
9369
9370
9371
9372
9373
9374
9375
9376
9377
9378
9379
9380
9381
9382
9383
9384
9385
9386
9387
9388
9389
9390
9391
9392
9393
9394
9395
9396
9397
9398
9399
9400
9401
9402
9403
9404
9405
9406
9407
9408
9409
9410
9411
9412
9413
9414
9415
9416
9417
9418
9419
9420
9421
9422
9423
9424
9425
9426
9427
9428
9429
9430
9431
9432
9433
9434
9435
9436
9437
9438
9439
9440
9441
9442
9443
9444
9445
9446
9447
9448
9449
9450
9451
9452
9453
9454
9455
9456
9457
9458
9459
9460
9461
9462
9463
9464
9465
9466
9467
9468
9469
9470
9471
9472
9473
9474
9475
9476
9477
9478
9479
9480
9481
9482
9483
9484
9485
9486
9487
9488
9489
9490
9491
9492
9493
9494
9495
9496
9497
9498
9499
9500
9501
9502
9503
9504
9505
9506
9507
9508
9509
9510
9511
9512
9513
9514
9515
9516
9517
9518
9519
9520
9521
9522
9523
9524
9525
9526
9527
9528
9529
9530
9531
9532
9533
9534
9535
9536
9537
9538
9539
9540
9541
9542
9543
9544
9545
9546
9547
9548
9549
9550
9551
9552
9553
9554
9555
9556
9557
9558
9559
9560
9561
9562
9563
9564
9565
9566
9567
9568
9569
9570
9571
9572
9573
9574
9575
9576
9577
9578
9579
9580
9581
9582
9583
9584
9585
9586
9587
9588
9589
9590
9591
9592
9593
9594
9595
9596
9597
9598
9599
9600
9601
9602
9603
9604
9605
9606
9607
9608
9609
9610
9611
9612
9613
9614
9615
9616
9617
9618
9619
9620
9621
9622
9623
9624
9625
9626
9627
9628
9629
9630
9631
9632
9633
9634
9635
9636
9637
9638
9639
9640
9641
9642
9643
9644
9645
9646
9647
9648
9649
9650
9651
9652
9653
9654
9655
9656
9657
9658
9659
9660
9661
9662
9663
9664
9665
9666
9667
9668
9669
9670
9671
9672
9673
9674
9675
9676
9677
9678
9679
9680
9681
9682
9683
9684
9685
9686
9687
9688
9689
9690
9691
9692
9693
9694
9695
9696
9697
9698
9699
9700
9701
9702
9703
9704
9705
9706
9707
9708
9709
9710
9711
9712
9713
9714
9715
9716
9717
9718
9719
9720
9721
9722
9723
9724
9725
9726
9727
9728
9729
9730
9731
9732
9733
9734
9735
9736
9737
9738
9739
9740
9741
9742
9743
9744
9745
9746
9747
9748
9749
9750
9751
9752
9753
9754
9755
9756
9757
9758
9759
9760
9761
9762
9763
9764
9765
9766
9767
9768
9769
9770
9771
9772
9773
9774
9775
9776
9777
9778
9779
9780
9781
9782
9783
9784
9785
9786
9787
9788
9789
9790
9791
9792
9793
9794
9795
9796
9797
9798
9799
9800
9801
9802
9803
9804
9805
9806
9807
9808
9809
9810
9811
9812
9813
9814
9815
9816
9817
9818
9819
9820
9821
9822
9823
9824
9825
9826
9827
9828
9829
9830
9831
9832
9833
9834
9835
9836
9837
9838
9839
9840
9841
9842
9843
9844
9845
9846
9847
9848
9849
9850
9851
9852
9853
9854
9855
9856
9857
9858
9859
9860
9861
9862
9863
9864
9865
9866
9867
9868
9869
9870
9871
9872
9873
9874
9875
9876
9877
9878
9879
9880
9881
9882
9883
9884
9885
9886
9887
9888
9889
9890
9891
9892
9893
9894
9895
9896
9897
9898
9899
9900
9901
9902
9903
9904
9905
9906
9907
9908
9909
9910
9911
9912
9913
9914
9915
9916
9917
9918
9919
9920
9921
9922
9923
9924
9925
9926
9927
9928
9929
9930
9931
9932
9933
9934
9935
9936
9937
9938
9939
9940
9941
9942
9943
9944
9945
9946
9947
9948
9949
9950
9951
9952
9953
9954
9955
9956
9957
9958
9959
9960
9961
9962
9963
9964
9965
9966
9967
9968
9969
9970
9971
9972
9973
9974
9975
9976
9977
9978
9979
9980
9981
9982
9983
9984
9985
9986
9987
9988
9989
9990
9991
9992
9993
9994
9995
9996
9997
9998
9999
10000
10001
10002
10003
10004
10005
10006
10007
10008
10009
10010
10011
10012
10013
10014
10015
10016
10017
10018
10019
10020
10021
10022
10023
10024
10025
10026
10027
10028
10029
10030
10031
10032
10033
10034
10035
10036
10037
10038
10039
10040
10041
10042
10043
10044
10045
10046
10047
10048
10049
10050
10051
10052
10053
10054
10055
10056
10057
10058
10059
10060
10061
10062
10063
10064
10065
10066
10067
10068
10069
10070
10071
10072
10073
10074
10075
10076
10077
10078
10079
10080
10081
10082
10083
10084
10085
10086
10087
10088
10089
10090
10091
10092
10093
10094
10095
10096
10097
10098
10099
10100
10101
10102
10103
10104
10105
10106
10107
10108
10109
10110
10111
10112
10113
10114
10115
10116
10117
10118
10119
10120
10121
10122
10123
10124
10125
10126
10127
10128
10129
10130
10131
10132
10133
10134
10135
10136
10137
10138
10139
10140
10141
10142
10143
10144
10145
10146
10147
10148
10149
10150
10151
10152
10153
10154
10155
10156
10157
10158
10159
10160
10161
10162
10163
10164
10165
10166
10167
10168
10169
10170
10171
10172
10173
10174
10175
10176
10177
10178
10179
10180
10181
10182
10183
10184
10185
10186
10187
10188
10189
10190
10191
10192
10193
10194
10195
10196
10197
10198
10199
10200
10201
10202
10203
10204
10205
10206
10207
10208
10209
10210
10211
10212
10213
10214
10215
10216
10217
10218
10219
10220
10221
10222
10223
10224
10225
10226
10227
10228
10229
10230
10231
10232
10233
10234
10235
10236
10237
10238
10239
10240
10241
10242
10243
10244
10245
10246
10247
10248
10249
10250
10251
10252
10253
10254
10255
10256
10257
10258
10259
10260
10261
10262
10263
10264
10265
10266
10267
10268
10269
10270
10271
10272
10273
10274
10275
10276
10277
10278
10279
10280
10281
10282
10283
10284
10285
10286
10287
10288
10289
10290
10291
10292
10293
10294
10295
10296
10297
10298
10299
10300
10301
10302
10303
10304
10305
10306
10307
10308
10309
10310
10311
10312
10313
10314
10315
10316
10317
10318
10319
10320
10321
10322
10323
10324
10325
10326
10327
10328
10329
10330
10331
10332
10333
10334
10335
10336
10337
10338
10339
10340
10341
10342
10343
10344
10345
10346
10347
10348
10349
10350
10351
10352
10353
10354
10355
10356
10357
10358
10359
10360
10361
10362
10363
10364
10365
10366
10367
10368
10369
10370
10371
10372
10373
10374
10375
10376
10377
10378
10379
10380
10381
10382
10383
10384
10385
10386
10387
10388
10389
10390
10391
10392
10393
10394
10395
10396
10397
10398
10399
10400
10401
10402
10403
10404
10405
10406
10407
10408
10409
10410
10411
10412
10413
10414
10415
10416
10417
10418
10419
10420
10421
10422
10423
10424
10425
10426
10427
10428
10429
10430
10431
10432
10433
10434
10435
10436
10437
10438
10439
10440
10441
10442
10443
10444
10445
10446
10447
10448
10449
10450
10451
10452
10453
10454
10455
10456
10457
10458
10459
10460
10461
10462
10463
10464
10465
10466
10467
10468
10469
10470
10471
10472
10473
10474
10475
10476
10477
10478
10479
10480
10481
10482
10483
10484
10485
10486
10487
10488
10489
10490
10491
10492
10493
10494
10495
10496
10497
10498
10499
10500
10501
10502
10503
10504
10505
10506
10507
10508
10509
10510
10511
10512
10513
10514
10515
10516
10517
10518
10519
10520
10521
10522
10523
10524
10525
10526
10527
10528
10529
10530
10531
10532
10533
10534
10535
10536
10537
10538
10539
10540
10541
10542
10543
10544
10545
10546
10547
10548
10549
10550
10551
10552
10553
10554
10555
10556
10557
10558
10559
10560
10561
10562
10563
10564
10565
10566
10567
10568
10569
10570
10571
10572
10573
10574
10575
10576
10577
10578
10579
10580
10581
10582
10583
10584
10585
10586
10587
10588
10589
10590
-29.31634079146497 9.393414523408516 0
-30.44138857792706 2.364931473646091 0
-13.12058904302 -49.30850571989987 0
-1.87186533180088 -49.02149208631153 0
-23.91613037775431 42.00680219098991 0
-30.06654344601778 31.20876983523928 0
-8.202946943497487 -45.43648418342603 0
-8.671736512266062 -46.23320479888196 0
-39.5366606726277 -9.94820145445396 0
-30.47645527711468 40.1777351383604 0
-25.24527567051939 36.14213806367736 0
-26.10096821522993 36.03307105542682 0
-25.78968876796423 36.78659009789232 0
-34.33546755654751 7.460361115956372 0
-33.77428971432178 7.668410453790273 0
-11.41383599740416 -54.45422150838978 0
-26.63768423490896 19.36225797058261 0
-43.74372523122004 -13.61129427555811 0
-29.88669003085352 31.8604855600272 0
-29.41124215134392 31.36423379102906 0
-33.86838102586795 7.06181333384133 0
-33.29255497790663 7.29568592221886 0
-33.36056473132905 6.634985189446707 0
-32.73635530138734 6.862007541437547 0
-7.746564995297928 -46.24128838451102 0
-8.197540355680159 -47.0503746464121 0
-23.67910405487311 16.40510596342001 0
-38.47649612774741 -26.61259636000791 0
-31.72033395073604 -0.4286274008216513 0
-3.293469454137346 58.01917656988213 0
-34.79679410139644 -22.73194839978937 0
-25.01454819476182 25.24978244210941 0
-26.69914886666465 7.993264091983935 0
-40.80855340627033 -19.01978534106324 0
-5.266165341787774 -22.35132897046527 0
-25.37785343737627 -42.17517330877238 0
-25.18422622106623 -43.05649527438492 0
-19.17203054876885 50.80297291117409 0
-1.677624105823037 -25.14123417482065 0
-31.963497091036 -15.58971884591732 0
-31.19145495442968 34.16994843145606 0
-26.11248223467134 28.33441991113067 0
-32.50171675558608 -0.1181369551174516 0
-7.272824085832774 -47.06113647291486 0
-7.720808794654294 -47.87174884174557 0
-26.58141685948747 36.6920711149072 0
-26.29631995155765 37.44437889904725 0
-16.26534173133469 48.33983149812163 0
-25.43504005423524 10.87869310926786 0
-28.59566816515223 -16.68392966787979 0
-29.21932266011673 32.05067617155564 0
-28.7216969947031 31.52735460726517 0
-29.85420575476435 43.73430146707771 0
-33.08203833686347 14.05593564939112 0
-35.81756860161356 16.90969127937802 0
-31.64864009457349 -20.60890641433422 0
-31.44580851586606 -20.09180465965644 0
-30.89868618476869 -20.07367774623919 0
-31.21082475943622 -19.59120239829559 0
-31.79172071612877 -19.6498258515654 0
-32.8069706174211 6.175973936544016 0
-32.13492655215107 6.447099218416142 0
-32.39891339231312 -0.9079850893273615 0
-27.69816265196842 3.103689655931172 0
-20.35335440330984 -41.02940937160122 0
-33.64565350346624 -39.14416731535417 0
-18.3176262422145 55.99034476712144 0
-22.44444390975623 -47.47625635449982 0
-24.02446765523767 18.34569572722956 0
-39.58835884953196 -27.99723177166455 0
-30.29459402168936 12.32136829527436 0
-34.75701890842763 3.33615737021942 0
-20.66995876520798 12.90694333644204 0
-26.62603894933445 15.9588470439431 0
-6.687381844734759 -53.40995035116173 0
-23.33861734129526 -20.35427866239634 0
-28.32469123758596 -12.58566383795877 0
-6.631915231568167 -26.5313006259526 0
-6.038066861952792 -26.67386825511031 0
-2.331315666468406 -45.62356419690336 0
-3.043148280980516 -37.93507771210973 0
-6.768355430696603 -47.8684362213332 0
-30.6239088821676 -19.55026727296391 0
-28.72842887337804 -21.1016558370514 0
-30.6174836508385 -5.488429210949811 0
-31.51478492826977 30.67805886514236 0
-14.93089493100898 53.08540358939881 0
-2.722260784521304 -28.16795051902941 0
-34.8536216269107 7.239177573600529 0
-33.75722698426962 -27.26053909719715 0
-28.94404783284318 21.08018340201171 0
-29.99730542194394 -31.04856621272508 0
-18.1257604018653 -43.72513010001006 0
-31.33201617486624 19.00291707326541 0
-7.266957868901626 -45.56736086454698 0
-4.637233527229619 -34.15268095753979 0
-36.65681350349635 -1.508549115447539 0
-27.11818007268524 37.3230271679716 0
-26.81564012890474 38.11561227000813 0
-25.96766406231848 38.23034191726785 0
-26.49521598765569 38.92423880823603 0
-27.34486242505335 36.61027864237791 0
-7.238393715165836 -48.69293127356242 0
-8.189712008509648 -48.69416608978896 0
-30.95942532438828 -19.03918333298111 0
-6.205277321715031 -26.05585407510545 0
-5.562863857545794 -26.22609792895551 0
-36.86449578126846 -22.20430019836379 0
-30.24189624203656 30.64572502428774 0
-20.81192149842813 -44.88682086289217 0
-6.283081789634863 -48.68914702983303 0
-44.1060824396077 -15.71783182309668 0
-29.08429802461942 16.83475591355223 0
-34.45791435571596 -16.53877912929613 0
-31.30600466267214 -23.84848850717245 0
-22.57332964053228 -33.68132805673191 0
-5.092390350313738 -9.960011541157243 0
-5.820235595770747 59.15161846957942 0
-21.78066620640917 22.36782538383833 0
-25.59614847158449 -8.97341992015865 0
-27.06786738448659 24.9966504376204 0
-25.45366144938554 -47.62045442214698 0
-15.07702735486455 47.45716263390013 0
-28.52402814796865 32.24505890049802 0
-27.99537261500145 31.72680961024011 0
-24.51054735069514 -42.44605184410473 0
-33.89620949462378 -43.53786795398216 0
-33.66208080688151 -5.124525953292744 0
-25.26729282880592 -18.36936525898049 0
-38.74086084206808 -8.660339969897485 0
-38.12993689187616 -9.148272593914047 0
-38.23830631404114 -9.894997819844365 0
-5.199734935236666 53.29546680880773 0
-3.983925776985308 32.91455418207441 0
-20.63999060706349 48.93763752041357 0
-35.71496879452953 20.58125288724984 0
-29.81104922818987 -41.65674075421568 0
-38.19231739630028 10.18241090326941 0
-38.64994931251025 -3.562480677289252 0
-27.40300911726412 11.54591300620929 0
-2.310605352444999 47.86911305967084 0
-32.19048396401863 -27.84859643256874 0
-43.18986833404807 -10.40083559578525 0
-4.932213827282153 -52.69657144461299 0
-32.20194421729543 5.724555944944976 0
-31.50311961944946 5.98673823636884 0
-22.82856756509534 16.58841344879284 0
-2.414400982949658 54.4748997788733 0
-28.20168702549095 30.98142086353357 0
-27.43897382524002 31.19120665736984 0
-25.52035231714774 43.9944602544006 0
-32.0903947857464 7.267286571505926 0
-23.18884574899202 -33.15515673960715 0
-22.44268440198735 -32.81616372570512 0
-5.806094491673336 -47.85941947353408 0
-3.282756399079133 -29.60002021769442 0
-9.126550224215606 -47.06167917528166 0
-29.9911991302776 -1.254693731285038 0
-20.77728154256509 52.43264093914826 0
-13.25945437423728 -53.71232195640278 0
-33.73083465092142 8.234295274014398 0
-4.477219868372951 -42.32253519344303 0
-22.28315116155391 -21.99979066194848 0
-23.15079579593561 46.00659608985222 0
-15.06116534825566 -42.0987389722459 0
-7.71201211429413 -49.5208766746031 0
-8.669101433532166 -49.52233068333764 0
-37.21406316609308 -13.53271158336934 0
-38.27431723626532 -14.55382695295119 0
-38.70397609208331 -15.34425000954411 0
-39.17773617191514 -14.55713513276753 0
-39.61183065487711 -15.36274223715404 0
-40.55504339644772 -32.48505940785479 0
-29.54693015698655 -8.568596680152732 0
-22.20925016617148 41.02273708996039 0
-24.31317010162171 -43.33994414419365 0
-34.76917343565275 2.523832757126596 0
-34.01944678348183 2.97735712733173 0
-29.18521733055287 -25.32069841100901 0
-34.69140737922322 29.08638410965709 0
-30.32446910594892 -18.99558877487983 0
-30.68611335930327 -18.44318563045628 0
-27.74542042915779 37.97743818349774 0
-25.54407811552846 -32.90999217113248 0
-23.37183666278597 -37.98564843372255 0
-1.067587888778246 -10.47901650855212 0
-33.14866924234424 -0.5667267520595899 0
-33.07893393088095 -1.405431161170298 0
-8.401562106221348 56.75079900563826 0
-7.573482525222177 56.44567966463896 0
-40.04666721767178 -24.79181969638526 0
-37.51646655973536 -9.630815825514201 0
-31.34502139062254 37.08380572787435 0
-27.02639972150376 -28.7100598971326 0
-27.61266882130253 -28.01447219597103 0
-14.75858644950771 -45.20662612585231 0
-23.09727037741228 15.71767121640883 0
-40.16852959354105 -7.419018321647582 0
-4.413010460063949 43.89133385485611 0
-7.06230019651627 -38.5478106782204 0
-6.740828608855729 -37.59221030869646 0
-0.6232506184790149 30.73571774155371 0
-40.09919763984014 -14.57456639618473 0
-31.89193297548287 -21.10194073565966 0
-24.9763559487143 36.89148715574269 0
-5.746033454996333 -25.56294052334815 0
-5.052836140458083 -25.72926583045495 0
-2.301555624184622 -7.261246474017359 0
-40.63569648698277 -15.48674677157605 0
-14.60800851716655 51.04763662523889 0
-23.6302791967748 -42.72023661390453 0
-23.83242429902673 -41.81691510340922 0
-39.64956035460067 -13.75798968029506 0
-1.321138550279032 51.0957140205463 0
-25.61955297667456 39.03944863070354 0
-26.16323660355297 39.75130288055911 0
-29.05086897284596 -38.08321092299295 0
-18.64274990236966 50.18817317949156 0
-18.31757461227687 50.93900077054864 0
-23.24596931922337 17.86429146483075 0
-27.05580435324946 39.62790649457461 0
-26.71815363125781 40.47808242255138 0
-5.385772367579703 -26.87156018302388 0
-23.4769396368884 31.32772718150132 0
-2.110204670928323 -50.82610969211687 0
-5.037206848948051 -41.49530749496459 0
-35.31057295429339 8.140053247249346 0
-35.32136794335951 8.815731138061535 0
-23.50314398617185 9.631688446866194 0
-31.36545548438644 -18.509853262991 0
-7.9965280815702 -36.04385297748851 0
-24.99296728328326 -43.95689465460923 0
-24.11156670186476 -44.25246908911826 0
-5.314732645914598 49.88704709400671 0
-38.12983094178911 -27.33384550042939 0
-37.6346935131659 -26.68303642058164 0
-41.96951194303395 -5.648058136388844 0
-23.70998293491218 -24.64823551952367 0
-24.27490717975433 -24.1612667478455 0
-25.48640188810575 4.544345595224676 0
-9.465740501724115 -55.43807137701539 0
-11.9792315117976 46.97678058284892 0
-42.04939176202723 -30.90181580199019 0
-27.80810503803336 32.45160104092813 0
-28.34617405972064 32.9671765395112 0
-33.96884147670688 6.478088994695591 0
-27.83732742697484 -2.870750934645233 0
-18.135261574379 -45.58014666786057 0
-21.81703815369605 -33.36553005682924 0
-26.88138981765731 -17.37479150377677 0
-32.30282069222132 -1.767903087468077 0
-8.189072946161248 -50.35240767052083 0
-9.151702159410881 -50.35520968844442 0
-5.322721046692998 -48.68887615358094 0
-9.633485358926714 -49.5195054588868 0
-10.11937177397508 -50.35665213908933 0
-9.633696555142935 -51.19664177179443 0
-37.57919275130522 6.78647026642181 0
-37.65047144776435 -10.41369242056779 0
-10.60699736708873 -51.19939051999544 0
-38.53776158989731 12.69253768843342 0
-34.98848542474721 -7.632956132148571 0
-31.78873613248099 27.06309696433022 0
-27.07412834586926 -32.09975764683906 0
-36.51144298797725 -36.80561240718347 0
-34.78991959441272 -20.23035643936655 0
-37.94452283854221 -25.92784741210776 0
-37.10121468192954 -26.01867389732957 0
-38.00894317774642 -8.399931349961326 0
-21.7582131732508 -29.33575532992206 0
-42.15984835901195 -3.273190965202383 0
-34.91610682796366 12.01598691376315 0
-43.26683841624448 -19.00513465657703 0
-28.90758595280829 45.3706947698348 0
-29.0421637508237 27.67921820162378 0
-19.74125393380505 -31.51155324986641 0
-21.97284452449957 -30.11079377232413 0
-4.852822946095385 -47.88072202030595 0
-25.49287766916088 -11.98913371310891 0
-38.8583302655035 -35.25872276175807 0
-5.203099334838646 40.69776187003254 0
-12.3636672534294 49.74756916662919 0
-12.81444059004566 49.25102321784571 0
-13.48423434907967 49.45690641432527 0
-31.5957979672702 5.213899215533162 0
-30.85507469008797 5.494429858651495 0
-30.7661890431981 6.298073061073734 0
-30.08083909093168 5.806116820033989 0
-34.75356476813926 15.63555667919636 0
-21.34212666934917 24.03234928489691 0
-39.09155888278021 -16.22092869184006 0
-35.91823502458922 4.769363712803295 0
-27.31097700104605 -23.40161699390742 0
-27.12902455379423 -22.41394900770246 0
-40.58854560084318 -13.773120524517 0
-7.232629846039323 -50.31148680117836 0
-0.6096705616845 33.43045082580674 0
-5.464093856066114 -42.36558583468575 0
-4.942195784949644 -43.18747334514052 0
-29.58192387466254 24.4574504982175 0
-15.18708083882842 54.94267974547674 0
-19.44109543662855 49.1408344462426 0
-34.70266512435151 9.169126963817988 0
-35.33995334639866 9.551433876826735 0
-35.37072099940347 -41.72066027564914 0
-12.42467148534348 -47.07671813302256 0
-37.30821533351119 -32.43417224708775 0
-30.065829572318 -25.48246104760209 0
-20.0988652003775 55.54246782898633 0
-40.50908926058369 2.589517634952597 0
-7.656374626961025 -32.85716553443662 0
-38.06414746060375 0.2078684677801881 0
-13.26329466530589 -44.81635952075756 0
-25.57243301899463 -41.37583528559531 0
-24.77615793848517 32.71073698853682 0
-37.49943291654036 -5.693480335328712 0
-2.094337266053862 41.37007567610534 0
-32.90254276008989 5.409314478303408 0
-33.93099201253746 -22.82662340993628 0
-34.41703623237363 -23.51029001448303 0
-21.02387732055622 40.77292569997086 0
-20.29751437273027 40.77222865924207 0
-28.28018853887575 -7.720849203312149 0
-23.07908532176966 -32.34664329954818 0
-33.23865618533335 0.2090047209217234 0
-33.89636601808134 -0.2194853574699084 0
-24.99166224225755 -29.87177393323233 0
-5.279360309215151 43.91491744443297 0
-32.22524380137244 -20.6321108525853 0
-43.12363529780219 -29.47091394600474 0
-27.63689102049607 40.34823244796804 0
-27.26334328321714 41.27716974218814 0
-13.85905540398605 -44.44764248753869 0
-6.113266364945468 -38.29433047204547 0
-5.810219306216981 -37.38247256485413 0
-27.64890139461928 30.42976481012081 0
-26.85366809152048 30.62970836738915 0
-3.200902571778564 -12.74437877155559 0
-7.242222010050416 -26.38725915997007 0
-19.96502570578789 45.71592460057293 0
-3.633793633833375 29.90372958729372 0
-10.32907410432742 54.53725114429471 0
-22.18054767313872 15.92457289798293 0
-29.81909797021054 -37.65005943564795 0
-29.84070595032208 -38.55514910709847 0
-29.98618348537825 6.652481600508161 0
-29.27826811327476 6.137857288898586 0
-31.84080319925476 10.0610462960855 0
-37.44215618330647 -25.20009315901947 0
-36.56461366142715 -25.30567700714511 0
-5.252281969651849 -25.01994052025066 0
-4.522254992821933 -25.20700389411327 0
-4.345296012893945 -25.96153721982191 0
-3.077990125038414 -30.3425199297621 0
-40.12849490465096 -12.94378177417144 0
-41.07525091627348 -12.96304388657169 0
-17.79583612257331 50.26869369985012 0
-17.44885931951134 51.06971557213242 0
-18.04292548470227 51.82716942089027 0
-27.87576503967343 -28.93317007666113 0
-28.47065708495172 -28.23916493729412 0
-15.40930556279663 -38.11620187561301 0
-3.837275057957998 -30.17264204098491 0
-4.050839919838095 -29.3871038379031 0
-31.64029027616388 -28.62427941069299 0
-5.325530796676904 -47.10035755962812 0
-25.85059673521484 46.25455584800074 0
-20.5405863709414 -43.01414140075164 0
-27.10649227405997 -45.98851659292185 0
-35.4980131816929 -3.118141777117171 0
-33.00725390940236 -2.275979706130421 0
-32.19669643585485 -2.65036554347523 0
-23.76447205319793 -38.76920553437041 0
-22.86224172864223 -38.76066793375185 0
-30.27474882475927 4.927603349484412 0
-32.6579360021066 20.54250092993304 0
-20.37407333125388 -35.91402259739327 0
-16.92002992332757 50.36289515593472 0
-24.04464866719434 15.5480090599529 0
-23.43136501143847 14.80486091677767 0
-24.40172615772138 14.64842643249464 0
-23.79156185167303 13.87577122120367 0
-24.77392559776336 13.73167550206956 0
-30.66096846637121 -11.37054148637103 0
-31.0764756131921 -17.8550385394003 0
-31.82170038293347 -17.9328230848271 0
-36.78185401701221 -26.82940599314275 0
-5.032600467009255 -7.894701966631425 0
-5.284286450340126 46.47727414310022 0
-2.544494498098001 -35.24072056380738 0
-14.17314582799174 -51.08738896781047 0
-23.76888099596047 28.35039740012131 0
-15.94529015457682 -41.9402861321504 0
-15.65559407776476 -42.79657032381147 0
-19.95452509972879 41.47030378220903 0
-36.44180681438417 -19.01601874673037 0
-19.31871624597615 -33.09630280071532 0
-23.00312596858539 48.24323956201113 0
-13.32196217036459 48.74678296282519 0
-31.24498874159847 -27.83441122990921 0
-21.76565567078234 19.72072179882183 0
-22.34588219233829 -37.82854154456229 0
-3.41720550437171 35.35872055386383 0
-37.11205534228049 -29.86532406672164 0
-37.81430681024106 -30.53658850933546 0
-12.67355126480415 -45.18640214392281 0
-23.17216333241171 -25.1736577455715 0
-7.764787390740861 -40.41717459421884 0
-10.11740081796893 -52.04325622102496 0
-29.99856015891656 -18.38884353392665 0
-29.62128647161171 -19.00212131085677 0
-9.645983032520562 59.59604817173315 0
-7.702395760571504 57.30418768878708 0
-6.890783776075697 56.95059298175711 0
-35.92238606425184 8.45427927011889 0
-4.952499984383093 -6.20794186298675 0
-28.22399541100594 41.10028088521462 0
-27.86922288497683 41.98001931573052 0
-36.88556589957795 -10.13475229323848 0
-31.7614565398216 -27.10519435197563 0
-27.79075117660584 -40.52478342034843 0
-28.43045128609855 30.22280599567657 0
-39.33389054227563 -21.99990320582067 0
-22.57244863913707 37.57275121408792 0
-22.51861742125987 38.39745494275622 0
-4.214003681366867 52.08746539853738 0
-3.939495190468167 51.17771515168478 0
-31.41830338978406 -43.2980609805029 0
-6.47963935601942 -25.40766486754831 0
-24.8066484598042 -44.88312159925628 0
-23.90689748853378 -45.18166666835062 0
-37.30431148689051 4.350967272345234 0
-35.41312769348622 -34.33601541278476 0
-9.941222849135144 34.7819798893218 0
-32.47249335200571 -21.16869296479565 0
-9.143607599849712 -52.03935303045782 0
-22.97193226384783 -24.4313293879565 0
-21.08301182567003 10.86282927583095 0
-27.62755090413318 33.18139225265693 0
-28.17015947450752 33.70250071759693 0
-22.94058834121876 -42.09168592399241 0
-28.88930187730995 33.48211328231824 0
-28.72616350119954 34.24395082202178 0
-27.86138996117955 29.6412890992341 0
-40.00250988982445 -1.944294383026037 0
-28.11442917392652 -6.235675879097844 0
-28.4252057541308 -5.479580198518673 0
-33.35801357437533 -35.9220402232571 0
-28.17826696826135 -25.06620348236869 0
-25.27091857651504 39.86691305505312 0
-3.105780488979938 -21.48675256102581 0
-6.343841915058936 29.64245350118577 0
-11.88849393647634 50.198772811782 0
-33.57078360675428 -23.58885295302704 0
-34.15091491427614 -24.3036726942061 0
-12.15982562399585 49.09392550236809 0
-33.21087763776298 -24.50693825607647 0
-35.53527694755434 2.150702172687535 0
-6.107687193904317 53.74614423779438 0
-5.218747473723045 54.22152817070996 0
-39.77866731321545 4.556031116909876 0
-16.33907732310881 -47.74494917103397 0
-3.042412642447863 34.49046353094637 0
-29.16732948820264 7.02181947821949 0
-28.44049435505168 6.481657962902148 0
-28.55197954496648 5.574041119028232 0
-41.27140824011857 -9.628266534873266 0
-26.42100891074529 -23.07199814152058 0
-26.24435968216246 -22.14761213037507 0
-6.784715984553316 56.11426104777928 0
-6.095388434502645 56.59735326521077 0
-36.75657298850206 -9.320207878076232 0
-35.81398119544701 7.657075593339934 0
-23.17374078827736 8.136206803368715 0
-31.93458678240638 -8.441757754662101 0
-34.52308250680582 30.66895899153342 0
-27.08347861529647 32.66141600220656 0
-36.40068977640152 -34.3265523393948 0
-6.489020098788203 32.57499043732484 0
-35.28808883412163 -23.40583493453082 0
-5.921548299791253 -43.21740945225881 0
-5.406975545727961 -44.04777531938045 0
-10.30390323235274 -29.17646212545647 0
-11.09609952169479 -52.04662786993035 0
-3.598104021595106 -11.90021639979969 0
-0.6158471648972564 43.71003804247047 0
-24.15798303460475 12.95204340215838 0
-4.517422687982853 30.13235686122249 0
-33.75160671960779 -9.969987184952224 0
-9.840726370188332 52.22911390452953 0
-27.6970622777173 5.921691795383394 0
-33.09583524671892 -22.8653739325328 0
-17.42903814815578 48.12506603234373 0
-32.10073356558025 -37.0020088763094 0
-27.29035550920803 -29.56769416346904 0
-37.29535631041243 2.484214071288116 0
-30.74199956229634 -28.61838545347514 0
-24.4850110410184 7.211763462549305 0
-37.0187643587517 -10.96019199605887 0
-37.81783296069195 -11.24486280284773 0
-20.14615969500199 44.73847294118377 0
-22.7400366506135 -43.00965235943631 0
-20.29776852384837 -39.22637989266987 0
-7.498838479559312 34.30383827208116 0
-1.953975674561687 57.12644143113137 0
-17.89550215408861 -39.67884893664691 0
-26.31722147395089 41.38316755178146 0
-31.92374188576561 13.01244453781812 0
-0.843081526774523 28.81833656374589 0
-21.07249565482227 -29.79153790151569 0
-4.35681785060161 -48.69317035452661 0
-4.838125444947118 -49.52572507924643 0
-3.889536177987031 -47.89420523322637 0
-9.600562548978589 37.37285745723543 0
-31.95879191118149 -37.8753946147079 0
-10.60455150093971 -49.51504383246288 0
-2.380126370257541 -20.15538394016528 0
-7.702828928837 41.68790496277339 0
-7.011712677682041 42.35348939071226 0
-27.96769662769274 34.46934856575875 0
-28.54010487787533 35.04748614144508 0
-25.90996391501303 -38.92136576421338 0
-21.99706027855851 16.80012405191493 0
-16.56937599732174 51.18244061218761 0
-22.53680158645698 27.61341539898776 0
-33.57485948396101 27.04983087345854 0
-20.14343399668962 -35.09978139683834 0
-36.09982152896568 13.42107979827972 0
-6.947515054885296 -55.35157586691899 0
-40.61478199429192 -12.12270702384053 0
-19.5239362039104 40.78002151390717 0
-2.90669346464162 37.84567097017799 0
-22.95244144957929 25.90497459214746 0
-21.55774985542057 -28.50205243862151 0
-24.72680707026915 39.16198946617534 0
-24.37034873035817 40.03005804350721 0
-4.629125625865671 -29.96817940044338 0
-9.626643530261665 -52.88716811142201 0
-4.729490554240613 -24.43434821410057 0
-3.971833687909595 -24.63871308485992 0
-5.518960901289031 -24.30377173579077 0
-13.88950876029666 49.00870234750289 0
-13.21914262150432 -44.08231506493929 0
-7.450341623807434 44.98895316740092 0
-3.362087659093182 1.596201592460677 0
-10.19009903826726 -33.16813317346831 0
-34.67216859464098 9.91654729321681 0
-38.84942592077055 -18.58777338198979 0
-19.8184906994365 46.67991690399555 0
-20.71243245658797 46.35123014249158 0
-11.54790440730097 -51.22077089899305 0
-4.834201206455949 43.14299211542212 0
-3.956497025741347 43.10374599104054 0
-23.12241284257113 -41.19916773868936 0
-0.548171280264459 49.01330286436118 0
-18.70522466245908 -35.32698853368368 0
-29.24538891391306 -18.34284482777392 0
-28.84360720652355 -19.0221415812252 0
-6.36591605100617 -42.436657522916 0
-1.013701660969954 -17.4125897834484 0
-2.697279385272356 -13.6163277825319 0
-5.71977955531017 -52.17453126536246 0
-41.50079251317268 -13.77835211805478 0
-38.10200177902676 3.02313696107047 0
-8.379575507829209 54.4790810867401 0
-2.724597414144239 29.68517913792943 0
-3.017977995433565 30.55720748648418 0
-29.49478411330901 -26.18546179020774 0
-3.168691186204487 3.60272013666981 0
-41.59867667024048 -27.66092539562752 0
-16.19501524513698 -36.48415018538242 0
-21.67221670975892 -32.46639673332 0
-2.514467711886951 -52.63148503350358 0
-1.18872388686073 20.91918849287393 0
-33.9575716344054 0.6052428371435504 0
-34.65633259196814 0.1460521780863157 0
-34.588416082172 -0.6982078334061752 0
-33.30899353102158 0.9772698160016569 0
-22.46160746878614 -27.09842503176571 0
-30.4350472356629 42.0992608009235 0
-9.317311946852815 -34.73591712130666 0
-4.881895564914918 -51.7706804540701 0
-3.181352373233839 -4.928052230445871 0
-39.19927824715822 -12.96498816230612 0
-23.17491993101855 13.09660429812986 0
-23.54123108507015 12.17259518723198 0
-32.15424759112284 -5.478402744481132 0
-41.57310793559414 -12.13865361308328 0
-2.213087472018523 -0.822445580428839 0
-34.01071388320862 9.513490748126733 0
-2.54890310080493 16.6371315638363 0
-30.35546213157344 -15.83569625593096 0
-26.12460444683849 -25.28704050177596 0
-21.96426946817137 54.33066634938146 0
-2.051157748705284 -24.1555127854058 0
-28.53880784605493 40.239206466391 0
-34.65916854563261 -27.52509478706672 0
-34.63354238762449 -26.64246052024385 0
-1.147703777644659 18.75738977236653 0
-41.31105075815383 -23.71790511855935 0
-30.26098399361207 -20.05293366198374 0
-32.84039290997401 -20.65827062478487 0
-20.70744973541415 39.95014742562581 0
-11.19290878208183 -31.3132323351066 0
-10.44955796330982 51.54758214432573 0
-28.83011937593569 -29.05920567520307 0
-22.18767032419233 44.45036604549643 0
-21.94100497103435 26.87000011636912 0
-33.58449867085981 -26.36859614584113 0
-4.159015143616159 -39.66584095269975 0
-2.544958387902207 22.49008223770643 0
-2.787048028551645 -16.05480012085893 0
-30.01491181076028 7.630565195370089 0
-3.369151384179116 -43.96619178709006 0
-29.34192127963086 34.81163998577479 0
-29.14259335022226 35.64297498535268 0
-19.15978132575203 43.27568584581892 0
-2.460144902793568 43.88753170245915 0
-21.29637798087141 8.87225162149452 0
-6.419673348786897 31.71604497286795 0
-21.28510881609021 16.14850014731748 0
-21.51826187619027 15.24074712808614 0
-36.08608868081417 -9.841312716530991 0
-13.86090742135826 -43.716706330574 0
-25.53564409858421 -22.75804692518799 0
-25.36532710254932 -21.83783325812954 0
-26.07531518398106 -21.22137437233024 0
-24.66930149289834 -22.44756156607477 0
-6.452761098587837 -39.24383933613782 0
-2.809874714955814 -2.769957250291285 0
-4.168634391876034 -23.83738469745211 0
-4.385397910242428 53.87288381423384 0
-4.400437867065796 54.83912796436915 0
-33.94436791161738 3.873028840644371 0
-33.29256954956311 3.400585809665077 0
-29.98151776590672 35.39716047273205 0
-3.034493216349647 5.621866182387514 0
-36.91135587186126 -24.52055056309293 0
-37.81270738090041 -24.36320259424814 0
-30.12540637720497 22.137935350616 0
-0.9526118624415949 25.69875620505642 0
-9.14798910282968 38.89682886775378 0
-2.429699049728503 27.63016674500411 0
-0.9769359214488874 -12.33989695175454 0
-38.04750218010366 -29.61158690071379 0
-38.74012000983375 -30.27626831477093 0
-0.9953302119486175 14.71364211794237 0
-27.21700198904087 47.89959147655873 0
-13.91095586124246 46.12736822586126 0
-4.892474982230194 -29.1499926950008 0
-1.420982883889142 -27.05197432171547 0
-28.66487183381629 29.45399996906872 0
-36.77243767193272 -16.85887909655699 0
-1.117005482084862 23.69625574638638 0
-1.976493232745296 -23.24072468760882 0
-1.431455242083084 -8.680567453709894 0
-3.63347363594802 -30.93107833843558 0
-35.3623936203326 10.34285709899234 0
-31.24815989120231 -34.99549303956356 0
-1.505045828113359 11.99253707721801 0
-21.34421763361619 -30.69854249219641 0
-3.870643500498558 -49.48733944402362 0
-7.615855239219199 59.52883954430428 0
-1.601935932519438 -47.11668737090375 0
-2.678033310711222 13.58754675591973 0
-4.265280828306745 -28.58517598074104 0
-1.593737828808529 9.837922065529009 0
-2.961902575081778 7.671137904126111 0
-8.654750216295866 -27.15462394452349 0
-25.37878362618338 14.48631238201857 0
-25.75597357774908 13.58335159268977 0
-26.21947339731443 -7.101519047027184 0
-8.557217833974157 57.67030292724909 0
-11.06764738855202 58.09309272685908 0
-32.93199422798206 -3.175012996179722 0
-32.10049148580077 -3.564842890904164 0
-31.34492371423886 -3.02334553238578 0
-17.96625098973436 -35.7398043855896 0
-35.55154937555145 -28.09015220691536 0
-36.03940691463853 9.947562751824368 0
-36.09234515548621 10.77519620454469 0
-29.77389310977692 36.25664262296912 0
-2.483168228659714 35.25209142474871 0
-29.01005331336233 -39.13250590094177 0
-29.91214913077727 -39.57559546513212 0
-38.13284248024787 2.078276846152084 0
-38.65534663332351 -7.869341275915207 0
-37.86975720071432 -7.58236188450028 0
-38.4959518224104 -7.178254938889172 0
-4.42717162606422 36.551948905788 0
-23.33340958649403 38.0117423927493 0
-38.50551373436535 -31.2084734767751 0
-37.34277670750147 -28.94162842088281 0
-44.48252803702708 -17.57940256364404 0
-11.16596080794496 -27.04066323641472 0
-17.7430561259848 -37.68256474463956 0
-8.651942612944294 -52.88360217952076 0
-15.8635496074473 -39.47737788077988 0
-22.40962489886859 29.85329674535873 0
-10.9227221575647 -44.99798759945647 0
-16.19388646599609 -41.04780311296981 0
-20.7547721219171 -36.80870325329811 0
-36.30451784857449 19.05919157370766 0
-8.19144121061257 -52.04414809715602 0
-20.94708476856536 -35.20520171482323 0
-12.07334974768407 -52.05276575533937 0
-27.07701002113026 -4.339318714042527 0
-3.284334913094267 51.88941881505507 0
-8.634912804688863 -25.34165038751645 0
-29.66737662600999 -17.74693012540891 0
-19.15005682241008 41.48468591612347 0
-10.37007650843769 -45.74402130455986 0
-27.81941956869435 4.992738247037601 0
-25.42147964428001 7.106042331578793 0
-10.11347339660507 -48.6834902426444 0
-11.06576571742632 -48.68678665787003 0
-10.57947761516589 -47.90081691780517 0
-1.128257841814077 -21.75615699814002 0
-30.11733717177977 -27.87365853212866 0
-24.06342018494333 -40.86737506227436 0
-9.267697508645419 -31.38669505964349 0
-10.76078838730215 52.35233215096425 0
-24.84472942147722 6.25949874462923 0
-3.222511191674541 -5.921729165478885 0
-24.62247499286535 -45.8227595514692 0
-5.18139621631213 -38.07088034710393 0
-4.879858728180571 -37.15559838256602 0
-5.536012617922047 -36.44770685823024 0
-4.596243473556553 -36.21301042274955 0
-16.85639861925241 -41.78004642527232 0
-28.55528439131905 4.589536830334015 0
-25.89007366148426 6.312541903207334 0
-25.18359612632546 -20.90746879449674 0
-25.90832682155337 -20.27453320585655 0
-26.74698292144424 -20.61449978107553 0
-26.6359512093128 -19.65313193901331 0
-26.89799412129014 33.42844328708879 0
-5.659520920106845 44.69460222667097 0
-23.02168577354714 6.189779127414804 0
-21.73093139966701 -23.46181117118896 0
-31.49916074674118 -17.225733680323 0
-32.28180784551289 -17.29609599551722 0
-32.60696373822438 -18.03907266380701 0
-31.60583970860779 -30.17829211752413 0
-6.142172341342391 43.87958698201303 0
-22.56976549615666 12.30587263530086 0
-26.36786818016202 14.3341929334306 0
-26.74147922585887 13.43718308125279 0
-27.35763535084604 14.21090270538975 0
-27.72818311300819 13.29628851699507 0
-28.34587688524841 14.07912055896218 0
-34.34391579313596 -35.87008141360083 0
-22.23575629319088 -41.45803717715974 0
-25.66040764498468 -23.76748175892081 0
-29.722691005548 32.54634685959716 0
-22.23020896756125 -30.92253884033663 0
-39.43419946899023 -30.93893402278742 0
-39.67211406266841 -30.00372607354991 0
-23.70578402633708 -46.12437965513762 0
-22.98709000480723 -45.47666656844277 0
-5.920122816843631 45.64086184339608 0
-5.057729330452748 -28.38226393778066 0
-4.468829608410751 -27.82263133615811 0
-21.6624531365864 38.81577551308656 0
-22.45132077197257 39.2497027000428 0
-30.67134248310754 -39.01830085111449 0
-30.69826203712469 -40.0105072780266 0
-31.47000365956977 -39.49170714015614 0
-31.52591018092767 -40.4892104367718 0
-38.27824390205368 -36.69441213640964 0
-22.53709872626855 -36.06719227173752 0
-7.99098315003495 35.87653649939047 0
-16.47892916010378 56.03780109538098 0
-33.84473901781001 -35.06740318703441 0
-6.615952719344159 47.57851218229474 0
-26.59731999501235 -44.34379513303896 0
-5.763234167954922 -51.17736981551005 0
-28.49146292606152 -18.22128152875017 0
-21.43101820048889 -25.37747936338949 0
-35.36869808622843 -0.3341966023589228 0
-37.18477214493364 -11.76695463521365 0
-33.7490155995454 -1.894862085133319 0
-37.69124488482178 -16.81823939071648 0
-22.38793340504587 -40.54191372783121 0
-36.53246065675538 8.054225437777024 0
-22.97445466281749 11.40790557569342 0
-22.04134548470489 20.63006758230895 0
-22.69804115670447 19.91342672826786 0
-23.03843388272195 20.78129860816361 0
-23.6545949508972 20.07700963436968 0
-24.00359847645262 20.96120823459285 0
-24.63058893860245 20.20912609596456 0
-24.97920838299977 21.12459384777602 0
-24.34734167431967 21.88476470067909 0
-25.32570087275903 22.05126420088019 0
-24.69254752585056 22.81535369290237 0
-25.67193467960695 22.98187376273107 0
-26.30572730508522 22.21606724322817 0
-23.71863739156016 22.65125975707823 0
-24.0547291734254 23.57625825591658 0
-26.65380351672961 23.14134870562461 0
-27.28739712141231 22.38014948984095 0
-27.63590191268677 23.30627368481755 0
-26.93945084904022 21.44810958460716 0
-23.08642699684542 23.41678135491829 0
-6.018631929558548 55.69694023523633 0
-5.303672114559459 56.23485927137961 0
-5.386552062128407 57.11961702776697 0
-4.565579887647408 56.75341541007806 0
-28.25242826047606 -27.34521674228664 0
-7.544285366656498 54.41281408119126 0
-34.19042151378081 21.23775720431434 0
-24.95804378027186 40.75059832279526 0
-14.42094381839469 -52.83709703262745 0
-37.2786281536519 1.4092090352106 0
-6.994369107525701 57.83361246835699 0
-26.13153358181833 12.70635407136051 0
-7.235190730567147 -23.87710948947225 0
-37.98208777543652 5.903052490103772 0
-37.07957582502983 6.053891425002838 0
-3.010098901808746 50.96061890704254 0
-3.657152104694609 50.24926249173787 0
-2.721143971877092 50.02787143304565 0
-3.36461201314552 49.34424482286539 0
-16.04268961085589 50.45156572156741 0
-33.28220223868151 2.607147443304469 0
-32.57072754425197 3.010940602722815 0
-32.55105910794229 3.809629684067387 0
-31.82992221427854 3.415172055812192 0
-24.04038833127548 -47.86395548238127 0
-21.0367596648215 42.97607777840682 0
-14.51011032951037 -44.11017478502666 0
-31.85222308595404 2.520934141780076 0
-23.35581929763467 37.14921454422301 0
-20.95293574266027 -33.09207703439353 0
-18.16352377770196 -47.40269050514798 0
-33.14327259040836 -21.24518716372722 0
-10.87795514011955 38.55575013199149 0
-0.7903590190488121 -19.24076083660771 0
-26.66281050018269 31.40952833774141 0
-26.04049324112744 30.8518198578091 0
-26.25041602226425 30.01775913632661 0
-25.40478535086815 30.23798018486137 0
-25.19229804245548 31.08474141317406 0
-11.43002667998486 -45.82528644596991 0
-43.1143971363244 -27.62662074007446 0
-32.56944327319474 -10.18349139244505 0
-2.758754311153289 19.67236317840794 0
-28.07543582885597 28.84782620771171 0
-19.60057056205625 -29.04803175497969 0
-37.3025208759979 -18.65071126730231 0
-35.00666030430813 -40.11831043549858 0
-9.292615739702789 36.50583823227036 0
-9.356208906812693 52.94939863470383 0
-12.02761006751361 -28.25255634491071 0
-30.29173781811058 -36.07082246927858 0
-0.6095346654420449 41.94043028251607 0
-22.40419915002827 19.00527389134118 0
-28.95081718552352 36.47111564742345 0
-29.5510074314456 37.1224060496583 0
-2.714992216780233 -11.8974124297726 0
-3.122500042092764 -11.07433501616785 0
-15.51742794341399 48.31208399429742 0
-28.34259769452423 7.392884801167232 0
-4.564466559990741 -3.433419655724452 0
-6.706986159640338 41.45334223826747 0
-13.96765252760249 48.29911951905706 0
-4.417768734992752 42.33689279562217 0
-25.10206109000601 43.10331151891905 0
-26.14825685079946 43.19089656096683 0
-26.49306038135231 44.16098826259055 0
-6.949682143938926 -43.39311317412444 0
-35.96208922548671 -8.984052499493007 0
-35.86095807331159 -35.16009392870382 0
-36.84559228086131 -35.16125359883294 0
-37.32768731425156 -34.34735537101607 0
-19.47831333447866 38.95853367293216 0
-24.98395079565745 -19.95766755211214 0
-13.13633736627176 48.00156461921768 0
-35.30464660820347 -16.87691066690655 0
-34.54319193738606 -17.4846988081626 0
-5.665302346453946 31.28313427951216 0
-13.1873942843846 -43.3083444491965 0
-36.65340601392058 -8.448901514785993 0
-4.005962947431658 -1.419478750979545 0
-31.67064973605811 35.60217791233521 0
-28.70888089852071 13.15980745846115 0
-29.32538204209681 13.94355046231983 0
-29.00517425123065 14.94649849722044 0
-29.99416764671688 14.70508997445082 0
-5.529648589315134 -29.6987317215054 0
-32.78416783306333 -35.07093577196552 0
-9.136230880886444 -53.71905418800733 0
-28.92437439731278 -40.92621906214774 0
-21.34652721286114 -46.59263656594739 0
-43.75278656239511 -11.74130410636188 0
-3.757261425313358 -22.24968978551981 0
-27.55592431641194 -19.97014190321473 0
-1.5892762273684 2.908360052243597 0
-10.2006996600466 36.68943147156079 0
-6.233434977934741 42.09528833090022 0
-35.42251301868792 0.5160960048906243 0
-36.22601345940804 0.02294764757698018 0
-31.26641079427951 -3.95143876711064 0
-30.54295143131339 -3.421666459850599 0
-2.109254287151428 34.35648362756366 0
-23.8513691664377 -32.62467024025754 0
-23.79145331050665 -31.79731772279075 0
-28.22244939959688 22.56309216927142 0
-18.17160416445889 49.44429371731196 0
-26.32916573362308 32.85895990744937 0
-21.67695039858554 27.77262944288706 0
-6.627019706861621 -51.68842281411358 0
-2.857332201995399 36.14689864599765 0
-8.123042550176706 32.2386611157997 0
-15.91945790095943 49.00969386398064 0
-20.80101691828197 25.91844496808871 0
-20.5638934004354 47.27781069953207 0
-21.46044464243224 46.98166399028626 0
-19.61262904564481 47.64508057527389 0
-10.61087710569366 49.17661025064774 0
-29.12300572058712 40.93815377203829 0
-2.3486563084432 -18.9121045901197 0
-23.45931668030895 24.34141898490162 0
-1.729080194476595 1.045380656255418 0
-39.18522131975485 -31.86719912934291 0
-21.85516729546182 7.324355324162189 0
-21.8787765869785 -38.82142439734548 0
-7.317003775601112 40.79621945765573 0
-2.520178596408047 -25.0429902350914 0
-27.46062855010447 -5.585905460798247 0
-32.97755942321051 -17.43920527586077 0
-33.35308581810757 -18.05108621040053 0
-32.90737963216208 -18.76051684151804 0
-33.81205944364526 -18.86225822493408 0
-41.10752312901482 -11.29520982255038 0
-30.71964351020037 -17.17322408994631 0
-25.53244216883645 -45.52481849909121 0
-38.15017790230868 -4.952293155084542 0
-27.11261352985625 43.38198713425534 0
-27.48922870093045 44.27790022814222 0
-28.03719437761606 43.53606951703281 0
-21.6234544436044 45.99399688325609 0
-2.452386966001403 24.64584562277093 0
-32.22402846222748 -21.66110368891978 0
-1.460089231714228 4.744356253345845 0
-35.30808615824459 -9.52235424540704 0
-26.02868341630095 23.86157378416608 0
-8.191253448083314 -53.74288177708294 0
-1.499217366932253 6.767142824445807 0
-5.217826503492394 -31.32310119530734 0
-29.25237740856772 -19.60824809738561 0
-1.156915436347755 -15.32097008806407 0
-34.23605074564857 -25.7602850701563 0
-35.00973701796642 -25.87495121996886 0
-26.98983152510983 5.347334323704818 0
-30.37359483969936 -26.36669722924918 0
-30.97846734363506 -25.60368316232784 0
-2.602910780153914 33.62166999363599 0
-35.25924683589033 -1.186056122652575 0
-20.57962379908424 -27.44559204355151 0
-35.04943228415607 4.642733996062939 0
-35.29762980585734 5.405063728101763 0
-34.55099509000964 5.27498728824587 0
-18.72202963767644 40.78953506605295 0
-27.11959384747395 4.466420842433655 0
-4.680413769100862 57.61941763393436 0
-36.61075170618117 8.809659759227795 0
-7.99847520069236 -42.02505477853615 0
-39.68861573121502 1.371117074998953 0
-2.122165771657716 30.34068440357919 0
-2.390447476351879 31.2408506191098 0
-30.29529764740245 13.83484676482394 0
-30.9340203272427 14.58269552553345 0
-30.56717895046899 15.50326412291603 0
-31.55323988922552 15.35998409718403 0
-31.14862051615628 16.28022394027472 0
-32.16458034728142 16.14149431542845 0
-31.81359839262154 17.05208270800274 0
-32.78785877401982 16.9249300829535 0
-32.430260823162 17.8415195790307 0
-33.40720499258698 17.70623613557269 0
-33.06164764074004 18.61355511755124 0
-34.02715917745396 18.48691363502154 0
-30.84335009338048 17.21524144777919 0
-33.64980718029556 19.35352924254202 0
-11.60501430208435 53.60442870150911 0
-40.39434380760863 -30.7137978130579 0
-40.52659412189114 -29.75135436447022 0
-36.06354501149391 -24.64327267501911 0
-13.94692123976039 -43.02608117342706 0
-20.56204931548574 17.77915737147003 0
-34.36928817855953 17.58229773963902 0
-11.62352489043931 -49.60489194267946 0
-27.27272753163602 29.03701466572819 0
-11.53842572351394 -52.8563229237706 0
-2.908914171473166 53.64219885843393 0
-31.2638062230228 -37.34993449908181 0
-27.74457455488301 35.2315604786953 0
-2.238275603875486 -25.8599122486408 0
-16.69828641957412 48.95615782223567 0
-32.26181585513439 -39.91667626905964 0
-32.37486675003626 -40.9130773995437 0
-31.54324877458682 -41.507152320841 0
-32.41459748292205 -41.89027746145608 0
-33.25676447408152 -41.37981464007576 0
-23.90744067354093 11.24880597498527 0
-4.110388844283608 -52.26724955702448 0
-4.062664809996828 -51.31726657343739 0
-34.01489910499473 10.32299943037128 0
-12.39493437615896 -51.14355908514532 0
-12.94917640374039 -52.01123784595288 0
-3.510982721108419 42.24990073117226 0
-38.00070117577118 -12.09533915487549 0
-38.59676035962704 -11.45006064337837 0
-3.021195832738524 10.71583902235279 0
-35.38995702309111 -17.94190319639292 0
-26.78616178780096 -40.5199479139404 0
-27.16742242706006 -39.74119417267674 0
-22.18968980642315 13.32589212323482 0
-28.28337567443109 16.3574010194739 0
-33.9841801007719 1.403023401969182 0
-4.377240173072974 47.02430481450224 0
-7.387923571823189 30.54840607724423 0
-38.30423636522768 -28.76463480912687 0
-26.90752459948425 45.10342831065721 0
-18.36978394880431 -33.84107219633558 0
-12.47825493528798 -43.73374719778941 0
-26.62767394012232 -12.7288786101354 0
-12.02539951641487 -29.71863063653358 0
-32.82933068530837 -16.61020882339627 0
-5.30757509608374 -35.52859600335137 0
-6.20791486574806 -35.7259589173057 0
-5.992890913732094 -34.81512996061357 0
-6.904017723377756 -34.99709770317341 0
-6.616644072730023 -34.23953485256296 0
-7.417369687364383 -34.30441356663536 0
-36.7208169194906 6.798690949727388 0
-33.03823145329925 -9.364645093685809 0
-33.74533126790401 -9.015120190559443 0
-20.76818913295395 -37.88384697319155 0
-3.266739649165991 31.42850517266574 0
-9.411887511091036 40.5515311670348 0
-33.18433492740174 15.83588096383706 0
-38.89498901888236 2.628368336260805 0
-40.07716560478166 -11.27697155377061 0
-36.39865481272061 -11.43044942310005 0
-2.550214110729573 -14.69269528193969 0
-10.11866359789512 -53.64602671918374 0
-21.47986894790346 40.14699530178421 0
-10.21836333110753 -30.13786558331248 0
-33.14205273455156 -19.51302791538958 0
-2.587877269407608 -31.95619123483931 0
-13.69041238287863 47.48221818004804 0
-23.84837222796593 39.34497504510293 0
-23.60131367070586 40.11494183781176 0
-20.62490670323404 15.47720945292447 0
-20.89380161664673 14.58088889521523 0
-34.61235427781045 19.25824543004565 0
-19.67161945782816 51.49076186707117 0
-41.31222779104966 -1.666477203116005 0
-0.990765916240506 16.74646072185857 0
-20.65017319736199 -34.44003910816525 0
-33.31030373480559 9.874497739613577 0
-29.24578309436807 -5.42200201916139 0
-28.76825694725767 -4.706111028678853 0
-29.56991222707964 -4.590593565485694 0
-29.14887798288202 -3.838196956460669 0
-8.434651054567974 39.45872643109756 0
-20.46671939774481 -30.49020554397615 0
-25.07990744899598 -10.70138856536973 0
-2.669599548910981 32.07892711709066 0
-1.722505405167061 31.93490312736188 0
-4.459244379347199 31.99930827722452 0
-37.12733859646723 -23.65755440453475 0
-38.16498050147322 -23.49274354187606 0
-1.813527873170573 -13.96351813113712 0
-7.967791452565201 53.70655223684705 0
-3.438443809057881 -24.06933878627618 0
-33.09129173495833 31.36788500027475 0
-4.032327125294617 -11.03255504153335 0
-3.545239891088054 -10.2355538462899 0
-2.627681631183721 -10.22219992098662 0
-3.077926181823107 -9.373964788370079 0
-29.22784831375717 30.05646419826513 0
-29.44734159524505 29.23106589767702 0
-3.397888942946763 -53.79467075686515 0
-36.26722242694227 6.145261203067887 0
-24.6228417199066 28.50026895759578 0
-24.02063215764831 29.22143283236946 0
-27.23249671123184 -18.88788627125144 0
-27.73838283195434 -38.40900074816373 0
-32.2513084951444 -36.04022185233639 0
-38.71938837195584 5.227228204690237 0
-35.45712226036534 -27.20698536381997 0
-21.25849011532579 -26.2099884786255 0
-15.55835584550307 51.34967957922149 0
-16.25717904391079 51.91382559074999 0
-19.29898751539692 -34.04487772209683 0
-14.17164021454404 49.60686837092806 0
-30.44939102446977 -8.753526259397997 0
-29.79668770868947 -9.49311292712342 0
-28.72589273430434 -9.232902404590153 0
-29.09517446144887 -10.20337474703072 0
-28.11819219536825 -10.01777915187213 0
-30.68101854665762 -9.676715217355776 0
-28.46346585948744 -10.94309906036955 0
-27.46613943303416 -10.69738058702549 0
-27.20151067172575 -9.796738485474107 0
-42.03992063718707 -11.33585761329084 0
-34.84208351278848 -25.09296820930598 0
-43.71857494704044 -14.67115129729238 0
-43.12053875376751 -15.49721472056869 0
-43.38290125570975 -16.41858762590322 0
-42.41818817351785 -16.1854071002987 0
-42.63896350510799 -17.12706313744316 0
-41.70693997241477 -16.86721075296504 0
-42.17926774955083 -15.36046550101995 0
-41.94426582841846 -17.78642817492631 0
-41.01243356657176 -17.49667765910753 0
-3.039267962967644 -25.72012197204805 0
-2.761534461672732 -26.59986645332096 0
-2.524701602194997 28.77354774906169 0
-5.850604324238486 -27.70184304711928 0
-26.42035401626134 -18.70995455840121 0
-15.19974449687516 48.97837557034666 0
-35.50260890760268 -19.52892345414723 0
-25.05478410016305 -39.20183451797023 0
-42.71458475398449 -12.1905305741694 0
-32.84603473140075 -4.074603064281869 0
-33.81136309726641 -3.680369397441374 0
-20.75635364424524 -32.20423356782901 0
-1.550067355979694 35.11583945226488 0
-42.87484194765233 -14.06625118827493 0
-24.33612312322967 -46.7860030354305 0
-17.45061420987489 -48.68431581544451 0
-8.627248536159188 33.1488511150885 0
-25.55794267458568 20.3783387847671 0
-25.23551756746181 19.48060600954875 0
-24.62865858585404 30.44386096992718 0
-36.27135794925205 0.9421164992099027 0
-7.419515124180811 33.18319912795509 0
-17.12043263494643 -40.90800376637127 0
-26.58431142085347 -10.49770442974404 0
-32.08672364465901 14.49476123461675 0
-36.29785383793967 -12.72055667369578 0
-20.79237101510588 39.03538784983732 0
-3.905144869948652 -37.00286527220852 0
-3.418111548250153 47.63253984683369 0
-4.449439705172469 47.90663359369302 0
-5.184642819115806 47.52329774480063 0
-19.59413356847976 42.28065539360347 0
-33.53745750605827 -20.68842878950741 0
-7.820864959628844 -24.7045242981744 0
-24.00150470229266 37.64412189762293 0
-37.31862956998364 13.9854556693501 0
-27.26182816712339 34.67921607752212 0
-18.44999619051564 47.66740966938823 0
-35.48337139027463 -10.37262656873959 0
-38.86196637745962 3.527350828334695 0
0.4534197398275809 42.69542621392486 0
-25.49246556493521 -39.86354004419952 0
-9.531385974821243 -27.63932056675904 0
-8.653243352671591 -54.69331686449945 0
-21.02802913577159 27.13257573680413 0
-22.84660533104012 -30.24669511032171 0
-23.91011378866299 -30.24969087243235 0
-24.7787858048429 -30.76059945865834 0
-25.6986854980789 -30.52964368995316 0
-25.48039391128666 -31.36614334348822 0
-22.25367868317918 49.23365406243174 0
-3.995032307968961 41.48312051818066 0
-8.188013747076059 34.98992675284164 0
-23.54244262897518 7.398560312589028 0
-12.78873602924867 -48.52976749575843 0
-27.84018079688136 -21.55740783057708 0
-7.813252767522255 -43.96384035069768 0
-27.7945275277386 -6.994527858577726 0
-27.45930865516555 -7.780030976493618 0
-29.48456351157108 -11.14920236387848 0
-28.68322479687595 37.36355914799623 0
-29.3276362875591 38.0005335154888 0
-30.16218719418466 37.89029565323634 0
-29.97769785371005 38.67852828040729 0
-29.07261072102671 38.77142083166039 0
-4.166817443793216 -9.427627210437739 0
-3.547209719246775 -8.513271870443537 0
-10.70425007791711 -46.52773007242295 0
-22.27399786367571 28.39243077201758 0
-3.019272729184573 -3.859600604685518 0
-21.54072785839944 -34.69946128087541 0
-2.432541268559063 49.04828887957997 0
-1.743185923220903 49.81982512900089 0
-8.475068923564283 -32.27858101379352 0
-8.631208751101392 -33.09036792686402 0
-1.422709247366767 55.96754729474907 0
-9.59304502643344 -26.60763868080389 0
-20.41997364641229 16.32130554944452 0
-38.46483532528337 -5.850488281236467 0
-39.13753555583321 -5.1855271951933 0
-39.42573083920087 -6.063943821427162 0
-40.0731974740763 -5.399423647214732 0
-39.79963470743196 -4.469689015218467 0
-40.75526434081379 -4.665847432104749 0
-40.48774108238616 -3.74471258897525 0
-6.706236565349681 55.26159063977934 0
-27.03904809227598 35.34803334335216 0
-26.38950135310395 -31.2351695713235 0
-4.036750133481479 -5.434170113565455 0
-25.66371705496466 16.06403471850669 0
-4.369368614002751 -35.20593158493219 0
-40.64841462119451 -16.56034020138258 0
-40.05365981863154 -17.27509292659436 0
-33.34016632865506 9.12131599395091 0
-26.00751835606226 48.00763135854758 0
-39.26681487404819 -34.22909098043628 0
-39.7607329633536 -33.2312231841491 0
-38.65010621862584 -33.57267998678167 0
-29.13731048208719 -27.61688083052181 0
-38.676935475411 -24.33934327558202 0
-39.13794276970415 -23.36419649632588 0
-29.77514515656553 -28.82054428719951 0
-30.34311558732015 -29.4638546874632 0
-23.42322340632392 -39.49793089082073 0
-32.82740383987327 -38.48089861019714 0
-36.73962324876937 -6.432041618938842 0
-35.84244839651969 -7.095026661648898 0
-34.82558183476864 5.981088034285193 0
-2.210145220198499 -36.56875044852764 0
-32.34147293891487 -43.78636889115936 0
-30.59563785257211 -2.46842619792014 0
-29.70942162530682 -3.025722907611563 0
-15.33285187068105 -45.96461046886879 0
-15.66937436168249 -45.16563456123816 0
-16.26778734543064 -45.81630455478717 0
-16.54454259935575 -44.97429875498371 0
-15.96870517253861 -44.31924848421836 0
-16.79656055265223 -44.16458329275045 0
-17.39727804216952 -44.86144309814475 0
-8.092035763731783 -56.19503123588798 0
-6.272460488867223 46.58074348741283 0
-33.34348122007724 -25.47850422614588 0
-32.70166193217818 -26.06017727563121 0
-32.48710983146119 -25.18459365385014 0
-32.22249608169203 -24.28258563349335 0
-21.47664648314391 -40.80011649441029 0
-21.32384248273507 -41.7499856066675 0
-27.46469317870319 -24.36560748330286 0
-18.7582587545868 42.22663794322079 0
-22.80296350331585 -46.44380743772118 0
-11.28422152692272 51.68813975069118 0
-10.91751928093486 50.89272887774442 0
-3.737681675351118 -32.24931082447188 0
-22.89085304522552 8.997366472197999 0
-22.68517209037376 9.947995444497028 0
-37.13998774164626 -0.5740241808102692 0
-4.466880043353414 37.61819099981432 0
-29.47664568715801 40.10813212115181 0
-21.25402677281049 48.0584443220322 0
-25.87101036974886 -29.5619458468435 0
-28.58638222666234 23.41395182937662 0
-4.476635775121226 55.7999621895726 0
-3.721843623954237 56.36864963874379 0
-3.641301998263164 55.44873420236242 0
-2.91289623334093 55.92211082789834 0
-11.63125092177534 -44.14856446256028 0
-19.26267509560044 39.92036733741153 0
-11.17768348959846 59.25108656551703 0
-21.5488633735625 -24.4179305328909 0
-7.729511673371997 -25.68660674378984 0
-35.3241436437744 -35.96315377574179 0
-5.466797817920741 58.21634603352916 0
-22.43220168177685 24.17253564613335 0
-24.4339085422898 -32.19336016210646 0
-28.10158892697906 -3.860815743641977 0
-30.96281963535817 -16.52957628943717 0
-25.33268799288861 -24.63870629942823 0
-22.11169355814027 -26.07336004922158 0
-30.40248974260892 23.11829816221489 0
-2.338672225861623 51.55180381730558 0
-36.7815175209042 10.38934702601285 0
-36.86022953027742 11.26628068484824 0
-36.02330890692591 11.81023993077015 0
-36.92996406631209 12.1564693011569 0
-37.68237319163214 11.64346691612565 0
-26.85366827574649 -11.32753199863762 0
-10.64985831107793 -32.23001353319721 0
-31.57809855754437 -22.9089315214707 0
-34.54828193437586 27.65379044825774 0
-1.815349644286656 -12.97561566448397 0
-5.299656881786463 36.9431869262971 0
-4.398789926348131 -44.01469647720563 0
-4.8732549156922 -44.87737258874407 0
-5.837175358932382 -44.88744304731478 0
-5.332183282331893 -45.67919280557533 0
-4.345159498596893 -45.69801178069634 0
-37.06695945525228 0.4686449015333991 0
-1.601196017533394 33.50996062893893 0
-22.63828763014863 17.3763055827147 0
-21.93627004759378 17.63901938002486 0
-26.88008456794857 42.30789343067794 0
-32.24987024261817 0.9962965700112886 0
-32.17752741826511 1.636167321029097 0
-26.73379484803356 -26.05756148418177 0
-2.286669959503547 23.58968670756015 0
-21.43034275227377 18.92103340356926 0
-25.70563770884655 29.35321052461836 0
-3.51325609782823 52.79050519777326 0
-28.54561580916125 -40.00157654609824 0
-7.072760779746728 53.74467149674298 0
-28.00400377262752 24.26612931092202 0
-26.07757782114608 -8.066560537143385 0
-5.262253652971923 48.45863987879721 0
-2.953814102854346 -22.45829441138903 0
-36.85858310134748 -7.496212816072466 0
-36.43316214350224 -17.99822787092547 0
-21.74344251566176 -35.49990458086135 0
-30.22703326260014 34.56039615087999 0
-18.02787348672387 -34.82505977310331 0
-21.55513888125862 -31.54770865297255 0
-9.866492503865331 38.25122194123691 0
-10.04855333106304 39.13319599828796 0
-41.44801116261333 -3.921601561107075 0
-41.14814107299151 -3.065577625235346 0
-9.289923847830378 33.98270664634325 0
-21.69952894555131 -39.84063681342563 0
-22.18582342467892 8.302089315921107 0
-14.75477126659865 51.98947178093453 0
-11.57135026661601 -47.76075875641968 0
-23.84896371548988 25.34816929064408 0
-8.830807047176091 35.74248380741341 0
-12.28952961001484 -46.23416685178557 0
-1.977859382440537 36.90571078960892 0
-24.71798715236701 5.211448747108671 0
-23.88460367635862 5.754971320839836 0
-1.570332574909914 22.70885325459921 0
-1.748146700332647 21.86458093468491 0
-33.25298863986266 -42.31367471280601 0
-34.27497700174439 -41.76305591167365 0
-34.13571075985394 -40.75030653256305 0
-40.58672221028601 -28.05605007329379 0
-41.42134647209484 -28.63643896072256 0
-42.40271300578695 -28.38085236140025 0
-42.13221253636967 -29.37130327288026 0
-4.313648293321965 49.65519264384402 0
-21.82883987822156 14.31577237529828 0
-40.36571893168443 -6.418949161696331 0
-2.441043546831687 -8.404729381720447 0
-27.99588883272637 -8.533473242144026 0
-22.9773564552492 29.01118696133015 0
-23.4152357191018 29.89448010258221 0
-32.62749029251686 9.48205616108639 0
-32.6550190583681 8.614412302279948 0
-31.8515326933706 9.096809955051983 0
-31.21074902039634 9.476435199362511 0
-31.08366118575303 8.704171427387401 0
-30.39990362896581 9.228265427987726 0
-31.71174546634488 8.117043587245327 0
-30.88821377067893 7.866148956412676 0
-31.62668402765406 -10.82931583113366 0
-27.36471627916738 -26.92120071351852 0
-28.17075926408256 -26.53050453214473 0
-32.50932072654408 -20.019430692326 0
-39.22864710555641 -25.24129451738407 0
-36.01522259790112 6.88817833728651 0
-34.57289288349502 -18.4216609062433 0
-5.929946172609641 -28.85214172257066 0
-13.63113961028555 -50.17785302153017 0
-30.83217809084642 36.11278716979914 0
-40.82747366663816 -22.38046755416275 0
-7.668122439281579 -54.5715694216865 0
-36.10632101846039 -2.321819640672278 0
-35.13481169717709 -2.188549979885598 0
-22.18598777626721 47.59395608869869 0
-6.288173847674966 40.50468901758451 0
-23.06027549558133 41.52703896263789 0
-24.67607756782421 -40.0560092891543 0
-20.93224881811798 11.85674802898224 0
-34.54869371630431 -19.33467687277991 0
-36.39853758456528 1.875548117917264 0
-6.955530947530083 -24.69357577792947 0
-3.51030508142562 0.6015323028912904 0
-3.772768998732433 -0.4171187106580148 0
-31.82842546362565 4.394259716587411 0
-31.06525402420802 3.822970867061304 0
-26.03241691001769 -32.09896225470577 0
-27.40283892789761 -31.11537514860006 0
-22.12079210151801 23.26725302297074 0
-21.82835712501499 24.980935091201 0
-36.55700472488665 5.395310146514747 0
-26.98167123339168 -8.685965956291501 0
-37.8237813577016 -6.66975479497862 0
-37.44438640846381 8.424868146133148 0
-37.26388801294433 9.203904034940038 0
-29.92190763528357 -40.65149901809077 0
-23.18565789657371 -31.19725096232785 0
-3.606977274311757 -23.17607024254608 0
-26.12525641187749 33.85330508356869 0
-16.00349568324068 -46.76125127948238 0
-16.91304354151571 -46.38985221767018 0
-4.695392491543469 58.56211943816387 0
-9.362907453035559 54.51468389410189 0
-12.55641639296156 -50.11827806140028 0
-6.794994262408005 45.78119124919929 0
-3.566340099459676 37.04368483581409 0
-1.125090218649323 -16.38908448343911 0
-2.013577972371608 -16.92773655457785 0
-36.41162744745186 -29.25746309608856 0
-36.66095167770608 -28.27433840679944 0
-31.59039161797204 -24.94360525566111 0
-17.88187782773978 -41.6307962284295 0
-17.43860656606357 -42.42662649724003 0
-25.63451903556578 42.18750775528733 0
-14.78844935483365 48.27037761441619 0
-26.5735811413194 -6.144908965102307 0
-2.604959215949333 14.55804848694608 0
-1.71938328473909 13.9469301924153 0
-1.654157050881809 28.27954486449077 0
-1.624460403474017 27.39564157456894 0
-2.261108578373992 26.62273219970701 0
-20.12106001723031 43.07314875256185 0
-3.25188289892914 -51.94574190261854 0
-17.15489374190979 -35.08707392246306 0
-17.10774955132365 -36.16531971062878 0
-12.85779787999951 47.22638023198159 0
-39.88171336436484 -28.96307388539985 0
-19.51662523750342 -30.44080482831438 0
-5.236580705332027 55.24248666063774 0
-2.591030063348542 15.59585766805137 0
-1.507380984350936 10.87762629205342 0
-30.8652826774526 -0.8249585802973118 0
-32.72878119100341 19.53969954215645 0
-34.57199827140352 -3.011974150140871 0
-27.79271464923768 47.07454176300001 0
-26.7337681279228 46.97834289914226 0
-27.33663368635903 46.15351172611142 0
-34.23698283234886 11.27281513740625 0
-24.35072632193049 36.26630854145626 0
-26.59560021285294 -23.97306028460929 0
-27.9164758921826 45.26496536206788 0
-39.81645842953512 -18.81010869734972 0
-22.02859652339961 -45.83627737982789 0
-22.2683414880794 -44.85962911333517 0
-27.43182295747542 28.21665171626927 0
-3.010338922840159 6.646630135709406 0
-33.38976606948289 -34.18790032653858 0
-37.82762992379085 -35.16851961368049 0
-37.36075505991604 -36.09366158674478 0
-1.573624452525429 8.826181160921191 0
-2.492445687254277 9.270826349067281 0
-28.07911006755408 12.39489447513212 0
-29.16025959291607 12.16747024377748 0
-3.631935582790605 -38.8007241351286 0
-26.37624044284999 11.19349806750084 0
-21.65631421965452 -36.40576318630708 0
-21.57024917353827 -37.28695643189462 0
-24.8281305529363 -23.34786305490452 0
-24.00122989427067 -23.05938689733549 0
-23.83165970568748 -22.15965028431637 0
-23.09582072377718 -22.76911264909954 0
-23.93836566566395 40.95499267039335 0
-10.52852846428722 37.58379339941547 0
-30.7014435744799 -42.34009099143875 0
-2.156542712195039 -21.81959752632786 0
-20.24555752648238 -33.69456453531075 0
-33.90987308943635 14.93175803407033 0
-2.060996097819221 12.90164765213045 0
-2.579598417501471 12.12642969662434 0
-30.72715684986132 18.26364468964342 0
-1.155059856829766 19.78782306465257 0
-6.336171607311146 48.49209889595032 0
-24.12924964810986 32.04578808943218 0
-10.48098543444964 -55.00974797338375 0
-34.18333524831363 20.21229235679742 0
-27.09074867293011 -25.21896262400822 0
-3.153384959206396 -50.94768494716195 0
-11.81051606909701 -45.07146516737372 0
-0.7214222326346527 29.79489196803465 0
-1.663180906414808 29.43776228063782 0
-35.13529567994396 -8.585262310190485 0
-23.51034871836406 -23.76077158394824 0
-22.65786089444839 -23.59432319426897 0
-40.68641575217872 -10.45820705635801 0
-25.89746684945358 45.1084568649955 0
-29.50516829482217 2.557408588366261 0
-30.24041609450392 3.359745482430394 0
-29.27625421092104 3.424786563756913 0
-33.85763707711275 -21.34952576748643 0
-33.39778719729704 -21.99211989808106 0
-27.67498582101965 -16.9773763455259 0
-26.30668258660591 7.113981295907849 0
-26.03802170088642 25.17981496269995 0
-3.640608826545651 -26.45021968525772 0
-3.242096098421822 -27.3054108035294 0
-21.9738436428128 11.46102295585487 0
-3.462780820799221 54.43315327941198 0
-20.82156376760796 -40.12388248611759 0
-15.59367564685589 49.70857030920789 0
-9.513730324908039 -32.39624658572244 0
-2.505864353000612 -1.779578892813452 0
-9.807938084451585 53.75598953006406 0
-4.613678667825734 -40.58880517552589 0
-5.558043208103671 -40.71842000546521 0
-5.058889167236767 -39.77434000755623 0
-4.484720132398469 -22.97310998568516 0
-11.59936324947111 -46.75441035716043 0
-2.919726107488413 56.96366583596798 0
-31.54756389574272 1.811299741292141 0
-29.27354224718879 22.63700357886124 0
-2.590019556259375 17.66093701925584 0
-1.766517901939085 -18.08153189769795 0
-4.024593348996626 -6.428557101703902 0
-7.31484362204032 -36.77054235660032 0
-6.494345552486974 30.65839859064138 0
-5.527657643343992 30.24360262300118 0
-6.003880980573268 54.75353087005241 0
-38.14642091732134 1.151512111964809 0
-3.269219121919954 2.601722678505586 0
-2.38440736309626 2.008631760530215 0
-5.678951147730181 -33.82787576185624 0
-1.087933598167506 17.75439010599518 0
-33.58902121618805 -16.11357283704459 0
-6.316325412196941 -45.65189507495193 0
-42.89336234464279 -18.04385525255589 0
-42.30019880157494 -18.66403438780226 0
-2.996592012113155 43.0633868347712 0
-32.67630308917104 4.590084257791386 0
-33.45828835372874 4.654897887393561 0
-33.77747640335088 5.360303405515225 0
-17.77714503405877 -38.69079863648331 0
-16.91677459478579 -38.17667136732568 0
-16.93483336975106 -39.30340805360174 0
-35.85516002215976 -22.60673305317697 0
-36.18053085224734 -23.41839481182919 0
-22.56236441148436 18.07252262240159 0
-23.17462109991059 18.54702981514106 0
-29.7470380566222 -20.7003504776382 0
-22.42180109002694 -31.77389388991981 0
-37.74510400362875 -28.11460321022457 0
-14.79040391702983 -42.87469730001817 0
-29.08403234802304 -31.36110116728143 0
-29.30747908197453 -30.47845777633778 0
-28.34731452931637 -30.66603361917242 0
-20.454266851002 42.22352930559774 0
-42.88860310744155 -13.20373223483929 0
-28.36166827038302 46.21205255658447 0
-28.46270457204373 44.46576828880849 0
-32.10821891450469 -18.6122524656083 0
-36.99993847615883 -33.47447325203579 0
-25.65749401182751 -19.34650370545125 0
-7.55831960472732 -52.93721678624443 0
-34.90319827284216 -3.840159734890632 0
-4.253670406430828 -50.38268065354133 0
-3.157054903391678 -6.914644475138656 0
-3.986910454730018 -7.499735521003142 0
-2.691598272263856 21.51350523769363 0
-7.565902279948444 -51.23225870811025 0
-23.37467644922113 21.70798193780746 0
-12.40284687376607 -54.07124418486694 0
-22.32157725703168 -25.06089721348867 0
-25.13620527686897 38.33837857582779 0
-2.458751793118574 25.61099860794292 0
-37.25861161940156 5.192968670125513 0
-41.50526031181602 -15.94328578363852 0
-32.73648622014402 -27.00149574195412 0
-29.91757797430565 27.4094434223287 0
-29.66789633753083 28.33079591726129 0
-30.52576080018788 28.09702062323191 0
-1.498183444207323 7.792610608187762 0
-34.36128347364942 -34.19827810795801 0
-34.09047841546128 -8.19723562377691 0
-6.31247003453969 -44.10065053740621 0
-2.088742907660488 -9.394652730813402 0
-22.96548857089025 36.24863617427633 0
-22.8091681405693 14.07196911793127 0
-29.45331828805215 -16.14784370785151 0
-3.963107741047268 -43.15767981201096 0
-3.878041218099937 -44.85864590409413 0
-3.384590439492266 -45.70447275554594 0
-3.893790930291684 -46.50526086057206 0
-2.90096677328387 -46.41582079238086 0
-38.7534651463988 -13.76924528323626 0
-31.09378292151331 2.989574414557245 0
-30.69604056125512 -24.63050607901539 0
-24.4945999772309 12.05174680001125 0
-33.74132776114702 16.78429492735012 0
-34.7607550868987 16.63894981218989 0
-27.94984578807166 14.92858381356481 0
-34.96932038557578 18.30899751859677 0
-29.13137088362157 15.8858963080516 0
-30.06588052615723 16.36704030928101 0
-10.33862527258837 -28.24210141284064 0
-27.81291231481724 -11.76798788842912 0
-30.60501079138904 -38.0683101907053 0
-32.43284505243828 15.33378563795016 0
-3.104883363409693 4.605811654425453 0
-2.245251285851406 4.017095645138546 0
-18.20170123844425 48.57354044890474 0
-23.16724336278099 -44.54134513477703 0
-27.10268172776866 12.5646602883817 0
-25.04009962243378 23.69893488782212 0
-5.800472543705799 -49.5200733059287 0
-25.14152827812526 12.80748634575532 0
-27.97328030046225 21.53633857615765 0
-27.44519085888236 20.76259936639562 0
-38.22481572130715 -32.12356882410229 0
-33.22335216119425 -40.1827732414974 0
-4.206963139328163 -37.96699738938038 0
-31.18425551071529 -29.43922821920313 0
-25.9500758447429 21.28895276170866 0
-8.664632831027356 -47.87406116381328 0
-39.68450769408085 -12.18626494859829 0
-26.54395198528511 20.39415065609697 0
-41.17151751978968 -31.50641158831557 0
-24.49550408701898 -21.54356677901316 0
-2.688863335894018 18.66925797905928 0
-8.645903791854296 -51.20333649441395 0
-3.72507344327275 -36.10968174344321 0
-22.51475893165986 46.55760902476885 0
-30.07455611104968 -10.44268453138204 0
-2.43347598778271 52.62333766197109 0
-12.49609751200477 -53.01910808568285 0
-38.53291524519119 -22.58156578737618 0
-39.98266896813397 -22.78930278066361 0
-40.0257120761087 -23.78432345237767 0
-25.54641834974611 11.84135830889704 0
-6.757186740224432 -49.51422261176862 0
-22.75315273631885 -21.1195066428882 0
-4.041978708819937 -4.415125828249542 0
-2.002205073153013 -11.01250877848922 0
-30.83847801351425 27.20037506925668 0
-9.79004578229608 35.70275763608914 0
-6.251988383892298 42.86769780531629 0
-3.41617144565928 -48.67119489092828 0
-2.926880348026375 -47.90578983702802 0
-2.843451157801051 -49.46379140236658 0
-37.57855953542055 -22.82333090088464 0
-4.606588797271304 50.50663714539906 0
-27.95346057637835 39.49812620525567 0
-11.0575739358595 -50.39594195902916 0
-36.31497839776321 -26.14295787101102 0
-38.29071165845008 -34.40420473693162 0
-23.39884968740123 -47.12832162674918 0
-10.60020930446002 -52.87783792848433 0
-7.41091725317303 -39.49488961739906 0
-6.836645432594532 -40.24643394776149 0
-7.304433303910284 -41.29706970618099 0
-6.321031186870049 -47.0963072453302 0
-22.99136669012509 -37.0338432678553 0
-32.36027457088625 -42.79042521147282 0
-28.60045124235805 2.743355494886603 0
-16.55650099638129 -40.15780888871011 0
-38.96788550247644 -29.37325809063606 0
-25.30166792503053 -46.60462377607141 0
-26.19257968161254 -47.16116365026699 0
-20.87293848524808 45.39665104692357 0
-21.21443717906353 44.55004729071972 0
-9.140877840892358 -48.6946741840358 0
-0.955186027790911 24.74742832379632 0
-20.64449573293238 -31.22498144102081 0
-19.8243843980946 -32.36914487567801 0
-5.297058867026143 -50.32066981932678 0
-15.25497028248231 -43.65732625815388 0
-28.90580145105456 41.94717699036364 0
-6.267374671329691 -50.29855390315247 0
-38.17257381171831 -13.01918012592474 0
-24.42310277285227 10.42119185997344 0
-27.95026201383597 4.053404174580016 0
-16.97877413246649 -37.08390507553819 0
-28.12855411509757 -31.71013033052863 0
-41.0147016327853 -14.558285546522 0
-34.01821043685295 8.731236210140707 0
-7.165572060560827 43.34222178000066 0
-20.67646982696127 -43.95054732207081 0
-21.54959440961617 -43.30842599811935 0
-3.831790555136603 57.28781746549447 0
-28.11549033950717 -29.76246717816313 0
-28.34973520365202 35.80372674093635 0
-22.03215576784038 -42.37025027220634 0
-22.33011304021829 -43.87876577669948 0
-37.13410288736952 7.512681551786864 0
-30.25734786498683 28.97610653850888 0
-31.11823739650126 28.75123286870434 0
-30.87885629963084 29.55881672868887 0
-31.72251508120208 29.37398546335492 0
-32.03290554794768 28.57019253005693 0
-32.64081497757827 29.26594311693698 0
-32.9271915849957 28.42576279343136 0
-33.59163835881994 29.13772071436996 0
-33.20037582312708 29.95219739724684 0
-32.22574980415055 30.1228947361057 0
-22.47757549282843 15.01259894208085 0
-9.606542968779159 -47.88537606501141 0
-34.8093265731486 -35.05752967374639 0
-20.02712205075291 -28.24253877967005 0
-20.47403529582203 -29.01965533480855 0
-29.80769848469238 4.219079242020542 0
-29.07548871767005 7.911601771115825 0
-28.27986408005678 8.248488300213065 0
-29.69718095971777 8.534240880308596 0
-1.981740091892398 20.2749954442741 0
-31.48516728893723 -2.140694803215883 0
-12.30207374652196 47.80396556840547 0
-11.41050658184743 47.64379350584205 0
-9.59828055545781 -46.24752785504305 0
-25.86480724701595 -43.67883634321635 0
-26.9468702874019 -38.82819038206295 0
-4.27396412977938 -2.406367386548583 0
-26.11701810794416 -17.81392509804127 0
-6.356527997550611 -24.10763378266731 0
-6.447851242605311 -23.2140722712708 0
-32.6414069736017 -22.22132310759578 0
-6.76235757598273 33.90722270855795 0
-43.52042425483212 -28.60576074174155 0
-34.6855970236259 0.9549159568431278 0
-0.5744189111973461 31.80743421644308 0
-1.540238640288198 -22.57173267362947 0
-1.638379902940702 -20.98414611314013 0
-39.42824900415266 -8.103852276629063 0
-17.24064198736981 49.59904721208478 0
-30.44558422688944 37.08273810766316 0
-16.53942202243294 -42.6193875469644 0
-21.5269502039982 52.91536635881031 0
-20.65886612413043 53.33845319719203 0
-19.88542069918783 52.87787612673581 0
-19.78620827156812 53.79283063963305 0
-18.98305982793747 53.26352183128206 0
-18.90791160562721 54.20587394799978 0
-18.11192807836045 53.67031872968088 0
-20.78891012734239 54.46231577828684 0
-18.01556441282145 54.58190043521285 0
-17.23627598747104 54.08338297633378 0
-17.33026164926282 53.16582643975781 0
-16.45269815885489 53.56904434712332 0
-16.32953334481861 54.5047760835874 0
-15.56755936616904 53.91257838823537 0
-18.17708246243738 52.74213335629418 0
-17.09896409982828 55.09337242704223 0
-19.07901237653073 52.28001203243303 0
-3.095987977985179 48.49236076801267 0
-1.508206134649503 48.5588874569017 0
-35.2488475431575 11.17065986360211 0
-35.51721685041555 12.76932371587169 0
-1.482034510228566 5.721216493311942 0
-34.91805668013521 -24.18938145304378 0
-23.44024852413798 -43.6189394663751 0
-24.71638761995865 -41.58351908861837 0
-32.89879789756521 -8.459189260378974 0
-1.963758239845874 -49.91695024744821 0
-32.0128464769572 -4.487399631975124 0
-21.16991738808746 9.837076134117344 0
-5.111080678610803 -9.000373221258139 0
-25.82622973554186 40.59594734143632 0
-27.65584206642646 6.856942118168264 0
-37.57436425582513 -31.47726266133273 0
-30.29807087223658 32.33342839542177 0
-30.3298612125187 32.9860026998434 0
-23.98680961450446 -19.67586594493195 0
-28.93424837504403 30.81709507696255 0
-28.41095463227865 -19.75768054938917 0
-1.416853011586142 -26.02088239716051 0
-19.0418406195969 48.34269121150606 0
-19.88283822034288 48.48554478249758 0
-3.493608601436638 -28.82750486794455 0
-35.90671797366093 -8.040401989056569 0
-43.80778563989121 -18.19665964679488 0
-8.38892509406652 41.02349657000677 0
-18.66153037351811 55.11850634771518 0
-32.45321726454765 7.876922588803254 0
-38.40790527746377 -10.67174078948672 0
-39.25272969356329 -10.79168177099621 0
-24.27581821414181 -20.61750817348597 0
-20.42153569471256 -42.06339323061299 0
-25.85570587963797 31.64958059848989 0
-4.461206547553038 -30.76029633865418 0
-26.68283907682528 -30.23476193031874 0
-30.0770857460808 29.94364623541964 0
-27.34910815483466 38.79116724340481 0
-30.97679504613777 4.678013519725717 0
-24.42479393413181 24.46734862840128 0
-6.70835109029138 59.37147664675989 0
-27.45020248990028 33.9272610011446 0
-12.60597470276736 46.38720119050798 0
-8.40842975508385 -26.20765359702401 0
-31.58066445114479 -9.878409332061615 0
-25.43932089129825 33.29543310930121 0
-31.85707192055891 -25.7801526939584 0
-13.29574806327567 -42.46624133158895 0
-3.869864869754164 30.74193504222291 0
-4.741936880832257 31.09273116929545 0
-19.89487335573165 43.86068187910814 0
-26.83886925943139 6.363317057118953 0
-26.36622955933369 3.906017654728324 0
-30.93751637300475 35.11312731560214 0
-33.83326122980453 -1.051094919467134 0
-31.48893195222083 -36.53266397086759 0
-22.76386886416435 22.50563495686958 0
-29.04009836223254 32.73744375278586 0
-6.190203223270956 57.52165618369803 0
-7.842021036405089 58.16848042643784 0
-8.675296972582172 58.57980331846618 0
-9.451020996857578 58.02006418674687 0
-3.759414960760572 -34.43430163101849 0
-7.0031749368523 44.15847952988725 0
-11.07207747688363 -29.7562757593017 0
-38.29302271996936 -25.16918671724854 0
-17.07283266632886 51.8658777796301 0
-25.49652774726778 37.54371464261052 0
-31.43351280968073 6.739947530444259 0
-27.05479007920786 29.8272385800081 0
-37.13991336472128 -12.6645506510657 0
-2.550266129355137 42.1764073796024 0
-37.42014849002103 -17.70584704967657 0
-38.3243327167911 -17.58296679148197 0
-16.22330830069489 -43.467045992327 0
-26.99754023745984 24.03167924402553 0
-29.38748312321974 5.056681511706515 0
-23.18049283369546 47.35024960571459 0
-0.8362531233426054 -18.343836438823 0
-25.02911484298865 15.35747157808734 0
-29.54498858591407 34.02418636232495 0
-27.6498894825143 -17.97099232730627 0
-29.89560891031824 17.44584403659813 0
-24.22561189175472 19.25504821933141 0
-26.66873698252641 -5.165527640223319 0
-29.71089700893989 13.06908064324431 0
-34.08977596592975 29.92329677257912 0
-36.24304494704905 -10.66055886030198 0
-26.97115411924033 15.04313218734369 0
-35.69744362709572 -25.41144701073815 0
-16.40246358149045 49.68132168083518 0
-32.01356983509744 -34.55825252763071 0
-5.000592255097926 -23.65627824753809 0
-32.33325456155944 -19.27916932746592 0
-3.667043625443819 -28.01418617247644 0
-31.59646513360541 -42.36912931063704 0
-38.26189973136979 -16.09176971277689 0
-28.9267939623139 -17.57372458773229 0
-35.50407161572429 6.244530710703933 0
-24.16258205791113 38.43405318060725 0
-10.21635025644246 -31.26614966732614 0
-29.44006097413148 -17.00183466237352 0
-26.91648248752319 -21.5270276923092 0
-4.900239131115686 -26.40298901048866 0
-4.69707274482405 -27.09027340577185 0
-27.25653717562999 31.93402758903089 0
-24.78191497610952 41.60529233693917 0
-31.25974183942613 13.68765462812599 0
-42.00178497396532 -12.99248850314349 0
-1.602121540952247 -19.46350938663566 0
-17.14814313743383 -45.62501658241301 0
-23.35295323954304 10.5683547202126 0
-8.686616652983927 -35.39750276245631 0
-28.87725120340928 28.62533619833655 0
-1.90023612022348 35.97797568283333 0
-11.84589855616608 58.60587774824545 0
-10.20491461582964 58.7073371344236 0
-30.64729496585873 39.35694454912736 0
-14.74864547176167 46.56361635745719 0
-41.60744955804208 -10.49973417638002 0
-37.39460671197045 -37.03387497919012 0
-8.652901205083841 59.45438956620833 0
-22.65608151457712 7.44780029658585 0
-31.27928946481617 -4.902521355073073 0
-40.08756801093379 -31.66366357941781 0
-31.44336922652863 27.9071299039327 0
-42.343222133376 -9.755814755420976 0
-14.63447217034297 -51.90373701468436 0
-28.55307120351059 38.20247835588469 0
-25.68746015890452 -44.5852138187005 0
-3.029047785266756 41.33736201425769 0
-1.595058668733065 42.15355512587686 0
-6.335502399857246 58.42921459498181 0
-7.78328587853121 31.3417287802226 0
-1.078369124781483 34.25484740106822 0
-1.133532959179088 32.68374883559252 0
-27.87989907290772 -4.80026879269352 0
-15.20013839839093 50.47390439910901 0
-19.68873884377192 54.71300244810552 0
-21.0175887083397 55.43030668677049 0
-37.39744352371336 -8.840804886082614 0
-21.65959333634136 43.72803006293853 0
-43.74243709394075 -12.67198679544833 0
-33.73410706735388 -2.7371996558977 0
-34.08624855848585 -39.92075001585093 0
-31.9027502353333 -16.51216414929696 0
-29.81469165656917 -12.06194818473436 0
-42.62720935265403 -30.22703112827604 0
-7.775255996037272 -26.83317876734496 0
-1.936808883793989 0.1666281037570264 0
-5.919808385160874 -41.62051850149457 0
-39.80431977789549 3.178846286907625 0
-2.819937342266478 -44.78359004394959 0
-40.22139808875284 -2.859291973224 0
-11.69248347298634 52.6161480409893 0
-4.600295157756506 -38.83683848716552 0
-12.61378517683132 48.53523044654646 0
-18.24363484601832 41.59676709480146 0
-1.789932450419253 16.16589625108777 0
-32.74683848585725 -23.62990024956827 0
-30.21119734735087 42.92143738346108 0
-29.26371988545517 42.92957698108003 0
-0.9686472504036863 -20.19401252809816 0
-5.326807559998764 -30.48024769506069 0
-1.186621574094672 -9.573682247899493 0
-6.051495771172888 -24.84925453458911 0
-32.85005726823505 -15.61022688649889 0
-30.73276900709638 7.095767915251961 0
-1.917770126958646 -47.98895578091484 0
-1.521609726415888 31.00282080503629 0
-31.37370456130175 -38.49898307017043 0
-39.42298118245318 -3.496198259532543 0
-39.30962204299822 -2.41984889728693 0
-7.206343134597809 32.04749424412185 0
-2.028380989311843 43.02592931283355 0
-11.34112722719002 -28.87973871010274 0
-33.88736022648454 -19.94277330352807 0
-2.328850969289053 -51.72341237049734 0
-5.29130965206451 -7.044355304048716 0
-30.39107940161911 -17.84245027156198 0
-39.40149678815088 -17.90021282865253 0
-39.03197709482043 -17.08339685256957 0
-22.80669262260469 25.0165077190065 0
-12.51284180641807 -42.86867420167449 0
-29.4133730607731 44.54819573844755 0
-29.80714139596366 -26.99354581440638 0
-0.7807134828825713 50.34417260698014 0
-39.9228787945861 -16.07176088528059 0
-22.35990732647163 21.57595699546586 0
-9.749361161097479 -54.45371645027068 0
-8.641937211358185 -55.51580635587681 0
-7.129406101408804 46.61986303527398 0
-4.904195190490428 -5.141492902553884 0
-10.25739135447899 57.58598127898258 0
-38.6889825813124 -28.01089842258752 0
-33.27417808883848 10.73038747378803 0
-33.9187256332112 28.18012327166299 0
-30.13711998015066 -16.65981731109618 0
-23.63674907298023 -21.28875610327778 0
-11.13019947684293 36.9891689003373 0
-33.98987586216173 2.187822264723993 0
-2.416620990953547 -27.34210138371609 0
-6.143875067819964 -30.26071621035851 0
-19.96824410005704 40.16153022949504 0
-2.831014935021583 -31.11014542029561 0
-11.81711710534058 48.42010706684312 0
-21.38476271203823 28.59724384822452 0
-15.08296501924262 -44.54550138222669 0
-17.24680617339612 -43.35260312528273 0
-6.520249936982816 44.87567977392456 0
-30.53782958535408 -20.51666190598129 0
-7.88328459770942 -43.06012678700351 0
-21.9751272762105 -27.86557689489629 0
-3.788184140378676 -25.40822760936398 0
-32.62720932999584 2.199693953858303 0
-33.32401453295626 1.786386614012185 0
-30.76549910930592 -27.09857278554168 0
-25.82286953721262 47.11259303226164 0
-41.22499920722959 -30.39137032452884 0
-34.95647389422719 6.618226036872865 0
-35.98473167840034 9.186775190791304 0
-22.88097027003497 30.59353693094954 0
-42.35466330010235 -4.14530220083508 0
-34.2608673891951 4.577175534206161 0
-10.51532498989938 50.11145920410357 0
-11.25469183009276 49.74311972365972 0
-10.04154235647836 -47.10945330802359 0
-20.95755175058498 25.05522456722077 0
-21.80958730398626 25.9833839479229 0
-20.10681502563867 -29.75790092246005 0
-4.176484589185601 -53.26274574319473 0
-1.119280350935115 42.904463378301 0
-38.40034356006177 11.08033992803544 0
-3.433039272251449 43.88133608660718 0
-5.443319282959724 42.37044569770888 0
-41.04046691549964 -5.570089454421155 0
-41.38238527116322 -6.449310304791833 0
-29.13665736095477 -1.668686721598922 0
-42.98833520091388 -11.19767816578936 0
-11.0380335560106 -53.62093371984523 0
-30.67557151254215 -41.19141449405374 0
-31.62814996006731 -19.11358110648455 0
-34.48296145718547 -1.567295090150882 0
-6.784325090148056 -54.3891027635791 0
-21.48732210428086 -27.03275668316674 0
-22.9401533081982 -26.39733398706922 0
-2.875448890472596 -0.0988667906328688 0
-1.010144878574197 -11.40621944017892 0
-2.647072499376101 1.008040916099201 0
-27.88773960759308 37.16943908923021 0
-1.444685191751398 1.935884244459436 0
-38.06282766737078 3.916487733494329 0
-36.31686172222017 -35.95379101330457 0
-9.317557022322113 57.15577267607231 0
-6.608793641578488 -52.57442899482479 0
-29.61778108752506 33.24469937956451 0
-18.2120032004893 40.01369868559439 0
-10.9353651785976 48.37594565565054 0
-30.43684704041042 -4.504577212017873 0
-36.09807358470927 -0.8487797869159206 0
-35.27845126924666 7.593042272311218 0
-28.84963629918643 -11.85704399466159 0
-2.226847914609479 50.69116666138819 0
-34.72559540165452 1.754243756454642 0
-2.609059323640393 -17.7604015943776 0
-24.84554306003049 29.47632104448048 0
-26.52354545467538 29.17005266599865 0
-3.016992623435208 -36.8167711843865 0
-2.477667384930013 57.72315480394298 0
-21.9306849890779 10.3573856879666 0
-33.14253078183262 7.950161634103268 0
-21.09432454083081 17.1431762947671 0
-27.35772094405386 -6.344376377159005 0
-21.26206791720545 13.59034047865541 0
-21.53873458530991 -44.34293387154784 0
-32.69726851042133 26.95929887273562 0
-1.019580478343898 -13.31625669884729 0
-25.00754432797774 31.8867303406174 0
-2.531369036888102 3.027706054617551 0
-4.88214202015241 41.5049665719964 0
-6.430647228863942 -36.6691546054753 0
-17.40469360709223 56.02816983802794 0
-25.58006892440774 5.458276265807505 0
-31.71284630362065 -21.61462786216553 0
-31.17236114627956 12.51793435191352 0
-7.310295288745689 -52.09529508008982 0
-43.6168749867662 -17.32618823249505 0
-21.59959574098733 12.57446992641171 0
-7.758720247927577 -35.19750727638207 0
-0.9974255862797815 15.70466693584257 0
-27.37787787296104 19.83572464789087 0
-30.03173920769486 -19.52413905389501 0
-11.42406716235974 49.06737063479706 0
-32.26791342647172 31.01247069117075 0
-21.05309028933107 -45.76190357580189 0
-1.489162248298024 43.87813213897122 0
-11.69180290084346 -30.52698876211607 0
-34.74239072544682 -10.14684391782146 0
-1.81333621888442 17.18466522564703 0
-22.27910666285177 -22.87162394720956 0
-21.3455553179144 8.013211825978855 0
-5.578881438290606 -23.10955734079207 0
-34.95524835228021 -40.99244232771032 0
-34.93219025836694 -42.51049103106583 0
-12.51266841296244 -44.5064755928905 0
-7.102111961587976 -35.90068563940421 0
-24.63389367928471 -18.97894251382792 0
-27.24157527995862 -3.454778516793257 0
-3.362967497175914 -52.89279958873374 0
-0.8821926092518055 27.7727043990662 0
-1.933106541956993 19.2327470540759 0
-22.04775973602137 9.282849298239169 0
-23.28072074797766 19.30572059475367 0
-10.77179896157914 36.07366425842721 0
-38.95823085372874 0.7509822981613374 0
-41.78510729478757 -2.416808291114513 0
-3.040405773246981 8.511600240102416 0
-21.72304565331352 45.14638217959165 0
-20.02605211490169 14.81733312381139 0
-28.44971717100531 42.75879168648908 0
-9.831024635971104 -34.01469123859476 0
-6.815762945874854 -25.91375850994278 0
-41.67599679486915 -4.815744768312032 0
-4.302113237375196 -31.71893190392891 0
-31.59566655717451 -1.292402522954166 0
-31.35967954496618 -5.762921089362756 0
-17.97224606379528 -40.6305496003969 0
-29.6125644788705 30.75029100600581 0
-37.35762660348843 -8.153642490280536 0
-23.85172978446161 6.635598414971016 0
-25.99349224373845 15.17860895500991 0
-31.16649421117831 -15.69586453871519 0
-24.99983576978288 18.59343102033311 0
-6.787354253253707 54.48641743009953 0
-28.44280276514834 -2.197982549652245 0
-28.72677131405278 -3.033042198295688 0
-33.72985367102369 -17.15402351740507 0
-16.02574975996174 55.30466549569743 0
-3.06756015629197 -7.75248058422884 0
-29.71478811319484 41.57207483397607 0
-28.90713226528842 -26.79510835145154 0
-17.84232089173958 -36.66983081932011 0
-8.350928273258676 34.07453385402591 0
-25.85527042405931 -11.18592327512218 0
-13.46700054292077 -52.85127667791645 0
-3.660650886951451 -3.156823035543543 0
-32.33094494891834 27.7591486470911 0
-15.63796190475545 52.37473553016449 0
-27.71505217192698 -25.74897959791377 0
-39.22639712645117 -7.288630895661176 0
-34.41054479625618 6.919159625377561 0
-25.66263273874042 32.4342188484804 0
-32.68641305108707 13.29483060985097 0
-30.57500529857446 41.17896673203371 0
-1.82981719127731 -12.04451015053568 0
-1.873881659142113 18.21697072405569 0
-27.56834297395439 7.776658692260197 0
-14.37653902579532 47.70860243762594 0
-36.05564548088459 -17.27774145329529 0
-18.29470582566993 -46.531198064411 0
-29.3695040445892 21.84536056509445 0
-24.65745498537587 -33.0229637187673 0
-22.56232129418489 45.368354066294 0
-3.138741646735585 -1.108025980861209 0
-24.04939379152264 -31.08924226940691 0
-26.47505510718511 32.15795521389975 0
-37.94825424640425 -33.05358077592676 0
-31.54933971221173 17.93043581665579 0
-1.325351961217663 3.875198186363605 0
-4.350735023967016 52.99280788312825 0
-11.78618236168607 50.95726985958193 0
-5.299623845983549 -27.62319036974512 0
-7.028521658330392 40.00570345875628 0
-18.77627875587457 39.28954259839017 0
-27.49008399617605 8.624121342264017 0
-8.510318011093668 36.46836476560878 0
-25.29352492701273 -9.843791555602817 0
-8.328458947107496 -34.54176588739094 0
-8.880882826836721 53.7243938612711 0
-14.1560750676761 -42.23332767324671 0
-30.41789482739399 33.7642241080766 0
-38.02042964125194 4.833096113415503 0
-27.95716969296749 -39.31515425384936 0
-16.44868184422343 -35.66486705176834 0
-23.22127993231502 38.80918847289858 0
-0.7405944897388448 -21.08028534599537 0
-20.85645265877435 -28.34066707818678 0
-38.83405182394612 -4.391935843971912 0
-7.219054038321429 58.68717272890155 0
-18.20697545182616 -44.62298450071879 0
-26.72845721157865 48.60798852586153 0
-28.35977418323835 9.146419071234265 0
-28.16733490308019 27.90514876143051 0
-26.27189492257948 -46.23172005462509 0
-26.40617204652919 -45.26306667931915 0
-30.99643951585571 37.98507957256254 0
-30.79566189516925 30.30377234170749 0
-26.3385635910196 -9.602154910684083 0
-24.65853551369376 16.20811810056621 0
-3.079002091705159 11.5088332657579 0
-20.83470439673435 27.91787697198923 0
-7.218496165935605 -42.36811184093629 0
-11.21578541381084 -27.94462561365626 0
-38.28026585904865 -35.88329375970545 0
-28.07957899900728 -20.64063362519855 0
-2.797150241935084 20.62253059883641 0
-4.001277994872803 -27.21253540153027 0
-31.92414677089697 -20.20041569409347 0
-10.53051020606039 -26.53274830871174 0
-25.52024948348442 41.33063543022538 0
-35.50647965422333 1.365603751333849 0
-25.85420342633383 18.91348306107151 0
-33.06703822905985 -5.553120686514768 0
-1.938055876882972 -46.41722278069418 0
-30.12165406033943 -30.26048200935824 0
-38.918388900849 4.446059061060669 0
-40.3784484813139 -18.11213547818802 0
-7.409626152094827 55.69488356570348 0
-2.907110478732209 -16.97895913074313 0
-4.414512639729143 -8.544479452355747 0
-3.39917644647575 -2.106705216172936 0
-9.320284258529414 -25.76229974453826 0
-19.77695093391621 15.67611893572758 0
-27.47797603851931 -12.6995019090688 0
-10.43381677810044 59.63797215309452 0
-37.75402239258266 -21.96871093764707 0
-2.886282584465161 55.13890342239831 0
-40.71799879652492 -24.193964698994 0
-5.557829798829824 -39.02930858102093 0
-26.75588618023457 34.25609714546561 0
-29.51474138131312 23.60090037725938 0
-34.31784433389323 -4.568730334166223 0
-23.12010668006353 -21.86736326830608 0
-40.35379324306324 -9.709684508967358 0
-3.51866790364496 33.77726908977863 0
-33.45126679762606 5.990473053653094 0
-35.64395947615726 -11.16315516442488 0
-10.71125962441054 53.74035282332265 0
-24.80733759907026 -48.06534656101445 0
-37.94677415965797 -13.87512833559846 0
-5.807681646406886 41.37240737839888 0
-18.85663249602138 51.46798340042344 0
-34.69942388328865 10.62287454464623 0
-28.93969694846897 43.69158971264534 0
-35.74235736878688 -18.66609244085098 0
-10.16192616832809 40.03071211481471 0
-32.81261334586941 -39.34051518050691 0
-11.94420835856347 -48.62164317611888 0
-4.904528022472995 -10.87361007134187 0
-33.31489860940057 21.39754739571589 0
-7.160433076574183 -25.29701736290429 0
-1.110156445074282 26.71918708534596 0
-38.77783558597815 -12.2618416967235 0
-19.21804105614137 55.87450346910371 0
-18.77746871210136 48.98443206256795 0
-20.36508138914893 13.86777098945393 0
-35.20560495864574 17.47418681209965 0
-36.08650576856832 17.96140927565295 0
-32.17348237679262 18.81424675234343 0
-35.45895803064057 19.06297342280149 0
-7.470998021081037 53.06078741400779 0
-8.416971029016816 52.97006961218236 0
-11.26791695137025 54.4632409944989 0
-26.06603279773103 -24.49150487995644 0
-22.98591979844846 28.22034922723894 0
-16.5731705253294 52.64328603926374 0
-6.210695044066564 37.02687545971249 0
-15.97721505997056 -37.44331831461166 0
-5.983191563587019 -40.00003884928003 0
-21.21234489891703 -33.88674408552168 0
-10.21180101742456 50.84296472514761 0
-1.620307899798712 -7.85414462557273 0
-8.144267169508504 -41.1895516472253 0
-4.086901913729476 48.69843473309912 0
-40.19007591645828 -21.9655294347792 0
-24.98827041289342 -40.78442456964743 0
-19.05456286224454 46.97246854450716 0
-0.934544114079161 21.89521743403601 0
-26.37611281504413 35.38843120911041 0
-23.92646216539238 -40.10575791211198 0
-26.85196091704644 28.50290979835018 0
-2.028841322065194 -15.71823883032954 0
-9.06515692446207 34.87906476433918 0
-2.311920108059057 5.072253126710319 0
-36.27186067177534 -27.50394434322349 0
-3.731730575270708 36.11959648244422 0
-22.5791273839983 -39.64555597823951 0
-21.15191321316565 -39.28247372546874 0
-22.33587018431844 6.690923432520631 0
-26.4105353061227 -39.62566690468206 0
-4.859444493605555 -46.42468779963543 0
-5.590208304773102 43.23512800897866 0
-33.94649608709121 -25.03367801562003 0
-5.89784237953851 -30.94836094084823 0
-28.77139351950587 24.82826756534355 0
-6.861506599059263 -33.3535420195354 0
-2.151266245462713 32.79842826776341 0
-4.911111570452878 -4.253366830012776 0
-16.70215889098827 -48.41914075233601 0
-39.72199782408633 -32.40198902266065 0
-33.54174017443426 20.63609404558406 0
-37.76564323402314 12.45951553148218 0
-36.98305448222329 13.14783429606176 0
-6.009204795851069 -22.51648411904358 0
-31.89523855612571 -35.288273595536 0
-29.32992810211566 -40.12711244016575 0
-27.56776767655089 -30.26926640794468 0
-28.01915343461934 25.11546370518652 0
-38.05675811934534 13.40942643998521 0
-27.2946691610808 -45.10116805250727 0
-6.829799892453622 -46.32537381752105 0
-31.70194711570304 34.82670888860564 0
-3.905944462541497 58.62856229499783 0
-26.87234382644016 3.208238891689152 0
-18.75412485887693 -34.58495597771062 0
-24.37287850597657 31.22763021074799 0
-44.38304936710504 -16.6594906013161 0
-35.44478307617407 16.14466062780696 0
-35.99445679997311 19.84077592107169 0
-30.74094382795645 -1.681314762483573 0
-5.114878312548663 29.65684105651717 0
-21.22654220770442 -42.53683936876769 0
-2.272478309030614 6.141854360170267 0
-38.57424685829055 11.93085831459809 0
-32.03049858855914 -23.52310627952344 0
-1.246246185237247 41.42788427343752 0
-31.30540243069253 -26.4042045806253 0
-37.20404913751289 -27.45652897906688 0
-31.95055950571871 19.82539603779086 0
-34.19523752804435 5.891949520787225 0
-31.39212327154939 7.418220762551224 0
-38.09367460972631 -18.35200705047917 0
-21.35872509236814 39.40455104322915 0
-28.39059750670983 11.61601832239603 0
-1.697952422042968 25.1926002052767 0
-14.86829059864195 49.64710335389338 0
-15.78452077038193 53.13846033523097 0
-22.99709189402316 40.58545798786172 0
-22.24747128909691 40.20439263128954 0
-17.43052199294251 48.82456070212584 0
-6.758232517567121 -44.87911888615421 0
-40.29826121305552 3.934715211623796 0
-30.80724381386782 -30.81245402786975 0
-5.829644294076085 -46.3837378300346 0
-26.3041289677426 4.903125207539796 0
-17.32286389389165 -47.76880521866526 0
-28.75744203911336 -8.330858068226362 0
-25.92001383645221 -40.5605666991495 0
-23.13979336411337 -47.98221767162197 0
-11.81814916127082 49.57015156784722 0
-15.49811806949441 55.86879933844635 0
-21.65950819319507 -22.56776337206428 0
-9.422502586609921 -33.3380206885317 0
-20.12350083936256 39.43659186019388 0
-21.42569185917836 53.7007048174979 0
-22.22272544554213 53.53302842909526 0
-19.38526287289277 -34.87382082531287 0
-2.731768306797314 -53.3973167154473 0
-7.377880485395005 -53.81014421995094 0
-29.94427702455624 -36.82879213890946 0
-17.55025747542273 -34.21353203234302 0
-4.316898942050426 -26.62351094457408 0
-31.74487550216807 36.39381369571046 0
-28.64058645993581 -25.94430906274557 0
-26.58806600218705 45.84011716446548 0
-42.00935369866707 -14.49396526774415 0
-3.261868751668771 -24.88602428159355 0
-25.4989979767949 24.49031620124575 0
0.2621420963750788 43.46177533601275 0
-34.05452740496523 -42.69163111326333 0
-28.10981093117796 -18.95720473742684 0
-20.11152675819199 17.12324398140582 0
-2.499570719876341 -20.98050874601869 0
-38.89803513886164 1.691262660704457 0
-39.71569195785153 2.255139522918834 0
-24.66201541126393 42.39386032103236 0
-33.61497319444866 30.70046787436167 0
-11.32730437226044 37.78799532269583 0
-29.53280405500478 -29.65785901348211 0
-7.855667449538688 -55.39216430106572 0
-2.29682970072318 11.30230855862202 0
-21.98715970664864 18.43014022441136 0
-28.27297363284454 20.48427037510294 0
-42.41043828843672 -10.56449944317682 0
-34.98630842631292 20.87854967688397 0
-32.35785376104211 -22.89159894304329 0
-35.73453925351531 -40.79322727194995 0
-17.93178893446472 40.93905997291618 0
-13.44015462502712 46.71476536906705 0
-2.775060507398384 36.94061081925137 0
-34.01605376947142 31.41977629601653 0
-0.3117248898357364 32.67686877598886 0
-33.18451760240452 4.065645295912357 0
-36.43399815935317 7.402883635188536 0
-33.15730962717966 -43.91644344549036 0
-27.66293951521616 42.75977194529897 0
-17.52487395318366 -46.89926580189576 0
-13.83097975019494 -51.94395372429167 0
-37.55540129187652 10.75048466857265 0
-2.595227682049246 -48.61024479950985 0
-1.69060818907085 24.34786719861916 0
-2.063915257052353 55.32099787238084 0
-0.7968956692301528 22.77057364010457 0
-16.09053608157361 -38.55705810929351 0
-41.37023119843107 -18.41961949729603 0
-38.90251857735003 -32.6557772312067 0
-36.68265373085865 9.579718552656779 0
-30.48973320657905 -37.30208625930489 0
-24.71321085285467 11.24440118904308 0
-14.01786717243821 -53.48270271307222 0
-3.015957087864416 -34.64267113100066 0
-32.10484136967892 -38.97806046642624 0
-13.75089325564626 49.99054537778288 0
-4.394275429665201 -47.17099989779985 0
-10.87830054947178 -30.6001024214326 0
-28.99493947842575 -20.30321348641356 0
-10.26079831282895 53.02020487625399 0
-32.78738313787051 -4.85675628652697 0
-24.77867745231464 37.58929357410315 0
-34.5657442051122 -39.36096018089866 0
-1.803130469234333 -10.14606533302561 0
-4.548436662222411 -11.7333461155793 0
-1.834854097891775 15.0643842758364 0
-2.715480755886888 -23.44207903214951 0
-3.658708179797482 53.57509063263185 0
-4.850320206611561 -50.96734947622807 0
-35.39144137840888 7.045470762757359 0
-21.52990818859425 -38.03802597237417 0
-27.57454834917819 35.93365520419652 0
-23.23018478022916 -40.38443317527835 0
-13.29768343970585 -51.02777748240303 0
-24.21959198239685 -39.3913264564363 0
-6.847433247970086 36.73745375854077 0
-19.18962791346514 -29.74037123398136 0
-2.05085339039541 -26.57494736091076 0
-20.02119456003885 -40.10230995823572 0
-24.9290878766993 -24.05496844549031 0
-23.85873436017834 -33.35792735343448 0
-21.31946219056312 23.10839151116799 0
-38.85235668044414 -10.14446686476135 0
-43.82241262943183 -10.95304166195197 0
-21.66140474313687 -47.26571250229728 0
-25.21937020074423 -32.1715870389456 0
-31.95590951747653 -22.23854751405468 0
-3.074284292006665 9.932185317794204 0
-11.02944015817559 53.07450728870266 0
-30.58520929939491 -35.3509584802879 0
-7.058314297245215 31.2624145330196 0
-42.59986955471984 -19.42549780713274 0
-2.242759545754812 7.218876596228405 0
-42.39806318663155 -27.34566647865637 0
-39.13415192330261 -28.62082737790372 0
-40.80102576173466 -2.304284084501492 0
-33.18331682072249 -20.16438626510719 0
-20.67881387469838 43.8210764508198 0
-10.99732711342723 -47.22344854470884 0
-6.709070342598438 -50.94329916749562 0
-7.227710282858921 -56.17962164975314 0
-23.29657734039158 -25.81301535351189 0
-3.594716381165938 32.14272234190528 0
-3.086847772720636 32.88892849870805 0
-35.70022727677674 -24.063654925512 0
-30.54657833274748 13.08617693667642 0
-21.51005431969103 49.06216604232169 0
-9.31124754248939 39.73017665407399 0
-29.88160206139846 -3.87615142028528 0
-27.5583945439658 15.71464918371384 0
-14.78500639136441 54.08668210947255 0
-3.655253680596237 38.03908345017994 0
-4.348260566592525 -10.30587154215202 0
-22.76843295923469 -25.70365286977257 0
-43.84342851171344 -27.94059370623599 0
-1.065968990345537 -14.2920256289161 0
-27.02675814526971 -7.003292054811375 0
-4.499120103985828 -22.04506596338664 0
-30.9467914978323 33.31800455929464 0
-5.85481665579308 49.24282523346419 0
-18.10913593891647 -42.9406553879745 0
-1.655372830740037 52.02587149598332 0
-30.890140042446 -10.47171684965321 0
-1.791106451932769 -27.74589253217766 0
-3.423601533588884 -47.18485260461084 0
-26.8084555541464 36.01411422667319 0
-9.403401920123736 58.81291662704689 0
-0.903205756782795 13.83694812674887 0
-9.686160506430394 -30.70763152666169 0
-35.92271558667252 5.579689072504987 0
-28.22987402813785 36.56124079703249 0
-11.88671474436479 -43.34400767905005 0
-2.693646232361339 -50.2549077870686 0
-35.86216656777668 -11.93829800208969 0
-34.00558915802213 15.99084893879643 0
-32.66022084873073 10.25220046805353 0
-22.04731929552896 -34.21008627721683 0
-2.330979054313685 10.32278460090312 0
-15.35749991309086 -38.78989346287536 0
-20.24792338987192 -38.45523062851212 0
-4.412292318523263 40.80692371193651 0
-19.94468302176474 -34.4306167175448 0
-8.677064701752096 40.17686320083337 0
-36.62138679494907 4.711721514073113 0
-2.237113906343475 8.273403145946141 0
-24.16712297718043 37.00617342593129 0
-34.96958981197919 28.26594476025179 0
-2.014376546069835 21.07358164376996 0
-28.94572974642958 8.646832909256053 0
-25.94283824989532 7.703279991380411 0
-22.26647456607565 -24.20646486075153 0
-31.30153376563676 -8.999765450145004 0
-1.459666998271703 -18.79344560207352 0
-28.49462390098089 3.568730598800475 0
-1.344329190908173 30.26465693749593 0
-40.71935090597601 -28.96030990426458 0
-20.47804229504856 48.06851663451037 0
-36.783583945659 -23.00668066283976 0
-32.7512850957593 -21.65812386818187 0
-12.26999877010408 -28.97908674616856 0
-5.901401129844137 47.22958103355823 0
-42.78051541933564 -14.81780959498002 0
-10.78512229369255 39.40181529504022 0
-34.19547430151012 -20.70467304013949 0
-21.54013687690963 -45.13751296068099 0
-40.37172141053738 1.88966557488663 0
-5.193527720445916 -34.7342681035319 0
-11.83607080054406 -50.49668838944945 0
-26.32512744732799 -41.16389117332894 0
-29.85281406412972 39.41204347097461 0
-26.52736121039543 11.99770450841412 0
-31.9169250834369 -29.31433508400359 0
-22.22018220038494 -36.92445934047136 0
-18.91797151959307 49.57876484050219 0
-31.14038401616845 2.219591722306707 0
-34.8784117000335 29.97116377253115 0
-3.362959251259634 -50.10728084683242 0
-6.434980676169489 -40.98789121773854 0
-3.468216416581345 -35.2454419616336 0
-26.91385504185935 -18.15756324622092 0
-26.2925258227521 5.691296793487625 0
-34.33457881853307 -2.279976192241674 0
-21.26591572334911 18.1073134478247 0
-30.04519020322775 9.947697685876385 0
-35.55911015567546 -26.38518517523602 0
-2.108499214720084 56.31795035471314 0
-26.38463946668991 -32.78922166515476 0
-33.08979803230152 27.67483289167593 0
-29.88241149234889 -2.083938069776947 0
-41.48886446819422 -22.94492570238155 0
-10.27496245098151 -27.2445929559365 0
-3.083705580222929 -32.44091115217045 0
-34.69163164273485 4.051734116708156 0
-34.51250089548313 -9.219074381496611 0
-6.312567596901756 -29.52919334070808 0
-14.41783282631071 -44.69501810164871 0
-23.52814556972124 46.66747137310215 0
-41.3145364878427 -29.49228537724526 0
-20.55166631580599 26.59888369320504 0
-28.21663505616564 -17.48555431086379 0
-10.5566716284749 35.36259244840013 0
-32.75162613510503 1.343362804215508 0
-41.74501487820158 -19.25655448970333 0
-22.19494297635742 48.52456971278662 0
-13.13800772669988 45.91083336893514 0
-3.33455181015542 -31.66154965489643 0
-25.38171569108832 28.68822398490447 0
-25.8991669210084 -12.62620272603296 0
-26.29360876105277 -11.97559349538558 0
-30.41677427117517 8.392678377493297 0
-30.19644869768006 24.01311003515511 0
-0.2461155441240904 42.80342572920163 0
-2.764720583996057 -24.36243415050949 0
-2.344432933051642 -37.30060651166066 0
-1.164640646530718 13.01089510138562 0
-1.723093546531726 -14.79748959207731 0
-23.06114163101324 39.71810977916788 0
-29.79675549375408 15.46878452739811 0
-30.8124217361701 -30.03086221228369 0
-7.801142740221347 -26.25039839529422 0
-41.45245760365125 -15.18824896624744 0
-28.13803638637852 38.78861049912496 0
-7.679950146885619 -44.80269011486565 0
-24.94801746140727 -11.47217577567472 0
-32.22391325591408 -9.224061621215009 0
-2.961742750975534 -15.32278335132401 0
-34.05745304065158 -17.99843560406377 0
-2.903363879427155 12.80339110190774 0
-32.09632483113435 -26.47092726069906 0
-34.61762428866745 -43.18821371783937 0
-40.94643455809042 -7.110817857255559 0
-28.18146604204886 -24.40084913911884 0
-30.11599824783646 -17.29597664713645 0
-0.7772207932409075 34.95545755649299 0
-21.62041964419997 55.04854666246736 0
-36.55836742378941 14.0411673267413 0
-28.72711432761746 39.49101252174001 0
-30.49838579021768 4.195710243210609 0
-36.52099387436986 -13.39170275161377 0
-14.42365200201142 50.24719325778914 0
-2.895280098575809 -35.97825095978851 0
-28.67024180549484 21.90202360291153 0
-7.079944281227717 29.82151828124719 0
-32.88006079663127 30.63118313983195 0
-22.34643449168948 26.34271745358446 0
-22.0732571138409 -46.72781793457654 0
-42.2583706173256 -13.68061859214247 0
-35.69945632035549 -28.83713482068399 0
-38.42477639150871 -16.77555926731152 0
-17.52667303260441 52.45288771427933 0
-14.22763668227194 47.03156314287487 0
-3.98650043205311 31.48104040066278 0
-31.17898672612107 -35.77646478618379 0
-26.60834765332087 -29.29820906876165 0
-41.90370319740588 -30.08084835594561 0
-12.3649986276681 -49.31598731302196 0
-26.8894561678877 -46.77003482054762 0
-8.895798638726202 -33.88589215704073 0
-22.81646924519258 48.95570226413155 0
-26.80511257873901 27.91110541772531 0
-22.06001757138922 29.1441811870118 0
-35.1583969295967 19.97234828247501 0
-11.84264738946818 -27.54881156907405 0
-38.65443437130956 -25.91347334643211 0
-24.60370957020987 -31.50343872627126 0
-5.207870207289628 37.72889999656601 0
-28.44609571782246 15.56696891074815 0
-1.696116220210282 25.9688548606658 0
-40.66049815363156 3.313614970254039 0
-7.08994080702422 -44.23278955327449 0
-12.18854720780131 -45.56693269258886 0
-1.143229729040544 35.81556139057405 0
-39.94435593398066 -10.54854602272687 0
-35.85105332794668 -1.610750929114782 0
-6.618310011665711 53.21045768941126 0
-29.26611385426398 -28.32189085246944 0
-7.838612306545556 40.12038518195372 0
-27.08744413211222 -12.06925736487594 0
-21.67128050124789 40.70717456817223 0
-37.63903899670732 0.8093086291222491 0
-40.59905427538067 -1.496891690478892 0
-33.00664399400661 14.90367666817634 0
-2.61919548760162 -6.410474197253439 0
-27.80381456627883 -9.274822782787322 0
-1.377772768510353 56.60693886615125 0
-28.8266414763477 -29.9248046524717 0
-1.003596585514787 49.57092631667793 0
-0.8001669734511724 48.36148782314934 0
-7.844284964714483 -33.59459007955631 0
-33.48494122146248 -4.460997007141836 0
-7.270182424449768 55.01017716280873 0
-2.223369746641837 37.59200640743247 0
-39.54245206003754 3.893673587463609 0
-2.145365281571973 -31.34134199157716 0
-20.1669408073924 38.66944844044419 0
-32.65572861661479 -34.16139470748676 0
-2.477394920646638 -30.6073764191565 0
-35.40154586023452 -24.67733351154351 0
-22.29939111116909 25.48373246653156 0
-25.83031556238822 -10.36619254730457 0
-44.08743385174475 -18.86382633928775 0
-17.28563526026285 -40.15709513341244 0
-39.38627442145727 5.216393865781813 0
-23.80258079457391 30.57693326983586 0
-17.60320560643643 -46.20509586685011 0
-5.808806939556106 -27.19904934932279 0
-33.14805271346968 -43.10786772076338 0
-23.66004711275223 36.44722243845909 0
-26.25120433516716 -8.809781581386403 0
-29.70611080654367 42.29390539796086 0
-27.02411071805507 7.241843722240235 0
-32.66642114122879 0.5498232573470438 0
-26.74111362448053 -7.712491634403262 0
-36.3965995217693 -24.06068547599759 0
-7.677892141322173 44.14630863633772 0
-31.40796370071228 29.99507290800061 0
-29.65741562898452 -20.03777695546323 0
-19.70208870638202 16.43611567961115 0
-26.71310780419717 34.882553721027 0
-21.29125513875411 -27.83732902768456 0
0.1600431287197058 42.12826410492262 0
-39.45745164040562 -24.2582167314865 0
-2.459275413420875 -12.63540763853483 0
-36.71868890448108 18.40985841301625 0
-34.3313766336721 26.93778733821817 0
-12.74683904422957 -45.80319715977879 0
-27.27156865666721 -4.972755151939403 0
-5.860084385717435 47.85642594708023 0
-26.66833586181115 -24.66723515473056 0
-2.451535098543364 -47.17155486108874 0
-29.17961291156232 -2.401874489387073 0
-22.32884274879541 -35.08007810715991 0
-32.76119117206267 7.431415720184634 0
-40.67146478225447 -23.28853190644721 0
-37.98367187818955 9.231766131840544 0
-11.28953469283262 50.36931148228648 0
-21.24215985622212 26.47752339672237 0
-21.0886465846907 -35.94845996689454 0
-18.08116544336807 -48.16517283979362 0
-30.90429781335973 10.18678224596314 0
-32.1369064194934 13.7161988787144 0
-29.12121013376032 4.16341237298716 0
-11.77784793253991 -53.60436608451108 0
-12.02832837306088 51.86518543296617 0
-2.077387743426542 -35.81957481372066 0
-35.12709104083147 -18.81523502208205 0
-36.57667214561837 -12.10416187703297 0
-38.87873836349893 -36.19762054400613 0
-19.96190500362647 49.03427962565058 0
-25.92597169323758 19.70792229863851 0
-21.88507468118115 39.64810392132091 0
-16.82166804458304 -47.13058755680638 0
-5.101296761945457 31.86712848535819 0
-37.41154209000875 9.904307314861743 0
-7.5485480547884 45.87046088373446 0
-39.67164715920475 -16.69679921653594 0
-17.51665216191801 -44.13228422723039 0
-38.49725217290199 -21.75376583541905 0
-22.54978246761386 36.8125676775723 0
-32.37378131633129 -16.09019531222876 0
-30.68205661026157 38.64677518349664 0
-28.44156167878702 -38.54014196344646 0
-10.64130319895797 -54.21608157953441 0
-29.17300328363063 -12.56878384351606 0
-5.692795693155057 -28.25080336959341 0
-35.0131705507729 -10.84211422890677 0
-35.76115510239201 -36.68537017338345 0
-29.93665896778145 -5.257058914102529 0
-37.95770416453703 14.05886096884262 0
-6.379031638919443 33.31739982506793 0
-20.09024883033991 52.15054486782452 0
-41.95101762832707 -1.689000533635968 0
-20.0668499559044 -30.91138880107726 0
-18.07335031413142 -42.27305289909189 0
-5.821847515536676 -23.71791355430513 0
-4.954387295965454 49.20705236596917 0
-0.3517043562348459 49.70673885688418 0
-29.87318001932582 40.79501251951206 0
-18.48068814529864 42.87569190938184 0
-21.03373714570424 -38.53063130041226 0
-34.48269258805706 6.394825003975592 0
-5.684833053040852 29.39967552304845 0
-8.037059838757978 58.86535046643984 0
-14.47266263802823 -43.47699716943995 0
-38.65281731344985 -2.851593566493583 0
-38.68219758692776 5.893313431000452 0
-21.17687275878405 -29.08822271976299 0
-36.09344732991803 -26.8227656674115 0
-31.64031457156925 -43.99990069135523 0
-17.89967574709491 55.36245876302393 0
-5.109390564586832 59.1529105888542 0
-24.51291928998748 -38.72424749378066 0
-16.89109799727623 48.39352883899551 0
-33.35132370561748 8.533414205632265 0
-26.41618260796973 24.49161774792227 0
-2.252349505507929 -22.65794492058282 0
-32.22709215110505 5.08180217514658 0
-8.876974852711983 -56.13566802358677 0
-22.62440525150197 10.75254101926027 0
-39.68677117332696 -6.717774007257598 0
-30.77891826247431 -36.64975045902691 0
-12.35305423098857 -47.84342689570612 0
-24.15453020600151 29.88926985708675 0
-24.7944587712763 -47.37753479397097 0
-14.53545590885955 48.91870874117851 0
-37.82450245808752 -33.8202879574147 0
-27.4278299042536 -20.86194216647502 0
-28.89168895495428 24.11333991622381 0
-36.34719608334602 12.65161262312237 0
-6.648726916436485 -41.74204975785327 0
-39.32795119738485 -11.52811410142355 0
-4.061019984968443 57.97888725535446 0
-33.27625048823569 20.01306283634528 0
-29.88717591425143 21.40723075633709 0
-27.32274717366951 3.75496656461113 0
-44.5398722719983 -18.28004094123342 0
-42.38949892130188 -4.947603228770453 0
-4.569018062281587 -6.962359171183429 0
-38.84625802416044 -6.543554625270783 0
-20.33200862194523 -37.35163461126454 0
-23.67800022238896 18.83320480721817 0
-20.2905186080708 -32.90453956585519 0
-19.43032748895971 44.32595191973354 0
-23.03820950000711 6.9154695142813 0
-20.75461460531276 -26.6477687220214 0
2 15 0 11
10591
10592
10593
10594
10595
10596
10597
10598
10599
10600
10601
-22.44793204808024 -52.05192030884763 -1.29194596363548e-16
-23.7691544249765 -52.79726717510633 -4.943445953706751e-17
-24.2969105699905 -51.99846396689247 1.634867767562361e-17
-25.2639463194982 -52.12425974804467 8.77126922638149e-17
-26.25186142853221 -51.84683020851771 1.731761490144349e-16
-22.13400163969152 -52.78427033120584 -1.762817218669041e-16
-23.38335319293913 -51.97490560579292 -5.401651317750892e-17
-21.64270005364972 -52.18023718641955 -1.958283562074416e-16
-27.00194272109376 -51.64080287684546 2.379221515274476e-16
-22.8718342145472 -52.89838275647676 -1.223930963307896e-16
-24.53191438509841 -52.69663117337203 1.303771729859625e-17
2 16 0 0
$EndNodes
$Elements
20 21194 1 21194
1 1 1 569
1 1 17 
2 17 18 
3 18 19 
4 19 20 
5 20 21 
6 21 22 
7 22 23 
8 23 24 
9 24 25 
10 25 26 
11 26 27 
12 27 28 
13 28 29 
14 29 30 
15 30 31 
16 31 32 
17 32 33 
18 33 34 
19 34 35 
20 35 36 
21 36 37 
22 37 38 
23 38 39 
24 39 40 
25 40 41 
26 41 42 
27 42 43 
28 43 44 
29 44 45 
30 45 46 
31 46 47 
32 47 48 
33 48 49 
34 49 50 
35 50 51 
36 51 52 
37 52 53 
38 53 54 
39 54 55 
40 55 56 
41 56 57 
42 57 58 
43 58 59 
44 59 60 
45 60 61 
46 61 62 
47 62 63 
48 63 64 
49 64 65 
50 65 66 
51 66 67 
52 67 68 
53 68 69 
54 69 70 
55 70 71 
56 71 72 
57 72 73 
58 73 74 
59 74 75 
60 75 76 
61 76 77 
62 77 78 
63 78 79 
64 79 80 
65 80 81 
66 81 82 
67 82 83 
68 83 84 
69 84 85 
70 85 86 
71 86 87 
72 87 88 
73 88 89 
74 89 90 
75 90 91 
76 91 92 
77 92 93 
78 93 94 
79 94 95 
80 95 96 
81 96 97 
82 97 98 
83 98 99 
84 99 100 
85 100 101 
86 101 102 
87 102 103 
88 103 104 
89 104 105 
90 105 106 
91 106 107 
92 107 108 
93 108 109 
94 109 110 
95 110 111 
96 111 112 
97 112 113 
98 113 114 
99 114 115 
100 115 116 
101 116 117 
102 117 118 
103 118 119 
104 119 120 
105 120 121 
106 121 122 
107 122 123 
108 123 124 
109 124 125 
110 125 126 
111 126 127 
112 127 128 
113 128 129 
114 129 130 
115 130 131 
116 131 132 
117 132 133 
118 133 134 
119 134 135 
120 135 136 
121 136 137 
122 137 138 
123 138 139 
124 139 140 
125 140 141 
126 141 142 
127 142 143 
128 143 144 
129 144 145 
130 145 146 
131 146 147 
132 147 148 
133 148 149 
134 149 150 
135 150 151 
136 151 152 
137 152 153 
138 153 154 
139 154 155 
140 155 156 
141 156 157 
142 157 158 
143 158 159 
144 159 160 
145 160 161 
146 161 162 
147 162 163 
148 163 164 
149 164 165 
150 165 166 
151 166 167 
152 167 168 
153 168 169 
154 169 170 
155 170 171 
156 171 172 
157 172 173 
158 173 174 
159 174 175 
160 175 176 
161 176 177 
162 177 178 
163 178 179 
164 179 180 
165 180 181 
166 181 182 
167 182 183 
168 183 184 
169 184 185 
170 185 186 
171 186 187 
172 187 188 
173 188 189 
174 189 190 
175 190 191 
176 191 192 
177 192 193 
178 193 194 
179 194 195 
180 195 196 
181 196 197 
182 197 198 
183 198 199 
184 199 200 
185 200 201 
186 201 202 
187 202 203 
188 203 204 
189 204 205 
190 205 206 
191 206 207 
192 207 208 
193 208 209 
194 209 210 
195 210 211 
196 211 212 
197 212 213 
198 213 214 
199 214 215 
200 215 216 
201 216 217 
202 217 218 
203 218 219 
204 219 220 
205 220 221 
206 221 222 
207 222 223 
208 223 224 
209 224 225 
210 225 226 
211 226 227 
212 227 228 
213 228 229 
214 229 230 
215 230 231 
216 231 232 
217 232 233 
218 233 234 
219 234 235 
220 235 236 
221 236 237 
222 237 238 
223 238 239 
224 239 240 
225 240 241 
226 241 242 
227 242 243 
228 243 244 
229 244 245 
230 245 246 
231 246 247 
232 247 248 
233 248 249 
234 249 250 
235 250 251 
236 251 252 
237 252 253 
238 253 254 
239 254 255 
240 255 256 
241 256 257 
242 257 258 
243 258 259 
244 259 260 
245 260 261 
246 261 262 
247 262 263 
248 263 264 
249 264 265 
250 265 266 
251 266 267 
252 267 268 
253 268 269 
254 269 270 
255 270 271 
256 271 272 
257 272 273 
258 273 274 
259 274 275 
260 275 276 
261 276 277 
262 277 278 
263 278 279 
264 279 280 
265 280 281 
266 281 282 
267 282 283 
268 283 284 
269 284 285 
270 285 286 
271 286 287 
272 287 288 
273 288 289 
274 289 290 
275 290 291 
276 291 292 
277 292 293 
278 293 294 
279 294 295 
280 295 296 
281 296 297 
282 297 298 
283 298 299 
284 299 300 
285 300 301 
286 301 302 
287 302 303 
288 303 304 
289 304 305 
290 305 306 
291 306 307 
292 307 308 
293 308 309 
294 309 310 
295 310 311 
296 311 312 
297 312 313 
298 313 314 
299 314 315 
300 315 316 
301 316 317 
302 317 318 
303 318 319 
304 319 320 
305 320 321 
306 321 322 
307 322 323 
308 323 324 
309 324 325 
310 325 326 
311 326 327 
312 327 328 
313 328 329 
314 329 330 
315 330 331 
316 331 332 
317 332 333 
318 333 334 
319 334 335 
320 335 336 
321 336 337 
322 337 338 
323 338 339 
324 339 340 
325 340 341 
326 341 342 
327 342 343 
328 343 344 
329 344 345 
330 345 346 
331 346 347 
332 347 348 
333 348 349 
334 349 350 
335 350 351 
336 351 352 
337 352 353 
338 353 354 
339 354 355 
340 355 356 
341 356 357 
342 357 358 
343 358 359 
344 359 360 
345 360 361 
346 361 362 
347 362 363 
348 363 364 
349 364 365 
350 365 366 
351 366 367 
352 367 368 
353 368 369 
354 369 370 
355 370 371 
356 371 372 
357 372 373 
358 373 374 
359 374 375 
360 375 376 
361 376 377 
362 377 378 
363 378 379 
364 379 380 
365 380 381 
366 381 382 
367 382 383 
368 383 384 
369 384 385 
370 385 386 
371 386 387 
372 387 388 
373 388 389 
374 389 390 
375 390 391 
376 391 392 
377 392 393 
378 393 394 
379 394 395 
380 395 396 
381 396 397 
382 397 398 
383 398 399 
384 399 400 
385 400 401 
386 401 402 
387 402 403 
388 403 404 
389 404 405 
390 405 406 
391 406 407 
392 407 408 
393 408 409 
394 409 410 
395 410 411 
396 411 412 
397 412 413 
398 413 414 
399 414 415 
400 415 416 
401 416 417 
402 417 418 
403 418 419 
404 419 420 
405 420 421 
406 421 422 
407 422 423 
408 423 424 
409 424 425 
410 425 426 
411 426 427 
412 427 428 
413 428 429 
414 429 430 
415 430 431 
416 431 432 
417 432 433 
418 433 434 
419 434 435 
420 435 436 
421 436 437 
422 437 438 
423 438 439 
424 439 440 
425 440 441 
426 441 442 
427 442 443 
428 443 444 
429 444 445 
430 445 446 
431 446 447 
432 447 448 
433 448 449 
434 449 450 
435 450 451 
436 451 452 
437 452 453 
438 453 454 
439 454 455 
440 455 456 
441 456 457 
442 457 458 
443 458 459 
444 459 460 
445 460 461 
446 461 462 
447 462 463 
448 463 464 
449 464 465 
450 465 466 
451 466 467 
452 467 468 
453 468 469 
454 469 470 
455 470 471 
456 471 472 
457 472 473 
458 473 474 
459 474 475 
460 475 476 
461 476 477 
462 477 478 
463 478 479 
464 479 480 
465 480 481 
466 481 482 
467 482 483 
468 483 484 
469 484 485 
470 485 486 
471 486 487 
472 487 488 
473 488 489 
474 489 490 
475 490 491 
476 491 492 
477 492 493 
478 493 494 
479 494 495 
480 495 496 
481 496 497 
482 497 498 
483 498 499 
484 499 500 
485 500 501 
486 501 502 
487 502 503 
488 503 504 
489 504 505 
490 505 506 
491 506 507 
492 507 508 
493 508 509 
494 509 510 
495 510 511 
496 511 512 
497 512 513 
498 513 514 
499 514 515 
500 515 516 
501 516 517 
502 517 518 
503 518 519 
504 519 520 
505 520 521 
506 521 522 
507 522 523 
508 523 524 
509 524 525 
510 525 526 
511 526 527 
512 527 528 
513 528 529 
514 529 530 
515 530 531 
516 531 532 
517 532 533 
518 533 534 
519 534 535 
520 535 536 
521 536 537 
522 537 538 
523 538 539 
524 539 540 
525 540 541 
526 541 542 
527 542 543 
528 543 544 
529 544 545 
530 545 546 
531 546 547 
532 547 548 
533 548 549 
534 549 550 
535 550 551 
536 551 552 
537 552 553 
538 553 554 
539 554 555 
540 555 556 
541 556 557 
542 557 558 
543 558 559 
544 559 560 
545 560 561 
546 561 562 
547 562 563 
548 563 564 
549 564 565 
550 565 566 
551 566 567 
552 567 568 
553 568 569 
554 569 570 
555 570 571 
556 571 572 
557 572 573 
558 573 574 
559 574 575 
560 575 576 
561 576 577 
562 577 578 
563 578 579 
564 579 580 
565 580 581 
566 581 582 
567 582 583 
568 583 584 
569 584 1 
1 7 1 581
570 7 952 
571 952 953 
572 953 954 
573 954 955 
574 955 956 
575 956 957 
576 957 958 
577 958 959 
578 959 960 
579 960 961 
580 961 962 
581 962 963 
582 963 964 
583 964 965 
584 965 966 
585 966 967 
586 967 968 
587 968 969 
588 969 970 
589 970 971 
590 971 972 
591 972 973 
592 973 974 
593 974 975 
594 975 976 
595 976 977 
596 977 978 
597 978 979 
598 979 980 
599 980 981 
600 981 982 
601 982 983 
602 983 984 
603 984 985 
604 985 986 
605 986 987 
606 987 988 
607 988 989 
608 989 990 
609 990 991 
610 991 992 
611 992 993 
612 993 994 
613 994 995 
614 995 996 
615 996 997 
616 997 998 
617 998 999 
618 999 1000 
619 1000 1001 
620 1001 1002 
621 1002 1003 
622 1003 1004 
623 1004 1005 
624 1005 1006 
625 1006 1007 
626 1007 1008 
627 1008 1009 
628 1009 1010 
629 1010 1011 
630 1011 1012 
631 1012 1013 
632 1013 1014 
633 1014 1015 
634 1015 1016 
635 1016 1017 
636 1017 1018 
637 1018 1019 
638 1019 1020 
639 1020 1021 
640 1021 1022 
641 1022 1023 
642 1023 1024 
643 1024 1025 
644 1025 1026 
645 1026 1027 
646 1027 1028 
647 1028 1029 
648 1029 1030 
649 1030 1031 
650 1031 1032 
651 1032 1033 
652 1033 1034 
653 1034 1035 
654 1035 1036 
655 1036 1037 
656 1037 1038 
657 1038 1039 
658 1039 1040 
659 1040 1041 
660 1041 1042 
661 1042 1043 
662 1043 1044 
663 1044 1045 
664 1045 1046 
665 1046 1047 
666 1047 1048 
667 1048 1049 
668 1049 1050 
669 1050 1051 
670 1051 1052 
671 1052 1053 
672 1053 1054 
673 1054 1055 
674 1055 1056 
675 1056 1057 
676 1057 1058 
677 1058 1059 
678 1059 1060 
679 1060 1061 
680 1061 1062 
681 1062 1063 
682 1063 1064 
683 1064 1065 
684 1065 1066 
685 1066 1067 
686 1067 1068 
687 1068 1069 
688 1069 1070 
689 1070 1071 
690 1071 1072 
691 1072 1073 
692 1073 1074 
693 1074 1075 
694 1075 1076 
695 1076 1077 
696 1077 1078 
697 1078 1079 
698 1079 1080 
699 1080 1081 
700 1081 1082 
701 1082 1083 
702 1083 1084 
703 1084 1085 
704 1085 1086 
705 1086 1087 
706 1087 1088 
707 1088 1089 
708 1089 1090 
709 1090 1091 
710 1091 1092 
711 1092 1093 
712 1093 1094 
713 1094 1095 
714 1095 1096 
715 1096 1097 
716 1097 1098 
717 1098 1099 
718 1099 1100 
719 1100 1101 
720 1101 1102 
721 1102 1103 
722 1103 1104 
723 1104 1105 
724 1105 1106 
725 1106 1107 
726 1107 1108 
727 1108 1109 
728 1109 1110 
729 1110 1111 
730 1111 1112 
731 1112 1113 
732 1113 1114 
733 1114 1115 
734 1115 1116 
735 1116 1117 
736 1117 1118 
737 1118 1119 
738 1119 1120 
739 1120 1121 
740 1121 1122 
741 1122 1123 
742 1123 1124 
743 1124 1125 
744 1125 1126 
745 1126 1127 
746 1127 1128 
747 1128 1129 
748 1129 1130 
749 1130 1131 
750 1131 1132 
751 1132 1133 
752 1133 1134 
753 1134 1135 
754 1135 1136 
755 1136 1137 
756 1137 1138 
757 1138 1139 
758 1139 1140 
759 1140 1141 
760 1141 1142 
761 1142 1143 
762 1143 1144 
763 1144 1145 
764 1145 1146 
765 1146 1147 
766 1147 1148 
767 1148 1149 
768 1149 1150 
769 1150 1151 
770 1151 1152 
771 1152 1153 
772 1153 1154 
773 1154 1155 
774 1155 1156 
775 1156 1157 
776 1157 1158 
777 1158 1159 
778 1159 1160 
779 1160 1161 
780 1161 1162 
781 1162 1163 
782 1163 1164 
783 1164 1165 
784 1165 1166 
785 1166 1167 
786 1167 1168 
787 1168 1169 
788 1169 1170 
789 1170 1171 
790 1171 1172 
791 1172 1173 
792 1173 1174 
793 1174 1175 
794 1175 1176 
795 1176 1177 
796 1177 1178 
797 1178 1179 
798 1179 1180 
799 1180 1181 
800 1181 1182 
801 1182 1183 
802 1183 1184 
803 1184 1185 
804 1185 1186 
805 1186 1187 
806 1187 1188 
807 1188 1189 
808 1189 1190 
809 1190 1191 
810 1191 1192 
811 1192 1193 
812 1193 1194 
813 1194 1195 
814 1195 1196 
815 1196 1197 
816 1197 1198 
817 1198 1199 
818 1199 1200 
819 1200 1201 
820 1201 1202 
821 1202 1203 
822 1203 1204 
823 1204 1205 
824 1205 1206 
825 1206 1207 
826 1207 1208 
827 1208 1209 
828 1209 1210 
829 1210 1211 
830 1211 1212 
831 1212 1213 
832 1213 1214 
833 1214 1215 
834 1215 1216 
835 1216 1217 
836 1217 1218 
837 1218 1219 
838 1219 1220 
839 1220 1221 
840 1221 1222 
841 1222 1223 
842 1223 1224 
843 1224 1225 
844 1225 1226 
845 1226 1227 
846 1227 1228 
847 1228 1229 
848 1229 1230 
849 1230 1231 
850 1231 1232 
851 1232 1233 
852 1233 1234 
853 1234 1235 
854 1235 1236 
855 1236 1237 
856 1237 1238 
857 1238 1239 
858 1239 1240 
859 1240 1241 
860 1241 1242 
861 1242 1243 
862 1243 1244 
863 1244 1245 
864 1245 1246 
865 1246 1247 
866 1247 1248 
867 1248 1249 
868 1249 1250 
869 1250 1251 
870 1251 1252 
871 1252 1253 
872 1253 1254 
873 1254 1255 
874 1255 1256 
875 1256 1257 
876 1257 1258 
877 1258 1259 
878 1259 1260 
879 1260 1261 
880 1261 1262 
881 1262 1263 
882 1263 1264 
883 1264 1265 
884 1265 1266 
885 1266 1267 
886 1267 1268 
887 1268 1269 
888 1269 1270 
889 1270 1271 
890 1271 1272 
891 1272 1273 
892 1273 1274 
893 1274 1275 
894 1275 1276 
895 1276 1277 
896 1277 1278 
897 1278 1279 
898 1279 1280 
899 1280 1281 
900 1281 1282 
901 1282 1283 
902 1283 1284 
903 1284 1285 
904 1285 1286 
905 1286 1287 
906 1287 1288 
907 1288 1289 
908 1289 1290 
909 1290 1291 
910 1291 1292 
911 1292 1293 
912 1293 1294 
913 1294 1295 
914 1295 1296 
915 1296 1297 
916 1297 1298 
917 1298 1299 
918 1299 1300 
919 1300 1301 
920 1301 1302 
921 1302 1303 
922 1303 1304 
923 1304 1305 
924 1305 1306 
925 1306 1307 
926 1307 1308 
927 1308 1309 
928 1309 1310 
929 1310 1311 
930 1311 1312 
931 1312 1313 
932 1313 1314 
933 1314 1315 
934 1315 1316 
935 1316 1317 
936 1317 1318 
937 1318 1319 
938 1319 1320 
939 1320 1321 
940 1321 1322 
941 1322 1323 
942 1323 1324 
943 1324 1325 
944 1325 1326 
945 1326 1327 
946 1327 1328 
947 1328 1329 
948 1329 1330 
949 1330 1331 
950 1331 1332 
951 1332 1333 
952 1333 1334 
953 1334 1335 
954 1335 1336 
955 1336 1337 
956 1337 1338 
957 1338 1339 
958 1339 1340 
959 1340 1341 
960 1341 1342 
961 1342 1343 
962 1343 1344 
963 1344 1345 
964 1345 1346 
965 1346 1347 
966 1347 1348 
967 1348 1349 
968 1349 1350 
969 1350 1351 
970 1351 1352 
971 1352 1353 
972 1353 1354 
973 1354 1355 
974 1355 1356 
975 1356 1357 
976 1357 1358 
977 1358 1359 
978 1359 1360 
979 1360 1361 
980 1361 1362 
981 1362 1363 
982 1363 1364 
983 1364 1365 
984 1365 1366 
985 1366 1367 
986 1367 1368 
987 1368 1369 
988 1369 1370 
989 1370 1371 
990 1371 1372 
991 1372 1373 
992 1373 1374 
993 1374 1375 
994 1375 1376 
995 1376 1377 
996 1377 1378 
997 1378 1379 
998 1379 1380 
999 1380 1381 
1000 1381 1382 
1001 1382 1383 
1002 1383 1384 
1003 1384 1385 
1004 1385 1386 
1005 1386 1387 
1006 1387 1388 
1007 1388 1389 
1008 1389 1390 
1009 1390 1391 
1010 1391 1392 
1011 1392 1393 
1012 1393 1394 
1013 1394 1395 
1014 1395 1396 
1015 1396 1397 
1016 1397 1398 
1017 1398 1399 
1018 1399 1400 
1019 1400 1401 
1020 1401 1402 
1021 1402 1403 
1022 1403 1404 
1023 1404 1405 
1024 1405 1406 
1025 1406 1407 
1026 1407 1408 
1027 1408 1409 
1028 1409 1410 
1029 1410 1411 
1030 1411 1412 
1031 1412 1413 
1032 1413 1414 
1033 1414 1415 
1034 1415 1416 
1035 1416 1417 
1036 1417 1418 
1037 1418 1419 
1038 1419 1420 
1039 1420 1421 
1040 1421 1422 
1041 1422 1423 
1042 1423 1424 
1043 1424 1425 
1044 1425 1426 
1045 1426 1427 
1046 1427 1428 
1047 1428 1429 
1048 1429 1430 
1049 1430 1431 
1050 1431 1432 
1051 1432 1433 
1052 1433 1434 
1053 1434 1435 
1054 1435 1436 
1055 1436 1437 
1056 1437 1438 
1057 1438 1439 
1058 1439 1440 
1059 1440 1441 
1060 1441 1442 
1061 1442 1443 
1062 1443 1444 
1063 1444 1445 
1064 1445 1446 
1065 1446 1447 
1066 1447 1448 
1067 1448 1449 
1068 1449 1450 
1069 1450 1451 
1070 1451 1452 
1071 1452 1453 
1072 1453 1454 
1073 1454 1455 
1074 1455 1456 
1075 1456 1457 
1076 1457 1458 
1077 1458 1459 
1078 1459 1460 
1079 1460 1461 
1080 1461 1462 
1081 1462 1463 
1082 1463 1464 
1083 1464 1465 
1084 1465 1466 
1085 1466 1467 
1086 1467 1468 
1087 1468 1469 
1088 1469 1470 
1089 1470 1471 
1090 1471 1472 
1091 1472 1473 
1092 1473 1474 
1093 1474 1475 
1094 1475 1476 
1095 1476 1477 
1096 1477 1478 
1097 1478 1479 
1098 1479 1480 
1099 1480 1481 
1100 1481 1482 
1101 1482 1483 
1102 1483 1484 
1103 1484 1485 
1104 1485 1486 
1105 1486 1487 
1106 1487 1488 
1107 1488 1489 
1108 1489 1490 
1109 1490 1491 
1110 1491 1492 
1111 1492 1493 
1112 1493 1494 
1113 1494 1495 
1114 1495 1496 
1115 1496 1497 
1116 1497 1498 
1117 1498 1499 
1118 1499 1500 
1119 1500 1501 
1120 1501 1502 
1121 1502 1503 
1122 1503 1504 
1123 1504 1505 
1124 1505 1506 
1125 1506 1507 
1126 1507 1508 
1127 1508 1509 
1128 1509 1510 
1129 1510 1511 
1130 1511 1512 
1131 1512 1513 
1132 1513 1514 
1133 1514 1515 
1134 1515 1516 
1135 1516 1517 
1136 1517 1518 
1137 1518 1519 
1138 1519 1520 
1139 1520 1521 
1140 1521 1522 
1141 1522 1523 
1142 1523 1524 
1143 1524 1525 
1144 1525 1526 
1145 1526 1527 
1146 1527 1528 
1147 1528 1529 
1148 1529 1530 
1149 1530 1531 
1150 1531 7 
1 15 1 17
1151 15 1895 
1152 1895 1896 
1153 1896 1897 
1154 1897 1898 
1155 1898 1899 
1156 1899 1900 
1157 1900 1901 
1158 1901 1902 
1159 1902 1903 
1160 1903 1904 
1161 1904 1905 
1162 1905 1906 
1163 1906 1907 
1164 1907 1908 
1165 1908 1909 
1166 1909 1910 
1167 1910 15 
1 16 1 5
1168 16 1911 
1169 1911 1912 
1170 1912 1913 
1171 1913 1914 
1172 1914 16 
2 1 2 18
1173 589 1916 588 
1174 587 1916 586 
1175 591 1919 590 
1176 1915 1919 591 
1177 2 1917 593 
1178 585 1917 2 
1179 589 1919 1916 
1180 592 1915 591 
1181 1916 1918 586 
1182 593 1917 592 
1183 588 1916 587 
1184 1915 1918 1916 
1185 592 1917 1915 
1186 1916 1919 1915 
1187 586 1918 585 
1188 590 1919 589 
1189 1917 1918 1915 
1190 585 1918 1917 
2 2 2 1
1191 3 594 595 
2 3 2 6
1192 597 1920 596 
1193 598 1920 597 
1194 600 4 596 
1195 599 1920 598 
1196 600 1920 599 
1197 596 1920 600 
2 4 2 3772
1198 2882 3051 2720 
1199 1933 3526 3219 
1200 2831 3380 2656 
1201 906 3360 2852 
1202 838 2793 1944 
1203 2745 3443 3134 
1204 619 2817 1933 
1205 644 3407 642 
1206 2749 3211 2985 
1207 906 2852 905 
1208 781 2829 1956 
1209 2940 3370 2939 
1210 2970 3308 2954 
1211 728 2859 727 
1212 2148 3372 2794 
1213 3443 3511 3345 
1214 2533 2945 2808 
1215 2832 3509 1940 
1216 2890 2999 2482 
1217 2691 2968 2967 
1218 3330 3500 2501 
1219 2808 2998 2533 
1220 2794 3423 2148 
1221 880 2849 2449 
1222 2825 3366 2715 
1223 2773 3488 2883 
1224 2638 3356 2837 
1225 727 2859 1921 
1226 3154 3468 2961 
1227 880 2449 879 
1228 2561 3577 2793 
1229 777 3351 776 
1230 2608 3317 2891 
1231 2990 3324 2867 
1232 2670 2953 2347 
1233 645 3407 644 
1234 2793 2822 1944 
1235 2628 2829 2625 
1236 2812 3329 767 
1237 683 2757 682 
1238 2834 3002 2651 
1239 2950 3423 3185 
1240 913 3462 3295 
1241 2953 3334 2347 
1242 2841 2843 2300 
1243 3377 3451 2138 
1244 2619 3370 2940 
1245 2506 2509 2286 
1246 2405 3351 777 
1247 2855 3548 2802 
1248 2352 2972 2969 
1249 643 644 642 
1250 2651 3439 2834 
1251 2646 3435 2888 
1252 2815 3451 3377 
1253 2947 3109 2111 
1254 3145 3180 2854 
1255 2854 3180 2513 
1256 3134 3443 3135 
1257 2805 2849 881 
1258 2779 3396 1941 
1259 2404 3051 2882 
1260 2699 3294 2944 
1261 3185 3428 2950 
1262 2885 3298 2151 
1263 2612 2965 2723 
1264 2888 3435 2887 
1265 874 3485 891 
1266 1941 3438 2779 
1267 2739 3271 3115 
1268 2665 2947 604 
1269 2840 3507 3506 
1270 1933 3219 2963 
1271 891 3538 874 
1272 1949 3548 2855 
1273 3468 3579 3430 
1274 3192 3511 3443 
1275 2477 3527 3462 
1276 767 3368 2812 
1277 2814 3500 3330 
1278 1960 2887 818 
1279 3406 3467 2780 
1280 2837 3356 1962 
1281 2848 3349 2961 
1282 3095 3360 1927 
1283 2961 3525 2848 
1284 3361 3544 2495 
1285 2793 3577 2822 
1286 2851 3004 2153 
1287 2755 3095 1927 
1288 3466 3509 2832 
1289 2715 3301 2825 
1290 2890 3346 2891 
1291 1950 3234 2858 
1292 2883 3454 2773 
1293 3346 3371 2891 
1294 926 2828 925 
1295 3010 3507 2392 
1296 683 3477 2757 
1297 616 3417 1941 
1298 3219 3526 2807 
1299 872 2804 2614 
1300 2482 3346 2890 
1301 2266 2926 2403 
1302 2406 3561 2799 
1303 3345 3511 2102 
1304 3036 3444 2642 
1305 1926 2884 2847 
1306 3447 3470 2876 
1307 2445 3467 3406 
1308 2717 2718 1930 
1309 2736 2838 1936 
1310 2937 3444 3036 
1311 3295 3462 2778 
1312 2817 3526 1933 
1313 2805 3400 2849 
1314 2870 3307 2871 
1315 3537 3567 2591 
1316 3307 3374 2871 
1317 654 2823 1952 
1318 2823 2824 1952 
1319 2820 2947 2665 
1320 2985 3403 2749 
1321 2623 2624 2263 
1322 2691 2969 2968 
1323 2903 3527 2477 
1324 2829 2923 1956 
1325 628 2506 2286 
1326 2656 2934 2831 
1327 2112 3414 2948 
1328 630 2591 629 
1329 2665 2946 2820 
1330 2581 2962 2724 
1331 697 3509 2783 
1332 2705 3448 627 
1333 2500 2959 2958 
1334 2656 3380 2653 
1335 2392 3416 3010 
1336 2840 3506 2246 
1337 2804 3191 2614 
1338 818 2887 817 
1339 2824 2932 1952 
1340 2796 2943 659 
1341 2876 3470 2770 
1342 872 3384 2804 
1343 2961 3349 3154 
1344 2151 3298 2775 
1345 3419 3449 2839 
1346 3506 3507 2771 
1347 3387 3448 2803 
1348 2969 3453 2352 
1349 2793 3522 2561 
1350 870 2611 869 
1351 2286 2705 627 
1352 2883 3488 2451 
1353 2999 3611 2480 
1354 2954 3467 2970 
1355 2804 3461 3191 
1356 630 3352 2591 
1357 2839 3449 2877 
1358 3326 3393 2734 
1359 2977 3398 2879 
1360 2628 2923 2829 
1361 604 2947 603 
1362 1941 3417 2951 
1363 893 3461 2804 
1364 1940 3579 2832 
1365 2843 2893 2300 
1366 2836 3567 3537 
1367 2659 3410 3008 
1368 2954 3308 2285 
1369 2358 3398 2979 
1370 1955 3448 3387 
1371 2804 3384 893 
1372 3137 3361 2495 
1373 2837 3325 2638 
1374 2306 3002 2834 
1375 2979 3530 2358 
1376 2482 2999 2480 
1377 2878 2928 2142 
1378 2879 3505 2977 
1379 921 3501 2729 
1380 849 2603 848 
1381 904 2717 1930 
1382 2654 2995 2524 
1383 625 3487 2708 
1384 2808 2945 2384 
1385 872 2614 871 
1386 2820 3109 2947 
1387 612 3416 2392 
1388 870 3471 2611 
1389 782 2829 781 
1390 3036 3414 2112 
1391 2649 3177 2852 
1392 2929 3234 1950 
1393 2406 2799 919 
1394 762 3331 761 
1395 3109 3625 2111 
1396 641 3407 3362 
1397 2591 3567 2506 
1398 2746 3455 2956 
1399 1951 2994 760 
1400 3082 3222 2310 
1401 2268 2926 2266 
1402 2897 3436 2240 
1403 2758 3270 819 
1404 1934 3375 3350 
1405 2900 3309 2974 
1406 3093 3379 2414 
1407 881 2849 880 
1408 2828 3324 2990 
1409 839 2793 838 
1410 2834 3001 2306 
1411 2709 3325 2850 
1412 2866 2869 2307 
1413 3430 3579 3314 
1414 2933 3450 2499 
1415 2891 3371 2608 
1416 2501 3413 3330 
1417 2847 3525 1926 
1418 3379 3440 2414 
1419 2967 3358 2691 
1420 2723 3369 3083 
1421 2849 3400 2671 
1422 2300 2938 2841 
1423 2900 2974 2132 
1424 783 2623 2263 
1425 2833 3468 3154 
1426 2868 2880 2865 
1427 3408 3412 2154 
1428 2732 3336 2948 
1429 647 2808 2384 
1430 2850 3610 2709 
1431 2304 2910 2886 
1432 849 3454 2603 
1433 2400 2935 2934 
1434 2625 2829 2263 
1435 3083 3571 2723 
1436 2944 3294 2674 
1437 2727 3512 713 
1438 2734 3393 2733 
1439 1940 3509 697 
1440 820 2758 819 
1441 3211 3335 2985 
1442 2753 2861 1945 
1443 836 2877 2129 
1444 2958 3032 2500 
1445 1934 2853 843 
1446 3008 3410 2271 
1447 620 2817 619 
1448 873 3384 872 
1449 2823 3450 2824 
1450 2901 3479 2405 
1451 695 2726 694 
1452 2611 2965 2612 
1453 2921 3561 2406 
1454 713 3512 712 
1455 2246 3600 2840 
1456 2699 2944 2910 
1457 2442 3503 2651 
1458 2312 3300 2892 
1459 921 2729 920 
1460 680 2835 679 
1461 2651 3503 3439 
1462 816 3441 815 
1463 3336 3517 2948 
1464 2636 3365 3356 
1465 2405 3479 3260 
1466 2659 3008 2905 
1467 2892 2935 2312 
1468 2726 3551 694 
1469 625 2708 624 
1470 3451 3499 1928 
1471 2869 2871 2731 
1472 2127 3017 2884 
1473 2815 3499 3451 
1474 2499 3355 2933 
1475 2846 2998 2808 
1476 2825 3450 2823 
1477 605 2665 604 
1478 659 2943 658 
1479 650 2873 649 
1480 3362 3407 2830 
1481 3271 3452 3115 
1482 2998 3598 2531 
1483 2760 2762 2361 
1484 2891 3317 2917 
1485 3135 3345 2766 
1486 2828 2990 925 
1487 648 2846 2808 
1488 2799 2903 2902 
1489 1934 2854 2853 
1490 765 2764 764 
1491 2851 3516 3004 
1492 2720 3431 2882 
1493 2811 3544 3361 
1494 2800 3363 2776 
1495 798 2837 1962 
1496 2932 3523 1952 
1497 2886 2944 1937 
1498 2582 2962 2581 
1499 3104 3436 2897 
1500 2787 2793 839 
1501 2864 2866 2307 
1502 2833 3579 3468 
1503 2153 3005 2851 
1504 2357 2938 2175 
1505 786 2857 2359 
1506 2902 2903 2477 
1507 2819 3409 2136 
1508 3031 3281 2621 
1509 805 806 804 
1510 2753 2909 2861 
1511 2929 3313 2789 
1512 815 3441 2761 
1513 2924 3495 2641 
1514 806 3332 804 
1515 2524 2995 2526 
1516 3321 3533 3429 
1517 837 2877 836 
1518 697 2783 696 
1519 3222 3497 2310 
1520 3350 3375 3094 
1521 1951 2995 2994 
1522 859 3367 858 
1523 3380 3615 2772 
1524 2641 3479 2924 
1525 2746 2956 2759 
1526 813 3573 2797 
1527 613 3416 612 
1528 2388 3382 2862 
1529 2901 3491 2924 
1530 2965 3369 2723 
1531 2484 3560 3486 
1532 2772 3437 3380 
1533 3494 3543 3328 
1534 2736 3397 2838 
1535 656 2725 1953 
1536 2924 3479 2901 
1537 3363 3516 2776 
1538 841 2736 1936 
1539 2288 2864 923 
1540 2835 3575 679 
1541 3486 3560 2821 
1542 2591 3352 2873 
1543 1943 2872 896 
1544 1939 3311 2918 
1545 2304 2886 742 
1546 3331 3385 1951 
1547 2935 3586 2312 
1548 2288 2865 2864 
1549 2865 2880 2866 
1550 2907 3327 2906 
1551 2128 2899 623 
1552 2994 2995 2654 
1553 2786 3533 3321 
1554 2889 2999 2890 
1555 2898 3483 2748 
1556 867 2919 2102 
1557 2888 3412 3408 
1558 650 3537 2873 
1559 813 2797 812 
1560 3115 3347 2739 
1561 720 2922 1938 
1562 846 3243 2254 
1563 2838 3048 2788 
1564 927 2828 926 
1565 814 2760 2361 
1566 942 3410 2214 
1567 2884 3017 2847 
1568 636 2906 635 
1569 681 2757 1959 
1570 2956 3455 2262 
1571 2764 3584 764 
1572 2939 3370 2127 
1573 1953 3366 2825 
1574 2384 2945 2907 
1575 825 3586 3582 
1576 3409 3542 2710 
1577 2775 3546 909 
1578 690 2917 1947 
1579 728 3394 2859 
1580 2945 3327 2907 
1581 760 2994 759 
1582 2305 3115 3114 
1583 1951 3385 2995 
1584 2644 3436 3104 
1585 2659 2905 2713 
1586 2717 3433 2718 
1587 910 2775 909 
1588 2127 2884 704 
1589 2136 3541 2819 
1590 1943 3340 2955 
1591 2821 3529 2128 
1592 2846 3598 2998 
1593 2241 3281 3031 
1594 2852 3360 2649 
1595 932 2777 931 
1596 3338 3529 2821 
1597 840 2787 839 
1598 2175 2938 2300 
1599 3162 3218 2471 
1600 2962 3490 2724 
1601 2816 2817 620 
1602 2799 2902 918 
1603 2111 3625 3589 
1604 802 3432 2461 
1605 3218 3405 2471 
1606 2444 3540 3001 
1607 803 3432 802 
1608 2777 3458 3415 
1609 3001 3484 2444 
1610 739 2898 2144 
1611 2240 3436 811 
1612 2598 3419 2839 
1613 3589 3625 3401 
1614 3086 3377 2728 
1615 3415 3458 3342 
1616 3364 3376 2124 
1617 913 3295 912 
1618 761 3331 1951 
1619 692 2889 2107 
1620 2839 3583 2598 
1621 3000 3320 2277 
1622 2925 3340 1943 
1623 2132 2975 2900 
1624 2933 3544 2932 
1625 1952 2806 653 
1626 2889 2890 2107 
1627 2926 3492 2403 
1628 603 2947 2111 
1629 3377 3518 2728 
1630 1937 3483 2898 
1631 2626 3309 2900 
1632 2478 2906 2860 
1633 3356 3365 2988 
1634 2914 3399 2922 
1635 2725 3366 1953 
1636 2480 3611 2795 
1637 2932 3544 2811 
1638 826 3300 2312 
1639 2102 2920 866 
1640 862 2895 2876 
1641 3031 3331 762 
1642 2859 3353 1921 
1643 759 2994 2986 
1644 2919 3345 2102 
1645 2944 3483 1937 
1646 721 2922 720 
1647 2934 3510 2400 
1648 622 2899 1949 
1649 2958 3317 3032 
1650 691 2917 690 
1651 2854 3350 3145 
1652 1960 2888 2887 
1653 2128 3529 2899 
1654 829 2809 828 
1655 2858 3394 1950 
1656 2145 3626 2856 
1657 3243 3613 2254 
1658 1945 2861 5 
1659 3191 3461 2367 
1660 2910 2944 2886 
1661 2819 3542 3409 
1662 3173 3496 2765 
1663 860 3367 859 
1664 2765 3498 3173 
1665 2806 2941 652 
1666 2929 3456 3313 
1667 2307 3501 921 
1668 2802 3504 2855 
1669 2856 3431 2145 
1670 940 3519 2585 
1671 759 2986 758 
1672 774 2875 2113 
1673 2357 2964 2938 
1674 2771 3507 3010 
1675 3032 3317 2608 
1676 1955 3487 625 
1677 2775 3298 2874 
1678 655 2823 654 
1679 3135 3443 3345 
1680 639 2860 638 
1681 767 3329 766 
1682 2647 3543 3494 
1683 3462 3527 2778 
1684 2916 3033 2372 
1685 2585 3514 939 
1686 2142 3505 2878 
1687 2312 3586 825 
1688 2757 3490 1959 
1689 939 3514 938 
1690 2809 3300 828 
1691 2768 3520 2918 
1692 2907 3624 2384 
1693 3324 3603 2867 
1694 2986 3311 1939 
1695 2478 2860 639 
1696 941 3519 940 
1697 2787 3522 2793 
1698 843 2853 842 
1699 621 2816 620 
1700 1949 2855 2816 
1701 2857 3328 2359 
1702 2127 3370 3017 
1703 2918 3492 2768 
1704 1952 3523 2806 
1705 2305 3114 724 
1706 2860 2906 636 
1707 646 2830 645 
1708 3104 3630 2644 
1709 2806 3339 2941 
1710 2822 2839 1944 
1711 2892 3300 2809 
1712 787 2857 786 
1713 2271 3478 3008 
1714 2906 3327 635 
1715 2871 3476 2731 
1716 2241 3282 3281 
1717 2970 3467 3358 
1718 847 3243 846 
1719 944 2125 943 
1720 742 2886 741 
1721 2914 3619 3399 
1722 2270 3476 3374 
1723 2621 3331 3031 
1724 3433 3553 2718 
1725 2761 3473 2760 
1726 3595 3630 3104 
1727 2509 2510 2286 
1728 2507 2930 676 
1729 2144 3403 2985 
1730 657 3389 2725 
1731 2271 3410 942 
1732 2338 3034 2340 
1733 2848 3525 2847 
1734 3379 3613 3243 
1735 2305 3347 3115 
1736 2246 3506 2946 
1737 2937 3036 2936 
1738 2372 3034 2916 
1739 2824 2933 2932 
1740 651 2941 2836 
1741 2142 2928 734 
1742 772 2936 2112 
1743 2796 3513 2943 
1744 2352 3395 2972 
1745 2603 3454 2883 
1746 2630 2923 2628 
1747 800 3610 2850 
1748 2136 3610 800 
1749 2927 3564 3539 
1750 3539 3564 2512 
1751 2361 3573 813 
1752 2640 3552 2975 
1753 2623 2647 2624 
1754 2989 3372 2148 
1755 2782 3559 2950 
1756 2946 3569 2246 
1757 2878 3427 2928 
1758 2718 2719 1930 
1759 2507 2931 2930 
1760 1927 3360 906 
1761 2624 2625 2263 
1762 2969 2971 2968 
1763 2531 3531 2998 
1764 1931 2973 715 
1765 618 2963 617 
1766 827 3300 826 
1767 2920 3007 865 
1768 799 2850 2837 
1769 2873 3537 2591 
1770 2322 2983 2442 
1771 701 2960 2273 
1772 3260 3351 2405 
1773 1944 2877 837 
1774 884 3388 883 
1775 705 2939 2127 
1776 823 2801 822 
1777 3008 3478 2826 
1778 2911 2922 721 
1779 2975 3534 2640 
1780 3002 3376 3364 
1781 709 3425 2138 
1782 3185 3423 2794 
1783 2492 3032 2490 
1784 627 3448 626 
1785 631 3352 630 
1786 2531 3352 631 
1787 638 2860 637 
1788 2843 2894 2893 
1789 2824 3450 2933 
1790 923 2864 922 
1791 2288 2990 2867 
1792 3310 3445 2647 
1793 807 3332 806 
1794 2868 3342 2880 
1795 3382 3585 2862 
1796 2855 3316 2818 
1797 3358 3467 2445 
1798 2866 2870 2869 
1799 2513 3614 2854 
1800 2881 3422 2807 
1801 2917 3317 1947 
1802 3134 3497 2745 
1803 2148 2949 717 
1804 2462 3470 3447 
1805 896 2872 895 
1806 2761 3521 3473 
1807 740 2898 739 
1808 2649 3360 3095 
1809 3110 3535 2785 
1810 3368 3502 2813 
1811 2838 3607 3048 
1812 670 3500 3474 
1813 1935 2997 2971 
1814 2132 2974 794 
1815 907 3612 2754 
1816 704 2884 703 
1817 3019 3257 2662 
1818 3028 3326 2734 
1819 724 3114 723 
1820 908 3612 907 
1821 2904 2956 2262 
1822 2963 3417 617 
1823 3389 3421 2725 
1824 2664 3319 3011 
1825 2154 3257 3019 
1826 2715 3366 3318 
1827 2909 3557 2861 
1828 2936 3036 2112 
1829 2144 2985 2984 
1830 2762 2763 2361 
1831 885 3388 884 
1832 768 3368 767 
1833 1934 3350 2854 
1834 1923 2952 899 
1835 2105 3502 3368 
1836 2647 3494 3310 
1837 2113 3493 2937 
1838 693 2889 692 
1839 3374 3476 2871 
1840 2862 3386 2388 
1841 1972 3024 2110 
1842 2971 2980 1935 
1843 2148 3423 2949 
1844 702 2960 701 
1845 2404 3034 2338 
1846 2340 3034 2372 
1847 2478 3362 2907 
1848 864 3007 2390 
1849 2110 3024 3023 
1850 2923 2924 1956 
1851 2784 3405 3218 
1852 2107 2917 691 
1853 875 3485 874 
1854 3007 3420 2390 
1855 863 2895 862 
1856 2982 3020 2130 
1857 2865 2866 2864 
1858 850 3604 2740 
1859 851 3604 850 
1860 2288 2867 2865 
1861 745 2997 1935 
1862 746 2997 745 
1863 892 3538 891 
1864 2960 2961 2273 
1865 676 2930 675 
1866 2905 3556 2713 
1867 669 667 668 
1868 1932 2984 2978 
1869 2645 2964 2616 
1870 852 2904 2262 
1871 2938 2964 2645 
1872 942 2214 941 
1873 2369 2983 2322 
1874 2816 2818 2817 
1875 2850 3325 2837 
1876 804 3332 803 
1877 2500 3032 2492 
1878 2785 3466 3110 
1879 1932 2976 736 
1880 2490 3032 2608 
1881 637 2860 636 
1882 2500 3632 2959 
1883 722 2911 721 
1884 1971 3021 1969 
1885 794 2974 793 
1886 614 3602 1957 
1887 2367 3418 3191 
1888 2890 2891 2107 
1889 2478 2907 2906 
1890 1932 2977 2976 
1891 773 2936 772 
1892 3366 3633 3318 
1893 2880 3342 2259 
1894 2937 3493 3344 
1895 714 3596 2389 
1896 897 2925 1943 
1897 1975 3041 1973 
1898 2766 3345 2919 
1899 2973 3596 714 
1900 778 2901 2405 
1901 2986 2994 2654 
1902 909 3546 1942 
1903 900 2981 1923 
1904 3011 3319 2225 
1905 2596 2826 2595 
1906 737 2984 1932 
1907 1943 3590 2872 
1908 674 2927 2737 
1909 1970 3024 1972 
1910 2941 3339 2509 
1911 2899 3548 1949 
1912 5 2861 945 
1913 641 3362 640 
1914 2931 3564 2930 
1915 734 2928 733 
1916 830 2238 829 
1917 3020 3021 2130 
1918 2963 3219 2735 
1919 832 2272 831 
1920 3318 3633 2681 
1921 2499 3450 3301 
1922 2984 2985 2978 
1923 3023 3025 2110 
1924 617 3417 616 
1925 2636 3356 2638 
1926 2681 3633 3421 
1927 2776 3516 2851 
1928 2777 3459 931 
1929 2950 3428 2782 
1930 2801 3482 822 
1931 2470 2595 2369 
1932 2996 3049 2218 
1933 1941 3396 615 
1934 2662 3257 3021 
1935 717 2949 716 
1936 2843 2955 2894 
1937 2451 3601 2883 
1938 3320 3514 2585 
1939 1938 2989 719 
1940 2130 3021 1971 
1941 3301 3450 2825 
1942 706 2939 705 
1943 2839 2877 1944 
1944 2991 3247 3025 
1945 2881 3526 2817 
1946 2102 3511 2920 
1947 663 2942 2512 
1948 2971 2997 2968 
1949 2966 2997 746 
1950 2918 3520 1939 
1951 2888 3408 2646 
1952 2131 3183 3005 
1953 2130 3041 2982 
1954 3177 3433 2852 
1955 2094 3006 2108 
1956 2510 2705 2286 
1957 2992 3183 2131 
1958 3333 3616 3578 
1959 2470 2596 2595 
1960 2964 2965 2616 
1961 2320 2322 2321 
1962 3425 3518 2138 
1963 2414 3035 2398 
1964 2131 3005 2114 
1965 2114 3005 2153 
1966 3396 3602 614 
1967 899 2952 898 
1968 694 3551 2097 
1969 2718 2916 2719 
1970 2969 2972 2971 
1971 2362 2659 2599 
1972 2950 3559 1931 
1973 1979 3050 1977 
1974 3354 3534 2975 
1975 3025 3247 2110 
1976 2877 3449 2129 
1977 2719 2856 1930 
1978 2540 3047 3030 
1979 1973 3041 2130 
1980 2624 2626 2625 
1981 918 2902 917 
1982 2991 3044 2235 
1983 2389 2727 713 
1984 2131 3006 2992 
1985 2108 3006 2131 
1986 2235 3247 2991 
1987 3014 3290 3044 
1988 3442 3499 2672 
1989 2272 2772 831 
1990 928 2828 927 
1991 925 2990 924 
1992 2368 2369 2322 
1993 3039 3283 2543 
1994 758 1939 757 
1995 2870 2871 2869 
1996 2218 3041 1975 
1997 2826 2827 2595 
1998 769 3336 2105 
1999 2866 2880 2870 
2000 911 2151 910 
2001 2151 2775 910 
2002 2319 2320 2318 
2003 682 2757 681 
2004 2218 3049 3041 
2005 689 2957 688 
2006 2692 3266 3038 
2007 2701 3571 3129 
2008 924 2990 2288 
2009 2057 3258 2060 
2010 2191 3306 3240 
2011 2317 2318 2124 
2012 2762 2812 2763 
2013 3099 3280 3098 
2014 2562 3337 2598 
2015 2218 3050 2996 
2016 736 2976 735 
2017 2903 3561 2600 
2018 1982 3073 1985 
2019 2053 3241 2056 
2020 888 2671 887 
2021 3021 3257 1969 
2022 2062 3022 2086 
2023 747 2966 746 
2024 2810 3000 2730 
2025 749 3308 748 
2026 2320 2368 2322 
2027 2867 2868 2865 
2028 2086 3022 3009 
2029 2209 3014 3013 
2030 790 2511 789 
2031 3003 3039 2542 
2032 2730 3000 2921 
2033 2094 3255 3006 
2034 3004 3018 2153 
2035 915 2477 914 
2036 2060 3022 2062 
2037 2398 3035 2542 
2038 2874 3546 2775 
2039 738 2984 737 
2040 3101 3150 3055 
2041 2209 3013 2682 
2042 817 2887 2380 
2043 3044 3290 2235 
2044 1977 3050 2218 
2045 2322 2442 2321 
2046 2400 2758 820 
2047 3019 3408 2154 
2048 2542 3035 3003 
2049 2056 3241 3015 
2050 2654 3311 2986 
2051 2320 2321 2318 
2052 800 2850 799 
2053 3038 3266 2120 
2054 901 2981 900 
2055 2240 3472 2897 
2056 2816 2855 2818 
2057 2115 3018 2117 
2058 3045 3050 1979 
2059 2818 2881 2817 
2060 3009 3030 2086 
2061 821 2400 820 
2062 2468 2753 1945 
2063 2060 3258 3022 
2064 798 1962 797 
2065 3030 3047 3046 
2066 2064 3046 2066 
2067 606 2665 605 
2068 3012 3285 2227 
2069 2757 3477 3386 
2070 2759 3420 3007 
2071 3328 3543 2359 
2072 1932 2978 2977 
2073 3028 3580 3573 
2074 2662 3021 3020 
2075 2735 3417 2963 
2076 707 3451 1928 
2077 2238 2831 2809 
2078 2940 3442 2619 
2079 3320 3519 2277 
2080 2564 3280 3099 
2081 2891 2917 2107 
2082 719 2989 718 
2083 904 1930 903 
2084 2153 3018 2115 
2085 933 2777 932 
2086 2661 3548 2899 
2087 3027 3215 2293 
2088 817 2380 816 
2089 2328 3102 2535 
2090 2915 3452 2436 
2091 3040 3215 3027 
2092 2731 2810 2730 
2093 2178 3246 3045 
2094 3059 3549 1957 
2095 2595 2983 2369 
2096 1980 3073 1982 
2097 2594 3285 3012 
2098 2730 2921 2406 
2099 2723 3571 2701 
2100 797 2987 796 
2101 826 2312 825 
2102 3003 3283 3039 
2103 1985 3073 2209 
2104 2209 3073 3014 
2105 2214 2362 2282 
2106 601 1945 5 
2107 2317 2319 2318 
2108 2479 3017 2617 
2109 3341 3564 2931 
2110 603 2111 602 
2111 3013 3102 2682 
2112 2847 3017 2479 
2113 2771 3010 2508 
2114 2292 3150 3101 
2115 2072 3255 2094 
2116 831 3615 830 
2117 3024 3319 2664 
2118 2523 3020 2982 
2119 2540 3261 3047 
2120 2066 3046 2191 
2121 894 3461 893 
2122 2729 2730 2406 
2123 3006 3255 2993 
2124 778 2405 777 
2125 3097 3098 3057 
2126 912 3628 911 
2127 2238 2809 829 
2128 935 3307 2259 
2129 2756 2800 2776 
2130 2555 3025 2557 
2131 2557 3025 3023 
2132 2096 3042 3039 
2133 2861 3557 3446 
2134 2508 3010 2790 
2135 2689 3272 3076 
2136 2510 2706 2705 
2137 3023 3024 2664 
2138 3057 3101 3055 
2139 3151 3302 3271 
2140 2453 2470 2369 
2141 2626 2627 2625 
2142 919 2799 918 
2143 783 2263 782 
2144 3057 3100 3097 
2145 635 3327 634 
2146 2993 3255 3240 
2147 2086 3046 2064 
2148 3009 3214 3030 
2149 920 2406 919 
2150 2527 3019 2662 
2151 2543 3283 3076 
2152 2056 3258 2057 
2153 3074 3273 2052 
2154 876 3348 875 
2155 3030 3214 2540 
2156 2535 3102 3013 
2157 2423 3085 3040 
2158 2529 3019 2527 
2159 3018 3058 2117 
2160 2285 3308 749 
2161 2769 2771 2508 
2162 850 1948 849 
2163 2559 3023 2664 
2164 752 2792 751 
2165 3107 3158 2330 
2166 2266 2403 2265 
2167 2812 3368 2813 
2168 2972 2980 2971 
2169 2052 3241 2053 
2170 781 1956 780 
2171 1962 2988 2987 
2172 3063 3116 2343 
2173 2179 2266 2265 
2174 793 2251 792 
2175 2345 3256 3206 
2176 2812 2813 2763 
2177 836 2129 835 
2178 2096 3039 2543 
2179 2596 3008 2826 
2180 2077 3217 3026 
2181 2991 3025 2555 
2182 601 2467 1945 
2183 784 2623 783 
2184 2664 3011 2562 
2185 3085 3215 3040 
2186 2460 2508 2459 
2187 2326 3102 2328 
2188 2569 3235 3144 
2189 3106 3107 2330 
2190 3111 3112 2219 
2191 2671 3429 2849 
2192 3268 3272 2689 
2193 761 1951 760 
2194 848 1929 847 
2195 2719 2882 2856 
2196 3098 3280 3101 
2197 3076 3272 2205 
2198 2096 3077 3042 
2199 907 1927 906 
2200 3027 3266 2692 
2201 3045 3246 3050 
2202 808 2798 807 
2203 2389 2728 2727 
2204 3029 3269 2694 
2205 2012 3100 2014 
2206 2403 2518 2517 
2207 2594 3070 3037 
2208 3040 3113 2423 
2209 2559 2664 2562 
2210 2525 3020 2523 
2211 2227 3285 3279 
2212 838 1944 837 
2213 2263 2829 782 
2214 902 2145 901 
2215 2222 3220 2326 
2216 677 2507 676 
2217 1998 3078 2001 
2218 2559 2562 2560 
2219 3092 3136 2027 
2220 632 2531 631 
2221 1993 3139 1994 
2222 2686 3182 3116 
2223 3091 3136 3092 
2224 2557 3023 2559 
2225 651 2836 650 
2226 2586 3104 2897 
2227 3111 3187 3072 
2228 2179 2265 2178 
2229 2527 2662 2525 
2230 2694 3269 2465 
2231 3277 3278 2358 
2232 2516 3070 2594 
2233 2978 2979 2977 
2234 2330 3170 3106 
2235 2402 2438 2284 
2236 920 2729 2406 
2237 2372 3033 2373 
2238 1997 3079 3078 
2239 608 2246 607 
2240 3056 3080 2017 
2241 2756 2776 2767 
2242 2772 3615 831 
2243 709 2138 708 
2244 764 2241 763 
2245 1954 2970 2967 
2246 3063 3201 3064 
2247 610 2840 609 
2248 779 2901 778 
2249 2830 3407 645 
2250 3053 3063 3062 
2251 2048 3074 2049 
2252 848 2603 1929 
2253 868 2919 867 
2254 814 2361 813 
2255 1997 3139 3079 
2256 3042 3077 3043 
2257 2219 3187 3111 
2258 911 3628 3373 
2259 2518 2519 2517 
2260 2077 3225 3217 
2261 774 2113 773 
2262 2145 2981 901 
2263 2659 2713 2599 
2264 2557 2559 2558 
2265 2696 3213 2680 
2266 2941 3567 2836 
2267 2119 3058 2122 
2268 2336 3051 2404 
2269 2017 3100 3056 
2270 2371 3070 2516 
2271 3015 3258 2056 
2272 834 2714 833 
2273 3097 3100 2012 
2274 2528 2529 2527 
2275 2178 3045 2090 
2276 3039 3042 2542 
2277 748 1954 747 
2278 763 3031 762 
2279 3106 3170 3108 
2280 2117 3058 2119 
2281 715 2973 714 
2282 750 2285 749 
2283 1954 2967 2966 
2284 2113 2937 2936 
2285 1981 3045 1979 
2286 2553 3044 2991 
2287 2680 3213 3206 
2288 2403 2517 2265 
2289 1997 3078 1998 
2290 846 2254 845 
2291 3098 3101 3057 
2292 2552 2553 2536 
2293 2562 2598 2560 
2294 3116 3182 2343 
2295 2813 3028 2763 
2296 2334 3051 2336 
2297 3026 3228 2077 
2298 766 2469 765 
2299 852 2262 851 
2300 2014 3100 2017 
2301 2402 2653 2438 
2302 2049 3074 2052 
2303 3053 3062 3061 
2304 2677 2678 2319 
2305 652 2941 651 
2306 2017 3080 2018 
2307 2535 2536 2503 
2308 1954 2966 747 
2309 2548 3136 3091 
2310 674 2737 673 
2311 3201 3227 3064 
2312 2627 2628 2625 
2313 3144 3235 2574 
2314 877 2786 876 
2315 2518 2918 2520 
2316 1936 2788 2787 
2317 1994 3139 1997 
2318 2523 2982 2521 
2319 2045 3061 2048 
2320 2662 3020 2525 
2321 3084 3118 3085 
2322 2343 3201 3063 
2323 2629 2640 2631 
2324 2373 2376 2375 
2325 3053 3116 3063 
2326 2041 3061 2045 
2327 2093 3108 2088 
2328 2089 3069 2201 
2329 2090 3045 1981 
2330 819 3270 1946 
2331 2553 2991 2555 
2332 2571 3052 2042 
2333 685 2388 684 
2334 2106 2178 2090 
2335 3217 3225 3107 
2336 909 1942 908 
2337 2469 2764 765 
2338 2636 2638 2637 
2339 2555 2557 2556 
2340 2535 2552 2536 
2341 2267 2268 2266 
2342 2754 2756 2755 
2343 616 1941 615 
2344 694 2097 693 
2345 867 2102 866 
2346 2423 3113 2085 
2347 3046 3047 2191 
2348 2552 3044 2553 
2349 3099 3272 3268 
2350 2001 3078 3077 
2351 3085 3118 2550 
2352 666 2814 665 
2353 2328 2503 2502 
2354 3014 3044 2552 
2355 775 2875 774 
2356 2508 2790 2459 
2357 2376 2377 2375 
2358 795 2132 794 
2359 3030 3046 2086 
2360 2553 2555 2554 
2361 2241 3031 763 
2362 2113 2936 773 
2363 2215 3108 2093 
2364 2221 3139 1993 
2365 2627 2629 2628 
2366 841 1936 840 
2367 3041 3049 2982 
2368 2756 2767 2755 
2369 2754 2755 1927 
2370 2326 2328 2327 
2371 2580 3088 3059 
2372 2590 3117 3071 
2373 1962 2987 797 
2374 2571 3053 3052 
2375 3026 3217 2683 
2376 2518 2520 2519 
2377 3240 3306 2993 
2378 2791 3109 2458 
2379 2328 2535 2503 
2380 772 2112 771 
2381 1936 2787 840 
2382 716 1931 715 
2383 698 1940 697 
2384 866 2920 865 
2385 3056 3100 3057 
2386 2298 3083 2169 
2387 2201 3069 2204 
2388 3060 3140 2572 
2389 2958 2959 2957 
2390 3062 3074 2048 
2391 2122 3058 2317 
2392 3069 3157 3068 
2393 3112 3259 2219 
2394 2326 3220 3102 
2395 1995 3152 3072 
2396 2373 3033 2376 
2397 922 2307 921 
2398 2594 3012 2593 
2399 3099 3268 2564 
2400 2559 2560 2558 
2401 2106 2179 2178 
2402 3061 3062 2048 
2403 2137 2306 2243 
2404 2526 2527 2525 
2405 2960 3525 2961 
2406 2334 2335 2332 
2407 2633 2636 2635 
2408 2122 2124 2123 
2409 679 2386 678 
2410 3206 3256 2680 
2411 2460 3109 2820 
2412 2543 3076 3075 
2413 2444 2791 2458 
2414 2446 3086 2609 
2415 3068 3157 3156 
2416 2279 2332 2331 
2417 3059 3088 2790 
2418 3091 3131 2548 
2419 2397 3093 2414 
2420 3071 3117 2618 
2421 2516 2594 2593 
2422 2119 2122 2121 
2423 623 2899 622 
2424 2397 2414 2398 
2425 707 1928 706 
2426 2538 3113 3040 
2427 2538 2692 2418 
2428 2027 3193 3092 
2429 865 3007 864 
2430 2334 2336 2335 
2431 2639 2709 2643 
2432 2333 2334 2332 
2433 2313 3113 2538 
2434 2949 2950 1931 
2435 907 2754 1927 
2436 3072 3152 3065 
2437 2053 2056 2055 
2438 2042 3052 2039 
2439 769 2105 768 
2440 2543 3075 2005 
2441 853 2904 852 
2442 2516 2593 2592 
2443 3076 3283 2689 
2444 1928 2940 2939 
2445 2720 3051 2456 
2446 3063 3064 3062 
2447 2546 3126 3122 
2448 2376 2378 2377 
2449 2202 3065 2200 
2450 675 2930 2927 
2451 2231 3066 2566 
2452 619 1933 618 
2453 2692 3038 3037 
2454 897 1943 896 
2455 2328 2502 2327 
2456 2159 2161 2160 
2457 2056 2057 2055 
2458 2114 2115 2109 
2459 2820 2946 2769 
2460 2336 2404 2338 
2461 2076 3118 3084 
2462 2159 3054 2162 
2463 2108 2109 2095 
2464 2180 3175 2548 
2465 2204 3067 2253 
2466 614 1957 613 
2467 2313 2418 2314 
2468 2393 3088 2580 
2469 2740 2741 1948 
2470 2122 2123 2121 
2471 895 2872 2367 
2472 2530 2646 2529 
2473 2281 2444 2394 
2474 895 2367 894 
2475 2553 2554 2536 
2476 2018 3080 2021 
2477 2538 3027 2692 
2478 705 2127 704 
2479 1933 2963 618 
2480 812 2240 811 
2481 2159 2162 2161 
2482 2461 3104 2586 
2483 3108 3170 2088 
2484 2313 2538 2418 
2485 2669 2720 2456 
2486 2204 3069 3067 
2487 2706 2803 2705 
2488 2510 2707 2706 
2489 660 2796 659 
2490 701 2273 700 
2491 2094 2095 2074 
2492 2157 2159 2158 
2493 2498 2581 2497 
2494 1928 2939 706 
2495 3055 3150 3054 
2496 2314 3070 2371 
2497 628 2286 627 
2498 938 2270 937 
2499 2520 2521 2519 
2500 2686 3116 2571 
2501 2108 2114 2109 
2502 2451 3082 2276 
2503 2094 2108 2095 
2504 2397 2398 2366 
2505 2546 3165 2181 
2506 2234 2279 2278 
2507 2005 3075 2006 
2508 718 2148 717 
2509 3013 3014 2552 
2510 2456 3051 2334 
2511 3052 3061 2041 
2512 2629 2631 2630 
2513 842 2736 841 
2514 2279 2331 2278 
2515 718 2989 2148 
2516 2685 3105 2434 
2517 2165 3128 2161 
2518 692 2107 691 
2519 2155 2157 2156 
2520 2570 2571 2042 
2521 2336 2338 2337 
2522 2496 2497 2494 
2523 2539 3055 3054 
2524 1947 2958 2957 
2525 2741 2773 1948 
2526 2581 2724 2583 
2527 2072 2094 2074 
2528 2097 2999 2889 
2529 898 2925 897 
2530 2163 2298 2169 
2531 2021 2155 2023 
2532 2434 3105 2217 
2533 2172 2242 2177 
2534 2354 3138 2545 
2535 2544 3129 3128 
2536 2157 3054 2159 
2537 2609 2679 2610 
2538 2325 2563 2323 
2539 3084 3085 2423 
2540 2539 3054 2157 
2541 2398 2542 2541 
2542 2371 2516 2515 
2543 3279 3285 3038 
2544 3128 3129 2298 
2545 2083 3084 2423 
2546 2076 3084 2079 
2547 3065 3152 2200 
2548 3089 3090 2345 
2549 2692 3037 2418 
2550 2493 2494 2492 
2551 855 2462 854 
2552 2365 2397 2366 
2553 626 1955 625 
2554 2593 3312 3303 
2555 2416 3099 3098 
2556 2491 2493 2492 
2557 2365 2366 2302 
2558 786 2359 785 
2559 2340 2372 2342 
2560 2581 2583 2497 
2561 2234 2278 2233 
2562 2491 2492 2490 
2563 2162 2165 2161 
2564 634 2533 633 
2565 2003 3077 2096 
2566 2545 3138 3110 
2567 2169 3083 2173 
2568 1936 2838 2788 
2569 3077 3078 3043 
2570 2524 2525 2523 
2571 2325 2588 2563 
2572 2913 2915 2912 
2573 3073 3290 3014 
2574 2168 2172 2171 
2575 2083 2423 2085 
2576 862 2876 861 
2577 2003 2005 2004 
2578 2099 2313 2141 
2579 2496 2498 2497 
2580 2563 3111 3072 
2581 2685 3106 3105 
2582 2419 3126 3125 
2583 2185 3125 2183 
2584 2173 3083 2357 
2585 2206 3089 2345 
2586 3107 3225 3158 
2587 2684 3026 2683 
2588 2098 3103 2084 
2589 2589 2683 2434 
2590 2018 2021 2020 
2591 2455 3177 2378 
2592 2863 3149 2583 
2593 2544 3128 2165 
2594 2329 2569 2432 
2595 2183 3125 2546 
2596 2009 2205 2011 
2597 3060 3207 2687 
2598 2089 3157 3069 
2599 649 2846 648 
2600 2003 2096 2005 
2601 664 2942 663 
2602 2242 2310 2177 
2603 2390 2895 863 
2604 3114 3115 2913 
2605 2001 2003 2002 
2606 2391 2649 2441 
2607 1926 2960 702 
2608 2685 3107 3106 
2609 716 2949 1931 
2610 2155 2156 2023 
2611 2182 3131 2184 
2612 2570 2686 2571 
2613 2326 2327 2274 
2614 2323 3065 2202 
2615 2021 2023 2022 
2616 3124 3140 3060 
2617 2038 2042 2039 
2618 2222 2326 2274 
2619 2336 2337 2335 
2620 2411 2471 2410 
2621 2433 2434 2217 
2622 2967 2968 2966 
2623 2313 2314 2141 
2624 864 2390 863 
2625 2045 2048 2047 
2626 2408 2411 2410 
2627 739 2144 738 
2628 2493 2496 2494 
2629 2446 2609 2303 
2630 2548 3131 2182 
2631 2620 3071 2618 
2632 2589 2684 2683 
2633 2912 2914 2911 
2634 898 2952 2925 
2635 2079 3084 2083 
2636 2609 2610 2303 
2637 850 2740 1948 
2638 2140 3103 2098 
2639 2433 2589 2434 
2640 2062 2086 2064 
2641 2316 2451 2276 
2642 2096 2543 2005 
2643 2155 2539 2157 
2644 858 3367 857 
2645 2223 3230 2221 
2646 703 2884 1926 
2647 2658 3086 2446 
2648 2548 3175 3136 
2649 2332 3081 2331 
2650 622 1949 621 
2651 2115 2117 2116 
2652 2583 3149 2497 
2653 2205 2416 2011 
2654 2232 2234 2233 
2655 727 1921 726 
2656 2242 3082 2310 
2657 2117 2119 2118 
2658 2376 2455 2378 
2659 3122 3165 2546 
2660 2372 2373 2342 
2661 2049 2052 2051 
2662 2039 3052 2041 
2663 2006 3075 2009 
2664 2172 2177 2171 
2665 2024 3124 2026 
2666 1998 2001 2000 
2667 801 2136 800 
2668 3067 3068 2569 
2669 2001 3077 2003 
2670 2021 2022 2020 
2671 2029 2030 2028 
2672 2444 2458 2394 
2673 2394 3088 2393 
2674 2571 3116 3053 
2675 1947 2957 689 
2676 2398 2541 2366 
2677 640 2478 639 
2678 2408 2410 2409 
2679 2563 3065 2323 
2680 649 2873 2846 
2681 2626 2900 2627 
2682 2157 2158 2156 
2683 2253 3067 2329 
2684 2516 2592 2515 
2685 2428 3119 2295 
2686 2206 2345 2208 
2687 1925 3114 2913 
2688 2038 2039 2037 
2689 812 2797 2240 
2690 2163 3128 2298 
2691 2156 3140 2023 
2692 2428 3120 3119 
2693 2638 2639 2637 
2694 2588 3111 2563 
2695 2542 3042 2541 
2696 2629 2630 2628 
2697 733 2928 1924 
2698 2217 3105 2215 
2699 1925 2912 2911 
2700 3075 3076 2205 
2701 2498 2582 2581 
2702 2557 2558 2556 
2703 2584 3087 2035 
2704 2211 3141 2091 
2705 2144 2984 738 
2706 2407 2408 2356 
2707 2189 3089 2206 
2708 2355 2356 2257 
2709 733 1924 732 
2710 2085 3113 2099 
2711 2052 3273 3241 
2712 2072 2074 2073 
2713 3105 3108 2215 
2714 1925 2913 2912 
2715 720 1938 719 
2716 3091 3092 3090 
2717 743 2304 742 
2718 2233 3066 2231 
2719 2161 2163 2160 
2720 2572 3140 2156 
2721 2256 2257 2147 
2722 1973 2130 1971 
2723 2030 2032 2031 
2724 2048 2049 2047 
2725 3089 3131 3091 
2726 2114 2153 2115 
2727 735 2976 2142 
2728 2003 2004 2002 
2729 735 2142 734 
2730 2216 2217 2215 
2731 2295 3119 2226 
2732 3125 3126 2546 
2733 2253 2329 2296 
2734 2173 2357 2175 
2735 2248 2419 2188 
2736 2588 3112 3111 
2737 2066 2191 2068 
2738 1946 3270 1963 
2739 2159 2160 2158 
2740 745 1935 744 
2741 2188 3125 2185 
2742 2329 2432 2431 
2743 3089 3091 3090 
2744 3053 3061 3052 
2745 2239 2433 2217 
2746 3081 3182 2686 
2747 2026 3124 2029 
2748 2006 2009 2008 
2749 2411 2472 2471 
2750 2636 2637 2635 
2751 2580 3059 2779 
2752 2122 2317 2124 
2753 2619 2620 2618 
2754 656 1953 655 
2755 2563 3072 3065 
2756 2432 3144 2703 
2757 2324 2325 2323 
2758 2683 2685 2434 
2759 2329 3067 2569 
2760 2030 2031 2028 
2761 2566 3203 2228 
2762 2120 3279 3038 
2763 2283 2402 2284 
2764 2276 3082 2242 
2765 654 1952 653 
2766 2005 2006 2004 
2767 737 1932 736 
2768 2099 3113 2313 
2769 2001 2002 2000 
2770 2390 2896 2895 
2771 2421 2687 2573 
2772 2039 2041 2040 
2773 2024 2026 2025 
2774 2162 2166 2165 
2775 703 1926 702 
2776 2087 3130 2092 
2777 2009 3075 2205 
2778 2579 2694 2465 
2779 2026 2028 2027 
2780 2432 2703 2702 
2781 2184 3131 2189 
2782 2489 2491 2490 
2783 2057 2059 2058 
2784 2467 2468 1945 
2785 2039 2040 2037 
2786 2166 2168 2167 
2787 2301 2365 2302 
2788 1994 1997 1996 
2789 2618 3117 2383 
2790 2092 3130 2134 
2791 2421 3060 2687 
2792 2278 2426 2233 
2793 2032 2034 2033 
2794 2245 3213 2704 
2795 2034 2037 2036 
2796 2243 2281 2269 
2797 2601 3137 2487 
2798 1997 1998 1996 
2799 930 2443 929 
2800 2052 2053 2051 
2801 2119 2121 2120 
2802 2146 2147 2140 
2803 2338 2340 2339 
2804 2344 2570 2042 
2805 3096 3103 2140 
2806 2333 2456 2334 
2807 2230 3141 2211 
2808 2257 2420 2147 
2809 882 2805 881 
2810 723 3114 1925 
2811 675 2927 674 
2812 2617 2618 2383 
2813 2023 2024 2022 
2814 2231 2566 2228 
2815 3121 3138 2354 
2816 2194 3146 2192 
2817 2057 2060 2059 
2818 2416 3098 3097 
2819 2168 2171 2167 
2820 2161 3128 2163 
2821 2297 2695 2230 
2822 2249 2323 2202 
2823 844 1934 843 
2824 2555 2556 2554 
2825 2135 2215 2093 
2826 2147 3096 2140 
2827 2009 2011 2010 
2828 2232 2233 2231 
2829 2338 2339 2337 
2830 2408 2409 2356 
2831 2134 2551 2150 
2832 2419 3125 2188 
2833 2108 2131 2114 
2834 690 1947 689 
2835 2123 2137 2126 
2836 2776 2851 2767 
2837 2198 3133 2280 
2838 725 2305 724 
2839 2631 2633 2632 
2840 2134 3130 2551 
2841 730 1950 729 
2842 2704 3151 2258 
2843 935 2259 934 
2844 2014 2017 2016 
2845 2172 2275 2242 
2846 2427 2428 2295 
2847 2115 2116 2109 
2848 2095 2550 2074 
2849 2427 3142 2428 
2850 2458 2459 2394 
2851 2189 3131 3089 
2852 2189 2206 2190 
2853 2378 3177 2391 
2854 3072 3187 1995 
2855 2329 2431 2296 
2856 3067 3069 3068 
2857 2227 3296 3012 
2858 1925 2911 722 
2859 2206 2208 2207 
2860 2032 3147 2034 
2861 2166 2292 2168 
2862 857 2770 856 
2863 2649 3095 2441 
2864 2029 3124 2421 
2865 2982 3049 2521 
2866 2026 2029 2028 
2867 2551 3121 2150 
2868 2421 2573 2035 
2869 2226 3146 2194 
2870 924 2288 923 
2871 2256 2355 2257 
2872 2355 2407 2356 
2873 2487 3137 2489 
2874 2146 2256 2147 
2875 2433 2590 2589 
2876 2538 3040 3027 
2877 2064 2066 2065 
2878 2354 2545 2466 
2879 2216 2239 2217 
2880 2208 2245 2244 
2881 2183 2546 2181 
2882 2386 2565 678 
2883 2433 3117 2590 
2884 2301 3180 3145 
2885 2279 2333 2332 
2886 2070 2072 2071 
2887 2150 3121 2354 
2888 2097 2889 693 
2889 2057 2058 2055 
2890 663 2512 662 
2891 2041 2045 2044 
2892 657 2725 656 
2893 2135 2216 2215 
2894 2030 3087 2032 
2895 2035 3087 2030 
2896 3056 3057 3055 
2897 3054 3150 2162 
2898 2694 3278 3277 
2899 3064 3074 3062 
2900 2432 2702 2431 
2901 2281 2394 2393 
2902 1937 2898 740 
2903 3119 3146 2226 
2904 2615 2616 2104 
2905 2180 2548 2182 
2906 2184 2189 2186 
2907 2914 2922 2911 
2908 900 1923 899 
2909 2247 2248 2188 
2910 2187 2188 2185 
2911 2536 3048 2503 
2912 2239 3117 2433 
2913 653 2806 652 
2914 2137 2243 2152 
2915 2034 2038 2037 
2916 1949 2816 621 
2917 2426 3066 2233 
2918 2695 3141 2230 
2919 2584 3178 3087 
2920 2024 3140 3124 
2921 2245 2704 2258 
2922 2617 2619 2618 
2923 2023 3140 2024 
2924 2573 2584 2035 
2925 1985 2209 1987 
2926 2257 3153 2420 
2927 723 1925 722 
2928 2166 2167 2165 
2929 2221 3230 3139 
2930 2060 2062 2061 
2931 2485 2601 2487 
2932 2275 2276 2242 
2933 2418 3070 2314 
2934 2709 2710 2643 
2935 1998 2000 1999 
2936 2569 3144 2432 
2937 2489 2495 2491 
2938 2484 3143 2485 
2939 2026 2027 2025 
2940 2473 2474 2472 
2941 2485 3143 2601 
2942 2356 3153 2257 
2943 2301 2302 2223 
2944 3248 3263 2143 
2945 2302 3231 3230 
2946 2062 2064 2063 
2947 2489 2490 2488 
2948 2340 2342 2341 
2949 2210 2575 2212 
2950 741 1937 740 
2951 2314 2371 2370 
2952 2373 2375 2374 
2953 2249 2324 2323 
2954 2029 2035 2030 
2955 2150 2354 2353 
2956 2198 2280 2237 
2957 2440 2739 2738 
2958 2693 3226 3198 
2959 647 2384 646 
2960 2049 2051 2050 
2961 2045 2047 2046 
2962 2409 3153 2356 
2963 2494 2500 2492 
2964 2021 3080 2155 
2965 2134 2150 2149 
2966 2841 2938 2645 
2967 2258 3151 2440 
2968 2493 2499 2496 
2969 2391 3177 2649 
2970 2073 3118 2076 
2971 2535 3013 2552 
2972 2210 3155 2575 
2973 2020 2180 2019 
2974 2373 2374 2342 
2975 2163 2169 2164 
2976 2335 3081 2332 
2977 2603 2883 2650 
2978 2537 2579 2465 
2979 2905 3008 2596 
2980 2032 2033 2031 
2981 2324 2387 2325 
2982 2265 3246 2178 
2983 2460 2769 2508 
2984 2421 3124 3060 
2985 2189 2190 2186 
2986 741 2886 1937 
2987 2474 2475 2472 
2988 2463 2465 2290 
2989 2085 2099 2098 
2990 2083 2085 2084 
2991 2206 2207 2190 
2992 2099 2141 2139 
2993 2291 2567 2464 
2994 2677 3004 2678 
2995 2602 3093 2397 
2996 2187 2247 2188 
2997 2034 2036 2033 
2998 2545 2832 2466 
2999 2472 3162 2471 
3000 2180 2181 2019 
3001 2410 2412 2409 
3002 1977 2218 1975 
3003 2416 3097 2011 
3004 2139 2146 2140 
3005 2208 2244 2207 
3006 2693 3198 2570 
3007 2497 3149 2494 
3008 2292 3179 2168 
3009 3068 3235 2569 
3010 2724 2862 2583 
3011 3042 3043 2541 
3012 2610 3127 2303 
3013 2180 2182 2181 
3014 2053 2055 2054 
3015 2605 3186 3168 
3016 2020 3175 2180 
3017 2079 2083 2082 
3018 2167 2544 2165 
3019 2878 2879 2579 
3020 2481 2484 2483 
3021 2480 2795 2475 
3022 3195 3205 3096 
3023 2371 2515 2514 
3024 2348 2697 2350 
3025 2420 3096 2147 
3026 2204 2253 2252 
3027 2354 2466 2353 
3028 2034 3147 2038 
3029 3168 3186 2255 
3030 2150 2353 2149 
3031 2018 2020 2019 
3032 2187 3160 2247 
3033 2489 3137 2495 
3034 3106 3108 3105 
3035 2245 2258 2244 
3036 2024 2025 2022 
3037 2519 3049 2996 
3038 2201 2204 2203 
3039 2072 2073 2071 
3040 2236 3172 2289 
3041 2006 2008 2007 
3042 3087 3147 2032 
3043 2473 2661 2474 
3044 2092 2134 2133 
3045 2181 3165 2019 
3046 2139 2140 2098 
3047 2253 2296 2287 
3048 2158 2572 2156 
3049 2117 2118 2116 
3050 3103 3176 2084 
3051 2168 3179 2172 
3052 2064 2065 2063 
3053 2087 2088 2081 
3054 2041 2044 2040 
3055 2539 3080 3056 
3056 2049 2050 2047 
3057 2247 2290 2248 
3058 2606 2607 2605 
3059 624 2128 623 
3060 3163 3169 2688 
3061 2604 2605 2360 
3062 2532 2534 2374 
3063 2498 2715 2582 
3064 3078 3079 3043 
3065 2172 3179 2275 
3066 2015 2224 2013 
3067 2315 2316 2276 
3068 2193 2196 2195 
3069 3015 3016 2534 
3070 2247 3160 2291 
3071 2078 2330 2075 
3072 2060 2061 2059 
3073 2383 3117 2239 
3074 1999 3152 1996 
3075 2289 2446 2303 
3076 2029 2421 2035 
3077 2340 2341 2339 
3078 2382 2383 2239 
3079 2182 2183 2181 
3080 2009 2010 2008 
3081 2592 2951 2735 
3082 2567 2622 2464 
3083 2134 2149 2133 
3084 2440 3151 2739 
3085 1998 1999 1996 
3086 1991 2220 1993 
3087 2289 2447 2446 
3088 2673 3015 2534 
3089 2066 2067 2065 
3090 2576 3142 2427 
3091 3121 3171 3138 
3092 2694 3277 3029 
3093 2303 3127 2250 
3094 2487 2489 2488 
3095 3229 3250 2687 
3096 2549 3153 2409 
3097 2490 2608 2488 
3098 2441 2667 2666 
3099 2479 2617 2383 
3100 2463 2537 2465 
3101 2521 3049 2519 
3102 2053 2054 2051 
3103 2344 2693 2570 
3104 2441 3095 2667 
3105 2066 2068 2067 
3106 869 1922 868 
3107 2080 3132 2193 
3108 2346 2347 2316 
3109 2314 2370 2141 
3110 2539 3056 3055 
3111 2832 2833 2466 
3112 2062 2063 2061 
3113 2087 3176 3130 
3114 2447 2658 2446 
3115 2017 2018 2016 
3116 1953 2825 2823 
3117 2182 2184 2183 
3118 2068 2070 2069 
3119 2184 2185 2183 
3120 2301 3145 2365 
3121 2494 3149 2500 
3122 2184 2186 2185 
3123 2006 2007 2004 
3124 2133 2135 2093 
3125 2000 2089 1999 
3126 2092 2093 2088 
3127 2353 2363 2149 
3128 2074 3118 2073 
3129 2688 3169 2370 
3130 2484 2485 2483 
3131 2237 3172 2236 
3132 2537 2878 2579 
3133 2606 2858 2607 
3134 2186 2187 2185 
3135 2256 2396 2355 
3136 2146 3169 3163 
3137 3144 3265 2703 
3138 2411 2473 2472 
3139 2200 3152 1999 
3140 2229 2232 2231 
3141 2308 2435 2297 
3142 2702 3029 2431 
3143 2155 3080 2539 
3144 2348 3209 2697 
3145 2606 2859 2858 
3146 2229 2299 2232 
3147 2123 2126 2121 
3148 2038 2344 2042 
3149 2247 2291 2290 
3150 2425 2547 2043 
3151 3110 3138 2549 
3152 2281 2393 2269 
3153 687 2103 686 
3154 2036 3123 2424 
3155 2622 2789 2464 
3156 696 1958 695 
3157 2291 2463 2290 
3158 2207 2255 2190 
3159 2622 2929 2789 
3160 2196 2198 2197 
3161 2070 3255 2072 
3162 3127 3164 2250 
3163 2037 3123 2036 
3164 2375 2532 2374 
3165 871 2104 870 
3166 2099 2139 2098 
3167 2291 2464 2463 
3168 3132 3133 2196 
3169 3120 3216 3119 
3170 2220 2222 2221 
3171 2085 2098 2084 
3172 2087 2092 2088 
3173 2045 2046 2044 
3174 2196 3133 2198 
3175 2193 3132 2196 
3176 2258 2440 2360 
3177 1996 3152 1995 
3178 2264 2297 2230 
3179 2291 3160 2567 
3180 2440 2738 2604 
3181 2532 3009 2673 
3182 2070 2071 2069 
3183 2514 2688 2370 
3184 2015 3122 2224 
3185 2083 2084 2082 
3186 2744 2745 2743 
3187 2204 2252 2203 
3188 2572 3207 3060 
3189 2293 3266 3027 
3190 2196 2197 2195 
3191 2382 2568 2479 
3192 2534 3148 2374 
3193 2216 2382 2239 
3194 2604 2606 2605 
3195 2296 2358 2287 
3196 2862 2863 2583 
3197 2258 2360 2244 
3198 2376 3033 2455 
3199 3121 3195 3171 
3200 3037 3070 2418 
3201 2208 3206 2245 
3202 2092 2133 2093 
3203 2514 2807 2688 
3204 2568 2848 2847 
3205 2193 2195 2194 
3206 2082 2087 2081 
3207 2071 3158 2069 
3208 2059 2080 2058 
3209 2289 2303 2250 
3210 2011 3097 2012 
3211 2485 2487 2486 
3212 2027 3136 2025 
3213 2253 2287 2252 
3214 2487 2488 2486 
3215 2450 2749 2748 
3216 2229 2231 2228 
3217 2036 2424 2043 
3218 2213 2230 2211 
3219 2412 3110 2549 
3220 2532 2673 2534 
3221 922 2864 2307 
3222 2440 2604 2360 
3223 2236 2289 2250 
3224 2365 2602 2397 
3225 2220 2221 1993 
3226 2722 2834 2468 
3227 2407 3190 2408 
3228 3153 3171 2420 
3229 2146 3163 2256 
3230 2466 3154 2353 
3231 2377 3214 2375 
3232 2342 3148 2341 
3233 2169 2173 2170 
3234 2603 2650 1929 
3235 3176 3205 3130 
3236 2203 2249 2202 
3237 2308 2436 2435 
3238 2540 3214 2377 
3239 2551 3205 3195 
3240 2519 2996 2517 
3241 2177 2311 2171 
3242 2089 2200 1999 
3243 2201 2202 2200 
3244 2275 2315 2276 
3245 2425 2696 2680 
3246 2330 3158 2075 
3247 2119 2120 2118 
3248 2450 2674 2387 
3249 2382 2479 2383 
3250 2261 2401 2364 
3251 2672 2815 2658 
3252 2371 2514 2370 
3253 2458 3109 2460 
3254 2199 2226 2194 
3255 2287 2385 2252 
3256 2198 2236 2197 
3257 2339 2343 2337 
3258 2047 3155 2046 
3259 2068 2069 2067 
3260 2163 2164 2160 
3261 2370 3169 2141 
3262 2000 3157 2089 
3263 2452 2576 2427 
3264 2261 2295 2226 
3265 2236 2250 2197 
3266 2364 2427 2295 
3267 2833 3154 2466 
3268 2089 2201 2200 
3269 2315 2346 2316 
3270 2198 2237 2236 
3271 2011 2012 2010 
3272 3009 3022 2673 
3273 1953 2823 655 
3274 2425 2680 2547 
3275 2095 3197 2550 
3276 2374 3148 2342 
3277 2346 2415 2347 
3278 2844 2845 2578 
3279 2190 3166 2186 
3280 1994 1996 1995 
3281 2667 3183 2666 
3282 2256 3163 2396 
3283 2186 3166 2187 
3284 2036 2043 2033 
3285 2162 3150 2166 
3286 2415 2670 2347 
3287 2139 3169 2146 
3288 2566 3250 3229 
3289 2605 3168 2360 
3290 2568 2847 2479 
3291 2391 2441 2413 
3292 2201 2203 2202 
3293 2141 3169 2139 
3294 2187 3166 3160 
3295 2577 2578 2576 
3296 1991 3204 2220 
3297 681 1959 680 
3298 3147 3178 2344 
3299 2522 2523 2521 
3300 2067 2077 2065 
3301 2002 3157 2000 
3302 2353 3154 2363 
3303 2243 2269 2152 
3304 2078 3170 2330 
3305 3188 3207 2572 
3306 2073 2076 2075 
3307 2612 2613 1922 
3308 2063 2422 2061 
3309 2346 2689 2415 
3310 2485 2486 2483 
3311 2310 3134 2177 
3312 2452 2794 2577 
3313 2040 3123 2037 
3314 2795 3162 2475 
3315 3103 3205 3176 
3316 2173 2175 2174 
3317 2249 3184 2324 
3318 2324 2450 2387 
3319 2014 2016 2015 
3320 2294 3207 3188 
3321 2424 2425 2043 
3322 2275 3179 2564 
3323 2447 2672 2658 
3324 2171 3173 2167 
3325 2474 2476 2475 
3326 2073 2075 2071 
3327 2076 2079 2078 
3328 2079 2082 2081 
3329 2050 3155 2047 
3330 2133 3159 2135 
3331 2615 2645 2616 
3332 2412 2549 2409 
3333 2592 2735 2515 
3334 2149 3159 2133 
3335 2751 2752 2750 
3336 2028 3193 2027 
3337 2004 3156 2002 
3338 2363 3159 2149 
3339 2135 3167 2216 
3340 2038 3147 2344 
3341 2116 3197 2109 
3342 2686 3198 3081 
3343 2008 2574 2007 
3344 2244 3168 2207 
3345 2264 2308 2297 
3346 2475 3162 2472 
3347 3016 3148 2534 
3348 2076 2078 2075 
3349 2079 2081 2078 
3350 2082 3176 2087 
3351 2175 2300 2176 
3352 2255 3166 2190 
3353 2633 2635 2634 
3354 3087 3178 3147 
3355 3092 3252 3090 
3356 2195 2199 2194 
3357 2789 3161 2464 
3358 2046 2210 2091 
3359 2344 3178 2693 
3360 2166 3150 2292 
3361 2264 2309 2308 
3362 2679 2782 2610 
3363 2080 2193 2192 
3364 2170 2294 2164 
3365 2441 2666 2413 
3366 2046 3155 2210 
3367 2464 3161 2463 
3368 2176 2228 2174 
3369 3096 3205 3103 
3370 2088 3170 2081 
3371 2014 2015 2013 
3372 2463 3161 2537 
3373 1994 1995 1992 
3374 842 2853 2736 
3375 2025 3175 2022 
3376 3207 3229 2687 
3377 2210 2212 2211 
3378 2199 2261 2226 
3379 3134 3135 2311 
3380 2169 2170 2164 
3381 2167 3173 2544 
3382 2193 2194 2192 
3383 2459 3088 2394 
3384 2551 3195 3121 
3385 2213 2264 2230 
3386 3136 3175 2025 
3387 2209 2682 1987 
3388 2046 2091 2044 
3389 2084 3176 2082 
3390 2450 2748 2674 
3391 3171 3195 2420 
3392 2289 3172 2447 
3393 2733 2819 2587 
3394 3159 3167 2135 
3395 2212 2260 2213 
3396 2007 3156 2004 
3397 2408 3190 2411 
3398 2207 3168 2255 
3399 2197 3164 2195 
3400 2261 2364 2295 
3401 2364 2452 2427 
3402 2275 2564 2315 
3403 2602 3094 3093 
3404 2707 2932 2811 
3405 2015 3165 3122 
3406 2018 2019 2016 
3407 2324 3184 2450 
3408 2109 3197 2095 
3409 2075 3158 2071 
3410 2360 3168 2244 
3411 2481 2483 2482 
3412 2022 3175 2020 
3413 2210 2211 2091 
3414 3386 3490 2757 
3415 2216 3167 2382 
3416 3138 3171 2549 
3417 2080 2192 2058 
3418 2101 2106 2090 
3419 2382 3167 2568 
3420 2528 2530 2529 
3421 2012 2014 2013 
3422 2365 3145 2602 
3423 2212 2213 2211 
3424 2222 2274 2223 
3425 2707 2811 2706 
3426 2631 2632 2630 
3427 2842 2843 2841 
3428 2452 2577 2576 
3429 2547 3181 2043 
3430 2742 2743 2741 
3431 2274 2301 2223 
3432 2607 3186 2605 
3433 2016 3165 2015 
3434 2586 2897 2716 
3435 2744 3192 2745 
3436 1982 1985 1984 
3437 2473 2802 2661 
3438 3003 3035 2670 
3439 2476 2481 2480 
3440 2137 2152 2126 
3441 2378 2391 2379 
3442 3141 3202 2091 
3443 2429 2698 2430 
3444 2992 3006 2993 
3445 2549 3171 3153 
3446 2378 2379 2377 
3447 2577 2844 2578 
3448 2176 2229 2228 
3449 2842 2955 2843 
3450 1993 1994 1992 
3451 2415 3003 2670 
3452 2203 3174 2249 
3453 2481 2482 2480 
3454 2019 3165 2016 
3455 1990 2219 1989 
3456 1983 2090 1981 
3457 2220 3220 2222 
3458 3197 3215 2550 
3459 2081 3170 2078 
3460 2173 2174 2170 
3461 2476 2480 2475 
3462 2033 3181 2031 
3463 2683 3217 2685 
3464 2550 3118 2074 
3465 2311 3173 2171 
3466 3156 3157 2002 
3467 2568 3200 2848 
3468 2666 2668 2413 
3469 2450 3184 2749 
3470 2252 3174 2203 
3471 2250 3164 2197 
3472 2175 2176 2174 
3473 2458 2460 2459 
3474 2385 3174 2252 
3475 2222 2223 2221 
3476 3196 3216 2054 
3477 624 2708 2128 
3478 2294 3188 2164 
3479 2411 3190 2473 
3480 2666 3183 2992 
3481 2158 3188 2572 
3482 2391 2413 2379 
3483 2195 3164 2199 
3484 2666 2992 2668 
3485 2151 3556 2885 
3486 2012 2013 2010 
3487 2708 2821 2128 
3488 2055 3196 2054 
3489 3269 3287 2248 
3490 2570 3198 2686 
3491 2699 2700 2430 
3492 2420 3195 3096 
3493 2278 3226 2426 
3494 2350 2429 2351 
3495 2043 3181 2033 
3496 2351 2352 2349 
3497 2224 3199 2013 
3498 1988 1989 1986 
3499 2327 3180 2274 
3500 3174 3184 2249 
3501 2337 3182 2335 
3502 2502 2513 2327 
3503 793 2974 2251 
3504 2366 3231 2302 
3505 2674 3294 2387 
3506 3252 3256 3090 
3507 2650 2953 2721 
3508 2698 2699 2430 
3509 2274 3180 2301 
3510 2401 3185 2364 
3511 3159 3200 3167 
3512 2343 3182 2337 
3513 1988 1991 1990 
3514 3208 3212 2401 
3515 2992 2993 2668 
3516 3090 3256 2345 
3517 2452 3185 2794 
3518 2293 3197 2116 
3519 2699 2910 2700 
3520 2386 2681 2657 
3521 3198 3226 2331 
3522 2457 2751 2750 
3523 2164 3188 2160 
3524 3265 3276 2703 
3525 2177 3134 2311 
3526 2650 2721 1929 
3527 2118 2293 2116 
3528 2192 3196 2058 
3529 2010 3199 2008 
3530 2031 3193 2028 
3531 1988 1990 1989 
3532 1991 1993 1992 
3533 2279 3221 2333 
3534 2467 2722 2468 
3535 3230 3231 3079 
3536 2742 2744 2743 
3537 3037 3285 2594 
3538 2058 3196 2055 
3539 2422 3224 3194 
3540 2080 3194 3132 
3541 2341 3201 2339 
3542 2701 2765 2613 
3543 3146 3196 2192 
3544 2429 2430 2351 
3545 2532 3214 3009 
3546 3047 3306 2191 
3547 2179 2267 2266 
3548 2061 3194 2059 
3549 2612 2723 2701 
3550 1991 1992 1990 
3551 871 2614 2104 
3552 2633 2634 2632 
3553 2335 3182 3081 
3554 3127 3208 3164 
3555 2160 3188 2158 
3556 3194 3224 3132 
3557 3081 3198 2331 
3558 2260 3189 2213 
3559 2345 3206 2208 
3560 2339 3201 2343 
3561 2261 3208 2401 
3562 3130 3205 2551 
3563 2422 3194 2061 
3564 3127 3212 3208 
3565 2393 2580 2395 
3566 2264 3189 2309 
3567 1985 1986 1984 
3568 1959 2835 680 
3569 2655 2841 2645 
3570 714 2389 713 
3571 2051 3223 2050 
3572 2554 3048 2536 
3573 2550 3215 3085 
3574 2364 3185 2452 
3575 2008 3199 2574 
3576 2234 3221 2279 
3577 2213 3189 2264 
3578 2655 2842 2841 
3579 2783 2785 2784 
3580 2059 3194 2080 
3581 2293 3215 3197 
3582 3167 3200 2568 
3583 2639 2643 2642 
3584 2363 3200 3159 
3585 1958 2726 695 
3586 648 2808 647 
3587 1990 3187 2219 
3588 2612 2701 2613 
3589 2013 3199 2010 
3590 1985 1987 1986 
3591 2747 3192 2744 
3592 2522 3311 2654 
3593 2348 2350 2349 
3594 3160 3210 2567 
3595 2379 2540 2377 
3596 2614 2615 2104 
3597 3223 3237 2050 
3598 2765 2766 2613 
3599 2228 3203 2174 
3600 2473 3190 2802 
3601 2783 2784 1958 
3602 2580 2779 2660 
3603 1987 1988 1986 
3604 2350 2351 2349 
3605 2968 2997 2966 
3606 3158 3225 2069 
3607 2457 2669 2456 
3608 3181 3193 2031 
3609 2657 2943 2565 
3610 2610 3212 3127 
3611 2710 2712 2711 
3612 2091 3202 2044 
3613 2044 3202 2040 
3614 1959 2962 2835 
3615 2152 2227 2126 
3616 2615 2655 2645 
3617 1992 3187 1990 
3618 3043 3231 2541 
3619 2735 3219 2515 
3620 3288 3289 2429 
3621 1982 1984 1983 
3622 2170 3203 2294 
3623 1967 2154 1965 
3624 3102 3220 2682 
3625 2393 2395 2269 
3626 3164 3208 2199 
3627 2101 2348 2143 
3628 3120 3223 3216 
3629 2513 3180 2327 
3630 1995 3187 1992 
3631 2302 3230 2223 
3632 2101 2143 2106 
3633 2514 3219 2807 
3634 3204 3220 2220 
3635 2712 2774 2732 
3636 2611 2612 1922 
3637 3079 3231 3043 
3638 3206 3213 2245 
3639 1983 2101 2090 
3640 2199 3208 2261 
3641 2746 2747 2744 
3642 2040 3202 3123 
3643 3213 3293 2704 
3644 2520 2522 2521 
3645 3146 3216 3196 
3646 2067 3225 2077 
3647 869 2611 1922 
3648 2077 3228 2065 
3649 696 2783 1958 
3650 2255 3210 3166 
3651 2524 2526 2525 
3652 2348 2349 2143 
3653 2460 2820 2769 
3654 2740 2742 2741 
3655 2614 3191 2615 
3656 3186 3210 2255 
3657 2685 3217 3107 
3658 3210 3232 2567 
3659 2174 3203 2170 
3660 2399 2445 2268 
3661 2341 3227 3201 
3662 3166 3210 3160 
3663 3271 3302 2436 
3664 2584 3251 3236 
3665 2782 3212 2610 
3666 2063 3228 2422 
3667 799 2837 798 
3668 2742 2746 2744 
3669 2934 2935 2892 
3670 2567 3232 2622 
3671 2741 3222 2773 
3672 3050 3246 2996 
3673 2634 2675 2641 
3674 2566 3229 3203 
3675 2068 3240 2070 
3676 2580 2660 2395 
3677 2333 3221 2457 
3678 2515 3219 2514 
3679 2299 3239 2232 
3680 3016 3227 3148 
3681 2333 2457 2456 
3682 2069 3225 2067 
3683 2746 2759 2747 
3684 2682 3220 3204 
3685 2054 3223 2051 
3686 3142 3249 2428 
3687 2784 3218 1958 
3688 815 2761 2760 
3689 3232 3234 2622 
3690 2375 3214 2532 
3691 2384 2830 646 
3692 2331 3226 2278 
3693 2526 2528 2527 
3694 1982 1983 1981 
3695 3119 3216 3146 
3696 2615 3191 2655 
3697 3293 3302 2704 
3698 3174 3211 3184 
3699 3132 3224 3133 
3700 1988 3204 1991 
3701 2639 2642 2637 
3702 3148 3227 2341 
3703 2634 2641 2632 
3704 2682 3204 1987 
3705 2722 3001 2834 
3706 2386 2657 2565 
3707 1976 2235 1978 
3708 3236 3251 2426 
3709 2457 2750 2669 
3710 2743 3222 2741 
3711 2385 3211 3174 
3712 2710 2711 2643 
3713 3186 3232 3210 
3714 1984 3209 1983 
3715 2283 2284 2100 
3716 3139 3230 3079 
3717 2007 3235 3156 
3718 3184 3211 2749 
3719 2457 3221 2751 
3720 1987 3204 1988 
3721 3155 3237 2575 
3722 2695 3242 3141 
3723 2065 3228 2063 
3724 2677 3058 3018 
3725 3156 3235 3068 
3726 1980 1982 1981 
3727 2732 2948 2711 
3728 2234 3239 3221 
3729 2712 2732 2711 
3730 2622 3234 2929 
3731 3216 3223 2054 
3732 3142 3254 3249 
3733 2541 3231 2366 
3734 2584 3236 3178 
3735 3209 3238 2697 
3736 3120 3237 3223 
3737 2684 3284 3026 
3738 2101 3209 2348 
3739 3126 3286 3276 
3740 2284 3245 2100 
3741 2586 2587 2381 
3742 1980 1981 1979 
3743 2522 2524 2523 
3744 1958 3218 2726 
3745 2607 3234 3232 
3746 1966 2225 1968 
3747 802 2381 801 
3748 1983 3209 2101 
3749 2294 3229 3207 
3750 2690 3263 3248 
3751 2996 3246 2517 
3752 3141 3242 3202 
3753 2845 3267 2578 
3754 1970 1971 1969 
3755 2425 3253 2696 
3756 1989 3238 1986 
3757 3226 3236 2426 
3758 3203 3229 2294 
3759 2898 3403 2144 
3760 1972 1973 1971 
3761 2558 2561 2556 
3762 2317 3058 2677 
3763 3202 3242 3123 
3764 905 2717 904 
3765 2673 3258 3015 
3766 1968 1969 1967 
3767 2435 3264 2297 
3768 2695 3253 3242 
3769 3066 3250 2566 
3770 1989 3259 3238 
3771 2299 3244 3239 
3772 2232 3239 2234 
3773 2607 3232 3186 
3774 1978 1979 1977 
3775 1974 1975 1973 
3776 2212 3254 2260 
3777 2858 3234 2607 
3778 3126 3276 3122 
3779 1984 3238 3209 
3780 2205 3272 2416 
3781 815 2760 814 
3782 2578 3262 2576 
3783 2436 3599 2915 
3784 1978 1980 1979 
3785 2574 3235 2007 
3786 2716 2733 2587 
3787 3015 3241 3016 
3788 2352 3248 2349 
3789 2716 2734 2733 
3790 3178 3236 2693 
3791 2690 2691 2399 
3792 2050 3237 3155 
3793 3254 3262 2260 
3794 1986 3238 1984 
3795 2790 3088 2459 
3796 1976 1977 1975 
3797 2272 2908 2772 
3798 2191 3240 2068 
3799 2465 3269 2290 
3800 3221 3239 2751 
3801 3123 3242 2424 
3802 2677 3018 3004 
3803 2729 2731 2730 
3804 1972 1974 1973 
3805 3237 3249 2575 
3806 1972 2110 1974 
3807 1974 1976 1975 
3808 1976 1978 1977 
3809 2668 3261 2413 
3810 1968 1970 1969 
3811 2751 3244 2752 
3812 2879 3278 2579 
3813 1970 1972 1971 
3814 2346 3268 2689 
3815 3193 3252 3092 
3816 3064 3273 3074 
3817 2586 2716 2587 
3818 2721 3243 1929 
3819 819 1946 818 
3820 1963 2283 2100 
3821 3181 3252 3193 
3822 2267 2399 2268 
3823 2296 3277 2358 
3824 2564 3268 2315 
3825 2693 3236 3226 
3826 1969 3257 1967 
3827 629 2506 628 
3828 3253 3264 2696 
3829 1963 2100 1964 
3830 3016 3273 3227 
3831 2578 3267 3262 
3832 3029 3277 2431 
3833 3242 3253 2424 
3834 2878 3505 2879 
3835 3071 3299 2590 
3836 2687 3250 2573 
3837 2517 3246 2265 
3838 2121 3279 2120 
3839 2438 2439 2284 
3840 2426 3251 3066 
3841 2118 3266 2293 
3842 3238 3259 2697 
3843 2574 3265 3144 
3844 2143 3263 2106 
3845 3101 3280 2292 
3846 2428 3249 3120 
3847 2292 3280 3179 
3848 2770 3524 2876 
3849 3250 3251 2573 
3850 3291 3297 2280 
3851 2573 3251 2584 
3852 3120 3249 3237 
3853 810 2644 809 
3854 2530 2663 2646 
3855 3029 3287 3269 
3856 2402 2656 2653 
3857 3066 3251 3250 
3858 2379 3261 2540 
3859 672 2501 671 
3860 1966 1968 1967 
3861 3249 3254 2575 
3862 2547 3256 3252 
3863 2845 3275 3267 
3864 2547 3252 3181 
3865 3227 3273 3064 
3866 2438 2504 2439 
3867 2689 3283 2415 
3868 3239 3244 2751 
3869 2424 3253 2425 
3870 2461 2586 2381 
3871 3199 3265 2574 
3872 2575 3254 2212 
3873 802 2461 2381 
3874 757 2417 756 
3875 1929 3243 847 
3876 1946 1963 1961 
3877 2349 3248 2143 
3878 2620 3304 3071 
3879 1967 3257 2154 
3880 3228 3284 2422 
3881 2680 3256 2547 
3882 3142 3262 3254 
3883 3240 3255 2070 
3884 1976 3247 2235 
3885 2267 2690 2399 
3886 905 2852 2717 
3887 2875 3493 2113 
3888 1966 1967 1965 
3889 3022 3258 2673 
3890 2227 3279 2126 
3891 2350 3288 2429 
3892 2419 3286 3126 
3893 2387 3292 2325 
3894 2219 3259 1989 
3895 2413 3261 2379 
3896 2675 3260 2641 
3897 2297 3264 2695 
3898 3133 3291 2280 
3899 2417 2768 2676 
3900 2362 2599 2437 
3901 2704 3302 3151 
3902 2684 3291 3284 
3903 2576 3262 3142 
3904 2106 3263 2179 
3905 2522 2654 2524 
3906 2695 3264 3253 
3907 3112 3289 3288 
3908 3276 3286 2703 
3909 2267 3263 2690 
3910 2224 3265 3199 
3911 2224 3276 3265 
3912 629 2591 2506 
3913 2439 3245 2284 
3914 2120 3266 2118 
3915 2248 3287 2419 
3916 2528 2621 2530 
3917 2315 3268 2346 
3918 2980 3359 1935 
3919 2590 3297 2589 
3920 1974 3247 1976 
3921 2179 3263 2267 
3922 3026 3284 3228 
3923 3262 3267 2260 
3924 2597 3245 2439 
3925 2919 3631 2766 
3926 2620 3305 3304 
3927 2290 3269 2248 
3928 2138 3451 708 
3929 2260 3267 3189 
3930 3071 3304 3299 
3931 2110 3247 1974 
3932 2416 3272 3099 
3933 2419 3287 3286 
3934 3151 3271 2739 
3935 2505 2597 2439 
3936 3112 3288 3259 
3937 2431 3277 2296 
3938 3122 3276 2224 
3939 2499 3301 2496 
3940 2498 3301 2715 
3941 2600 3527 2903 
3942 2579 3278 2694 
3943 3189 3275 2309 
3944 758 2986 1939 
3945 3192 3443 2745 
3946 2592 3303 2951 
3947 2831 2892 2809 
3948 2504 2648 2505 
3949 2126 3279 2121 
3950 2152 3296 2227 
3951 2395 3296 2269 
3952 3267 3275 3189 
3953 929 3324 928 
3954 2395 3312 3296 
3955 2362 2437 2282 
3956 748 3308 1954 
3957 2831 2934 2892 
3958 1980 3290 3073 
3959 1964 1966 1965 
3960 3179 3280 2564 
3961 1966 3274 2225 
3962 2668 3306 3261 
3963 3241 3273 3016 
3964 2415 3283 3003 
3965 1978 3290 1980 
3966 1946 1960 818 
3967 3038 3285 3037 
3968 1964 1965 1961 
3969 2317 2677 2319 
3970 1963 1964 1961 
3971 2703 3286 2702 
3972 3303 3312 2660 
3973 2368 2453 2369 
3974 2320 3315 2368 
3975 2885 2905 2596 
3976 3245 3274 2100 
3977 3286 3287 2702 
3978 2768 2926 2676 
3979 2422 3284 3224 
3980 3281 3282 2663 
3981 2684 3297 3291 
3982 2100 3274 1964 
3983 2447 3305 2672 
3984 3259 3288 2697 
3985 2702 3287 3029 
3986 2504 2505 2439 
3987 2590 3299 3297 
3988 2697 3288 2350 
3989 2429 3289 2698 
3990 2855 3504 3316 
3991 2435 3293 3264 
3992 2588 3289 3112 
3993 2435 3302 3293 
3994 3289 3292 2698 
3995 2780 2781 2448 
3996 2387 3294 3292 
3997 3261 3306 3047 
3998 2588 3292 3289 
3999 2325 3292 2588 
4000 2470 2885 2596 
4001 1963 3270 2283 
4002 2648 2652 2505 
4003 3284 3291 3224 
4004 1946 1961 1960 
4005 2235 3290 1978 
4006 3474 3500 2814 
4007 2417 2448 756 
4008 890 3597 889 
4009 2698 3294 2699 
4010 2696 3293 3213 
4011 2530 3281 2663 
4012 3224 3291 3133 
4013 1947 3317 2958 
4014 2417 2676 2448 
4015 1964 3274 1966 
4016 2621 3281 2530 
4017 2269 3296 2152 
4018 2589 3297 2684 
4019 3264 3293 2696 
4020 2780 2954 2781 
4021 2676 2780 2448 
4022 2272 3233 2908 
4023 2827 2983 2595 
4024 3309 3310 2251 
4025 3048 3383 2788 
4026 2979 3398 2977 
4027 3012 3312 2593 
4028 2280 3299 2237 
4029 3296 3312 3012 
4030 2496 3301 2498 
4031 2396 3316 2355 
4032 2436 3302 2435 
4033 612 2392 611 
4034 2593 3303 2592 
4035 2807 3526 2881 
4036 3299 3304 2237 
4037 3297 3299 2280 
4038 2533 3327 2945 
4039 2520 3311 2522 
4040 3292 3294 2698 
4041 792 3343 791 
4042 2237 3304 3172 
4043 2980 3424 3359 
4044 879 2449 878 
4045 3304 3305 3172 
4046 828 3300 827 
4047 1970 3319 3024 
4048 2599 2778 2437 
4049 3172 3305 2447 
4050 2780 3467 2954 
4051 2896 3616 2895 
4052 2368 3315 2454 
4053 2995 3385 2526 
4054 2993 3306 2668 
4055 2442 2651 2321 
4056 1954 3308 2970 
4057 2849 3429 2449 
4058 936 3307 935 
4059 889 3321 888 
4060 2974 3309 2251 
4061 2305 3357 3347 
4062 2918 3311 2520 
4063 1968 3319 1970 
4064 2437 2600 2282 
4065 2270 3374 937 
4066 2691 3453 2969 
4067 2678 3315 2319 
4068 2660 3312 2395 
4069 1924 3313 732 
4070 2454 2874 2453 
4071 732 3313 731 
4072 2304 3424 2910 
4073 699 3314 698 
4074 2453 3298 2470 
4075 943 2271 942 
4076 2214 2282 2277 
4077 2988 3365 2640 
4078 2214 3410 2362 
4079 698 3314 1940 
4080 2922 3399 1938 
4081 2766 3496 3135 
4082 2225 3322 3011 
4083 3573 3580 2797 
4084 2268 3406 2926 
4085 2319 3315 2320 
4086 2355 3316 2407 
4087 776 3351 775 
4088 2306 3376 3002 
4089 2874 3298 2453 
4090 2970 3358 2967 
4091 2713 3295 2599 
4092 2599 3295 2778 
4093 2597 3337 3322 
4094 3314 3579 1940 
4095 936 3374 3307 
4096 2368 2454 2453 
4097 2251 3343 792 
4098 2985 3335 2978 
4099 888 3321 2671 
4100 2598 3337 3323 
4101 788 2857 787 
4102 2943 3389 658 
4103 662 3341 661 
4104 2650 3334 2953 
4105 2814 3330 665 
4106 2882 3481 2404 
4107 2597 3322 3245 
4108 665 3330 664 
4109 2318 3364 2124 
4110 3274 3322 2225 
4111 2948 3517 2112 
4112 2652 3323 2505 
4113 2920 3511 2747 
4114 2940 3499 3442 
4115 878 3533 877 
4116 2715 3318 2582 
4117 2951 3438 1941 
4118 3348 3597 890 
4119 2474 3338 2476 
4120 2470 3298 2885 
4121 2225 3319 1968 
4122 928 3324 2828 
4123 2638 3325 2639 
4124 3002 3364 2651 
4125 2635 3344 2634 
4126 1959 3490 2962 
4127 2483 3346 2482 
4128 2959 3381 2957 
4129 854 3333 853 
4130 2731 3501 2869 
4131 3154 3349 2363 
4132 3578 3616 2896 
4133 2462 3333 854 
4134 2758 3426 3270 
4135 883 3388 882 
4136 3200 3349 2848 
4137 3260 3622 3351 
4138 3145 3350 2602 
4139 2412 3535 3110 
4140 2509 3567 2941 
4141 2895 3447 2876 
4142 2606 3353 2859 
4143 2738 3353 2604 
4144 2443 3459 3415 
4145 2810 3320 3000 
4146 2803 3448 2705 
4147 2389 3402 2728 
4148 2449 3533 878 
4149 1950 3456 2929 
4150 2987 3354 796 
4151 2748 3403 2898 
4152 3245 3322 3274 
4153 2495 3355 2491 
4154 2797 3580 2240 
4155 3322 3337 3011 
4156 2493 3355 2499 
4157 3011 3337 2562 
4158 2621 3385 3331 
4159 2762 3329 2812 
4160 2639 3325 2709 
4161 2899 3529 2661 
4162 2505 3323 2597 
4163 1960 3412 2888 
4164 2640 3365 2631 
4165 2633 3365 2636 
4166 2665 3569 2946 
4167 2509 3339 2510 
4168 2924 3491 1956 
4169 2511 3494 3328 
4170 2691 3358 2399 
4171 2955 3340 2894 
4172 2635 3444 3344 
4173 1957 3602 3059 
4174 2132 3354 2975 
4175 2977 3505 2976 
4176 2728 3402 3086 
4177 2385 3335 3211 
4178 2706 3361 2803 
4179 670 3474 669 
4180 688 3381 687 
4181 2799 3561 2903 
4182 2895 3616 3447 
4183 3017 3370 2617 
4184 687 3381 2103 
4185 2813 3326 3028 
4186 2443 3324 929 
4187 2137 3376 2306 
4188 2124 3376 2123 
4189 2310 3497 3134 
4190 2856 3626 1930 
4191 2608 3371 2488 
4192 844 3375 1934 
4193 822 3482 821 
4194 2577 3372 2844 
4195 2214 2277 941 
4196 2915 3378 2912 
4197 2277 3460 3000 
4198 2299 3623 2893 
4199 634 3327 2533 
4200 2893 3623 2300 
4201 766 3329 2469 
4202 2815 3377 2658 
4203 664 3330 2942 
4204 917 3528 916 
4205 2798 3332 807 
4206 853 3333 2904 
4207 2883 3334 2650 
4208 2768 3492 2926 
4209 2554 3383 3048 
4210 711 3512 710 
4211 1930 3626 903 
4212 712 3512 711 
4213 2561 3383 2556 
4214 2259 3609 2880 
4215 2669 3469 3457 
4216 2747 3605 2920 
4217 2526 3385 2528 
4218 2978 3335 2979 
4219 2646 3408 2529 
4220 2700 3395 2430 
4221 2351 3395 2352 
4222 770 3336 769 
4223 2928 3427 1924 
4224 3086 3402 2609 
4225 2630 3495 2923 
4226 2510 3339 2707 
4227 2902 3528 917 
4228 3083 3369 2357 
4229 2921 3460 2600 
4230 684 3477 683 
4231 3094 3375 2254 
4232 2410 3405 2412 
4233 3278 3398 2358 
4234 2661 3338 2474 
4235 2964 3369 2965 
4236 2443 3603 3324 
4237 725 3357 2305 
4238 2642 3414 3036 
4239 726 3357 725 
4240 2987 3534 3354 
4241 2512 3341 662 
4242 2477 3528 2902 
4243 789 3587 788 
4244 2643 3414 2642 
4245 2651 3364 2321 
4246 2154 3412 1965 
4247 2948 3414 2711 
4248 2634 3344 2675 
4249 3275 3378 2309 
4250 3338 3560 2476 
4251 3191 3418 2655 
4252 2611 3471 2965 
4253 2486 3346 2483 
4254 3275 3619 3378 
4255 3310 3343 2251 
4256 3163 3422 2396 
4257 2739 3347 2738 
4258 2807 3422 2688 
4259 2786 3348 876 
4260 2844 3399 2845 
4261 2676 3406 2780 
4262 2537 3427 2878 
4263 1961 3412 1960 
4264 882 3388 2805 
4265 2401 3428 3185 
4266 2782 3428 3212 
4267 2363 3349 3200 
4268 809 3630 808 
4269 2125 3478 943 
4270 2975 3552 2900 
4271 2644 3630 809 
4272 2254 3375 845 
4273 3387 3487 1955 
4274 2414 3592 3035 
4275 775 3351 2875 
4276 3465 3475 2752 
4277 2834 3439 2468 
4278 764 3584 2241 
4279 2402 3426 2656 
4280 2602 3350 3094 
4281 795 3354 2132 
4282 2560 3583 3577 
4283 3303 3438 2951 
4284 3344 3444 2937 
4285 2713 3556 3373 
4286 743 3359 2304 
4287 744 3359 743 
4288 2619 3442 2620 
4289 3005 3411 2851 
4290 3183 3411 3005 
4291 2657 3389 2943 
4292 606 3569 2665 
4293 3315 3363 2454 
4294 1948 3454 849 
4295 2604 3353 2606 
4296 3270 3426 2283 
4297 902 3626 2145 
4298 3323 3337 2597 
4299 940 2585 939 
4300 3115 3452 2913 
4301 2357 3369 2964 
4302 2642 3444 2637 
4303 2112 3517 771 
4304 3143 3487 3387 
4305 2138 3518 3377 
4306 3574 3618 2796 
4307 1962 3356 2988 
4308 2400 3482 2935 
4309 2669 3457 2720 
4310 2352 3453 3248 
4311 2491 3355 2493 
4312 796 3354 795 
4313 2801 3586 3482 
4314 2916 3553 3033 
4315 2754 3463 2756 
4316 3110 3466 2545 
4317 3341 3574 661 
4318 2740 3455 2742 
4319 1921 3357 726 
4320 3352 3598 2873 
4321 3332 3432 803 
4322 2486 3371 3346 
4323 2955 3590 1943 
4324 2956 3420 2759 
4325 1935 3359 744 
4326 2518 3492 2918 
4327 2998 3531 2533 
4328 2104 3471 870 
4329 2399 3358 2445 
4330 2111 3589 602 
4331 2690 3453 2691 
4332 914 3462 913 
4333 2897 3472 2716 
4334 2731 3476 2810 
4335 3333 3578 2904 
4336 2600 3561 2921 
4337 2859 3394 2858 
4338 2854 3614 2853 
4339 3001 3540 2306 
4340 2750 3475 3469 
4341 2923 3495 2924 
4342 788 3587 2857 
4343 3404 3489 2129 
4344 2311 3496 3173 
4345 2240 3580 3472 
4346 3173 3498 2544 
4347 825 3582 824 
4348 2533 3531 633 
4349 3362 3624 2907 
4350 2743 3497 3222 
4351 2811 3361 2706 
4352 2821 3560 3338 
4353 2641 3495 2632 
4354 824 3582 823 
4355 640 3362 2478 
4356 2779 3438 2660 
4357 1931 3559 2973 
4358 2321 3364 2318 
4359 2965 3471 2616 
4360 2259 3458 934 
4361 3357 3554 3347 
4362 667 3474 666 
4363 2631 3365 2633 
4364 2957 3381 688 
4365 678 3480 677 
4366 2565 3480 678 
4367 1950 3394 729 
4368 2836 3537 650 
4369 2105 3368 768 
4370 3190 3504 2802 
4371 1939 3520 757 
4372 911 3373 2151 
4373 3305 3442 2672 
4374 2790 3549 3059 
4375 3378 3619 2914 
4376 2306 3540 2243 
4377 2281 3540 2444 
4378 2678 3363 3315 
4379 2511 3620 3494 
4380 2681 3434 3318 
4381 669 3474 667 
4382 2946 3506 2769 
4383 2358 3530 2287 
4384 3162 3550 3218 
4385 756 3515 755 
4386 2629 3552 2640 
4387 2819 3541 2587 
4388 2617 3370 2619 
4389 2653 3563 2438 
4390 3359 3424 2304 
4391 3149 3632 2500 
4392 3048 3607 2503 
4393 2298 3571 3083 
4394 686 3382 685 
4395 2380 3441 816 
4396 2920 3605 3007 
4397 868 3631 2919 
4398 3415 3603 2443 
4399 1922 3631 868 
4400 2481 3560 2484 
4401 2229 3623 2299 
4402 2766 3631 2613 
4403 930 3459 2443 
4404 2347 3601 2316 
4405 2300 3623 2176 
4406 2900 3552 2627 
4407 801 3541 2136 
4408 2827 3557 2909 
4409 2436 3452 3271 
4410 2308 3599 2436 
4411 2488 3371 2486 
4412 2381 3541 801 
4413 2560 3577 2558 
4414 685 3382 2388 
4415 2794 3372 2577 
4416 2385 3530 3335 
4417 679 3575 2386 
4418 2445 3406 2268 
4419 937 3374 936 
4420 751 3390 750 
4421 845 3375 844 
4422 2792 3390 751 
4423 757 3520 2417 
4424 2123 3376 2137 
4425 857 3367 2770 
4426 2448 3515 756 
4427 2238 3380 2831 
4428 2658 3377 3086 
4429 2710 3542 2712 
4430 2912 3378 2914 
4431 2495 3544 3355 
4432 2246 3569 607 
4433 3316 3504 2407 
4434 823 3582 2801 
4435 3397 3607 2838 
4436 2721 3379 3243 
4437 2916 3481 2719 
4438 2582 3434 2962 
4439 2952 3475 3465 
4440 3034 3481 2916 
4441 2103 3382 686 
4442 3427 3576 1924 
4443 2765 3496 2766 
4444 642 3407 641 
4445 2927 3539 2737 
4446 893 3384 892 
4447 2556 3383 2554 
4448 770 3517 3336 
4449 2272 3532 3233 
4450 3028 3573 2763 
4451 2931 3574 3341 
4452 2852 3433 2717 
4453 2282 3460 2277 
4454 2774 3393 3326 
4455 2528 3385 2621 
4456 2983 3608 2442 
4457 2973 3559 2679 
4458 3335 3530 2979 
4459 602 3589 601 
4460 3320 3572 3514 
4461 601 3589 2467 
4462 2724 3386 2862 
4463 3426 3510 2656 
4464 3143 3387 2601 
4465 2437 3527 2600 
4466 887 3400 886 
4467 730 3456 1950 
4468 2506 3567 2509 
4469 3082 3488 3222 
4470 2882 3431 2856 
4471 2802 3548 2661 
4472 750 3390 2285 
4473 658 3389 657 
4474 3515 3568 3562 
4475 2671 3400 887 
4476 3233 3532 2714 
4477 2750 3469 2669 
4478 2718 3553 2916 
4479 710 3425 709 
4480 2667 3411 3183 
4481 2712 3393 2774 
4482 3313 3456 731 
4483 2681 3575 3434 
4484 3334 3601 2347 
4485 729 3394 728 
4486 3282 3391 2663 
4487 615 3396 614 
4488 2430 3395 2351 
4489 2749 3403 2748 
4490 3342 3458 2259 
4491 2362 3410 2659 
4492 2502 3397 2513 
4493 2879 3398 3278 
4494 2844 3606 3399 
4495 3404 3588 3489 
4496 3515 3562 755 
4497 2400 3510 2758 
4498 2663 3435 2646 
4499 2467 3401 2722 
4500 2909 3608 2827 
4501 2931 3618 3574 
4502 2609 3402 2679 
4503 2876 3524 861 
4504 3233 3588 2648 
4505 2861 3446 945 
4506 2853 3614 2736 
4507 3339 3523 2707 
4508 2471 3405 2410 
4509 3348 3485 875 
4510 2648 3404 2652 
4511 2806 3523 3339 
4512 632 3531 2531 
4513 2529 3408 3019 
4514 2926 3406 2676 
4515 2709 3409 2710 
4516 3260 3479 2641 
4517 3309 3445 3310 
4518 2872 3418 2367 
4519 3129 3498 2701 
4520 834 3489 2714 
4521 835 3489 834 
4522 3409 3610 2136 
4523 2851 3411 2767 
4524 3386 3477 2388 
4525 2711 3414 2643 
4526 2721 3440 3379 
4527 2678 3516 3363 
4528 1965 3412 1961 
4529 2598 3583 2560 
4530 1957 3416 613 
4531 2747 3511 3192 
4532 2951 3417 2735 
4533 2655 3418 2842 
4534 2454 3629 2874 
4535 671 3500 670 
4536 2760 3473 2762 
4537 3440 3592 2414 
4538 660 3574 2796 
4539 2708 3486 2821 
4540 2733 3542 2819 
4541 943 3478 2271 
4542 673 3547 672 
4543 2390 3420 2896 
4544 2273 3430 700 
4545 3355 3544 2933 
4546 2869 3501 2307 
4547 700 3430 699 
4548 945 3446 944 
4549 2624 3445 2626 
4550 2679 3559 2782 
4551 2681 3421 2657 
4552 1923 3475 2952 
4553 3218 3550 2726 
4554 2652 3419 3323 
4555 2949 3423 2950 
4556 2688 3422 3163 
4557 2762 3473 3329 
4558 2501 3500 671 
4559 2752 3475 2750 
4560 2701 3498 2765 
4561 2737 3539 3413 
4562 3413 3539 2942 
4563 2893 3581 2299 
4564 672 3547 2501 
4565 2755 3536 3095 
4566 2910 3424 2700 
4567 2761 3441 3392 
4568 2283 3426 2402 
4569 2652 3449 3419 
4570 3161 3427 2537 
4571 3457 3469 2981 
4572 3212 3428 2401 
4573 3439 3503 2753 
4574 2647 3445 2624 
4575 3329 3473 2469 
4576 3295 3628 912 
4577 3469 3475 1923 
4578 3422 3591 2396 
4579 3318 3434 2582 
4580 2915 3599 3378 
4581 811 3436 810 
4582 2887 3435 2380 
4583 2626 3445 3309 
4584 2883 3601 3334 
4585 784 3621 2623 
4586 3330 3413 2942 
4587 2455 3433 3177 
4588 779 3491 2901 
4589 2981 3469 1923 
4590 2962 3434 2835 
4591 3323 3419 2598 
4592 780 3491 779 
4593 2674 3483 2944 
4594 2468 3439 2753 
4595 2238 3615 3380 
4596 2729 3501 2731 
4597 3313 3576 2789 
4598 699 3430 3314 
4599 3437 3563 2653 
4600 3390 3568 3566 
4601 2656 3510 2934 
4602 2667 3536 3411 
4603 810 3436 2644 
4604 2908 3437 2772 
4605 2404 3481 3034 
4606 931 3459 930 
4607 3321 3429 2671 
4608 2953 3440 2721 
4609 3399 3606 1938 
4610 3545 3585 2103 
4611 2753 3503 2909 
4612 2868 3415 3342 
4613 753 3593 752 
4614 3336 3555 2105 
4615 944 3446 2125 
4616 2637 3444 2635 
4617 3482 3586 2935 
4618 915 3528 2477 
4619 2660 3438 3303 
4620 3401 3484 2722 
4621 933 3458 2777 
4622 2791 3484 3401 
4623 2657 3421 3389 
4624 626 3448 1955 
4625 3000 3460 2921 
4626 2728 3518 2727 
4627 3513 3618 3480 
4628 2502 3607 3397 
4629 856 3470 855 
4630 2770 3470 856 
4631 2600 3460 2282 
4632 3282 3392 3391 
4633 708 3451 707 
4634 2913 3452 2915 
4635 611 3565 610 
4636 755 3562 754 
4637 2709 3610 3409 
4638 3411 3536 2767 
4639 2670 3592 2953 
4640 2773 3454 1948 
4641 2620 3442 3305 
4642 934 3458 933 
4643 2952 3465 2925 
4644 2961 3468 2273 
4645 3248 3453 2690 
4646 2396 3591 3316 
4647 3380 3437 2653 
4648 2736 3614 3397 
4649 2145 3457 2981 
4650 2742 3455 2746 
4651 2798 3432 3332 
4652 752 3593 2792 
4653 731 3456 730 
4654 2477 3462 914 
4655 2872 3590 3418 
4656 2756 3463 2800 
4657 2367 3461 894 
4658 3347 3554 2738 
4659 3392 3521 2761 
4660 2545 3466 2832 
4661 3222 3488 2773 
4662 2380 3435 3391 
4663 3391 3435 2663 
4664 3418 3590 2842 
4665 3582 3586 2801 
4666 2679 3596 2973 
4667 2792 3568 3390 
4668 3434 3575 2835 
4669 855 3470 2462 
4670 2648 3588 3404 
4671 666 3474 2814 
4672 2616 3471 2104 
4673 2722 3484 3001 
4674 2388 3477 684 
4675 3316 3591 2818 
4676 2716 3472 2734 
4677 2389 3596 3402 
4678 821 3482 2400 
4679 3392 3441 3391 
4680 3161 3576 3427 
4681 2758 3510 3426 
4682 677 3480 2507 
4683 2942 3539 2512 
4684 2241 3584 3282 
4685 2748 3483 2674 
4686 2719 3481 2882 
4687 2455 3553 3433 
4688 2285 3566 2954 
4689 891 3485 890 
4690 2444 3484 2791 
4691 2129 3489 835 
4692 2601 3570 3137 
4693 3282 3584 3392 
4694 2484 3486 3143 
4695 2273 3468 3430 
4696 2738 3554 3353 
4697 2451 3488 3082 
4698 3392 3584 2764 
4699 833 3532 832 
4700 2403 3492 2518 
4701 3577 3583 2822 
4702 3508 3581 2894 
4703 2714 3532 833 
4704 2512 3564 3341 
4705 3393 3542 2733 
4706 2640 3534 2988 
4707 2943 3513 2565 
4708 2392 3565 611 
4709 1956 3491 780 
4710 2105 3555 3502 
4711 3480 3618 2507 
4712 2561 3522 3383 
4713 2632 3495 2630 
4714 2874 3629 3464 
4715 3135 3496 2311 
4716 2863 3585 3545 
4717 2745 3497 2743 
4718 2544 3498 3129 
4719 2894 3581 2893 
4720 1924 3576 3313 
4721 2959 3545 3381 
4722 861 3524 860 
4723 1928 3499 2940 
4724 916 3528 915 
4725 2585 3519 3320 
4726 2672 3499 2815 
4727 3372 3606 2844 
4728 3378 3599 2309 
4729 3429 3533 2449 
4730 3340 3508 2894 
4731 938 3514 2270 
4732 2623 3543 2647 
4733 2980 3617 3424 
4734 890 3485 3348 
4735 3388 3558 2805 
4736 3405 3535 2412 
4737 2407 3504 3190 
4738 2769 3506 2771 
4739 2822 3583 2839 
4740 2976 3505 2142 
4741 2868 3603 3415 
4742 2827 3608 2983 
4743 2783 3509 2785 
4744 3244 3508 2752 
4745 2774 3555 2732 
4746 2925 3465 3340 
4747 1938 3606 2989 
4748 791 3594 790 
4749 3004 3516 2678 
4750 3095 3536 2667 
4751 2700 3617 3395 
4752 771 3517 770 
4753 3007 3605 2759 
4754 2781 3515 2448 
4755 877 3533 2786 
4756 2469 3521 2764 
4757 2788 3522 2787 
4758 2875 3622 3493 
4759 2417 3520 2768 
4760 2707 3523 2932 
4761 1926 3525 2960 
4762 2507 3618 2931 
4763 886 3558 885 
4764 2737 3547 673 
4765 830 3615 2238 
4766 3424 3617 2700 
4767 3307 3609 2259 
4768 633 3531 632 
4769 2734 3580 3028 
4770 2287 3530 2385 
4771 832 3532 2272 
4772 2661 3529 3338 
4773 2763 3573 2361 
4774 874 3538 873 
4775 2754 3612 3463 
4776 2988 3534 2987 
4777 3493 3622 2675 
4778 2785 3535 2784 
4779 2254 3613 3094 
4780 2904 3578 2956 
4781 2243 3540 2281 
4782 2767 3536 2755 
4783 2764 3521 3392 
4784 3059 3602 2779 
4785 2531 3598 3352 
4786 2857 3587 3328 
4787 2587 3541 2381 
4788 3010 3549 2790 
4789 2908 3627 3563 
4790 2826 3634 2827 
4791 3399 3619 2845 
4792 3401 3625 2791 
4793 2740 3604 3455 
4794 2778 3527 2437 
4795 2881 3591 3422 
4796 3391 3441 2380 
4797 3400 3558 886 
4798 3244 3581 3508 
4799 2277 3519 941 
4800 2627 3552 2629 
4801 2840 3600 609 
4802 2785 3509 3466 
4803 2795 3550 3162 
4804 2129 3449 3404 
4805 3033 3553 2455 
4806 609 3600 608 
4807 3367 3524 2770 
4808 3344 3493 2675 
4809 2648 3627 3233 
4810 889 3597 3321 
4811 2954 3566 2781 
4812 3094 3613 3093 
4813 790 3594 2511 
4814 2461 3595 3104 
4815 3326 3502 2774 
4816 2713 3628 3295 
4817 2813 3502 3326 
4818 2476 3560 2481 
4819 3373 3556 2151 
4820 2438 3563 2504 
4821 2930 3564 2927 
4822 2097 3611 2999 
4823 607 3569 606 
4824 3328 3587 2511 
4825 3353 3554 1921 
4826 610 3565 2840 
4827 3129 3571 2298 
4828 661 3574 660 
4829 3404 3449 2652 
4830 3361 3570 2803 
4831 2386 3575 2681 
4832 2880 3609 2870 
4833 2511 3587 789 
4834 2818 3591 2881 
4835 2789 3576 3161 
4836 2832 3579 2833 
4837 3563 3627 2504 
4838 3137 3570 3361 
4839 2867 3603 2868 
4840 2956 3578 3420 
4841 2558 3577 2561 
4842 2262 3604 851 
4843 808 3630 2798 
4844 608 3600 2246 
4845 2862 3585 2863 
4846 2805 3558 3400 
4847 1942 3612 908 
4848 2299 3581 3244 
4849 2842 3590 2955 
4850 3035 3592 2670 
4851 2873 3598 2846 
4852 2503 3607 2502 
4853 2316 3601 2451 
4854 2359 3621 785 
4855 2309 3599 2308 
4856 2972 3617 2980 
4857 785 3621 784 
4858 2791 3625 3109 
4859 903 3626 902 
4860 2732 3555 3336 
4861 3343 3594 791 
4862 2759 3605 2747 
4863 2504 3627 2648 
4864 2176 3623 2229 
4865 2885 3556 2905 
4866 2863 3632 3149 
4867 2613 3631 1922 
4868 2384 3624 2830 
4869 2727 3518 3425 
4870 3233 3627 2908 
4871 2675 3622 3260 
4872 2714 3588 3233 
4873 2845 3619 3275 
4874 2720 3457 3431 
4875 3431 3457 2145 
4876 2462 3616 3333 
4877 3415 3459 2777 
4878 3351 3622 2875 
4879 3384 3538 892 
4880 2870 3609 3307 
4881 2724 3490 3386 
4882 873 3538 3384 
4883 2798 3630 3595 
4884 2803 3570 3387 
4885 3387 3570 2601 
4886 2623 3621 3543 
4887 3321 3597 2786 
4888 754 3593 753 
4889 3383 3522 2788 
4890 2795 3551 3550 
4891 2989 3606 3372 
4892 3425 3512 2727 
4893 1942 3464 3463 
4894 3502 3555 2774 
4895 3463 3464 2800 
4896 3486 3487 3143 
4897 2792 3593 3562 
4898 3363 3629 2454 
4899 3381 3545 2103 
4900 2810 3572 3320 
4901 3310 3620 3343 
4902 3473 3521 2469 
4903 3373 3628 2713 
4904 2442 3608 3503 
4905 3420 3578 2896 
4906 3566 3568 2781 
4907 2830 3624 3362 
4908 1921 3554 3357 
4909 2795 3611 3551 
4910 2103 3585 3382 
4911 2827 3634 3557 
4912 2784 3535 3405 
4913 2752 3508 3465 
4914 3465 3508 3340 
4915 3395 3617 2972 
4916 710 3512 3425 
4917 2786 3597 3348 
4918 2708 3487 3486 
4919 2501 3547 3413 
4920 3402 3596 2679 
4921 2725 3633 3366 
4922 2270 3572 3476 
4923 2712 3542 3393 
4924 2779 3602 3396 
4925 3416 3549 3010 
4926 860 3524 3367 
4927 3093 3613 3379 
4928 3413 3547 2737 
4929 1957 3549 3416 
4930 3476 3572 2810 
4931 2800 3629 3363 
4932 1942 3546 3464 
4933 3464 3546 2874 
4934 3390 3566 2285 
4935 2908 3563 3437 
4936 3446 3557 2125 
4937 3447 3616 2462 
4938 885 3558 3388 
4939 3489 3588 2714 
4940 2565 3513 3480 
4941 2467 3589 3401 
4942 3421 3633 2725 
4943 3432 3595 2461 
4944 3397 3614 2513 
4945 2953 3592 3440 
4946 3472 3580 2734 
4947 3557 3634 2125 
4948 3562 3593 754 
4949 2796 3618 3513 
4950 2798 3595 3432 
4951 3494 3620 3310 
4952 3562 3568 2792 
4953 3455 3604 2262 
4954 3507 3565 2392 
4955 3550 3551 2726 
4956 3463 3612 1942 
4957 2840 3565 3507 
4958 3464 3629 2800 
4959 3514 3572 2270 
4960 2125 3634 3478 
4961 2781 3568 3515 
4962 3551 3611 2097 
4963 3478 3634 2826 
4964 3503 3608 2909 
4965 3545 3632 2863 
4966 2959 3632 3545 
4967 3543 3621 2359 
4968 3594 3620 2511 
4969 3343 3620 3594 
2 5 2 7
4970 948 6 947 
4971 947 6 946 
4972 949 3635 948 
4973 6 3635 951 
4974 948 3635 6 
4975 951 3635 949 
4976 951 949 950 
2 6 2 6207
4977 3700 4768 5291 
4978 679 680 5369 
4979 4319 610 4887 
4980 4199 673 4280 
4981 590 4152 5412 
4982 4443 70 6196 
4983 4887 610 5221 
4984 4896 4963 5519 
4985 101 102 5443 
4986 5173 3742 5584 
4987 4877 4491 5822 
4988 4970 5284 5685 
4989 598 4151 4987 
4990 4040 4845 5297 
4991 4016 470 4669 
4992 4685 4649 4894 
4993 5028 247 5252 
4994 5476 5588 5929 
4995 380 381 5699 
4996 120 121 5002 
4997 379 4000 5010 
4998 4474 398 5655 
4999 80 4856 6239 
5000 4701 4360 4934 
5001 4128 5287 5350 
5002 378 379 5010 
5003 665 4724 5864 
5004 4496 4757 5042 
5005 4536 4465 5119 
5006 4415 4878 5049 
5007 247 248 5252 
5008 4566 835 5745 
5009 4647 4877 5822 
5010 5213 3648 5214 
5011 5588 4540 5929 
5012 4628 4280 4884 
5013 5338 5173 5584 
5014 3758 4709 5565 
5015 5284 4908 5685 
5016 4285 4578 5090 
5017 4040 4844 4845 
5018 4062 588 5560 
5019 4251 3874 4252 
5020 4714 4971 5380 
5021 163 164 5602 
5022 5641 5524 5872 
5023 4692 3680 5497 
5024 4311 4932 5108 
5025 4199 4280 4628 
5026 5380 4971 6101 
5027 4128 5350 5725 
5028 4156 4079 4423 
5029 710 711 4554 
5030 4016 4669 4671 
5031 5277 5065 5790 
5032 120 5002 5326 
5033 4229 3957 4369 
5034 80 81 4856 
5035 609 610 4319 
5036 4457 4620 5582 
5037 5093 4361 5864 
5038 4360 4701 4935 
5039 5090 4578 5276 
5040 4036 4619 5264 
5041 4234 5277 5790 
5042 4701 4105 4935 
5043 4991 4457 5582 
5044 710 4554 6078 
5045 4642 4239 5417 
5046 4361 5093 5889 
5047 4203 4744 6007 
5048 5649 4231 5903 
5049 672 673 4199 
5050 4414 821 4707 
5051 217 218 4300 
5052 4203 3756 5070 
5053 144 145 4892 
5054 4885 5154 5495 
5055 428 3972 4497 
5056 5214 3648 5768 
5057 4644 221 5410 
5058 4173 4933 5543 
5059 610 611 5221 
5060 3651 80 6239 
5061 4017 4854 4855 
5062 4724 4303 5068 
5063 4300 218 5111 
5064 4714 4438 5280 
5065 4869 3771 6098 
5066 4311 5108 5411 
5067 5110 4957 5293 
5068 131 3870 4689 
5069 5275 5276 5675 
5070 5591 653 5623 
5071 677 4723 5991 
5072 4861 5284 5721 
5073 4366 274 4913 
5074 4415 5049 5795 
5075 931 4254 4590 
5076 4076 4839 5305 
5077 5524 5641 5836 
5078 4594 5266 6144 
5079 4785 3702 5801 
5080 4393 5029 5393 
5081 3636 4651 5450 
5082 4291 4753 4830 
5083 4787 4808 4839 
5084 4391 4769 4948 
5085 4786 4346 4787 
5086 5680 5196 5824 
5087 3661 5473 6093 
5088 3652 339 4725 
5089 4412 5246 5342 
5090 4963 4961 5519 
5091 5408 5407 5554 
5092 4742 4108 6073 
5093 4239 4642 6079 
5094 221 4644 5702 
5095 4744 4746 6007 
5096 3876 5097 6114 
5097 36 3866 4925 
5098 4837 4308 5351 
5099 4689 3870 5315 
5100 3838 3652 4725 
5101 4723 4289 5991 
5102 274 275 4913 
5103 589 4079 4156 
5104 121 3734 5002 
5105 100 3770 5051 
5106 5242 4233 5527 
5107 3692 5373 5533 
5108 4783 4340 4784 
5109 4724 5068 5864 
5110 316 3874 4251 
5111 4662 4384 5311 
5112 4800 4002 5050 
5113 3771 4869 5259 
5114 4238 4628 4903 
5115 3821 4739 4810 
5116 835 4345 5745 
5117 4936 4858 5717 
5118 4326 5680 5824 
5119 4017 4855 5767 
5120 3700 5291 5292 
5121 4651 3636 5079 
5122 4517 632 4634 
5123 232 4036 5264 
5124 5373 4610 5533 
5125 3661 856 5473 
5126 945 4597 6213 
5127 3958 4997 5084 
5128 5246 4412 5247 
5129 4879 3893 5049 
5130 3876 3955 5097 
5131 4997 3958 5572 
5132 375 4355 5639 
5133 5112 5648 5798 
5134 4100 4657 4658 
5135 4761 5573 6051 
5136 4590 4254 5277 
5137 4756 410 5666 
5138 4361 665 5864 
5139 4289 4723 5369 
5140 3942 3822 5689 
5141 4980 3932 5501 
5142 682 3848 5752 
5143 146 3957 4229 
5144 4737 4048 5581 
5145 4554 4782 5434 
5146 572 573 3658 
5147 4818 817 5256 
5148 4315 4803 5730 
5149 4858 4509 5717 
5150 4856 81 5361 
5151 4609 5353 5957 
5152 4175 4173 5543 
5153 4108 4742 5334 
5154 4568 4875 5865 
5155 4757 4496 5692 
5156 92 93 5084 
5157 81 82 5361 
5158 4692 5497 5498 
5159 3722 5027 5704 
5160 4384 4662 5507 
5161 677 678 4723 
5162 272 273 5493 
5163 5867 3883 6210 
5164 374 375 5639 
5165 4941 4314 5411 
5166 4739 3821 4791 
5167 338 3695 4912 
5168 5027 4680 5704 
5169 3925 4722 4814 
5170 4867 4864 4997 
5171 5851 4288 5861 
5172 4233 4491 5527 
5173 4369 3957 4682 
5174 3794 4264 4946 
5175 5715 4319 5902 
5176 4995 4053 4996 
5177 4925 4231 5649 
5178 3925 699 4722 
5179 4319 4887 5902 
5180 4252 4489 4790 
5181 557 558 5756 
5182 781 4346 4786 
5183 4642 4815 6079 
5184 4987 4151 4988 
5185 4767 3692 5001 
5186 4051 3659 4789 
5187 4488 4238 4903 
5188 4521 5645 5686 
5189 4759 4052 5930 
5190 488 4472 4751 
5191 5358 4779 5785 
5192 4720 4403 5020 
5193 4464 369 4612 
5194 3917 701 5523 
5195 188 4662 5855 
5196 4454 5581 5911 
5197 790 4037 4857 
5198 5265 4279 5636 
5199 4299 4785 5801 
5200 4685 4894 5333 
5201 738 4735 5128 
5202 4252 3874 4489 
5203 4402 4876 5531 
5204 4379 4894 5204 
5205 4367 5103 5353 
5206 4079 590 5412 
5207 4875 4568 5745 
5208 4100 395 4657 
5209 5565 4709 5664 
5210 665 666 4724 
5211 234 235 3756 
5212 110 111 5411 
5213 347 3956 5063 
5214 4315 5730 5949 
5215 3702 4785 5013 
5216 4465 4467 5119 
5217 935 4028 4811 
5218 770 771 5113 
5219 4429 4692 5498 
5220 4454 330 5354 
5221 330 331 5354 
5222 119 120 5326 
5223 4692 4429 5863 
5224 4841 3743 5289 
5225 4721 5098 5099 
5226 5800 943 6213 
5227 244 245 5538 
5228 145 4229 4892 
5229 4750 4318 5056 
5230 5907 5720 6067 
5231 4721 5097 5098 
5232 5369 680 5683 
5233 4116 5907 6067 
5234 4318 4750 4883 
5235 4564 586 4565 
5236 4794 4106 5052 
5237 4486 4837 5351 
5238 551 552 4521 
5239 165 166 3678 
5240 5266 4594 5857 
5241 397 398 4474 
5242 4430 3643 4504 
5243 198 199 5289 
5244 5686 5645 6020 
5245 4403 4720 5286 
5246 4723 679 5369 
5247 5816 3883 5867 
5248 4000 380 5699 
5249 4322 5089 5691 
5250 3994 485 4751 
5251 4798 3684 4799 
5252 4949 3919 5462 
5253 4866 4993 4996 
5254 346 347 5063 
5255 5390 4330 5391 
5256 944 945 6213 
5257 5029 5030 5393 
5258 4371 230 4684 
5259 4276 4518 5370 
5260 4340 4783 6008 
5261 4685 4246 6022 
5262 5154 4410 5495 
5263 5682 5394 5883 
5264 4870 4869 6098 
5265 5110 5293 5608 
5266 5533 4610 5618 
5267 4076 4786 4839 
5268 5346 4512 6169 
5269 4872 4400 5127 
5270 4610 4880 5618 
5271 582 583 5341 
5272 4982 4980 5501 
5273 3980 5441 5508 
5274 4043 4901 6106 
5275 4454 5301 5581 
5276 5322 4779 5358 
5277 4446 3762 5054 
5278 885 886 5892 
5279 4852 4851 4951 
5280 3710 4781 5322 
5281 4379 5204 5863 
5282 3893 4879 5467 
5283 4684 5265 5636 
5284 5088 4558 5398 
5285 588 4156 5560 
5286 5427 4536 5928 
5287 789 790 4857 
5288 398 3832 5655 
5289 4112 5349 6089 
5290 4944 3717 5505 
5291 4246 4685 5333 
5292 4371 4684 5636 
5293 4782 4689 5315 
5294 5353 257 5957 
5295 4753 4291 5515 
5296 4512 5346 5513 
5297 649 5281 6077 
5298 341 4210 4793 
5299 4753 4215 4830 
5300 4542 5596 5651 
5301 4839 4704 5305 
5302 4354 4793 5401 
5303 5020 4023 6038 
5304 4891 4365 4945 
5305 4960 3739 4962 
5306 3651 4721 5099 
5307 4278 4936 5754 
5308 5057 4425 5058 
5309 4782 5315 5434 
5310 3638 4972 5561 
5311 3756 235 5070 
5312 3717 4944 5558 
5313 3852 5255 5605 
5314 4061 4975 5055 
5315 285 286 5460 
5316 4917 3839 4918 
5317 4857 4037 5034 
5318 4774 3734 5003 
5319 5022 4641 5083 
5320 5573 4290 6051 
5321 3772 264 5528 
5322 5349 4112 5854 
5323 4308 4837 5335 
5324 4972 3638 5760 
5325 816 817 4818 
5326 4999 4272 5119 
5327 5266 3993 6144 
5328 3789 292 4771 
5329 4427 5032 5602 
5330 4414 4707 5287 
5331 653 654 5623 
5332 596 3794 4946 
5333 4781 3710 5787 
5334 5321 5851 5861 
5335 5255 3852 5598 
5336 4735 738 5569 
5337 4497 4642 5417 
5338 4915 3839 4917 
5339 551 4521 5686 
5340 4281 3989 5101 
5341 3697 5083 5466 
5342 4982 4150 5216 
5343 4743 4742 6073 
5344 4002 4800 5858 
5345 688 3987 4966 
5346 4425 682 5752 
5347 4901 4043 5146 
5348 4497 3972 4642 
5349 3720 4871 5087 
5350 4834 5022 5083 
5351 58 4783 4784 
5352 4052 4759 5415 
5353 4680 4595 5704 
5354 233 234 5694 
5355 4558 5088 5888 
5356 4850 4851 4852 
5357 5027 5348 5897 
5358 4681 5027 5897 
5359 3919 4457 5462 
5360 5501 4102 5984 
5361 5276 4578 5675 
5362 5627 4729 5642 
5363 4467 5000 5119 
5364 4677 5105 5769 
5365 4968 4627 5257 
5366 686 3684 4798 
5367 4545 5591 5623 
5368 5367 5033 6135 
5369 4369 4682 5529 
5370 3717 5172 5505 
5371 834 835 4566 
5372 3692 4767 5373 
5373 476 3704 4804 
5374 4737 5581 5590 
5375 4973 3917 5523 
5376 5004 3716 5005 
5377 4747 4755 6201 
5378 5576 5577 5700 
5379 427 428 4497 
5380 858 859 4983 
5381 5144 5143 5909 
5382 3746 4754 5114 
5383 4147 5137 5711 
5384 4100 4714 5280 
5385 5407 3640 5554 
5386 861 4627 4821 
5387 248 249 5252 
5388 4627 4968 5949 
5389 4664 885 5892 
5390 5047 4322 5691 
5391 4312 5082 5406 
5392 4048 4737 6159 
5393 5039 4463 5420 
5394 5270 4738 5455 
5395 916 4075 5385 
5396 4315 433 4803 
5397 4778 4775 5003 
5398 4795 4358 5563 
5399 938 3922 4914 
5400 5172 3717 5630 
5401 264 265 5528 
5402 4981 3805 5215 
5403 4936 4278 5814 
5404 868 869 5525 
5405 4300 5112 5798 
5406 4876 4402 5132 
5407 4581 4841 5400 
5408 741 742 5086 
5409 5058 4425 5752 
5410 5095 5385 5860 
5411 4935 4105 5692 
5412 778 779 4629 
5413 188 189 4662 
5414 4536 5119 5656 
5415 4755 5935 6201 
5416 4932 4311 5307 
5417 4486 5351 5653 
5418 5405 4164 5416 
5419 4623 4463 5039 
5420 4899 3698 4900 
5421 4034 4860 4862 
5422 713 4306 5357 
5423 102 5394 5443 
5424 3743 4841 5485 
5425 4664 4298 5900 
5426 4415 4411 5221 
5427 4652 4832 5130 
5428 4866 4992 4993 
5429 4754 3746 5205 
5430 3887 5300 5301 
5431 5108 4941 5411 
5432 5401 4793 5414 
5433 4367 4824 5103 
5434 3829 557 5756 
5435 5385 4522 5860 
5436 712 713 5357 
5437 4718 4403 5286 
5438 5042 4757 6123 
5439 4720 5020 6038 
5440 4622 4969 6103 
5441 5252 249 5886 
5442 5704 4595 6220 
5443 3825 5035 5469 
5444 3659 754 4789 
5445 4328 4367 5353 
5446 5143 3985 5909 
5447 3805 5114 5215 
5448 3834 5467 5684 
5449 4876 4430 5531 
5450 4768 3700 5552 
5451 5392 5030 5394 
5452 4764 4984 5834 
5453 5962 5395 6216 
5454 144 4892 6166 
5455 4091 750 4820 
5456 881 4511 4850 
5457 649 650 5281 
5458 5365 4162 5568 
5459 232 233 4036 
5460 3734 4774 5002 
5461 4264 4265 5472 
5462 3759 5304 6065 
5463 4482 5100 6198 
5464 4738 5270 5829 
5465 4841 4581 5485 
5466 3773 4859 5423 
5467 4091 4820 5145 
5468 3887 5301 5354 
5469 5067 5867 6210 
5470 4749 4481 5869 
5471 4406 4988 5060 
5472 5126 4729 5627 
5473 4796 5427 5928 
5474 4703 4439 5799 
5475 4782 4554 5930 
5476 5334 4742 5461 
5477 4298 4664 6050 
5478 93 3958 5084 
5479 4744 4203 5701 
5480 4705 193 4884 
5481 487 488 4751 
5482 5577 4249 5700 
5483 666 4603 4724 
5484 4765 3863 5977 
5485 5157 5151 5320 
5486 5918 5896 5970 
5487 4461 5222 5932 
5488 3805 4981 5216 
5489 4794 98 5051 
5490 4439 4703 5838 
5491 4969 5617 6103 
5492 4481 4749 5617 
5493 4428 4732 5822 
5494 3685 3895 5102 
5495 4798 4799 5858 
5496 612 613 4478 
5497 3707 4881 5140 
5498 504 3807 4772 
5499 5024 4336 5059 
5500 5573 4761 5793 
5501 3822 3919 5689 
5502 5206 4643 5468 
5503 234 3756 3796 
5504 3818 4040 5297 
5505 4800 4798 5858 
5506 4993 4995 4996 
5507 5672 4316 5673 
5508 574 575 3894 
5509 4709 3758 5652 
5510 4391 4948 5826 
5511 99 100 5051 
5512 4864 4866 4997 
5513 3936 3939 5096 
5514 4152 4626 5412 
5515 4883 4749 5869 
5516 4264 5472 6024 
5517 4106 4794 5051 
5518 778 4629 5628 
5519 174 4979 5827 
5520 5106 5339 6019 
5521 5222 4461 5973 
5522 4785 4299 5116 
5523 5284 3833 5721 
5524 4061 5055 5776 
5525 4843 5875 5960 
5526 5127 4400 5578 
5527 3866 4231 4925 
5528 5347 4660 6107 
5529 4415 5221 5817 
5530 4275 5914 6219 
5531 35 36 4925 
5532 4032 4940 5059 
5533 4636 777 5628 
5534 4167 5962 6216 
5535 5000 4999 5119 
5536 5105 4677 5953 
5537 3951 4214 5567 
5538 339 340 4354 
5539 4044 4376 5146 
5540 4979 174 5791 
5541 5731 4762 6174 
5542 4059 5292 5888 
5543 5876 5066 6210 
5544 5114 4754 5215 
5545 938 939 3922 
5546 5391 3773 5423 
5547 58 59 4783 
5548 5030 5392 5393 
5549 4303 4724 5819 
5550 5033 5367 5775 
5551 943 944 6213 
5552 4842 4204 5055 
5553 4458 5066 5876 
5554 5300 3887 5514 
5555 5021 4155 5941 
5556 5121 5561 5696 
5557 5425 5148 5445 
5558 4931 4932 5307 
5559 4805 4354 5401 
5560 3720 741 5086 
5561 5106 4551 5339 
5562 629 630 4512 
5563 4839 4808 6056 
5564 666 667 4603 
5565 5467 4879 5684 
5566 821 822 4707 
5567 5082 5145 5406 
5568 4718 5286 5442 
5569 5135 4752 5266 
5570 697 698 5363 
5571 470 471 4669 
5572 4356 858 4983 
5573 5292 4059 6036 
5574 4817 4304 4985 
5575 4431 5121 5696 
5576 4355 5638 5639 
5577 5542 5962 6043 
5578 5473 4650 6093 
5579 5388 4495 5560 
5580 410 411 5666 
5581 5542 4819 5962 
5582 4927 5308 5463 
5583 5638 4355 6015 
5584 3949 4788 5564 
5585 367 368 3809 
5586 5596 3851 5651 
5587 63 3685 5102 
5588 503 504 4772 
5589 4509 4486 5653 
5590 4618 148 5274 
5591 273 4366 5493 
5592 4290 5043 6051 
5593 30 31 4945 
5594 5130 4832 5626 
5595 4986 5300 5514 
5596 4451 4446 5054 
5597 4438 4714 5380 
5598 631 632 4517 
5599 4854 4017 5556 
5600 3989 3879 5101 
5601 4377 4929 5707 
5602 4640 3708 4703 
5603 4799 3684 4937 
5604 4649 4685 6093 
5605 4028 4805 5401 
5606 4718 5442 5733 
5607 3695 3753 4912 
5608 4775 4774 5003 
5609 4686 4200 4901 
5610 3704 4760 5496 
5611 5659 4974 5873 
5612 61 4215 4753 
5613 4284 4857 5034 
5614 4760 3704 6016 
5615 286 3706 5460 
5616 3728 710 6078 
5617 4812 4344 5726 
5618 5429 5015 5789 
5619 4851 5946 5947 
5620 5217 5501 5984 
5621 4053 92 5084 
5622 4788 3949 6066 
5623 559 3643 4430 
5624 5055 4204 5971 
5625 381 5389 5699 
5626 5267 5650 5859 
5627 4344 4812 5983 
5628 777 778 5628 
5629 4940 5024 5059 
5630 4036 233 4073 
5631 5831 5708 6069 
5632 3705 4930 5193 
5633 4890 5907 5954 
5634 5151 5157 6046 
5635 4617 148 4618 
5636 4335 55 4842 
5637 5321 4426 5374 
5638 4883 5869 6081 
5639 4984 4814 5834 
5640 4963 4896 5655 
5641 4626 4553 5251 
5642 4340 770 5113 
5643 5262 25 5295 
5644 5591 4545 5748 
5645 4787 4346 4788 
5646 3863 4765 5594 
5647 4850 4511 4851 
5648 4805 4028 6092 
5649 4211 4888 4889 
5650 5041 4590 5899 
5651 4370 4814 4984 
5652 4545 4073 5748 
5653 5003 5487 5508 
5654 5000 4467 5118 
5655 5203 4549 5838 
5656 4959 4953 4964 
5657 4882 3731 5139 
5658 4335 4842 4975 
5659 5375 4704 6056 
5660 5663 5431 5939 
5661 4769 4391 5810 
5662 3870 4886 5315 
5663 4981 4982 5216 
5664 4891 4945 6049 
5665 3773 760 4859 
5666 4634 632 5906 
5667 771 4648 5113 
5668 5512 5882 6130 
5669 4052 4782 5930 
5670 4358 4795 6154 
5671 4495 5388 5614 
5672 5595 4288 5851 
5673 4793 4210 5414 
5674 5335 4837 5740 
5675 4609 4328 5353 
5676 4733 3639 5709 
5677 5043 4770 6051 
5678 806 4308 5522 
5679 4937 3684 4966 
5680 5395 5962 5968 
5681 5664 4762 5731 
5682 938 4914 6229 
5683 3838 4725 4726 
5684 4577 4937 4966 
5685 585 586 4564 
5686 199 4060 5289 
5687 3683 5843 6158 
5688 5442 4287 5733 
5689 3640 5239 5554 
5690 4402 4928 5132 
5691 4840 4060 4944 
5692 4477 752 4535 
5693 5308 4801 5463 
5694 934 935 4811 
5695 4940 5023 5024 
5696 4690 532 5880 
5697 4683 3661 4685 
5698 4330 5390 5764 
5699 4809 3864 5449 
5700 5487 3980 5508 
5701 5730 4821 5949 
5702 4308 5335 5522 
5703 3639 4733 5844 
5704 4402 3907 4928 
5705 4824 4367 5379 
5706 85 4363 4898 
5707 246 247 5028 
5708 5538 5232 5650 
5709 4619 4843 5960 
5710 4711 934 4811 
5711 368 369 4464 
5712 4211 794 4888 
5713 4118 5056 5381 
5714 5012 4646 6003 
5715 5331 4018 5830 
5716 4411 4887 5221 
5717 4963 3832 5293 
5718 4406 4987 4988 
5719 5214 3852 5605 
5720 5281 4696 6077 
5721 5648 3715 5798 
5722 4803 4481 4969 
5723 3789 4771 6122 
5724 148 149 5274 
5725 4478 613 5506 
5726 4495 4062 5560 
5727 4895 4039 5592 
5728 4314 110 5411 
5729 4073 4592 5748 
5730 5418 4420 5750 
5731 4150 4982 5217 
5732 3671 5015 5429 
5733 4852 4951 5604 
5734 629 4512 5513 
5735 4435 4861 5721 
5736 3853 5036 5038 
5737 5083 4550 5466 
5738 817 818 5256 
5739 4885 390 5154 
5740 3888 4902 5740 
5741 4023 5020 5941 
5742 4480 4478 5978 
5743 322 323 5489 
5744 4322 5047 5166 
5745 819 820 5256 
5746 4570 4804 5496 
5747 4147 5711 5714 
5748 193 194 4884 
5749 4976 5882 6073 
5750 5304 3759 6029 
5751 43 44 5294 
5752 5946 4623 5947 
5753 5417 5250 5483 
5754 3994 4751 5731 
5755 4338 244 5538 
5756 4020 4294 5313 
5757 5907 4116 6011 
5758 595 3 3672 
5759 4815 874 6079 
5760 111 4311 5411 
5761 4571 5304 5629 
5762 3844 5443 5682 
5763 4275 5913 5914 
5764 5441 3980 5738 
5765 884 885 4582 
5766 5266 4752 6168 
5767 4101 5663 5939 
5768 4338 5538 5650 
5769 4951 4202 5604 
5770 4823 4276 5370 
5771 4590 5041 5972 
5772 4835 3911 5705 
5773 3658 573 3676 
5774 3801 3943 5616 
5775 2 585 3926 
5776 4871 3720 5086 
5777 3706 5831 6069 
5778 337 338 4912 
5779 3993 5266 6168 
5780 5100 5087 6198 
5781 4162 5365 5836 
5782 5840 5504 5879 
5783 4802 5672 5673 
5784 4608 4284 5034 
5785 485 486 4751 
5786 4343 5591 5748 
5787 320 3933 4905 
5788 4831 3686 5279 
5789 4306 4829 5357 
5790 4477 4535 5548 
5791 3762 296 5054 
5792 3821 272 5493 
5793 5770 5641 5872 
5794 5391 4330 5593 
5795 726 4078 4904 
5796 3781 5659 5873 
5797 5650 4766 5859 
5798 3678 5088 5398 
5799 5513 5346 5944 
5800 3743 198 5289 
5801 4752 5135 5746 
5802 3680 4692 6175 
5803 147 148 4617 
5804 4886 3870 5156 
5805 5633 4321 5689 
5806 4936 4555 5754 
5807 467 4105 4701 
5808 4829 4306 5358 
5809 644 645 4420 
5810 3739 4960 5129 
5811 874 4815 5781 
5812 745 3923 4992 
5813 4336 5024 6156 
5814 5004 5582 6233 
5815 4790 4489 5599 
5816 4409 5417 5483 
5817 4529 5165 5194 
5818 5032 4427 5033 
5819 4583 5840 5879 
5820 824 825 4005 
5821 5026 4976 6073 
5822 4913 3973 5007 
5823 4964 3983 5109 
5824 3911 4835 5910 
5825 4811 5401 5414 
5826 4005 825 5314 
5827 37 38 3813 
5828 4899 4854 5556 
5829 3852 5214 5820 
5830 533 3708 4640 
5831 859 860 4096 
5832 4811 4028 5401 
5833 4952 4953 4959 
5834 5186 5112 5452 
5835 290 291 5849 
5836 4137 4873 5534 
5837 5251 4553 5762 
5838 4788 4455 6199 
5839 429 430 5966 
5840 3867 5347 6107 
5841 4128 4818 5287 
5842 4783 4847 6008 
5843 4699 5279 6209 
5844 189 190 3649 
5845 4513 290 5849 
5846 744 745 4992 
5847 5582 4620 6233 
5848 4196 5491 5936 
5849 5321 5374 5851 
5850 4592 233 5694 
5851 4905 3933 4906 
5852 53 54 5026 
5853 4837 4083 4998 
5854 5088 4059 5888 
5855 5063 5064 5850 
5856 583 4305 5341 
5857 4571 5629 5841 
5858 4832 4305 5626 
5859 820 4414 5256 
5860 4455 4788 5847 
5861 5405 5416 5779 
5862 4822 3810 6146 
5863 4478 5506 5978 
5864 4022 429 5966 
5865 5850 5064 5915 
5866 5103 256 5353 
5867 5249 5408 5554 
5868 4043 4044 5146 
5869 83 4200 4686 
5870 4938 4939 4941 
5871 6117 252 6237 
5872 915 916 5385 
5873 4612 369 5741 
5874 868 5525 6150 
5875 4888 3636 5780 
5876 184 185 5216 
5877 5394 5030 5883 
5878 4904 4078 4931 
5879 4878 4879 5049 
5880 4937 4281 5101 
5881 4784 5113 5971 
5882 558 4430 4876 
5883 742 4863 5086 
5884 3850 4892 4984 
5885 4848 4824 5379 
5886 4561 5419 5846 
5887 5391 5423 6018 
5888 5038 4248 5600 
5889 5767 4443 6196 
5890 4819 3718 5499 
5891 4105 4757 5692 
5892 825 826 5314 
5893 3810 4822 5742 
5894 780 781 4786 
5895 475 476 4804 
5896 5259 4869 5572 
5897 4083 3768 4998 
5898 4816 4243 5796 
5899 3683 5046 5843 
5900 6068 4699 6209 
5901 687 688 4966 
5902 4923 4919 6127 
5903 4561 5846 6010 
5904 4867 4997 5572 
5905 4784 5971 6149 
5906 5400 4163 5640 
5907 3853 641 5036 
5908 4705 4884 5782 
5909 4003 4947 5094 
5910 3982 4923 6127 
5911 3969 4951 5947 
5912 3864 4809 6214 
5913 3746 188 5855 
5914 4804 4570 5865 
5915 4266 697 5363 
5916 4757 4105 5870 
5917 5845 5536 5938 
5918 4565 5987 6164 
5919 5009 4371 5636 
5920 4784 4340 5113 
5921 4901 4535 6106 
5922 4831 5206 5468 
5923 5194 5165 5945 
5924 530 531 3764 
5925 3935 3936 5096 
5926 4371 5009 6021 
5927 4108 53 5026 
5928 26 27 5753 
5929 5441 4780 5508 
5930 4662 3649 5507 
5931 4488 4903 5071 
5932 5161 3705 5193 
5933 4060 4840 5289 
5934 828 4322 5166 
5935 855 3661 4683 
5936 4555 810 5419 
5937 3767 5380 6101 
5938 5818 5490 5915 
5939 4804 3704 5496 
5940 4290 853 5043 
5941 5069 4876 5132 
5942 4304 4817 5102 
5943 4498 4500 6011 
5944 5218 4033 5578 
5945 5914 5479 6219 
5946 4543 5069 5132 
5947 3996 3995 4926 
5948 4339 5536 5845 
5949 558 559 4430 
5950 888 3804 4952 
5951 4836 4515 5773 
5952 5032 163 5602 
5953 5068 5093 5864 
5954 582 5341 5549 
5955 4821 4627 5949 
5956 3813 5375 6056 
5957 365 366 5982 
5958 4659 5509 5597 
5959 4732 4428 5994 
5960 5060 4988 6126 
5961 4751 4472 5731 
5962 339 4354 4725 
5963 4934 4360 5646 
5964 130 131 4689 
5965 5199 803 5303 
5966 3992 3876 6114 
5967 98 99 5051 
5968 3939 4131 5096 
5969 4053 4995 5539 
5970 4814 4370 5332 
5971 914 4003 5094 
5972 4953 4955 4964 
5973 4409 427 4497 
5974 3983 4964 5761 
5975 4429 4379 5863 
5976 5370 4518 6122 
5977 5476 4119 5588 
5978 4581 5400 5640 
5979 4929 3935 5096 
5980 4900 3698 5424 
5981 3658 5016 5613 
5982 4051 4789 5390 
5983 3833 337 4912 
5984 3644 5852 6068 
5985 4305 4832 6060 
5986 4848 5379 5583 
5987 596 597 3794 
5988 4844 4040 4846 
5989 4938 4350 4939 
5990 241 3738 5012 
5991 25 26 5295 
5992 5239 3640 6162 
5993 699 700 4722 
5994 3770 4106 5051 
5995 4894 4379 5333 
5996 730 4350 4938 
5997 5277 4254 5818 
5998 4903 4628 5931 
5999 880 881 4850 
6000 4676 677 5991 
6001 857 858 3642 
6002 82 4686 5361 
6003 732 4025 5023 
6004 5329 4394 5330 
6005 4917 4919 4923 
6006 4016 4671 4757 
6007 3636 5450 5780 
6008 4940 4032 6246 
6009 5469 5035 5783 
6010 165 3678 6027 
6011 4526 4848 5583 
6012 5649 4565 6164 
6013 4724 4603 5819 
6014 757 4330 5764 
6015 789 4857 5963 
6016 3907 3904 4928 
6017 5433 639 5935 
6018 4101 4020 5313 
6019 731 732 5023 
6020 3686 4831 5468 
6021 5491 4196 5926 
6022 5095 4317 5124 
6023 4075 4522 5385 
6024 4366 4913 5007 
6025 4732 4647 5822 
6026 3832 4963 5655 
6027 3895 4304 5102 
6028 3973 278 5117 
6029 3747 5334 5461 
6030 4717 431 4968 
6031 4947 4003 5095 
6032 4629 4076 5305 
6033 5712 4836 5937 
6034 5258 4227 5319 
6035 5005 3716 6074 
6036 4249 5577 5652 
6037 4929 5096 5707 
6038 3932 4980 5791 
6039 3798 335 4970 
6040 384 4924 5634 
6041 531 532 4690 
6042 4554 5434 6078 
6043 5592 898 5612 
6044 4151 3951 5567 
6045 4966 3987 6001 
6046 505 506 3683 
6047 3864 18 5894 
6048 4063 5712 5937 
6049 5516 4455 5517 
6050 4414 4818 5256 
6051 5604 4329 6131 
6052 5802 617 5967 
6053 4249 5652 5763 
6054 3718 4819 5542 
6055 5701 5070 6203 
6056 4624 922 5076 
6057 167 4059 5088 
6058 4155 5940 5941 
6059 4509 4858 6133 
6060 5509 4104 5597 
6061 3702 5013 5660 
6062 41 42 5384 
6063 4041 4985 6180 
6064 3910 3669 4989 
6065 4409 4497 5417 
6066 642 643 3646 
6067 822 823 4050 
6068 5065 5277 5818 
6069 3 3801 5616 
6070 756 757 5764 
6071 5907 4500 5954 
6072 797 3750 5079 
6073 4455 784 5517 
6074 4967 787 5233 
6075 4755 5433 5935 
6076 5148 5425 5661 
6077 5762 4679 5894 
6078 4629 5305 5344 
6079 3798 4970 5685 
6080 4924 384 6208 
6081 4799 5101 5736 
6082 4952 3804 4953 
6083 942 5800 6139 
6084 4102 5501 5735 
6085 5423 4859 6180 
6086 4799 4937 5101 
6087 5538 245 5668 
6088 5452 5112 6141 
6089 786 787 4967 
6090 4962 3739 5908 
6091 5078 4703 5799 
6092 4393 5393 6226 
6093 4523 5475 5703 
6094 4863 3835 4864 
6095 3853 5038 6201 
6096 4748 4193 4749 
6097 4957 5110 5761 
6098 5882 4976 6130 
6099 5015 5697 5789 
6100 4931 4296 5464 
6101 4022 5258 5677 
6102 4582 885 4664 
6103 933 934 4711 
6104 685 686 4798 
6105 4287 5074 5733 
6106 4964 4955 5761 
6107 278 279 5117 
6108 4279 659 5009 
6109 5512 3970 5882 
6110 736 737 4201 
6111 4984 4764 5992 
6112 4094 5235 6244 
6113 4289 5541 5991 
6114 4475 4704 5375 
6115 4757 4671 6123 
6116 3645 5255 5598 
6117 5122 4407 5141 
6118 4801 5308 5309 
6119 3953 827 5166 
6120 5609 5635 6003 
6121 3731 4882 6136 
6122 558 4876 5069 
6123 4860 4034 5732 
6124 860 861 4821 
6125 4233 5242 5528 
6126 917 918 4358 
6127 4683 4685 6022 
6128 4786 4787 4839 
6129 5750 4420 6094 
6130 750 751 4820 
6131 5304 4571 6065 
6132 4457 4991 5462 
6133 598 599 3951 
6134 4604 4644 5410 
6135 4197 5539 5681 
6136 433 434 4803 
6137 292 293 4771 
6138 4314 4941 5955 
6139 3974 4207 5045 
6140 4349 5329 5330 
6141 5156 3664 5368 
6142 4236 4800 4801 
6143 4721 3651 6239 
6144 5449 3864 5894 
6145 63 64 3668 
6146 4992 3923 4993 
6147 4788 4346 5847 
6148 5330 5331 5830 
6149 84 85 4898 
6150 3833 4912 5721 
6151 4943 4877 5904 
6152 4555 4936 5717 
6153 830 4828 5943 
6154 102 5392 5394 
6155 4156 4423 4674 
6156 701 702 5523 
6157 4880 3639 5618 
6158 595 3672 3673 
6159 2 3926 4769 
6160 5035 3825 5629 
6161 737 738 5128 
6162 4866 4996 4997 
6163 4848 4526 5977 
6164 4229 4369 4370 
6165 4829 5358 5785 
6166 4519 4225 4520 
6167 246 5028 5668 
6168 3795 448 5396 
6169 45 46 4816 
6170 4211 4889 4890 
6171 4830 4215 4893 
6172 5056 4546 5381 
6173 5332 4369 5529 
6174 4039 4895 6031 
6175 5959 5261 5974 
6176 5660 5013 5857 
6177 4847 768 6008 
6178 828 829 4322 
6179 97 98 4794 
6180 4840 4841 5289 
6181 4570 4568 5865 
6182 4756 5666 6138 
6183 824 4005 4006 
6184 236 237 3799 
6185 3674 5404 5405 
6186 3639 4880 5709 
6187 4423 4079 4424 
6188 4597 3846 4598 
6189 4236 4801 5309 
6190 3667 805 3903 
6191 340 341 4793 
6192 4799 5736 5858 
6193 922 923 5076 
6194 4998 3888 5740 
6195 913 914 5094 
6196 323 3766 5489 
6197 4942 4321 5633 
6198 4391 786 4967 
6199 532 4640 5880 
6200 4633 4094 6244 
6201 4215 4817 4893 
6202 4897 4895 5592 
6203 4722 3917 5631 
6204 4504 3643 4505 
6205 4222 5008 5288 
6206 5349 5632 6089 
6207 4818 4414 5287 
6208 5852 4699 6068 
6209 4623 5039 5947 
6210 743 3835 4863 
6211 5145 4820 5778 
6212 5046 3683 5316 
6213 5482 4870 5654 
6214 4400 4872 5835 
6215 279 280 3703 
6216 4104 2 4769 
6217 4150 184 5216 
6218 3903 3964 4092 
6219 4549 5203 5792 
6220 4778 5003 5508 
6221 231 232 5264 
6222 4029 465 5690 
6223 4243 4816 6129 
6224 416 5039 5420 
6225 5074 5073 5733 
6226 4632 5199 5303 
6227 768 4847 6095 
6228 5555 5150 5742 
6229 945 3846 4597 
6230 4877 4943 6165 
6231 61 62 4215 
6232 5150 5151 6046 
6233 5078 5799 6260 
6234 252 253 6237 
6235 3821 4810 6253 
6236 736 4201 5029 
6237 5095 4003 5385 
6238 4951 4851 5947 
6239 803 804 5303 
6240 4228 5619 5759 
6241 4251 4252 4276 
6242 5008 4413 5288 
6243 3710 5322 5358 
6244 5376 3754 5440 
6245 152 3637 5222 
6246 5363 5332 5529 
6247 3768 529 4998 
6248 5619 5402 5759 
6249 411 412 5666 
6250 3995 683 5309 
6251 196 197 5071 
6252 4608 5034 5035 
6253 4164 5405 5583 
6254 5218 5578 5837 
6255 4424 5262 5295 
6256 465 466 5690 
6257 3708 5203 5838 
6258 4828 830 5877 
6259 875 876 4239 
6260 4717 4968 5257 
6261 4224 3996 4225 
6262 4533 5092 5929 
6263 556 557 3663 
6264 941 942 6139 
6265 4555 5419 5754 
6266 5697 4205 5789 
6267 4711 5414 5453 
6268 4034 4862 5853 
6269 5255 3645 5620 
6270 4917 4918 4919 
6271 597 598 4987 
6272 592 593 4095 
6273 55 56 4842 
6274 5135 3808 5746 
6275 872 873 4263 
6276 5146 4376 5361 
6277 43 5294 5384 
6278 827 828 5166 
6279 651 652 4343 
6280 4996 4053 5084 
6281 3748 5355 5996 
6282 4 596 4946 
6283 5673 3961 6187 
6284 3859 3701 3860 
6285 5510 5710 6027 
6286 4365 4891 5492 
6287 4141 844 5042 
6288 185 3805 5216 
6289 5742 5150 6046 
6290 5023 4025 5024 
6291 949 4193 4748 
6292 783 784 4455 
6293 5295 26 5753 
6294 725 726 4904 
6295 3648 5213 5661 
6296 4155 5021 5951 
6297 3973 4913 6258 
6298 4621 5437 5912 
6299 681 682 4425 
6300 3 594 3801 
6301 5105 4579 5625 
6302 698 3925 5363 
6303 865 866 4575 
6304 4881 3707 5574 
6305 4236 4798 4800 
6306 3731 524 5031 
6307 5537 4141 5922 
6308 4100 4658 4714 
6309 781 782 4346 
6310 3651 5099 5965 
6311 921 922 4624 
6312 4904 4931 5464 
6313 887 888 4952 
6314 760 761 4859 
6315 5050 4002 5794 
6316 4859 4041 6180 
6317 4884 4280 5782 
6318 5355 5356 5996 
6319 4853 5604 6131 
6320 180 181 5737 
6321 4597 4598 5062 
6322 54 4335 5026 
6323 5581 4048 5911 
6324 4863 4864 4865 
6325 157 158 3662 
6326 412 5432 5666 
6327 3859 3860 4072 
6328 4349 5330 5409 
6329 4014 604 5895 
6330 3815 4990 5296 
6331 4910 4907 5133 
6332 5045 4207 5046 
6333 935 936 4028 
6334 4297 4668 5283 
6335 740 741 3720 
6336 4321 3942 5689 
6337 4443 4855 5788 
6338 4600 4601 4948 
6339 5376 5440 6145 
6340 5070 3799 6203 
6341 5539 4995 5681 
6342 4014 5895 5970 
6343 318 319 4034 
6344 240 241 5012 
6345 5606 4572 5774 
6346 4855 4443 5767 
6347 5390 4789 5764 
6348 683 684 5309 
6349 4072 3860 4991 
6350 3974 3953 4207 
6351 4401 3907 4402 
6352 951 3697 5466 
6353 5119 4272 5656 
6354 5275 5274 5276 
6355 4068 4337 5131 
6356 3903 805 3964 
6357 4873 4137 6020 
6358 3863 4848 5977 
6359 794 795 4888 
6360 4865 4867 4868 
6361 4826 5959 5974 
6362 367 3809 5427 
6363 351 4269 5040 
6364 222 4303 5410 
6365 4893 4817 6242 
6366 4797 4795 5563 
6367 641 642 5036 
6368 4383 4226 5397 
6369 4719 5802 5967 
6370 3669 451 4989 
6371 5040 4269 5041 
6372 4413 5008 6133 
6373 3773 5391 5593 
6374 3893 5048 5049 
6375 4160 5105 5625 
6376 5420 4463 5739 
6377 3799 4942 6203 
6378 3863 3783 4824 
6379 787 3779 5233 
6380 4598 4806 5126 
6381 754 755 4789 
6382 4662 5311 5855 
6383 804 805 3667 
6384 4642 3972 4678 
6385 4845 4293 5004 
6386 4660 5347 5923 
6387 5414 4210 5453 
6388 181 4631 5737 
6389 806 807 4308 
6390 4296 4931 5307 
6391 3926 585 4564 
6392 4575 5676 5677 
6393 4617 4836 5773 
6394 559 560 3643 
6395 4801 4800 5050 
6396 507 3691 5125 
6397 528 529 3688 
6398 4640 4703 5078 
6399 319 320 4905 
6400 643 3701 3859 
6401 63 3668 3685 
6402 4926 3995 5308 
6403 5360 3795 5396 
6404 3925 4814 5332 
6405 30 4945 5614 
6406 763 5878 6186 
6407 3835 744 4992 
6408 4865 4868 4871 
6409 4748 4749 4883 
6410 197 3743 5071 
6411 3848 683 3995 
6412 4765 4766 5594 
6413 3863 4824 4848 
6414 4802 5673 6187 
6415 4598 4773 4806 
6416 605 4394 5329 
6417 4870 5052 5654 
6418 4109 3873 4110 
6419 4393 735 5029 
6420 4207 3953 5166 
6421 3720 5087 5100 
6422 4103 5062 6017 
6423 853 854 5043 
6424 3699 5553 5976 
6425 4514 4972 5760 
6426 3904 3903 4928 
6427 785 786 4391 
6428 863 864 4227 
6429 5258 4022 5966 
6430 4073 233 4592 
6431 3910 4989 5196 
6432 5437 4621 5755 
6433 762 763 6186 
6434 5548 4200 6236 
6435 95 96 3771 
6436 4248 5038 6143 
6437 5050 3782 5463 
6438 4200 4898 6236 
6439 4335 4975 4976 
6440 4897 5592 5612 
6441 389 390 4885 
6442 97 4794 5458 
6443 795 3636 4888 
6444 4641 5022 6063 
6445 603 604 4014 
6446 659 660 5009 
6447 5073 925 5540 
6448 5710 3721 6027 
6449 945 5 3846 
6450 4868 4869 4870 
6451 5189 4124 5436 
6452 3882 4159 5008 
6453 4851 4511 5946 
6454 5137 4147 5727 
6455 4109 4110 4272 
6456 4903 196 5071 
6457 5912 3867 6023 
6458 5404 4526 5405 
6459 236 3799 5070 
6460 4791 3821 5493 
6461 4833 3934 5910 
6462 3860 4237 4991 
6463 4272 4999 5495 
6464 5399 5187 5451 
6465 3723 4885 4999 
6466 335 336 4970 
6467 258 259 4220 
6468 160 161 4134 
6469 4975 4842 5055 
6470 260 261 3640 
6471 676 677 4676 
6472 5703 5475 6131 
6473 5081 5080 5082 
6474 3903 4092 4928 
6475 316 317 3874 
6476 62 63 5102 
6477 150 151 4965 
6478 241 242 3738 
6479 392 4317 4950 
6480 5320 5151 5553 
6481 5161 5160 5893 
6482 4951 3969 5728 
6483 3848 3995 3996 
6484 255 256 5103 
6485 3906 3904 3907 
6486 4350 731 5023 
6487 795 796 3636 
6488 4520 4225 4926 
6489 4820 4477 5778 
6490 761 4041 4859 
6491 859 4096 4622 
6492 3808 5135 5792 
6493 923 924 4286 
6494 832 833 5942 
6495 5063 3956 5064 
6496 396 397 4320 
6497 3742 5173 5825 
6498 4946 4264 6024 
6499 6191 5611 6241 
6500 5881 4743 5882 
6501 3667 3903 3904 
6502 240 5012 6003 
6503 3935 4929 6153 
6504 4878 4415 5817 
6505 4092 3964 4093 
6506 5182 5187 5208 
6507 4871 4868 5482 
6508 761 762 4041 
6509 3838 4726 4727 
6510 4425 5057 5683 
6511 626 627 3748 
6512 5004 4293 5582 
6513 3692 483 5001 
6514 152 153 3637 
6515 646 647 4585 
6516 117 4101 5939 
6517 3999 748 5080 
6518 923 4286 5076 
6519 4813 6117 6237 
6520 5020 5021 5941 
6521 752 753 4535 
6522 391 4950 5154 
6523 388 389 3723 
6524 41 5384 5777 
6525 484 3994 5001 
6526 4907 3933 5133 
6527 431 432 4968 
6528 729 730 4938 
6529 4239 876 5250 
6530 636 637 3644 
6531 3794 597 3803 
6532 116 117 5939 
6533 4656 35 4925 
6534 4668 5282 5283 
6535 3848 4223 5752 
6536 4515 4836 5712 
6537 3849 3783 3863 
6538 4225 3996 4926 
6539 3981 4325 4659 
6540 65 4516 5679 
6541 5640 4661 6240 
6542 643 644 3701 
6543 407 408 4583 
6544 4400 4401 5578 
6545 281 282 3638 
6546 4064 3829 4288 
6547 678 679 4723 
6548 467 468 4105 
6549 4076 780 4786 
6550 4646 5609 6003 
6551 167 168 4059 
6552 4050 823 4278 
6553 556 3663 5610 
6554 4686 4901 5146 
6555 3844 5682 5765 
6556 4704 4839 6056 
6557 684 685 4236 
6558 4430 4504 5531 
6559 605 606 4394 
6560 4236 685 4798 
6561 4540 4533 5929 
6562 4286 5074 5075 
6563 3723 389 4885 
6564 4845 5004 5005 
6565 5091 5092 5194 
6566 4223 3996 4224 
6567 4991 4237 5462 
6568 439 440 4546 
6569 4535 4901 5548 
6570 4931 4078 4932 
6571 3908 3909 3934 
6572 4969 4481 5617 
6573 448 449 5396 
6574 4646 5012 6113 
6575 3645 503 4772 
6576 5196 4989 5824 
6577 5027 3722 5349 
6578 5075 4074 5866 
6579 331 332 5354 
6580 139 140 3681 
6581 618 619 4576 
6582 5185 3724 5804 
6583 4007 4517 4586 
6584 656 657 4165 
6585 4066 4068 5131 
6586 5187 3755 5208 
6587 151 152 5222 
6588 5206 4352 5285 
6589 3663 5072 5610 
6590 387 388 5077 
6591 640 641 3853 
6592 443 444 3928 
6593 509 3761 5091 
6594 4337 4874 5131 
6595 225 4228 5093 
6596 4827 6161 6176 
6597 757 758 4330 
6598 3999 5080 5081 
6599 437 438 4318 
6600 5240 3772 5885 
6601 4296 114 5085 
6602 3983 402 5109 
6603 4720 361 5286 
6604 5133 322 5489 
6605 4923 3982 5634 
6606 879 880 3962 
6607 3649 190 5611 
6608 3764 4690 4691 
6609 4965 151 5222 
6610 4939 4350 4940 
6611 4661 5640 5964 
6612 417 3969 5039 
6613 5778 4477 6236 
6614 4226 4519 5397 
6615 844 845 5042 
6616 353 4579 5104 
6617 263 264 3772 
6618 187 3746 5114 
6619 4834 5083 6121 
6620 5108 4932 5220 
6621 4598 3846 4773 
6622 4734 5331 5980 
6623 4808 4787 6066 
6624 5039 3969 5947 
6625 17 18 3864 
6626 5029 4201 5030 
6627 3636 796 5079 
6628 4648 5055 5971 
6629 4696 5784 6077 
6630 570 571 4458 
6631 568 569 3883 
6632 5330 4394 5331 
6633 5046 4207 5047 
6634 4459 5359 5360 
6635 5922 4141 6123 
6636 5191 3766 5590 
6637 3803 597 4987 
6638 620 621 4058 
6639 793 794 4211 
6640 4865 4864 4867 
6641 414 415 4688 
6642 3744 255 3783 
6643 526 527 5015 
6644 4286 924 5073 
6645 676 4676 5190 
6646 4037 791 4498 
6647 443 3928 5246 
6648 4586 4517 4587 
6649 332 3887 5354 
6650 5331 4394 5980 
6651 797 798 3750 
6652 4092 4543 5132 
6653 5339 4222 6019 
6654 661 4198 5006 
6655 932 933 4362 
6656 426 427 4409 
6657 4211 4890 5954 
6658 218 219 5111 
6659 796 797 5079 
6660 865 4575 5319 
6661 524 525 5031 
6662 623 624 4001 
6663 3801 594 3822 
6664 4953 3804 4954 
6665 5036 3646 5037 
6666 5091 3761 5092 
6667 3759 581 5549 
6668 950 951 5466 
6669 315 316 4251 
6670 220 221 5702 
6671 4201 737 5128 
6672 5120 4009 5121 
6673 409 410 4756 
6674 38 39 5375 
6675 4932 4078 5220 
6676 668 669 3654 
6677 155 156 4162 
6678 4042 5206 5285 
6679 95 3771 5259 
6680 4631 5723 5984 
6681 562 563 3722 
6682 3908 3934 4459 
6683 170 171 3700 
6684 388 3723 5077 
6685 3723 4999 5000 
6686 4490 4396 5316 
6687 447 448 3795 
6688 4906 3933 4907 
6689 630 4007 4512 
6690 3792 3818 5297 
6691 4997 4996 5084 
6692 5500 5499 5772 
6693 4722 5631 5834 
6694 4773 5924 6195 
6695 742 743 4863 
6696 235 236 5070 
6697 4396 3976 5045 
6698 286 287 3706 
6699 4863 4865 5086 
6700 3860 3701 3947 
6701 572 3658 5613 
6702 394 395 3776 
6703 4222 3882 5008 
6704 4659 4325 5044 
6705 224 225 5093 
6706 450 3669 3908 
6707 416 417 5039 
6708 852 853 4290 
6709 4993 3923 4994 
6710 674 675 4462 
6711 711 712 3899 
6712 4479 4480 4493 
6713 588 589 4156 
6714 4007 631 4517 
6715 403 4407 5109 
6716 5068 224 5093 
6717 4297 4667 4668 
6718 4080 4274 5124 
6719 5231 5230 5364 
6720 430 431 4717 
6721 4918 3839 5743 
6722 3749 3954 4492 
6723 4223 4224 5107 
6724 3922 939 6017 
6725 162 163 5032 
6726 350 351 5040 
6727 5365 5568 6243 
6728 4580 4438 5380 
6729 4968 4315 5949 
6730 601 602 4469 
6731 37 4808 6248 
6732 3681 140 4084 
6733 5553 5138 5976 
6734 4325 4809 5044 
6735 146 147 3957 
6736 3795 5360 5455 
6737 3976 3974 5045 
6738 748 749 5080 
6739 881 882 4511 
6740 932 4362 5490 
6741 5104 4579 5105 
6742 4617 4618 4836 
6743 633 634 3686 
6744 5875 4165 5960 
6745 4462 675 5190 
6746 759 760 3773 
6747 5247 4412 5381 
6748 426 4409 5200 
6749 34 35 4656 
6750 850 851 4591 
6751 682 683 3848 
6752 3779 3981 5233 
6753 3860 3947 4237 
6754 347 348 3956 
6755 361 362 5286 
6756 3798 4986 5514 
6757 847 848 4360 
6758 3650 4567 4933 
6759 812 813 4359 
6760 4074 5075 5982 
6761 4947 5095 5124 
6762 3975 4551 5106 
6763 4041 6186 6242 
6764 3958 5259 5572 
6765 3908 3669 3909 
6766 3906 3907 4400 
6767 4489 4687 5599 
6768 917 4358 5833 
6769 4643 5206 6061 
6770 3778 4965 5090 
6771 79 80 3651 
6772 4679 4351 5011 
6773 5097 3955 5098 
6774 722 723 4494 
6775 19 5762 5894 
6776 4274 4947 5124 
6777 3994 5731 6174 
6778 4072 4991 5582 
6779 779 4076 4629 
6780 3738 242 5267 
6781 930 931 4590 
6782 809 810 4555 
6783 4037 4498 4499 
6784 3725 3693 5416 
6785 5161 5893 6177 
6786 3784 5175 5188 
6787 4557 4386 4558 
6788 4919 4918 4920 
6789 4868 4867 4869 
6790 3779 3944 3981 
6791 4400 3907 4401 
6792 5024 4025 5025 
6793 899 900 4255 
6794 434 4481 4803 
6795 138 139 5413 
6796 4408 5464 5481 
6797 614 615 3868 
6798 720 721 4697 
6799 4972 4514 5459 
6800 353 354 4579 
6801 37 3813 4808 
6802 4479 4493 4878 
6803 47 48 4243 
6804 4224 4225 4226 
6805 5723 5217 5984 
6806 4567 4566 4568 
6807 268 269 3653 
6808 5465 4731 6104 
6809 4878 4493 4879 
6810 5062 4598 5126 
6811 4645 5399 5451 
6812 630 631 4007 
6813 129 130 4052 
6814 508 509 5091 
6815 690 691 4063 
6816 4806 4773 4807 
6817 3674 5405 5779 
6818 434 435 4481 
6819 4941 4939 5955 
6820 3805 186 5114 
6821 82 83 4686 
6822 5100 4482 5569 
6823 595 3673 3716 
6824 4224 4382 5107 
6825 709 710 3728 
6826 3707 5140 5726 
6827 535 3808 5203 
6828 845 846 4496 
6829 223 224 5068 
6830 4928 4092 5132 
6831 4292 4072 4293 
6832 5072 4066 5131 
6833 4520 4926 4927 
6834 4494 723 5325 
6835 3874 317 4268 
6836 4990 3815 5693 
6837 355 356 4155 
6838 4335 4976 5026 
6839 4492 3954 5106 
6840 129 4052 5415 
6841 5935 3853 6201 
6842 145 146 4229 
6843 32 33 4891 
6844 534 535 5203 
6845 823 824 5814 
6846 219 3843 5111 
6847 3881 3882 4222 
6848 4930 3705 5551 
6849 800 801 4270 
6850 5188 5182 5208 
6851 5267 4338 5650 
6852 285 5460 5811 
6853 473 474 4275 
6854 166 167 5088 
6855 718 719 3815 
6856 4229 4370 4892 
6857 5230 4013 5364 
6858 3881 3768 3882 
6859 4596 4680 4681 
6860 3781 5160 5659 
6861 902 903 3767 
6862 3848 3996 4223 
6863 3642 858 4356 
6864 5064 3956 5065 
6865 4052 4689 4782 
6866 4052 130 4689 
6867 228 229 5446 
6868 423 424 4523 
6869 4434 4125 5340 
6870 4375 4525 4526 
6871 3650 4566 4567 
6872 5171 5175 5198 
6873 5036 5037 5038 
6874 845 4496 5042 
6875 4286 5073 5074 
6876 352 353 5104 
6877 694 695 4501 
6878 692 693 4515 
6879 3882 4083 4159 
6880 4864 3835 4866 
6881 445 446 4738 
6882 3776 395 4100 
6883 115 116 4144 
6884 574 3894 4116 
6885 3778 150 4965 
6886 4491 4877 6165 
6887 360 361 4720 
6888 4276 4252 4518 
6889 4587 4634 4643 
6890 4999 4885 5495 
6891 4763 6058 6118 
6892 271 272 3821 
6893 4286 5075 5076 
6894 464 465 3730 
6895 243 244 4338 
6896 3896 4636 4637 
6897 114 115 5085 
6898 3684 687 4966 
6899 358 359 4023 
6900 3765 4478 4479 
6901 5662 3897 5691 
6902 4654 4267 4655 
6903 4345 4875 5745 
6904 668 3654 3660 
6905 4221 4649 4650 
6906 5201 4070 5202 
6907 343 344 4070 
6908 696 697 4266 
6909 775 776 3970 
6910 565 566 4112 
6911 3882 3768 4083 
6912 432 4315 4968 
6913 22 23 4046 
6914 451 452 4989 
6915 753 754 3659 
6916 5590 3766 5919 
6917 5610 5072 5644 
6918 4462 5491 5782 
6919 3960 3959 5123 
6920 3809 4465 4536 
6921 3909 3910 3911 
6922 4567 4568 4569 
6923 4092 4093 4543 
6924 65 66 4516 
6925 611 612 3765 
6926 4058 5060 6126 
6927 4611 228 5446 
6928 3664 5156 5916 
6929 349 350 4234 
6930 4254 932 5490 
6931 192 193 4705 
6932 127 128 4107 
6933 4809 5449 6052 
6934 115 4144 5085 
6935 4935 4496 6070 
6936 407 4583 5324 
6937 266 267 3675 
6938 283 284 4514 
6939 343 4070 5201 
6940 837 838 4273 
6941 4008 609 4319 
6942 908 909 3718 
6943 345 346 5063 
6944 670 671 4661 
6945 5175 3784 5198 
6946 4133 3960 5123 
6947 4269 352 5104 
6948 3990 4146 4221 
6949 4233 3675 4491 
6950 854 4683 5043 
6951 638 639 5433 
6952 4375 4526 5404 
6953 4849 4133 5123 
6954 835 836 4345 
6955 3896 777 4636 
6956 740 3720 5100 
6957 279 3703 5117 
6958 391 392 4950 
6959 77 78 4242 
6960 826 827 3749 
6961 3911 3912 3913 
6962 4940 4350 5023 
6963 4906 4907 4908 
6964 5064 5818 5915 
6965 4378 4133 4849 
6966 96 97 5458 
6967 549 4137 5534 
6968 4504 4505 5218 
6969 583 584 4305 
6970 4500 4498 6250 
6971 4234 350 5040 
6972 405 4298 5141 
6973 4953 4954 4955 
6974 713 714 4306 
6975 450 451 3669 
6976 5347 3867 5912 
6977 911 912 3851 
6978 951 6 3697 
6979 790 791 4037 
6980 3913 3915 3971 
6981 4479 4478 4480 
6982 3981 4117 4325 
6983 3783 255 5103 
6984 4227 5257 6087 
6985 4065 4064 4240 
6986 455 456 3647 
6987 469 470 4016 
6988 532 533 4640 
6989 3962 4850 4852 
6990 686 687 3684 
6991 711 3899 4364 
6992 75 76 3698 
6993 820 821 4414 
6994 3671 526 5015 
6995 404 405 5141 
6996 4993 4994 4995 
6997 291 292 3789 
6998 4325 4652 4809 
6999 58 4784 6149 
7000 50 51 3747 
7001 4919 4920 4921 
7002 419 420 4202 
7003 5175 5176 5188 
7004 549 550 4137 
7005 4214 4719 5567 
7006 785 4391 5826 
7007 3744 3783 3849 
7008 17 3864 5130 
7009 727 728 5220 
7010 181 182 4631 
7011 614 3868 5506 
7012 3905 3904 3906 
7013 718 3815 5207 
7014 779 780 4076 
7015 4552 5429 5789 
7016 4246 4029 4770 
7017 905 906 4167 
7018 4914 3922 5642 
7019 421 422 4329 
7020 4929 4372 5048 
7021 219 220 3843 
7022 833 5579 5942 
7023 3778 5090 5276 
7024 3765 612 4478 
7025 4500 792 5954 
7026 401 3983 5110 
7027 506 507 5125 
7028 703 704 3781 
7029 735 736 5029 
7030 937 938 6229 
7031 580 581 3759 
7032 4333 4949 5462 
7033 724 725 4408 
7034 453 454 4326 
7035 4574 4900 5229 
7036 187 188 3746 
7037 4942 5633 6203 
7038 3934 4833 5999 
7039 379 380 4000 
7040 664 4361 5115 
7041 914 915 4003 
7042 576 577 3825 
7043 296 297 5054 
7044 214 215 3715 
7045 329 330 4454 
7046 202 203 3717 
7047 4206 4813 5260 
7048 5179 5182 5188 
7049 854 855 4683 
7050 471 472 3920 
7051 5182 5183 5187 
7052 372 373 3831 
7053 4001 5356 6004 
7054 398 399 3832 
7055 273 274 4366 
7056 142 143 3850 
7057 212 213 4124 
7058 460 461 3961 
7059 4957 4956 4958 
7060 306 307 4147 
7061 199 200 4060 
7062 186 187 5114 
7063 5176 5179 5188 
7064 4408 725 4904 
7065 541 542 4594 
7066 5179 5181 5182 
7067 3749 827 3953 
7068 3911 3910 3912 
7069 216 217 4300 
7070 205 206 3742 
7071 207 208 3902 
7072 4587 4517 4634 
7073 4921 4920 4922 
7074 891 892 3739 
7075 197 198 3743 
7076 766 767 4708 
7077 317 318 4018 
7078 137 138 3986 
7079 195 196 4903 
7080 3784 5188 5208 
7081 4300 5111 5112 
7082 764 765 4291 
7083 293 3946 4771 
7084 4172 4174 5263 
7085 4825 4031 4826 
7086 5499 3718 5772 
7087 901 4971 5808 
7088 4960 4956 5129 
7089 4958 4956 4960 
7090 751 752 4477 
7091 52 53 4108 
7092 4955 4954 4956 
7093 210 211 3724 
7094 4316 4030 4379 
7095 4251 4276 4822 
7096 533 534 3708 
7097 4956 4954 5129 
7098 4518 4252 4790 
7099 4486 4083 4837 
7100 332 333 3887 
7101 67 68 3757 
7102 135 136 4827 
7103 5038 5600 6201 
7104 4184 4182 5158 
7105 4093 4256 4426 
7106 131 132 3870 
7107 4670 3920 4698 
7108 325 326 4737 
7109 843 844 4141 
7110 3986 138 5413 
7111 3650 834 4566 
7112 515 516 3826 
7113 658 659 4279 
7114 302 303 4621 
7115 3957 147 4209 
7116 888 889 3804 
7117 537 538 4752 
7118 392 393 4317 
7119 4190 5211 5212 
7120 4569 4568 4570 
7121 660 5006 5009 
7122 4574 4899 4900 
7123 839 840 4077 
7124 4512 4007 5472 
7125 535 536 3808 
7126 3685 3727 3895 
7127 700 3917 4722 
7128 375 376 4355 
7129 543 544 3702 
7130 928 929 4677 
7131 4008 4319 4404 
7132 83 84 4200 
7133 405 406 4298 
7134 222 223 4303 
7135 310 311 3699 
7136 3909 3669 3910 
7137 277 278 3973 
7138 72 73 4017 
7139 500 501 3852 
7140 4431 4392 5120 
7141 3912 3910 5196 
7142 4140 5171 5198 
7143 336 337 3833 
7144 896 897 4039 
7145 4440 4549 5134 
7146 471 3920 4669 
7147 4958 4960 4961 
7148 4078 727 5220 
7149 5182 5181 5183 
7150 773 774 4061 
7151 400 401 5110 
7152 476 477 3704 
7153 293 294 3946 
7154 341 342 4210 
7155 916 917 3873 
7156 5176 5178 5179 
7157 4955 4956 4957 
7158 5896 4014 5970 
7159 321 322 5133 
7160 3975 4120 4551 
7161 520 521 3707 
7162 5013 4442 5014 
7163 525 526 3671 
7164 700 701 3917 
7165 289 4123 4372 
7166 266 3675 4233 
7167 363 364 4287 
7168 698 699 3925 
7169 230 231 4684 
7170 660 661 5006 
7171 715 716 3710 
7172 525 3671 5031 
7173 172 173 3820 
7174 4261 4547 4548 
7175 894 895 3950 
7176 483 484 5001 
7177 4457 3918 4620 
7178 545 546 4299 
7179 4127 4872 5127 
7180 123 124 3980 
7181 4785 4442 5013 
7182 4534 4599 4812 
7183 313 314 3810 
7184 4408 4904 5464 
7185 484 485 3994 
7186 490 491 3758 
7187 4532 4534 5140 
7188 507 508 3691 
7189 4534 4812 5140 
7190 300 301 3867 
7191 661 662 4198 
7192 417 418 3969 
7193 4881 4532 5140 
7194 121 122 3734 
7195 488 489 4472 
7196 4442 4440 5134 
7197 3913 3912 3914 
7198 175 176 3932 
7199 149 150 3778 
7200 3933 321 5133 
7201 4448 4446 4451 
7202 4909 4910 4911 
7203 518 519 4344 
7204 69 70 4443 
7205 769 770 4340 
7206 502 503 3645 
7207 304 305 3719 
7208 497 498 3648 
7209 4450 5136 5137 
7210 547 548 3670 
7211 4045 887 4952 
7212 54 55 4335 
7213 458 459 3680 
7214 509 510 3761 
7215 183 184 4150 
7216 554 555 3827 
7217 4441 4440 4442 
7218 4200 84 4898 
7219 688 689 3987 
7220 706 707 3705 
7221 749 750 4091 
7222 841 842 4339 
7223 4310 4069 4439 
7224 432 433 4315 
7225 385 386 3828 
7226 401 402 3983 
7227 861 862 4627 
7228 511 512 4119 
7229 494 495 3657 
7230 4159 4486 4509 
7231 4045 4952 4959 
7232 664 665 4361 
7233 5014 4442 5134 
7234 726 727 4078 
7235 402 403 5109 
7236 728 729 4038 
7237 177 178 4102 
7238 771 772 4648 
7239 3698 4899 5734 
7240 5014 5134 5135 
7241 4441 4442 4785 
7242 3681 4085 5223 
7243 403 404 4407 
7244 4038 729 4938 
7245 4673 4145 5234 
7246 663 664 5115 
7247 133 134 3664 
7248 4045 4959 5122 
7249 730 731 4350 
7250 4448 4451 4452 
7251 732 733 4025 
7252 734 735 4393 
7253 4450 4448 5136 
7254 382 383 3982 
7255 4038 4938 4941 
7256 4448 4452 5136 
7257 523 524 3731 
7258 85 86 4363 
7259 745 746 3923 
7260 5080 4091 5082 
7261 4038 4941 5108 
7262 4445 4449 5149 
7263 125 126 3754 
7264 4123 4411 4415 
7265 111 112 4311 
7266 479 480 3639 
7267 4669 3920 4670 
7268 747 748 3999 
7269 482 483 3692 
7270 4909 4911 4986 
7271 370 371 3839 
7272 334 335 3798 
7273 4310 4439 4440 
7274 320 321 3933 
7275 185 186 3805 
7276 3691 508 5091 
7277 743 744 3835 
7278 4534 4540 4599 
7279 89 90 4197 
7280 93 94 3958 
7281 107 108 4032 
7282 87 88 4312 
7283 103 104 4049 
7284 225 226 4228 
7285 113 114 4296 
7286 4135 4136 4653 
7287 91 92 4053 
7288 105 106 4336 
7289 351 352 4269 
7290 886 887 4045 
7291 3809 4464 4465 
7292 109 110 4314 
7293 5676 4575 6042 
7294 4444 4445 5149 
7295 4813 4559 5667 
7296 749 4091 5080 
7297 56 4204 4842 
7298 4407 404 5141 
7299 4440 4439 4549 
7300 4447 4448 4450 
7301 56 57 4204 
7302 342 343 5201 
7303 4779 4778 4780 
7304 4958 4961 4963 
7305 4892 4370 4984 
7306 4310 4440 4441 
7307 5082 4091 5145 
7308 4309 4069 4310 
7309 855 856 3661 
7310 59 60 4324 
7311 227 228 4611 
7312 4468 4488 4581 
7313 4534 4533 4540 
7314 377 378 5010 
7315 4532 4533 4534 
7316 4309 4310 5152 
7317 4187 4184 5158 
7318 4531 4532 4881 
7319 5272 4541 6147 
7320 336 3833 4970 
7321 4447 4450 5153 
7322 4227 864 5319 
7323 4447 4446 4448 
7324 4445 3762 4446 
7325 4159 4083 4486 
7326 4030 4029 4246 
7327 4450 5137 5138 
7328 323 324 3766 
7329 4838 4309 5152 
7330 289 4372 4377 
7331 4337 4873 4874 
7332 295 296 3762 
7333 5784 5956 6077 
7334 4310 4441 5152 
7335 4140 5170 5171 
7336 5179 5180 5181 
7337 492 493 4249 
7338 4528 4530 4531 
7339 5171 5174 5175 
7340 462 463 4802 
7341 280 281 4009 
7342 3981 4659 5233 
7343 4441 4785 5116 
7344 4961 4960 4962 
7345 4261 4548 4886 
7346 5149 4449 5150 
7347 4068 4309 4337 
7348 608 609 4008 
7349 4769 3926 4948 
7350 4337 4838 4873 
7351 924 925 5073 
7352 4528 4531 5139 
7353 4531 4530 4532 
7354 4398 4693 5195 
7355 4303 223 5068 
7356 4218 3900 4219 
7357 4531 4882 5139 
7358 4337 4309 4838 
7359 5171 5173 5174 
7360 4532 4530 4533 
7361 4445 4446 4447 
7362 243 4338 5267 
7363 4068 4069 4309 
7364 4450 5138 5153 
7365 4218 4219 4943 
7366 4445 4447 4449 
7367 3730 465 4029 
7368 4441 5116 5152 
7369 229 230 4371 
7370 4531 4881 4882 
7371 802 803 5199 
7372 4921 4922 5699 
7373 4449 4447 5153 
7374 4762 4503 4767 
7375 4502 4217 4503 
7376 3749 3953 3954 
7377 5183 5184 5186 
7378 4157 5750 6094 
7379 4068 4067 4069 
7380 313 3810 5157 
7381 4453 3912 5196 
7382 4844 4293 4845 
7383 5155 4886 5156 
7384 4217 4188 5164 
7385 4641 4550 5083 
7386 5151 4449 5153 
7387 833 834 3650 
7388 4444 3762 4445 
7389 308 309 4560 
7390 5150 4449 5151 
7391 4528 4399 4529 
7392 295 3762 4444 
7393 4672 4145 4673 
7394 4226 4225 4519 
7395 3921 4238 4468 
7396 4316 4379 4429 
7397 3954 3975 5106 
7398 4709 4503 4762 
7399 4911 5191 5192 
7400 312 313 5157 
7401 4333 4745 4949 
7402 5175 5174 5176 
7403 5179 5178 5180 
7404 5094 4542 5651 
7405 4398 4527 4693 
7406 4216 4485 4593 
7407 4527 4528 5139 
7408 327 328 4048 
7409 3847 4027 4135 
7410 814 815 4128 
7411 4528 4529 4530 
7412 4485 4217 4502 
7413 4502 4503 4709 
7414 4547 4260 4930 
7415 5176 5177 5178 
7416 4188 4418 5164 
7417 4638 4637 4639 
7418 4527 4399 4528 
7419 4437 4422 4438 
7420 4397 4490 5165 
7421 4777 4778 4779 
7422 4916 4923 4924 
7423 4399 4397 5165 
7424 4261 4260 4547 
7425 4418 4187 4419 
7426 4186 4184 4187 
7427 4456 4347 4763 
7428 5147 4593 5148 
7429 4656 4925 5649 
7430 4075 3873 4109 
7431 3900 3857 5236 
7432 4216 4593 5147 
7433 4320 4474 4895 
7434 5238 5248 5249 
7435 753 3659 3735 
7436 4352 3937 5285 
7437 4216 4217 4485 
7438 4716 4978 5215 
7439 4363 5145 5778 
7440 3913 3914 3915 
7441 4681 4680 5027 
7442 4840 4250 4841 
7443 4767 4503 5164 
7444 6186 4893 6242 
7445 675 676 5190 
7446 578 579 4571 
7447 5183 5181 5184 
7448 5171 5170 5173 
7449 3830 4066 5072 
7450 4066 4067 4068 
7451 4909 4907 4910 
7452 671 672 3921 
7453 60 61 4753 
7454 4261 4886 5155 
7455 4551 4120 4552 
7456 751 4477 4820 
7457 928 4677 5769 
7458 3780 3876 3992 
7459 4577 4281 4937 
7460 4377 4372 4929 
7461 4221 4146 4649 
7462 4432 4125 4434 
7463 4908 4907 4909 
7464 4398 4399 4527 
7465 4360 848 5646 
7466 4505 3643 4595 
7467 4468 4238 4488 
7468 4090 4259 4395 
7469 4086 4084 4347 
7470 4019 3841 4163 
7471 776 777 3896 
7472 826 3749 5314 
7473 4320 4895 4897 
7474 4152 591 4351 
7475 4610 4419 4880 
7476 4503 4217 5164 
7477 3901 4139 4140 
7478 5181 5180 5189 
7479 4216 4188 4217 
7480 4080 3776 4081 
7481 4132 3960 4133 
7482 3688 529 3768 
7483 4505 4595 4596 
7484 3735 3659 3836 
7485 4259 4261 5155 
7486 4089 4087 5159 
7487 5178 5177 5185 
7488 4188 4187 4418 
7489 4397 4396 4490 
7490 4186 4188 4216 
7491 4647 4129 4877 
7492 4978 4980 4981 
7493 3962 880 4850 
7494 4259 4260 4261 
7495 3954 3953 3974 
7496 4284 4282 4857 
7497 4186 4216 5147 
7498 5176 5174 5177 
7499 4398 4397 4399 
7500 4121 3976 4396 
7501 4418 4419 4610 
7502 4186 4187 4188 
7503 4395 4259 5155 
7504 3841 3679 5142 
7505 5184 5181 5189 
7506 723 724 5325 
7507 4618 5274 5275 
7508 4866 3835 4992 
7509 4911 4910 5191 
7510 539 540 3993 
7511 5491 4705 5782 
7512 4419 4187 5158 
7513 4387 4557 5291 
7514 3962 4852 4853 
7515 728 4038 5220 
7516 3681 4084 4085 
7517 4981 4980 4982 
7518 4209 147 4617 
7519 4760 4195 5245 
7520 4529 4399 5165 
7521 442 443 5246 
7522 298 299 4660 
7523 4185 5147 5167 
7524 4258 4089 4301 
7525 3939 3938 3959 
7526 4121 4397 4398 
7527 4437 4438 4580 
7528 4978 4979 4980 
7529 4190 4183 5210 
7530 3921 672 4199 
7531 3954 3974 3975 
7532 3679 3654 5142 
7533 4127 4433 4872 
7534 3936 3938 3939 
7535 4163 3841 5142 
7536 3896 4637 4638 
7537 4672 4673 4758 
7538 4185 4186 5147 
7539 4081 3776 5280 
7540 4140 5169 5170 
7541 931 932 4254 
7542 3691 5091 5194 
7543 3917 4973 5631 
7544 3936 3937 3938 
7545 4470 4840 4944 
7546 948 949 4748 
7547 4986 3798 5685 
7548 4639 4637 5143 
7549 4139 4250 4470 
7550 5237 4057 5238 
7551 4259 4258 4260 
7552 3981 3944 4117 
7553 4470 4250 4840 
7554 5170 5169 5172 
7555 4183 4185 5210 
7556 5237 5240 5241 
7557 4139 4019 4250 
7558 4111 4031 4825 
7559 3991 3916 4145 
7560 4783 4324 4847 
7561 5147 5148 5167 
7562 4301 4089 5159 
7563 3776 4100 5280 
7564 3901 4019 4139 
7565 4576 5567 5967 
7566 3901 3841 4019 
7567 3660 3679 3682 
7568 4808 3949 6248 
7569 3730 4030 4316 
7570 3777 3679 3841 
7571 39 40 5601 
7572 4158 4145 4672 
7573 390 391 5154 
7574 4238 4199 4628 
7575 3921 4199 4238 
7576 4421 4081 4422 
7577 4121 4396 4397 
7578 4185 4184 4186 
7579 5226 3992 6114 
7580 4088 4090 5162 
7581 4190 5212 5227 
7582 5072 5131 5644 
7583 3682 3777 3784 
7584 947 948 6009 
7585 4031 3727 5209 
7586 5047 4207 5166 
7587 3777 3841 3901 
7588 3929 3966 4033 
7589 4085 4088 5223 
7590 59 4324 4783 
7591 4140 4139 5169 
7592 4177 4178 5227 
7593 4178 4181 5227 
7594 425 426 5200 
7595 4154 4133 4378 
7596 4437 4580 4819 
7597 4158 4672 4692 
7598 4190 5210 5211 
7599 3660 3682 3755 
7600 4047 668 5278 
7601 5158 4182 5197 
7602 3708 534 5203 
7603 4930 4260 5193 
7604 275 276 4913 
7605 3780 3992 5209 
7606 611 3765 5221 
7607 3675 267 4428 
7608 4817 62 5102 
7609 3991 4145 4158 
7610 4066 4065 4067 
7611 3858 3900 4218 
7612 4090 4395 5162 
7613 4090 4258 4259 
7614 3975 3976 4120 
7615 637 638 3641 
7616 4538 4507 4829 
7617 4210 342 5201 
7618 4667 4625 5053 
7619 4865 4871 5086 
7620 4139 4470 5169 
7621 4426 4256 4902 
7622 4379 4030 5333 
7623 3716 5004 6233 
7624 4181 4183 4190 
7625 3682 3679 3777 
7626 3975 3974 3976 
7627 5500 3851 5596 
7628 5162 4395 5163 
7629 4085 4084 4086 
7630 3939 3959 3960 
7631 4436 4422 4437 
7632 513 514 4713 
7633 4120 3976 4121 
7634 474 475 3931 
7635 3751 3752 5486 
7636 3901 4140 5198 
7637 3685 3709 3727 
7638 600 4 3690 
7639 4916 4917 4923 
7640 4033 3966 5127 
7641 552 553 4521 
7642 4978 4977 4979 
7643 4121 4398 5195 
7644 4694 4342 4695 
7645 4777 4775 4778 
7646 4044 3837 4341 
7647 4274 4081 4421 
7648 4348 4973 4974 
7649 5089 5662 5691 
7650 5062 5627 6017 
7651 4334 4195 4760 
7652 4671 4669 5922 
7653 4258 4301 5193 
7654 4894 4146 5204 
7655 4776 4777 4781 
7656 3663 557 3829 
7657 4714 4658 4971 
7658 4189 4179 4195 
7659 3914 3912 4453 
7660 4189 4334 4471 
7661 4182 4180 5197 
7662 916 3873 4075 
7663 4544 4943 5904 
7664 4655 4267 5486 
7665 4301 5160 5161 
7666 3818 3854 4040 
7667 4860 4405 4862 
7668 4301 5161 5193 
7669 4038 5108 5220 
7670 4093 3964 4256 
7671 722 4494 5312 
7672 4711 4811 5414 
7673 3990 3991 4146 
7674 4260 4258 5193 
7675 4552 4120 5195 
7676 4353 4352 4831 
7677 4149 4573 4574 
7678 948 4748 4750 
7679 4283 4282 4284 
7680 4606 4284 4608 
7681 3970 5881 5882 
7682 717 718 5207 
7683 573 574 6067 
7684 4301 5159 5160 
7685 3777 3901 5198 
7686 4085 4087 4088 
7687 4090 4089 4258 
7688 3915 3916 3990 
7689 5547 4609 5957 
7690 4342 4341 5226 
7691 787 788 3779 
7692 3936 3892 3937 
7693 4183 4184 4185 
7694 3990 3916 3991 
7695 5211 5213 5214 
7696 4178 4180 4181 
7697 3784 3777 5198 
7698 3991 4158 5204 
7699 254 255 3744 
7700 4088 4089 4090 
7701 4206 4559 4813 
7702 4120 4121 5195 
7703 4574 4854 4899 
7704 4456 4763 4764 
7705 3939 3960 4131 
7706 4754 4716 5215 
7707 4215 62 4817 
7708 4085 4086 4087 
7709 3915 3914 3916 
7710 4389 4387 5291 
7711 4421 4422 4436 
7712 589 590 4079 
7713 4131 4132 4635 
7714 4183 4182 4184 
7715 4362 933 4711 
7716 4721 4695 5097 
7717 4471 4334 4733 
7718 5202 4362 5453 
7719 4283 4606 4607 
7720 4181 4182 4183 
7721 4649 4146 4894 
7722 4958 4963 5293 
7723 3895 3727 4031 
7724 3927 3952 4129 
7725 4220 5407 5408 
7726 4854 4573 4855 
7727 4391 4967 5810 
7728 4189 4195 4334 
7729 4978 4981 5215 
7730 4131 3960 4132 
7731 667 668 4047 
7732 4318 4883 6081 
7733 4423 4424 5295 
7734 4185 5167 5210 
7735 4146 3991 5204 
7736 4822 4276 4823 
7737 4026 3845 4562 
7738 4088 4087 4089 
7739 4826 4031 5209 
7740 4348 4347 4456 
7741 4181 4180 4182 
7742 3935 3892 3936 
7743 4086 4347 4348 
7744 4516 5606 5774 
7745 668 3660 5278 
7746 4831 4352 5206 
7747 4132 4133 4154 
7748 3764 4691 5374 
7749 5291 4557 5292 
7750 5431 5325 5481 
7751 289 4122 4123 
7752 4219 3900 4235 
7753 4880 4419 5253 
7754 4180 4189 5197 
7755 613 614 5506 
7756 3682 3784 5208 
7757 3667 3904 3905 
7758 3811 3891 3893 
7759 4283 4284 4606 
7760 5040 5041 5899 
7761 4715 4389 4768 
7762 4688 5420 5739 
7763 3690 3732 3834 
7764 3997 4283 5219 
7765 4716 4977 4978 
7766 3997 4282 4283 
7767 5158 5197 5253 
7768 3997 3875 4282 
7769 4071 3937 4352 
7770 4075 4109 4410 
7771 690 4063 5323 
7772 3836 3659 4051 
7773 5211 5210 5213 
7774 4123 4122 4411 
7775 4638 4639 4742 
7776 4174 4175 4176 
7777 4080 4081 4274 
7778 4986 4911 5300 
7779 4189 4471 5197 
7780 5034 4499 5035 
7781 5197 4471 5253 
7782 242 243 5267 
7783 3990 4221 5387 
7784 590 591 4152 
7785 4274 4542 4947 
7786 4320 397 4474 
7787 4417 4775 4776 
7788 3641 638 3655 
7789 6058 141 6118 
7790 4727 4726 4728 
7791 5107 4382 5507 
7792 4135 4027 4136 
7793 4205 3881 5339 
7794 4174 4176 4177 
7795 289 290 4122 
7796 4180 4179 4189 
7797 5018 3760 5273 
7798 3905 3906 4094 
7799 4488 5071 5485 
7800 644 4420 5842 
7801 4553 4351 4679 
7802 4208 4791 4792 
7803 3660 3654 3679 
7804 818 819 5256 
7805 4564 4565 5903 
7806 4776 4775 4777 
7807 5236 5237 5241 
7808 878 879 4113 
7809 4304 4460 4985 
7810 4015 3871 4392 
7811 4574 4573 4854 
7812 4638 4742 4743 
7813 3895 4031 4111 
7814 4274 4421 4542 
7815 4037 4499 5034 
7816 739 740 5100 
7817 4438 4422 5280 
7818 3755 3682 5208 
7819 4695 4342 5226 
7820 4348 4456 4973 
7821 4297 4241 4625 
7822 3855 3819 5248 
7823 3858 4218 4248 
7824 4370 4369 5332 
7825 5364 5365 5366 
7826 4565 5649 5903 
7827 926 927 3865 
7828 44 45 3785 
7829 4154 4378 4972 
7830 3895 4111 4304 
7831 4628 4884 5931 
7832 856 857 5473 
7833 949 950 4193 
7834 3927 3775 3952 
7835 4177 5227 5254 
7836 4357 4550 4641 
7837 5159 4087 5224 
7838 4947 4542 5094 
7839 4659 5044 5509 
7840 4687 4268 4734 
7841 3727 3780 5209 
7842 5020 4331 5021 
7843 5571 4157 6094 
7844 4916 4915 4917 
7845 4244 4461 4663 
7846 4639 5143 5144 
7847 5060 4058 5786 
7848 474 3931 4556 
7849 4735 4166 4736 
7850 4240 4064 5595 
7851 5682 4736 5765 
7852 4605 4047 5278 
7853 3966 4127 5127 
7854 4088 5162 5223 
7855 4034 319 4905 
7856 4739 4194 4740 
7857 5210 5167 5213 
7858 4556 3931 4875 
7859 4872 4433 5235 
7860 3796 3756 3814 
7861 3898 3797 4148 
7862 3822 594 3918 
7863 3800 3714 3845 
7864 4596 4595 4680 
7865 482 3692 5533 
7866 3745 3714 3800 
7867 3966 3824 4125 
7868 4990 4295 5296 
7869 3711 3655 5228 
7870 4295 4417 5296 
7871 4644 4605 4645 
7872 4942 3799 6252 
7873 5571 5784 6108 
7874 5057 5369 5683 
7875 4381 4082 4510 
7876 5530 4498 6011 
7877 4283 4607 5219 
7878 4317 5095 5860 
7879 4145 3916 5234 
7880 4431 5120 5121 
7881 4637 4636 5426 
7882 5510 4520 5710 
7883 3938 3937 4071 
7884 4892 3850 6166 
7885 3714 3712 5290 
7886 3876 3898 3955 
7887 4895 4474 4896 
7888 4774 4416 5002 
7889 663 5115 5302 
7890 4390 4716 4754 
7891 662 663 5302 
7892 3859 4072 4292 
7893 3747 51 5334 
7894 4149 4572 4573 
7895 4933 4567 5543 
7896 3704 477 5271 
7897 117 118 4020 
7898 395 396 4657 
7899 3645 4772 6247 
7900 4604 4047 4605 
7901 394 3776 4080 
7902 4152 4351 4553 
7903 4181 4190 5227 
7904 20 21 5251 
7905 3840 3725 5416 
7906 4071 4352 4353 
7907 5300 5192 5301 
7908 3891 3892 3935 
7909 4206 4381 4559 
7910 3898 4148 4149 
7911 4297 4625 4667 
7912 4483 4035 4541 
7913 4087 4086 5224 
7914 4985 4041 6242 
7915 4595 3643 6220 
7916 4149 4148 4572 
7917 3691 5194 5945 
7918 4694 4695 4721 
7919 4635 4132 5225 
7920 4235 5241 5242 
7921 4071 4353 4484 
7922 4537 4507 4538 
7923 477 478 5271 
7924 4325 4117 4652 
7925 88 89 5310 
7926 4279 5265 5637 
7927 4312 88 5310 
7928 3735 3836 3837 
7929 3952 4323 4544 
7930 607 608 5997 
7931 3927 4129 4130 
7932 5141 4298 6050 
7933 4396 5045 5316 
7934 3712 3774 5290 
7935 191 192 5926 
7936 4727 4729 4731 
7937 3730 4029 4030 
7938 4971 901 6101 
7939 3857 4057 5236 
7940 5056 4118 6009 
7941 5014 5135 5266 
7942 3836 4051 4307 
7943 4075 4410 4522 
7944 3869 4082 4206 
7945 4348 4974 5224 
7946 4685 3661 6093 
7947 3811 3812 3891 
7948 4994 3923 5336 
7949 4884 194 5931 
7950 4109 4272 5495 
7951 587 588 4062 
7952 4697 721 5312 
7953 4386 4383 5397 
7954 4024 5057 5058 
7955 4044 4341 4342 
7956 4271 3803 4406 
7957 24 25 5262 
7958 3914 4453 5234 
7959 4591 4934 6230 
7960 3872 4241 4297 
7961 4381 4510 5028 
7962 4149 4574 5229 
7963 4613 4915 4916 
7964 3931 475 4804 
7965 4015 4392 4431 
7966 4178 4179 4180 
7967 4082 4004 5232 
7968 3916 3914 5234 
7969 4126 4475 4508 
7970 4716 4715 4977 
7971 4511 882 5532 
7972 4357 4641 4710 
7973 4028 936 5327 
7974 4781 4777 5322 
7975 4740 4194 5298 
7976 466 467 4153 
7977 4086 4348 5224 
7978 3847 4135 5243 
7979 3869 3849 4004 
7980 4331 3865 5328 
7981 3944 3875 3997 
7982 3774 3711 3775 
7983 4419 5158 5253 
7984 5077 5000 5118 
7985 3713 3714 3745 
7986 848 849 5646 
7987 5301 4454 5354 
7988 5177 5174 5338 
7989 946 4055 4114 
7990 3971 3915 5387 
7991 667 4047 4603 
7992 112 113 5307 
7993 4130 4129 4647 
7994 4311 112 5307 
7995 5243 4135 5352 
7996 3830 3829 4064 
7997 3952 3775 4323 
7998 4308 807 5351 
7999 4382 4383 4384 
8000 4632 4094 4633 
8001 878 4113 4262 
8002 4388 4390 5205 
8003 4203 5070 5701 
8004 3966 4125 4127 
8005 3732 3733 3811 
8006 4484 4353 4699 
8007 51 52 5334 
8008 3876 3797 3898 
8009 4178 4176 4179 
8010 4653 4136 5268 
8011 1 17 5130 
8012 4828 4212 5089 
8013 3710 5358 5812 
8014 3812 3733 4042 
8015 711 4364 4554 
8016 4152 4553 4626 
8017 3839 4915 5741 
8018 5199 4632 5934 
8019 4132 4154 5225 
8020 4364 4506 4759 
8021 4176 4175 5244 
8022 4834 4835 5022 
8023 3723 5000 5077 
8024 3713 3712 3714 
8025 4417 4774 4775 
8026 3800 3845 3847 
8027 4351 591 5933 
8028 4026 4562 4563 
8029 4387 4386 4557 
8030 5236 4057 5237 
8031 3745 3800 3871 
8032 3856 3858 5168 
8033 5237 5238 5239 
8034 4697 5312 5313 
8035 3656 3655 3711 
8036 3891 3812 3892 
8037 4206 4082 4381 
8038 311 312 5320 
8039 593 2 4104 
8040 3643 560 6220 
8041 5490 5202 5915 
8042 5713 4630 5757 
8043 4933 4173 6044 
8044 4122 290 4513 
8045 441 442 5247 
8046 4385 4383 4386 
8047 4604 4605 4644 
8048 3955 3898 5229 
8049 3898 4149 5229 
8050 4235 3900 5236 
8051 4304 4111 4460 
8052 3780 3797 3876 
8053 3923 746 5336 
8054 4603 4047 4604 
8055 4127 4432 4433 
8056 4403 4331 5020 
8057 3869 4004 4082 
8058 4957 4958 5293 
8059 3712 3711 3774 
8060 3847 4026 4027 
8061 3699 311 5320 
8062 3865 4160 5328 
8063 4127 4125 4432 
8064 3656 3712 3713 
8065 3774 3775 3927 
8066 5715 4513 5849 
8067 4390 4715 4716 
8068 4357 4356 4550 
8069 260 3640 5407 
8070 5155 5156 5368 
8071 3641 3655 3656 
8072 3858 3857 3900 
8073 4390 4754 5205 
8074 3997 5219 5306 
8075 5227 5212 5254 
8076 4136 4027 4194 
8077 5445 5148 5988 
8078 4177 4176 4178 
8079 4898 4363 5778 
8080 3929 3824 3966 
8081 44 3785 3786 
8082 4376 4342 4694 
8083 4237 3947 4332 
8084 4130 4647 4732 
8085 5231 5364 5366 
8086 4965 5222 5973 
8087 4465 4466 4467 
8088 4510 4082 5232 
8089 4481 435 5869 
8090 4208 4739 4791 
8091 4433 4432 4651 
8092 3905 4094 4632 
8093 3865 927 4160 
8094 442 5246 5247 
8095 3890 4 4946 
8096 4739 4740 4810 
8097 4944 4060 6088 
8098 4824 3783 5103 
8099 4136 4194 4208 
8100 3811 3733 3812 
8101 4390 4389 4715 
8102 4858 4413 6133 
8103 4433 4651 4741 
8104 355 4155 5428 
8105 5392 4049 5393 
8106 4364 3899 4506 
8107 4382 4226 4383 
8108 5599 4687 6124 
8109 4417 4416 4774 
8110 254 3744 5260 
8111 5706 4827 6176 
8112 5274 3778 5276 
8113 5238 4057 5248 
8114 4099 4403 4718 
8115 5163 4395 5368 
8116 4626 5251 6034 
8117 4020 118 4021 
8118 3779 3875 3944 
8119 3823 3929 3930 
8120 3836 4307 5261 
8121 4562 3845 5290 
8122 4195 4179 5244 
8123 117 4020 4101 
8124 4704 4327 5305 
8125 3690 4 3729 
8126 4559 4381 5252 
8127 4817 4985 6242 
8128 3872 4015 4241 
8129 3809 4536 5427 
8130 4727 4728 4729 
8131 4353 4831 5279 
8132 4220 259 5407 
8133 3957 4209 4682 
8134 4970 3833 5284 
8135 4767 5164 5373 
8136 4779 4780 5785 
8137 529 530 3888 
8138 149 3778 5274 
8139 4911 5192 5300 
8140 3795 5455 6148 
8141 4198 662 5302 
8142 3690 3729 3732 
8143 926 3865 4099 
8144 94 95 5259 
8145 3958 94 5259 
8146 4652 4117 4832 
8147 4195 5244 5245 
8148 5536 4339 5537 
8149 4208 4194 4739 
8150 4099 4331 4403 
8151 3847 3845 4026 
8152 5160 3781 5893 
8153 4111 4825 5299 
8154 5231 5366 5367 
8155 3688 3881 4205 
8156 4422 4081 5280 
8157 4980 4979 5791 
8158 4581 4488 5485 
8159 5611 5058 6241 
8160 3878 3988 4013 
8161 4381 5028 5252 
8162 4506 3899 4507 
8163 4295 4021 4416 
8164 3899 712 5357 
8165 3676 573 3842 
8166 721 722 5312 
8167 3786 3978 4126 
8168 4887 4411 5902 
8169 4418 4610 5373 
8170 3670 548 5534 
8171 3779 788 3875 
8172 4506 4507 4537 
8173 4307 4051 4380 
8174 689 690 5323 
8175 4044 4342 4376 
8176 113 4296 5307 
8177 3727 3709 3780 
8178 4385 4386 4387 
8179 4043 3837 4044 
8180 4174 4173 4175 
8181 3689 3741 3760 
8182 4341 3837 5261 
8183 4208 4792 5268 
8184 4544 4323 4747 
8185 4294 4295 4990 
8186 3839 371 5743 
8187 4179 4176 5244 
8188 5237 5239 5240 
8189 946 947 4054 
8190 4655 5918 5970 
8191 3869 4206 5260 
8192 118 119 5326 
8193 4117 3944 5306 
8194 91 4053 5539 
8195 4895 4896 6031 
8196 4768 4389 5291 
8197 4278 823 5814 
8198 4174 4177 5263 
8199 3830 4065 4066 
8200 89 4197 5310 
8201 4790 5599 6263 
8202 5092 4533 5862 
8203 3800 3847 5243 
8204 4365 4062 4495 
8205 3858 4248 5168 
8206 4832 4117 5306 
8207 4706 4172 5263 
8208 4099 3865 4331 
8209 600 3690 5272 
8210 4916 4924 5422 
8211 4237 4332 4333 
8212 4586 4587 5421 
8213 4841 4250 5400 
8214 598 3951 4151 
8215 4684 5264 5265 
8216 4806 5465 6104 
8217 3656 3711 3712 
8218 4475 4327 4704 
8219 908 3718 5542 
8220 3732 3729 3733 
8221 4905 4906 5732 
8222 4606 4608 5304 
8223 4507 3899 5357 
8224 4056 3840 4164 
8225 5359 4459 5999 
8226 3772 5240 6086 
8227 587 4062 4213 
8228 4235 5236 5241 
8229 4433 4741 5235 
8230 4295 4416 4417 
8231 4902 3888 5809 
8232 4388 4389 4390 
8233 747 3999 5336 
8234 3780 3709 3797 
8235 4376 4694 4856 
8236 387 5077 5430 
8237 4019 4163 5400 
8238 406 407 5324 
8239 3804 889 5484 
8240 4153 467 4701 
8241 3837 3836 5261 
8242 3735 3837 4043 
8243 3937 3892 5285 
8244 4197 90 5539 
8245 4777 4779 5322 
8246 4006 4858 4936 
8247 4875 4345 5993 
8248 4020 4021 4294 
8249 5116 4299 5438 
8250 4384 4383 4385 
8251 889 890 5484 
8252 172 3820 5552 
8253 5994 5990 6221 
8254 5073 5540 5733 
8255 4677 5041 5953 
8256 684 4236 5309 
8257 44 3786 5294 
8258 4294 4021 4295 
8259 3650 4933 5579 
8260 5254 5212 5255 
8261 4902 4256 5335 
8262 4214 4630 4719 
8263 3744 3849 3869 
8264 3660 3755 5278 
8265 5716 5715 5849 
8266 3814 3756 4203 
8267 4886 4548 5315 
8268 883 884 3802 
8269 939 940 4103 
8270 4009 5120 5378 
8271 4417 4776 5296 
8272 4271 4666 5345 
8273 4489 4268 4687 
8274 738 739 5569 
8275 5517 785 5826 
8276 4095 593 5509 
8277 936 937 5327 
8278 3944 3997 5306 
8279 57 58 6149 
8280 4392 3871 5243 
8281 3764 531 4690 
8282 3874 4268 4489 
8283 3749 4492 5314 
8284 3786 3977 3978 
8285 3871 3800 5243 
8286 792 4500 6250 
8287 822 4050 4707 
8288 5750 4157 6007 
8289 4224 4226 4382 
8290 4645 5451 5452 
8291 312 5157 5320 
8292 3977 3785 3985 
8293 724 4408 5325 
8294 4755 4323 5228 
8295 466 4153 4761 
8296 4818 4128 6264 
8297 237 238 5766 
8298 4684 231 5264 
8299 5187 5183 5451 
8300 104 105 5337 
8301 4834 4833 4835 
8302 4148 3797 5269 
8303 4049 104 5337 
8304 4750 4748 4883 
8305 4577 4966 6001 
8306 4270 5934 6025 
8307 338 339 3652 
8308 4271 4665 4666 
8309 3949 4808 6066 
8310 5258 5319 5677 
8311 3737 3817 3924 
8312 4673 5234 5343 
8313 882 883 5532 
8314 4736 4166 5765 
8315 3872 4297 5283 
8316 5003 3734 5487 
8317 4608 5035 5629 
8318 3786 3785 3977 
8319 876 877 5250 
8320 4316 4429 5673 
8321 52 4108 5334 
8322 4114 4614 4675 
8323 3729 4 3890 
8324 3763 3740 3945 
8325 5189 5436 5927 
8326 3733 3729 5362 
8327 5313 4294 6109 
8328 4643 4634 5468 
8329 816 4818 6264 
8330 5257 4227 6251 
8331 3861 3751 5486 
8332 4365 4495 4945 
8333 4385 4387 4388 
8334 3812 4042 5285 
8335 4699 4353 5279 
8336 3775 3711 5228 
8337 5145 4363 5406 
8338 189 3649 4662 
8339 5195 4693 5429 
8340 4135 4653 5352 
8341 3724 5185 5839 
8342 3823 3824 3929 
8343 3892 3812 5285 
8344 4675 4833 4834 
8345 3987 689 5323 
8346 4114 4115 4614 
8347 3690 3834 5272 
8348 3845 3714 5290 
8349 746 747 5336 
8350 105 4336 5337 
8351 4030 4246 5333 
8352 3857 3855 4057 
8353 4388 4387 4389 
8354 5174 5173 5338 
8355 3978 3977 4257 
8356 4104 4769 5810 
8357 5287 4707 5350 
8358 3700 171 5552 
8359 4285 4577 4578 
8360 486 487 4751 
8361 5397 4519 5398 
8362 5379 4164 5583 
8363 774 775 5512 
8364 3797 3709 5269 
8365 4613 4612 4915 
8366 5336 3999 5435 
8367 3689 3760 5016 
8368 4136 4208 5268 
8369 4244 4663 5317 
8370 363 4287 5442 
8371 3745 3871 3872 
8372 3886 4142 4143 
8373 907 908 5542 
8374 946 4054 4055 
8375 3878 4013 5230 
8376 4553 4679 5762 
8377 581 582 5549 
8378 4392 5243 5352 
8379 4452 4451 5347 
8380 3796 3814 3963 
8381 256 257 5353 
8382 3830 4064 4065 
8383 4213 4062 4365 
8384 5275 5675 6137 
8385 3641 3656 5282 
8386 3744 3869 5260 
8387 5645 4521 5920 
8388 4061 774 5512 
8389 382 3982 5389 
8390 5011 4095 6052 
8391 5120 4392 5352 
8392 5383 4130 5470 
8393 4298 406 5324 
8394 5066 5019 5067 
8395 4264 4010 4265 
8396 267 268 5990 
8397 354 355 5428 
8398 3741 3763 3823 
8399 4244 4245 4461 
8400 4384 4385 5311 
8401 4194 4027 5298 
8402 4126 4508 5294 
8403 4057 3855 5248 
8404 3673 3693 3694 
8405 3919 4949 5689 
8406 4285 4281 4577 
8407 4126 4327 4475 
8408 807 808 5351 
8409 4243 48 5813 
8410 4006 4005 4413 
8411 4177 5254 5263 
8412 4728 4726 4730 
8413 4505 4596 5371 
8414 4665 4406 5060 
8415 3823 3763 3824 
8416 4137 5686 6020 
8417 3872 3871 4015 
8418 4093 4426 5321 
8419 3850 4984 5992 
8420 3881 4222 5339 
8421 4747 4323 4755 
8422 3988 3989 4244 
8423 4161 3889 4253 
8424 4126 3978 4327 
8425 4027 4026 5298 
8426 102 103 5392 
8427 864 865 5319 
8428 5443 5394 5682 
8429 103 4049 5392 
8430 804 3667 5303 
8431 3755 5187 5399 
8432 5021 4331 5328 
8433 5045 5046 5316 
8434 3729 3890 5362 
8435 4717 5258 5966 
8436 3856 3857 3858 
8437 4096 860 4821 
8438 6105 5515 6259 
8439 4424 4079 5412 
8440 4010 3803 4271 
8441 5017 3760 5018 
8442 4536 5656 5928 
8443 4862 4405 5409 
8444 190 191 3984 
8445 4114 4055 4115 
8446 4508 4475 5601 
8447 5239 5238 5554 
8448 4994 5336 5435 
8449 4934 4591 5793 
8450 4460 4111 5299 
8451 5082 4312 6112 
8452 5315 4548 5434 
8453 4363 86 5406 
8454 546 547 5438 
8455 3927 4130 5383 
8456 4771 3946 5370 
8457 4214 4483 4630 
8458 4299 546 5438 
8459 5325 4408 5481 
8460 4945 31 6049 
8461 334 3798 5514 
8462 5078 4240 5880 
8463 4153 4701 4934 
8464 139 3681 5413 
8465 4013 5317 5318 
8466 925 926 5540 
8467 4280 673 6080 
8468 5494 3880 5580 
8469 4900 5424 5887 
8470 4816 5796 5909 
8471 3823 3930 5273 
8472 4006 4413 4858 
8473 5015 527 5697 
8474 4395 5155 5368 
8475 4245 3989 4281 
8476 4466 4612 4613 
8477 3849 3863 5594 
8478 5805 4270 6025 
8479 3713 3745 5283 
8480 3767 903 5395 
8481 4676 5541 5936 
8482 4244 3989 4245 
8483 4323 3775 5228 
8484 4466 4464 4612 
8485 4026 4563 5298 
8486 4010 4271 5345 
8487 5234 4453 5343 
8488 3965 3861 4267 
8489 4523 5474 5475 
8490 5067 5019 5348 
8491 642 3646 5036 
8492 4558 4386 5397 
8493 4349 4267 4654 
8494 4115 4055 4588 
8495 6034 5251 6062 
8496 5089 4212 5662 
8497 4239 5250 5417 
8498 4470 4944 5505 
8499 3760 3741 5273 
8500 4107 128 5415 
8501 5164 4418 5373 
8502 5219 4607 5341 
8503 4496 846 6070 
8504 3697 6 5856 
8505 903 904 5395 
8506 4829 4507 5357 
8507 4054 947 4118 
8508 4125 3824 5340 
8509 5775 5367 6059 
8510 4437 4819 5499 
8511 5129 4954 5484 
8512 4547 4930 5372 
8513 108 109 5403 
8514 109 4314 5403 
8515 3741 3740 3763 
8516 415 416 5420 
8517 4547 5372 5382 
8518 4115 4588 4589 
8519 5372 3728 5382 
8520 591 592 5933 
8521 5025 4025 5386 
8522 5120 5352 5378 
8523 4143 4463 4623 
8524 3862 3965 4405 
8525 3741 3823 5273 
8526 5017 5019 5066 
8527 5567 4719 5967 
8528 3656 3713 5282 
8529 5249 5248 5494 
8530 4271 4406 4665 
8531 4021 118 5326 
8532 4265 4010 5345 
8533 4589 4588 5270 
8534 3951 4035 4214 
8535 4519 4520 5510 
8536 3811 3893 5467 
8537 5455 4738 6148 
8538 4354 340 4793 
8539 4362 5202 5490 
8540 386 387 5430 
8541 4742 4639 5461 
8542 529 3888 4998 
8543 349 4234 5790 
8544 5422 4924 6208 
8545 5118 4467 5454 
8546 5201 5202 5453 
8547 4465 4464 4466 
8548 4548 4547 5382 
8549 5172 5169 5505 
8550 4034 4905 5732 
8551 3766 5191 5489 
8552 4025 733 5386 
8553 733 734 5386 
8554 4172 4173 4174 
8555 4265 5345 5346 
8556 4428 267 5990 
8557 4333 4332 4744 
8558 3709 3668 5269 
8559 5355 4666 5356 
8560 4434 5621 5780 
8561 5017 5018 5019 
8562 3878 3879 3988 
8563 4665 5060 5061 
8564 5153 5138 5553 
8565 4706 5263 5620 
8566 3856 3855 3857 
8567 5352 4653 5378 
8568 4366 5007 6181 
8569 3793 3880 5494 
8570 5191 4910 5489 
8571 4292 4293 4844 
8572 5002 4416 5326 
8573 4675 4614 4833 
8574 4003 915 5385 
8575 5415 4759 5832 
8576 3834 3732 5467 
8577 3642 4357 5586 
8578 4329 5604 5823 
8579 3964 805 5522 
8580 3943 4192 4373 
8581 4605 5278 5399 
8582 4537 4538 5376 
8583 734 4393 5386 
8584 4744 4332 4746 
8585 4161 4253 4473 
8586 4388 5205 5311 
8587 64 65 5679 
8588 5140 4812 5726 
8589 3786 4126 5294 
8590 5356 4001 6039 
8591 3924 5230 5231 
8592 4349 4654 5329 
8593 381 382 5389 
8594 3655 638 5433 
8595 4525 4616 4765 
8596 28 29 5388 
8597 5525 869 5998 
8598 3774 3927 5383 
8599 5022 3971 6063 
8600 883 3802 3886 
8601 4767 5001 6174 
8602 4013 3988 5317 
8603 4579 354 5428 
8604 4890 4889 5719 
8605 468 469 5870 
8606 4042 3733 5362 
8607 5217 4982 5501 
8608 4543 4093 5321 
8609 646 4585 5457 
8610 4095 5044 6052 
8611 4159 4509 6133 
8612 3943 4373 5616 
8613 3988 4244 5317 
8614 3700 5292 5678 
8615 373 374 5639 
8616 4596 4681 6212 
8617 3754 5376 5441 
8618 3689 3740 3741 
8619 5346 5345 5355 
8620 3685 3668 3709 
8621 48 49 5813 
8622 5350 4359 5725 
8623 3862 3861 3965 
8624 5156 3870 5916 
8625 4927 4926 5308 
8626 3681 5223 5413 
8627 5016 3760 5017 
8628 510 511 5476 
8629 4142 3889 4161 
8630 5464 5085 5481 
8631 3965 4267 4349 
8632 3724 5698 5804 
8633 4296 5085 5464 
8634 837 4273 5439 
8635 3873 917 5833 
8636 5348 5027 5349 
8637 5162 5163 5520 
8638 4539 4609 5547 
8639 4801 5050 5463 
8640 620 4058 5480 
8641 810 811 5419 
8642 3988 3879 3989 
8643 4845 5005 5297 
8644 511 4119 5476 
8645 4245 4281 4285 
8646 4375 4524 4525 
8647 940 941 6139 
8648 128 129 5415 
8649 3819 3793 5494 
8650 4032 108 5403 
8651 5044 4095 5509 
8652 4373 4374 4375 
8653 190 3984 4024 
8654 4910 5133 5489 
8655 4467 4466 5454 
8656 5290 3774 5383 
8657 4154 4972 5459 
8658 3911 3913 5705 
8659 720 4697 5693 
8660 3817 3877 3878 
8661 86 87 5406 
8662 87 4312 5406 
8663 3815 719 5693 
8664 4250 4019 5400 
8665 4214 4035 4483 
8666 4459 5360 5396 
8667 4868 4870 5482 
8668 4645 4605 5399 
8669 4600 4948 5981 
8670 5278 3755 5399 
8671 3745 3872 5283 
8672 3763 3945 5340 
8673 3831 373 5639 
8674 5305 4327 5344 
8675 338 3652 3695 
8676 502 3645 5598 
8677 5732 4906 6072 
8678 4401 4402 5531 
8679 3915 3990 5387 
8680 5218 4505 5371 
8681 3667 3905 5303 
8682 4143 4142 4463 
8683 3817 3878 5230 
8684 4882 4881 5574 
8685 5571 4585 5784 
8686 195 4903 5931 
8687 4385 4388 5311 
8688 4728 4730 4914 
8689 3644 637 5559 
8690 595 3716 5585 
8691 755 756 5764 
8692 3694 3725 3726 
8693 4795 4796 6154 
8694 5041 4269 5953 
8695 3809 368 4464 
8696 4376 4856 5361 
8697 5451 5186 5452 
8698 5473 3642 5586 
8699 4651 4432 5450 
8700 4688 415 5420 
8701 3978 4257 5344 
8702 4235 5242 5527 
8703 237 5766 6252 
8704 221 222 5410 
8705 5410 4303 5819 
8706 4116 3894 5530 
8707 5122 5141 6050 
8708 3905 4632 5303 
8709 4591 851 5573 
8710 5255 5212 5605 
8711 3771 96 5458 
8712 3726 3791 3792 
8713 3854 3855 3856 
8714 599 600 6147 
8715 4681 5448 6212 
8716 4251 4822 6146 
8717 3824 3763 5340 
8718 3886 3889 4142 
8719 3999 5081 5435 
8720 4475 5375 5601 
8721 4558 5397 5398 
8722 3887 333 5514 
8723 369 370 5741 
8724 5375 39 5601 
8725 5720 5719 5771 
8726 5055 4648 5776 
8727 4327 3978 5344 
8728 4765 4616 4766 
8729 5785 4780 6040 
8730 4901 4200 5548 
8731 859 4622 4983 
8732 4380 5390 5391 
8733 4613 4916 5422 
8734 5282 3713 5283 
8735 3984 191 4196 
8736 5997 608 6124 
8737 495 496 5445 
8738 5478 4077 5479 
8739 4686 5146 5361 
8740 3657 495 5445 
8741 5294 4508 5384 
8742 428 429 3788 
8743 5041 4677 5972 
8744 4024 4289 5057 
8745 4491 3675 5822 
8746 4576 619 5480 
8747 497 3648 5425 
8748 496 497 5425 
8749 127 4107 5440 
8750 4855 4573 5562 
8751 5808 4658 6102 
8752 3688 3768 3881 
8753 555 556 5610 
8754 4693 5657 6207 
8755 5345 4666 5355 
8756 4562 5383 5470 
8757 469 4016 5870 
8758 836 837 5439 
8759 5393 5521 6226 
8760 4279 5009 5636 
8761 3663 3830 5072 
8762 234 3796 5694 
8763 4050 4278 4561 
8764 504 505 3806 
8765 5211 5214 5605 
8766 5048 3893 6153 
8767 4345 836 5439 
8768 3802 884 4138 
8769 4977 3820 5827 
8770 3889 3802 5503 
8771 214 3715 5436 
8772 315 4251 6146 
8773 3689 3676 3740 
8774 5594 4766 6075 
8775 3726 3790 3791 
8776 5641 4162 5836 
8777 4054 4118 4412 
8778 4929 5048 6153 
8779 4124 213 5436 
8780 4056 4164 5379 
8781 4679 5011 5449 
8782 5207 4781 5787 
8783 4541 5272 6182 
8784 669 670 5545 
8785 5246 3928 6115 
8786 4773 3846 5924 
8787 5007 4792 6181 
8788 3886 3802 3889 
8789 5405 4526 5583 
8790 759 3773 5593 
8791 5061 5060 5786 
8792 4380 4051 5390 
8793 3924 3817 5230 
8794 5421 4946 6024 
8795 4416 4021 5326 
8796 5720 3842 6067 
8797 4291 4830 5989 
8798 4098 5482 5654 
8799 4552 5195 5429 
8800 4144 5431 5481 
8801 173 174 5827 
8802 5136 4452 5437 
8803 190 4024 5611 
8804 4240 5078 6260 
8805 5052 4106 5654 
8806 576 3825 5469 
8807 3704 5271 6016 
8808 5228 3655 5433 
8809 4049 5337 5521 
8810 213 214 5436 
8811 5859 4616 5948 
8812 5143 4637 5426 
8813 5049 5048 5795 
8814 42 43 5384 
8815 4838 5815 6225 
8816 4734 4268 5884 
8817 4542 4421 5596 
8818 4013 5318 5364 
8819 547 3670 5438 
8820 4103 940 4702 
8821 898 899 5612 
8822 3862 4405 4435 
8823 366 367 4011 
8824 4462 5190 5491 
8825 4502 4709 5652 
8826 269 270 5477 
8827 4922 5638 6015 
8828 3925 5332 5363 
8829 372 3831 5743 
8830 4733 5271 5844 
8831 5089 4322 5943 
8832 4614 4115 5359 
8833 4794 5052 5458 
8834 4198 5302 5402 
8835 926 4099 5540 
8836 3828 386 5430 
8837 3820 4977 6205 
8838 4792 5007 6013 
8839 5830 4018 5853 
8840 4562 5290 5383 
8841 4806 4807 5465 
8842 123 3980 5487 
8843 157 3662 5568 
8844 4698 3920 5724 
8845 3796 3963 3998 
8846 126 127 5440 
8847 4909 4986 5685 
8848 3878 3877 3879 
8849 3754 126 5440 
8850 4787 4788 6066 
8851 562 3722 5704 
8852 4575 866 5535 
8853 575 576 5469 
8854 5071 3743 5485 
8855 3794 4010 4264 
8856 5160 5159 5659 
8857 3673 3672 3693 
8858 412 413 5432 
8859 5249 5494 5580 
8860 4587 4643 5729 
8861 6006 4484 6232 
8862 4305 584 5626 
8863 259 260 5407 
8864 459 460 5497 
8865 3782 5050 5794 
8866 5319 4575 5677 
8867 4333 4744 4745 
8868 460 3961 5497 
8869 4479 4878 5817 
8870 4436 5499 5500 
8871 948 4750 6009 
8872 5121 3638 5561 
8873 4115 4589 5359 
8874 3854 3819 3855 
8875 4164 3840 5416 
8876 5053 3959 6006 
8877 3968 4313 4584 
8878 229 4371 5446 
8879 4927 5463 5471 
8880 4032 5059 6245 
8881 36 37 3787 
8882 4582 4664 5900 
8883 4123 4415 5795 
8884 142 3850 6118 
8885 4435 4860 4861 
8886 3877 3816 4002 
8887 4789 755 5764 
8888 5364 5318 5365 
8889 3890 4946 5421 
8890 4412 4118 5381 
8891 4432 4434 5450 
8892 4835 4833 5910 
8893 4007 4586 5472 
8894 5498 3961 5673 
8895 463 464 5672 
8896 4107 5415 5832 
8897 4494 5325 5431 
8898 5264 4619 5960 
8899 3963 3814 4157 
8900 3866 4230 4231 
8901 5104 5105 5953 
8902 5359 4589 5360 
8903 3695 3696 3751 
8904 5183 5186 5451 
8905 5200 4409 5483 
8906 5077 5118 5430 
8907 3802 4138 5503 
8908 5271 4733 6016 
8909 4024 3984 4289 
8910 4678 3972 5670 
8911 831 832 5722 
8912 5221 3765 5817 
8913 4362 4711 5453 
8914 4222 5288 6019 
8915 4444 5149 5456 
8916 4493 4480 5917 
8917 4802 463 5672 
8918 4436 5500 5596 
8919 3695 3652 3696 
8920 5924 4469 6195 
8921 4771 5370 6122 
8922 3909 3911 5910 
8923 3701 644 5842 
8924 3653 269 5477 
8925 5057 4289 5369 
8926 5587 5744 5773 
8927 5796 4243 5813 
8928 4228 226 5619 
8929 805 806 5522 
8930 3696 3652 3838 
8931 5048 4372 5795 
8932 3639 480 5618 
8933 4973 4456 5631 
8934 362 363 5442 
8935 4693 4527 5657 
8936 3751 3696 3752 
8937 5351 808 5653 
8938 5225 5459 5460 
8939 839 4077 5478 
8940 437 4318 6081 
8941 504 3806 3807 
8942 5012 3738 5948 
8943 4589 5270 5455 
8944 838 839 5478 
8945 4141 5537 5925 
8946 5804 5698 6054 
8947 4546 5056 5905 
8948 4525 4524 4616 
8949 4460 5299 5423 
8950 5372 4930 5551 
8951 4273 838 5478 
8952 3828 5422 6208 
8953 4670 5536 5537 
8954 5085 4144 5481 
8955 3979 4328 4539 
8956 3992 5226 6134 
8957 4682 5744 5891 
8958 4196 191 5926 
8959 4476 4696 5281 
8960 4377 5707 5708 
8961 3919 3918 4457 
8962 530 3764 6193 
8963 4435 4405 4860 
8964 4725 4354 4805 
8965 851 852 5573 
8966 4537 5376 6145 
8967 4439 4069 5799 
8968 4220 5547 5957 
8969 3654 669 5545 
8970 5265 4165 5637 
8971 4511 5532 5946 
8972 3732 3811 5467 
8973 5699 4922 6140 
8974 4954 3804 5484 
8975 5135 5134 5792 
8976 4375 4374 4524 
8977 5138 5137 5727 
8978 20 5251 5762 
8979 3753 3861 3862 
8980 6 946 5856 
8981 4170 4172 4706 
8982 4613 5422 5454 
8983 5600 4747 6201 
8984 4770 5043 6022 
8985 4655 5486 5607 
8986 4373 4375 5404 
8987 3842 5720 5771 
8988 897 898 5592 
8989 4210 5201 5453 
8990 632 633 5906 
8991 3742 206 5584 
8992 809 4555 5717 
8993 3737 3816 3817 
8994 4565 586 5987 
8995 4240 5595 6189 
8996 3817 3816 3877 
8997 4880 5253 5709 
8998 3678 166 5088 
8999 950 4983 6103 
9000 5511 5796 5813 
9001 3998 4247 4476 
9002 122 123 5487 
9003 3734 122 5487 
9004 3761 510 5476 
9005 4983 950 5958 
9006 3764 5374 6193 
9007 5087 4871 6183 
9008 5474 4113 5475 
9009 4405 3965 5409 
9010 4453 5196 5680 
9011 619 620 5480 
9012 4619 4368 4843 
9013 3699 5320 5553 
9014 5056 4318 5905 
9015 5018 5273 5448 
9016 205 3742 5488 
9017 4988 4151 5566 
9018 4360 4935 6070 
9019 4899 5556 5734 
9020 863 4227 6087 
9021 900 901 5808 
9022 5024 5025 6156 
9023 5178 5185 5804 
9024 5225 4154 5459 
9025 930 4590 5972 
9026 5083 3697 6121 
9027 4420 645 5457 
9028 4515 5587 5773 
9029 5177 5338 6206 
9030 550 551 5686 
9031 5241 5240 5885 
9032 4631 182 5723 
9033 4459 3934 5999 
9034 4063 691 5712 
9035 4288 3829 5756 
9036 694 4501 5587 
9037 204 205 5488 
9038 4476 4247 4696 
9039 4639 5144 5461 
9040 3658 3689 5016 
9041 5335 4256 5522 
9042 3965 4349 5409 
9043 4740 5298 5444 
9044 4533 4530 5862 
9045 4406 3803 4987 
9046 3790 3725 3840 
9047 5408 5249 5580 
9048 3807 3940 3941 
9049 5515 4708 6259 
9050 3793 3791 3880 
9051 4583 408 5840 
9052 3979 3840 4056 
9053 4328 4056 4367 
9054 4971 4658 5808 
9055 886 4045 5892 
9056 257 258 5957 
9057 4772 5615 6247 
9058 4471 4733 5709 
9059 1 5130 5626 
9060 4434 5340 5621 
9061 3646 643 5643 
9062 4871 5482 6183 
9063 5028 4510 5668 
9064 4097 3884 4166 
9065 3810 314 6146 
9066 3926 4564 5981 
9067 4674 5388 5560 
9068 4293 4072 5582 
9069 3818 3819 3854 
9070 3856 5168 5751 
9071 5601 40 5777 
9072 3906 4400 5835 
9073 5678 5292 6036 
9074 3950 895 5518 
9075 5547 5408 5580 
9076 4466 4613 5454 
9077 4270 5199 5934 
9078 692 4515 5712 
9079 4513 5715 5902 
9080 5456 5149 5555 
9081 3740 3676 5771 
9082 4781 5207 6222 
9083 895 896 5518 
9084 5248 3819 5494 
9085 4563 4562 5470 
9086 4763 4347 6058 
9087 3680 459 5497 
9088 5360 4589 5455 
9089 4959 4964 6005 
9090 650 651 6037 
9091 4158 4692 5863 
9092 5413 5223 5520 
9093 3970 776 5881 
9094 4795 4012 4796 
9095 4572 4148 5774 
9096 4496 4935 5692 
9097 5887 5424 6097 
9098 4837 4998 5740 
9099 4669 4670 5922 
9100 4420 5418 5842 
9101 4373 4192 4374 
9102 4262 4113 5474 
9103 628 629 5513 
9104 5247 5381 5868 
9105 3941 4168 4169 
9106 5342 5246 6115 
9107 5286 362 5442 
9108 4526 4525 5977 
9109 4803 4969 5730 
9110 3642 4356 4357 
9111 4939 4940 6246 
9112 4011 367 4012 
9113 4040 3854 5751 
9114 4943 4544 6125 
9115 4367 4056 5379 
9116 4469 602 5874 
9117 4648 772 5776 
9118 4436 4437 5499 
9119 5065 3956 5790 
9120 4172 4171 4173 
9121 4780 4778 5508 
9122 4130 4732 5470 
9123 645 646 5457 
9124 5463 3782 5471 
9125 4358 918 5563 
9126 4877 4129 5904 
9127 4168 3940 4212 
9128 3852 501 5598 
9129 3998 3963 4247 
9130 4728 4914 5642 
9131 5167 5148 5661 
9132 5938 4698 6219 
9133 4838 5152 5815 
9134 3707 521 5574 
9135 3672 3 3674 
9136 174 175 5791 
9137 5059 4336 6245 
9138 717 5207 5787 
9139 4230 4232 4600 
9140 4343 652 5591 
9141 788 789 5963 
9142 4156 4674 5560 
9143 333 334 5514 
9144 3972 3788 5670 
9145 3694 3693 3725 
9146 4746 5750 6007 
9147 5279 3686 6209 
9148 4735 4736 5128 
9149 3826 5570 5589 
9150 5169 4470 5505 
9151 5298 4563 5444 
9152 776 3896 5881 
9153 3731 5031 5657 
9154 5006 4198 5688 
9155 5621 4889 5780 
9156 5115 4361 5889 
9157 4237 4333 5462 
9158 207 3902 5584 
9159 4602 4212 4828 
9160 5470 4732 5544 
9161 3705 707 5551 
9162 707 708 5551 
9163 4548 5382 5434 
9164 775 3970 5512 
9165 5331 4734 5884 
9166 896 4039 5518 
9167 3956 348 5790 
9168 4541 4035 6147 
9169 693 694 5587 
9170 3788 3968 5670 
9171 5014 5266 5857 
9172 4065 4240 6260 
9173 3686 634 6209 
9174 364 365 6256 
9175 4483 4541 5502 
9176 523 3731 6136 
9177 3952 4544 5904 
9178 3662 158 6047 
9179 593 4104 5509 
9180 3705 5161 6177 
9181 5079 3750 6160 
9182 3641 5282 5559 
9183 4410 4109 5495 
9184 5488 5172 5630 
9185 5139 3731 5657 
9186 4191 3942 4321 
9187 3959 3938 6006 
9188 4563 5470 5544 
9189 4828 5089 5943 
9190 4499 4498 5530 
9191 506 5125 6234 
9192 4382 4384 5507 
9193 636 3644 6068 
9194 3726 3725 3790 
9195 4661 671 6240 
9196 829 830 5943 
9197 606 607 5980 
9198 5062 4103 5871 
9199 4084 140 6058 
9200 249 250 5886 
9201 3678 5398 5510 
9202 792 793 5954 
9203 4670 4698 5536 
9204 140 141 6058 
9205 4320 4897 6119 
9206 3730 4316 5672 
9207 271 3821 6253 
9208 5308 3995 5309 
9209 5035 4499 5783 
9210 3750 798 5806 
9211 5990 3653 6221 
9212 4974 4973 5523 
9213 4256 3964 5522 
9214 79 3651 5965 
9215 548 549 5534 
9216 4341 5261 5959 
9217 481 482 5533 
9218 921 4624 5622 
9219 4539 4328 4609 
9220 5338 3902 6206 
9221 4857 4282 5963 
9222 5393 4049 5521 
9223 3806 505 3897 
9224 671 3921 6240 
9225 5962 4167 6043 
9226 4426 4902 5809 
9227 3868 5713 5757 
9228 4749 4193 5617 
9229 3818 3793 3819 
9230 90 91 5539 
9231 3644 5559 6048 
9232 852 4290 5573 
9233 3986 5413 5520 
9234 3951 599 4035 
9235 4615 4321 4942 
9236 5367 5366 5447 
9237 425 5200 5669 
9238 4727 4731 5575 
9239 4622 4096 4969 
9240 3697 5856 6121 
9241 4213 4365 5492 
9242 3710 716 5787 
9243 366 4011 4074 
9244 4638 4743 5881 
9245 901 902 6101 
9246 3870 132 5916 
9247 670 4661 5545 
9248 5270 3928 5829 
9249 3967 429 4022 
9250 4101 5313 5663 
9251 4814 4722 5834 
9252 4846 4040 5751 
9253 4165 657 5637 
9254 5142 3654 5545 
9255 5254 5255 5620 
9256 4755 5228 5433 
9257 3794 3803 4010 
9258 4012 367 5427 
9259 4677 929 5972 
9260 4642 4678 4815 
9261 4772 3807 5615 
9262 489 490 5565 
9263 490 3758 5565 
9264 4567 4569 5543 
9265 5570 4599 5589 
9266 5098 3955 5887 
9267 496 5425 5445 
9268 4368 4073 4545 
9269 4473 5432 5665 
9270 5273 3930 5448 
9271 4692 4672 6175 
9272 946 4114 5856 
9273 879 3962 5979 
9274 5224 4974 5659 
9275 73 74 5556 
9276 5493 4366 6181 
9277 643 3859 5643 
9278 4332 3947 5418 
9279 5223 5162 5520 
9280 4695 5226 6114 
9281 253 254 6237 
9282 4219 4235 5527 
9283 4374 4192 4646 
9284 4506 4537 5832 
9285 4733 4334 6016 
9286 3971 5022 5705 
9287 5292 4557 5888 
9288 3971 5387 6063 
9289 4248 4218 6125 
9290 3790 3840 3979 
9291 3792 3791 3793 
9292 3950 5518 5519 
9293 4266 5363 5529 
9294 4017 73 5556 
9295 479 3639 5844 
9296 4220 5408 5547 
9297 5281 650 6037 
9298 294 295 6173 
9299 637 3641 5559 
9300 445 4738 5829 
9301 3941 4169 4170 
9302 4162 156 5568 
9303 202 3717 5558 
9304 4267 3861 5486 
9305 201 202 5558 
9306 4518 4790 5546 
9307 5151 5153 5553 
9308 4302 4012 4795 
9309 5061 4001 6004 
9310 295 4444 6173 
9311 3979 4056 4328 
9312 5149 5150 5555 
9313 4099 4718 5540 
9314 3792 3793 3818 
9315 5067 5854 5867 
9316 4230 4600 5377 
9317 4330 758 5593 
9318 171 172 5552 
9319 5081 5082 6112 
9320 5448 4681 5897 
9321 5657 5031 6207 
9322 4138 4582 5658 
9323 5238 5249 5554 
9324 4336 106 6245 
9325 5579 4933 6044 
9326 4549 4439 5838 
9327 4036 4073 4368 
9328 773 4061 5776 
9329 4253 3889 5503 
9330 430 4717 5966 
9331 383 384 5634 
9332 5101 3879 5736 
9333 4776 4781 6222 
9334 3807 3806 3940 
9335 5346 5355 5944 
9336 602 603 5874 
9337 3982 383 5634 
9338 3931 4804 5865 
9339 4253 5503 5504 
9340 5099 4242 5965 
9341 4949 5633 5689 
9342 45 4816 6192 
9343 4896 4474 5655 
9344 4750 5056 6009 
9345 4584 4313 4712 
9346 5854 4112 5867 
9347 107 4032 6245 
9348 5314 4492 5952 
9349 3736 3677 3782 
9350 5110 3983 5761 
9351 4492 5288 5952 
9352 3759 5549 6029 
9353 4071 4484 6006 
9354 505 3683 6158 
9355 5136 5437 5711 
9356 4036 4368 4619 
9357 4943 4219 6165 
9358 883 3886 5532 
9359 5437 3719 5711 
9360 3969 418 5728 
9361 4138 884 4582 
9362 5112 5186 5648 
9363 3948 3787 3949 
9364 4810 4740 6111 
9365 4168 4212 4602 
9366 553 554 5920 
9367 843 4141 5925 
9368 5282 4668 5559 
9369 4620 3918 5585 
9370 3955 5229 5887 
9371 5744 4501 5891 
9372 4770 4029 5690 
9373 4016 4757 5870 
9374 3866 3948 4230 
9375 5271 478 5844 
9376 261 262 6162 
9377 3943 4191 4192 
9378 625 5996 6039 
9379 5402 4611 5688 
9380 4015 4431 5986 
9381 5615 4706 6247 
9382 4472 489 5565 
9383 4198 5402 5688 
9384 3838 4727 5575 
9385 4948 3926 5981 
9386 182 183 5723 
9387 5860 4522 6170 
9388 5355 3748 5944 
9389 4515 693 5587 
9390 5398 4519 5510 
9391 5617 4193 6103 
9392 4411 4122 5902 
9393 4889 4888 5780 
9394 428 3788 3972 
9395 3902 5338 5584 
9396 3893 3891 6153 
9397 3968 4277 4313 
9398 481 5533 5618 
9399 227 4611 5619 
9400 3781 704 5893 
9401 155 4162 5641 
9402 3850 5992 6118 
9403 5679 4516 5774 
9404 874 875 6079 
9405 4812 4599 5570 
9406 384 385 6208 
9407 5671 3924 6135 
9408 3695 3751 3753 
9409 4272 4110 5656 
9410 393 394 6055 
9411 4967 5233 5597 
9412 444 445 5829 
9413 3737 3736 3816 
9414 3941 3940 4168 
9415 3832 399 5608 
9416 4157 3814 6007 
9417 521 522 5574 
9418 5558 4944 6088 
9419 5349 3722 5632 
9420 4171 4169 4487 
9421 5581 5192 5590 
9422 4242 78 5965 
9423 4964 5109 6005 
9424 4945 4495 5614 
9425 4202 4951 5728 
9426 3789 5546 5716 
9427 6012 4792 6013 
9428 4600 4232 4601 
9429 4977 4715 6205 
9430 3980 124 5738 
9431 100 101 3769 
9432 5521 5337 6156 
9433 5497 3961 5498 
9434 5172 5488 5825 
9435 170 3700 5678 
9436 4064 4288 5595 
9437 4593 4485 5576 
9438 192 4705 5926 
9439 5559 4668 6048 
9440 4494 5431 5663 
9441 4485 4502 5577 
9442 4601 4232 5516 
9443 5576 4485 5577 
9444 4813 5667 6117 
9445 4510 5232 5538 
9446 5477 270 6253 
9447 4979 4977 5827 
9448 5751 5168 6083 
9449 4972 4378 5561 
9450 4573 4572 5562 
9451 4694 4721 6239 
9452 706 3705 6177 
9453 4810 5477 6253 
9454 4523 424 5669 
9455 400 5110 5608 
9456 4630 4483 5757 
9457 4606 5304 6029 
9458 3687 3736 3737 
9459 4231 4230 5377 
9460 3885 4098 5654 
9461 365 6002 6256 
9462 4458 571 5613 
9463 206 207 5584 
9464 5265 5264 5960 
9465 5447 6047 6059 
9466 5348 5019 5897 
9467 100 3769 3770 
9468 5530 3894 5783 
9469 4033 5127 5578 
9470 3676 3842 5771 
9471 3851 5500 6064 
9472 5301 5192 5581 
9473 3801 3942 3943 
9474 5192 5191 5590 
9475 5219 5341 6060 
9476 798 799 5806 
9477 4599 4540 5588 
9478 5374 4426 5809 
9479 5203 3808 5792 
9480 5277 4234 5899 
9481 3722 563 5632 
9482 758 759 5593 
9483 616 617 5802 
9484 594 595 5585 
9485 3806 3897 5662 
9486 4950 5860 6170 
9487 5547 5580 6076 
9488 4492 5106 6019 
9489 4113 879 5979 
9490 5374 5809 6193 
9491 4011 4012 4302 
9492 586 587 5987 
9493 4230 3948 4232 
9494 4521 553 5920 
9495 833 3650 5579 
9496 5525 4700 6150 
9497 5687 4624 5866 
9498 4762 4767 6174 
9499 4039 897 5592 
9500 4170 4171 4172 
9501 4150 5217 5723 
9502 501 502 5598 
9503 4313 4277 4700 
9504 899 4255 5612 
9505 3827 5610 5644 
9506 4302 4795 4797 
9507 4357 4710 5586 
9508 5018 5448 5897 
9509 4746 4332 5418 
9510 913 5094 5651 
9511 877 878 6100 
9512 5815 3670 6225 
9513 4421 4436 5596 
9514 4024 5058 5611 
9515 5046 5047 5843 
9516 3875 788 5963 
9517 5033 4427 5671 
9518 3851 912 5651 
9519 4874 4873 6020 
9520 3658 3676 3689 
9521 458 3680 6071 
9522 4246 4770 6022 
9523 5341 4607 5549 
9524 4594 5660 5857 
9525 4995 4994 5681 
9526 5317 4663 5524 
9527 5461 5144 5511 
9528 3788 429 3967 
9529 5268 4792 6012 
9530 3930 3929 6091 
9531 394 4080 6055 
9532 615 616 5713 
9533 3801 3822 3942 
9534 4535 753 6106 
9535 4627 862 6087 
9536 5212 5211 5605 
9537 5546 3789 6122 
9538 5387 4710 6063 
9539 3792 5297 5674 
9540 3940 3806 5662 
9541 5053 6006 6232 
9542 3932 176 5735 
9543 3753 3751 3861 
9544 5519 4961 6227 
9545 5449 5011 6052 
9546 3663 3829 3830 
9547 4569 4570 6223 
9548 399 400 5608 
9549 768 769 6008 
9550 36 3787 3866 
9551 5318 5317 5524 
9552 4869 4867 5572 
9553 5537 4339 5925 
9554 5341 4305 6060 
9555 4576 5566 5567 
9556 5527 4491 6165 
9557 3886 4143 5532 
9558 4697 5313 6109 
9559 156 157 5568 
9560 5293 3832 5608 
9561 5388 29 5614 
9562 4592 5694 5747 
9563 4882 5574 6136 
9564 5561 4378 5696 
9565 3827 555 5610 
9566 5125 3691 5945 
9567 5421 4587 5729 
9568 4853 4852 5604 
9569 5257 4627 6087 
9570 5737 5984 6184 
9571 3799 237 6252 
9572 866 867 5535 
9573 4004 3849 5594 
9574 912 913 5651 
9575 5076 5075 5866 
9576 409 4756 5840 
9577 4008 4404 5599 
9578 784 785 5517 
9579 3769 3844 5765 
9580 3648 498 5768 
9581 5552 3820 6205 
9582 3979 4539 5526 
9583 657 658 5637 
9584 4862 5830 5853 
9585 920 921 5622 
9586 681 4425 5683 
9587 4861 5732 6072 
9588 5758 4046 5995 
9589 5240 5239 5603 
9590 29 30 5614 
9591 601 4469 5924 
9592 203 204 5630 
9593 4579 5428 5625 
9594 3724 211 5698 
9595 639 640 5935 
9596 4482 4166 4735 
9597 480 481 5618 
9598 4934 5646 6230 
9599 226 227 5619 
9600 5244 4175 6096 
9601 5404 3674 5616 
9602 5233 4659 5597 
9603 4263 873 5781 
9604 5225 5460 6069 
9605 4463 4142 5739 
9606 4737 5590 5919 
9607 5313 5312 5663 
9608 5206 4042 6061 
9609 4153 4934 5793 
9610 134 135 5706 
9611 5541 4196 5936 
9612 3726 3792 5674 
9613 4306 714 5812 
9614 702 703 5873 
9615 5437 4452 5912 
9616 4544 4747 5600 
9617 133 3664 5916 
9618 5030 4201 5883 
9619 872 4263 6185 
9620 211 212 5698 
9621 571 572 5613 
9622 5099 5098 6097 
9623 4601 5516 5517 
9624 3769 101 3844 
9625 4429 5498 5673 
9626 3968 3967 4277 
9627 5962 4580 5968 
9628 254 5260 6237 
9629 5478 5479 5914 
9630 3717 203 5630 
9631 4472 5565 5664 
9632 813 814 5725 
9633 3822 3918 3919 
9634 154 155 5641 
9635 4476 5281 5749 
9636 4678 5670 5803 
9637 4165 5265 5960 
9638 5062 5126 5627 
9639 5595 4691 6189 
9640 5371 3930 6091 
9641 5378 6120 6231 
9642 516 517 5647 
9643 4950 4317 5860 
9644 3687 3677 3736 
9645 5460 3706 6069 
9646 4191 4321 4615 
9647 857 3642 5473 
9648 3943 3942 4191 
9649 5387 4221 6179 
9650 5184 5189 5927 
9651 135 4827 5706 
9652 4266 5529 5891 
9653 4480 5502 5917 
9654 4730 5327 6229 
9655 6047 6030 6059 
9656 5980 607 5997 
9657 169 170 5678 
9658 3986 6161 6163 
9659 600 5272 6147 
9660 3752 3696 5575 
9661 3815 5296 6222 
9662 4407 5122 6005 
9663 5107 6191 6241 
9664 5128 4736 5883 
9665 5245 4569 6223 
9666 584 1 5626 
9667 3761 5476 5929 
9668 4665 5061 6004 
9669 3842 573 6067 
9670 714 715 5812 
9671 4698 5724 6219 
9672 4110 5833 5928 
9673 652 653 5591 
9674 3788 3967 3968 
9675 4621 5912 6023 
9676 814 4128 5725 
9677 4097 4166 4482 
9678 125 3754 5738 
9679 753 3735 6106 
9680 4949 4745 5633 
9681 3826 516 5647 
9682 5213 5167 5661 
9683 4922 4920 5638 
9684 808 809 5653 
9685 5356 4666 6004 
9686 3696 3838 5575 
9687 4257 3977 6155 
9688 5037 3646 5797 
9689 4468 4581 5640 
9690 4554 4364 5930 
9691 3880 3791 5526 
9692 4682 4209 5744 
9693 77 4242 6082 
9694 4170 4169 4171 
9695 4106 3885 5654 
9696 4527 5139 5657 
9697 5365 5318 5836 
9698 3747 5461 5511 
9699 4028 5327 6092 
9700 558 5069 5756 
9701 673 674 6080 
9702 4018 5331 5884 
9703 5131 4874 5644 
9704 4658 4657 6102 
9705 5122 4959 6005 
9706 563 564 5632 
9707 3885 4097 4098 
9708 3657 5576 5700 
9709 5170 5172 5825 
9710 536 537 5746 
9711 4456 4764 5631 
9712 4346 782 5847 
9713 4924 4923 5634 
9714 3719 305 5714 
9715 441 5247 5868 
9716 3885 3884 4097 
9717 4948 4601 5826 
9718 617 618 5967 
9719 305 306 5714 
9720 537 4752 5746 
9721 4833 4614 5999 
9722 493 494 5700 
9723 5644 4874 5645 
9724 40 41 5777 
9725 4611 5402 5619 
9726 4249 493 5700 
9727 3827 5644 5645 
9728 456 457 5695 
9729 4832 5306 6060 
9730 918 919 5563 
9731 3737 3924 5671 
9732 245 246 5668 
9733 5009 5006 6021 
9734 4520 4927 5710 
9735 5186 5184 5648 
9736 5529 4682 5891 
9737 830 831 5877 
9738 370 3839 5741 
9739 4096 4821 5730 
9740 3859 4292 5643 
9741 5126 4806 6104 
9742 5541 4676 5991 
9743 543 3702 5660 
9744 542 543 5660 
9745 4242 5099 6097 
9746 4576 5480 5566 
9747 4703 3708 5838 
9748 5444 4563 5544 
9749 4594 542 5660 
9750 5288 4492 6019 
9751 5194 5092 5862 
9752 658 4279 5637 
9753 927 928 5769 
9754 5477 4810 6111 
9755 4879 4493 5684 
9756 318 4034 5853 
9757 5007 3973 6013 
9758 4597 5871 6213 
9759 847 4360 6070 
9760 4002 3816 5794 
9761 5431 4144 5939 
9762 3637 153 5770 
9763 783 4455 5847 
9764 5328 4160 5625 
9765 878 4262 6100 
9766 414 4688 5975 
9767 4592 5747 5748 
9768 4095 5011 5933 
9769 5 601 5924 
9770 4709 4762 5664 
9771 3813 38 5375 
9772 3984 4196 5541 
9773 250 251 5667 
9774 4490 5125 5945 
9775 5297 5005 5674 
9776 424 425 5669 
9777 4255 5808 6102 
9778 4588 4055 6262 
9779 5460 5459 5811 
9780 3666 3677 3687 
9781 5173 5170 5825 
9782 5105 4160 5769 
9783 423 4523 5703 
9784 3890 5421 5729 
9785 5378 4653 6120 
9786 4624 5076 5866 
9787 5304 4608 5629 
9788 283 4514 5760 
9789 4137 550 5686 
9790 5207 3815 6222 
9791 345 5063 5850 
9792 4289 3984 5541 
9793 3791 3790 5526 
9794 5479 5938 6219 
9795 344 345 5850 
9796 3738 5859 5948 
9797 3653 5477 6111 
9798 527 528 5697 
9799 5096 4131 5707 
9800 5402 5302 5759 
9801 4110 3873 5833 
9802 621 622 5786 
9803 3884 3769 5765 
9804 6032 3950 6227 
9805 577 578 5841 
9806 4359 813 5725 
9807 3862 4435 6026 
9808 4584 4712 5550 
9809 5165 4490 5945 
9810 472 473 5724 
9811 439 4546 5905 
9812 5324 4583 5658 
9813 4461 4245 6197 
9814 5471 3721 5710 
9815 5263 5254 5620 
9816 4974 5523 5873 
9817 894 3950 6032 
9818 4329 422 5703 
9819 4580 5380 5968 
9820 5468 4634 5906 
9821 238 239 5635 
9822 3647 456 5695 
9823 4908 4909 5685 
9824 5432 4473 5666 
9825 3866 3787 3948 
9826 3754 5441 5738 
9827 604 605 5895 
9828 5159 5224 5659 
9829 4908 5284 6072 
9830 3868 615 5713 
9831 4760 5245 6223 
9832 4597 5062 5871 
9833 3879 3877 5736 
9834 3894 575 5469 
9835 3918 594 5585 
9836 5729 4643 6061 
9837 4378 4849 5696 
9838 212 4124 5698 
9839 5914 5913 5985 
9840 5737 4631 5984 
9841 3843 220 5702 
9842 5491 5190 5936 
9843 4460 5423 6180 
9844 3703 280 6231 
9845 262 263 6086 
9846 4914 4730 6229 
9847 5340 3945 5621 
9848 419 4202 5728 
9849 4322 829 5943 
9850 3715 5648 5927 
9851 4650 5473 5586 
9852 422 423 5703 
9853 466 4761 5690 
9854 4729 4728 5642 
9855 719 720 5693 
9856 578 4571 5841 
9857 4108 5026 6073 
9858 5447 3662 6047 
9859 5486 3752 5607 
9860 3770 3769 3884 
9861 5566 4151 5567 
9862 6071 3680 6175 
9863 875 4239 6079 
9864 494 3657 5700 
9865 3683 506 6234 
9866 282 283 5760 
9867 5447 5366 6243 
9868 5928 5833 6154 
9869 950 5466 5958 
9870 75 3698 5734 
9871 215 216 5798 
9872 3913 3971 5705 
9873 680 681 5683 
9874 4705 5491 5926 
9875 5693 4697 6109 
9876 5680 4326 6211 
9877 3664 134 5706 
9878 3902 208 5718 
9879 561 562 5704 
9880 5021 5328 5951 
9881 3785 45 6192 
9882 473 4275 5724 
9883 176 177 5735 
9884 4599 5588 5589 
9885 67 3757 6128 
9886 4927 5471 5710 
9887 5312 4494 5663 
9888 4451 5054 5923 
9889 4758 4673 6000 
9890 5137 5136 5711 
9891 5600 4248 6125 
9892 4131 4635 5707 
9893 5358 4306 5812 
9894 177 4102 5735 
9895 208 209 5718 
9896 5205 3746 5855 
9897 5658 4582 5900 
9898 4983 4622 6103 
9899 5093 4228 5889 
9900 164 3665 3666 
9901 4170 4706 5615 
9902 763 764 5989 
9903 4404 4319 5715 
9904 691 692 5712 
9905 306 4147 5714 
9906 5025 5521 6156 
9907 183 4150 5723 
9908 5409 5330 5830 
9909 74 75 5734 
9910 3666 3665 3677 
9911 5124 4317 6055 
9912 5457 4585 5571 
9913 4710 5387 6179 
9914 4001 5061 6235 
9915 4490 5316 6234 
9916 3920 472 5724 
9917 4897 5624 6119 
9918 5880 4240 6189 
9919 568 3883 5816 
9920 453 4326 5824 
9921 5419 4561 5754 
9922 5342 4588 6262 
9923 5010 4000 6140 
9924 4591 5573 5793 
9925 4712 4313 5525 
9926 5996 5356 6039 
9927 3688 4205 5697 
9928 5719 3945 5771 
9929 216 4300 5798 
9930 4058 621 5786 
9931 3739 5129 5898 
9932 831 5722 5877 
9933 5231 5367 6135 
9934 4227 5258 6251 
9935 873 874 5781 
9936 4807 5896 5918 
9937 5388 4674 6033 
9938 3883 5876 6210 
9939 491 492 5763 
9940 4616 4524 5948 
9941 262 5603 6162 
9942 4273 5478 5914 
9943 5154 4950 6170 
9944 6161 5163 6176 
9945 3674 3 5616 
9946 418 419 5728 
9947 492 4249 5763 
9948 4702 5800 6213 
9949 5568 3662 6243 
9950 452 453 5824 
9951 5426 4257 6155 
9952 303 304 5755 
9953 4175 5543 6096 
9954 4161 4473 5665 
9955 5549 4607 6029 
9956 4008 5599 6124 
9957 891 3739 5898 
9958 4568 4566 5745 
9959 5253 4471 5709 
9960 3928 444 5829 
9961 464 3730 5672 
9962 651 4343 6037 
9963 5528 5242 5885 
9964 450 3908 6028 
9965 4621 303 5755 
9966 179 180 5737 
9967 3987 5323 5675 
9968 3694 3726 5674 
9969 3706 287 5831 
9970 5074 4287 6256 
9971 265 266 6188 
9972 250 5667 5886 
9973 5269 3668 5679 
9974 4006 4936 5814 
9975 124 125 5738 
9976 5001 3994 6174 
9977 3807 3941 5615 
9978 5412 4626 6034 
9979 3748 627 6194 
9980 5343 4453 5680 
9981 4674 4423 5753 
9982 5564 4788 6199 
9983 5434 5382 6078 
9984 5474 4523 5669 
9985 5536 4698 5938 
9986 5189 5180 6054 
9987 5516 4232 5564 
9988 5022 4835 5705 
9989 4317 393 6055 
9990 371 372 5743 
9991 3908 4459 6028 
9992 4339 842 5925 
9993 5452 3843 6238 
9994 3719 5437 5755 
9995 3808 536 5746 
9996 4855 5562 5788 
9997 4796 4012 5427 
9998 5032 5033 5775 
9999 4326 5821 6211 
10000 4975 4061 6130 
10001 4313 4700 5525 
10002 3985 5143 6155 
10003 4514 284 5811 
10004 5232 4004 6075 
10005 4141 5042 6123 
10006 4624 5687 6157 
10007 3826 5589 6116 
10008 291 3789 5849 
10009 799 800 5805 
10010 4326 454 5821 
10011 4124 5189 6054 
10012 4826 5209 6134 
10013 5653 809 5717 
10014 5612 4255 5624 
10015 304 3719 5755 
10016 5372 5551 6084 
10017 4201 5128 5883 
10018 3968 4584 5670 
10019 4253 5504 6138 
10020 19 20 5762 
10021 3718 909 5772 
10022 4836 4618 5937 
10023 800 4270 5805 
10024 4255 900 5808 
10025 4644 4645 6238 
10026 3757 68 6171 
10027 4955 4957 5761 
10028 5459 4514 5811 
10029 4618 5275 5937 
10030 3758 491 5763 
10031 4242 5424 6082 
10032 4891 33 5921 
10033 4487 5579 6044 
10034 3757 5562 5606 
10035 4212 3940 5662 
10036 6161 4827 6163 
10037 3770 3884 3885 
10038 5501 3932 5735 
10039 5796 5144 5909 
10040 4054 4412 6262 
10041 498 499 5768 
10042 454 455 5821 
10043 625 626 5996 
10044 5262 4424 5758 
10045 3973 5117 6013 
10046 603 4014 5874 
10047 5066 4458 6041 
10048 909 910 5772 
10049 4543 5321 5861 
10050 287 288 5831 
10051 739 5100 5569 
10052 3738 5267 5859 
10053 4822 4823 5742 
10054 570 4458 5876 
10055 3770 3885 4106 
10056 623 4001 6235 
10057 4889 5621 5719 
10058 5589 4713 6116 
10059 5472 4586 6024 
10060 204 5488 5630 
10061 772 773 5776 
10062 297 298 6261 
10063 4431 5696 5986 
10064 284 285 5811 
10065 3790 3979 5526 
10066 258 4220 5957 
10067 656 4165 5875 
10068 5483 4262 6218 
10069 4756 5504 5840 
10070 5311 5205 5855 
10071 4590 5277 5899 
10072 4601 5517 5826 
10073 4915 4612 5741 
10074 4830 4893 5878 
10075 4134 161 5848 
10076 4646 4192 5609 
10077 5235 4094 5835 
10078 5033 5671 6135 
10079 5370 3946 6167 
10080 545 4299 5801 
10081 153 154 5770 
10082 3765 4479 5817 
10083 5694 3998 5747 
10084 824 4006 5814 
10085 544 545 5801 
10086 4050 4561 6178 
10087 812 4359 5846 
10088 500 3852 5820 
10089 438 439 5905 
10090 4902 5335 5740 
10091 520 3707 6099 
10092 4412 5342 6262 
10093 499 500 5820 
10094 4205 5339 6053 
10095 5416 3693 5779 
10096 4546 440 5868 
10097 421 4329 5823 
10098 5152 5116 5815 
10099 3772 5528 5885 
10100 716 717 5787 
10101 449 450 6028 
10102 4745 4744 5701 
10103 3883 569 5876 
10104 4512 5472 6169 
10105 3715 215 5798 
10106 348 349 5790 
10107 5425 3648 5661 
10108 5116 5438 5815 
10109 4487 4169 5557 
10110 5134 4549 5792 
10111 4173 4171 6044 
10112 5807 4741 6160 
10113 175 3932 5791 
10114 4482 4735 5569 
10115 605 5329 5895 
10116 5574 522 6136 
10117 4651 5079 6160 
10118 870 871 5901 
10119 3653 6111 6221 
10120 5454 5422 5969 
10121 3702 544 5801 
10122 33 34 5921 
10123 6183 4098 6198 
10124 34 4656 5921 
10125 4969 4096 5730 
10126 5064 5065 5818 
10127 4843 4368 5623 
10128 18 19 5894 
10129 4069 4067 5799 
10130 942 943 5800 
10131 298 4660 6261 
10132 841 4339 5845 
10133 455 3647 5821 
10134 567 568 5816 
10135 840 841 5845 
10136 420 421 5823 
10137 811 812 5846 
10138 4989 452 5824 
10139 28 5388 6033 
10140 5875 4843 6249 
10141 4498 791 6250 
10142 4169 4168 5557 
10143 5008 4159 6133 
10144 4538 4829 5785 
10145 4318 438 5905 
10146 528 3688 5697 
10147 3662 5447 6243 
10148 49 50 6204 
10149 4468 5640 6240 
10150 4202 420 5823 
10151 3945 3740 5771 
10152 5523 702 5873 
10153 4134 5775 6059 
10154 561 5704 6220 
10155 715 3710 5812 
10156 3789 5716 5849 
10157 3922 5627 5642 
10158 5389 4921 5699 
10159 3698 76 6082 
10160 5603 5239 6162 
10161 4161 5665 5739 
10162 4872 5235 5835 
10163 4372 4123 5795 
10164 160 4134 6030 
10165 5190 4676 5936 
10166 911 3851 6064 
10167 5148 4593 5988 
10168 3666 3687 4427 
10169 4640 5078 5880 
10170 4070 344 5850 
10171 5180 5178 5804 
10172 4994 5435 5681 
10173 655 656 5875 
10174 5362 3890 5729 
10175 309 310 5961 
10176 4142 4161 5739 
10177 3948 3949 5564 
10178 6000 5343 6211 
10179 5562 4572 5606 
10180 4560 309 5961 
10181 4726 4725 6254 
10182 766 4708 5890 
10183 4160 927 5769 
10184 5435 5081 5828 
10185 4423 5295 5753 
10186 5302 5115 5759 
10187 4163 5142 5964 
10188 3820 173 5827 
10189 5011 4351 5933 
10190 210 3724 5839 
10191 4268 317 5884 
10192 5269 5679 5774 
10193 4209 4617 5773 
10194 3825 577 5841 
10195 767 768 6095 
10196 782 783 5847 
10197 5138 5727 5976 
10198 4516 66 6128 
10199 408 409 5840 
10200 5200 5483 6218 
10201 5258 4717 6251 
10202 655 5875 6249 
10203 209 210 5839 
10204 4585 647 5956 
10205 5638 3831 5639 
10206 3831 5638 6190 
10207 3675 4428 5822 
10208 4373 5404 5616 
10209 5638 4920 6190 
10210 4561 4278 5754 
10211 5389 3982 6127 
10212 3854 3856 5751 
10213 4077 840 5845 
10214 4663 4461 5932 
10215 4861 4860 5732 
10216 640 3853 5935 
10217 3846 5 5924 
10218 3810 5742 6046 
10219 5229 4900 5887 
10220 478 479 5844 
10221 4094 3906 5835 
10222 3796 3998 5694 
10223 4046 5758 6034 
10224 3959 5053 6217 
10225 4529 5194 5862 
10226 5109 4407 6005 
10227 5599 4404 6263 
10228 4148 5269 5774 
10229 4018 318 5853 
10230 3934 3909 5910 
10231 3638 282 5760 
10232 791 792 6250 
10233 3739 892 5908 
10234 579 580 6065 
10235 5556 74 5734 
10236 3947 3701 5842 
10237 4046 23 5995 
10238 633 3686 5906 
10239 3946 5456 6167 
10240 890 891 5898 
10241 4768 5552 6205 
10242 4291 765 5890 
10243 5013 5014 5857 
10244 4611 5446 5688 
10245 892 893 5908 
10246 703 3781 5873 
10247 288 289 6035 
10248 3850 143 6166 
10249 3716 3673 6074 
10250 4232 3948 5564 
10251 793 4211 5954 
10252 3750 5807 6160 
10253 3638 5121 6215 
10254 5047 5691 5843 
10255 4041 762 6186 
10256 5676 4022 5677 
10257 765 766 5890 
10258 4033 5218 6091 
10259 4729 5126 6104 
10260 4343 5748 5749 
10261 4192 4191 5609 
10262 435 436 5869 
10263 514 515 6116 
10264 4557 4558 5888 
10265 4792 4791 6181 
10266 4459 5396 6028 
10267 4530 4529 5862 
10268 280 4009 6231 
10269 22 4046 6062 
10270 4070 5850 5915 
10271 3736 3782 5794 
10272 5670 4584 5803 
10273 626 3748 5996 
10274 5347 4451 5923 
10275 569 570 5876 
10276 4504 5218 5837 
10277 5222 3637 5932 
10278 3640 261 6162 
10279 540 541 6144 
10280 5869 436 6081 
10281 3877 4002 5736 
10282 618 4576 5967 
10283 3844 101 5443 
10284 4168 4602 5557 
10285 4571 579 6065 
10286 5503 4138 5879 
10287 5310 4197 5828 
10288 3668 64 5679 
10289 5504 4756 6138 
10290 5708 4635 6069 
10291 4356 4983 5958 
10292 3686 5468 5906 
10293 4603 4604 5819 
10294 5748 5747 5749 
10295 5629 3825 5841 
10296 5708 5831 6035 
10297 4875 3931 5865 
10298 23 24 5995 
10299 4221 4650 6179 
10300 4761 4153 5793 
10301 696 4266 6085 
10302 5069 4543 5861 
10303 5597 4104 5810 
10304 6083 5168 6143 
10305 4234 5040 5899 
10306 4759 4506 5832 
10307 3998 4476 5747 
10308 5882 4743 6073 
10309 3894 5469 5783 
10310 5418 3947 5842 
10311 328 329 5911 
10312 5204 4158 5863 
10313 4510 5538 5668 
10314 4484 4699 5852 
10315 4059 168 6036 
10316 4144 116 5939 
10317 3757 5606 6128 
10318 5107 5507 6191 
10319 5202 4070 5915 
10320 4285 5090 6197 
10321 376 377 6014 
10322 3993 540 6144 
10323 4155 356 5940 
10324 5117 3703 6012 
10325 168 169 6036 
10326 4559 5252 5886 
10327 4472 5664 5731 
10328 5327 937 6229 
10329 21 22 6062 
10330 440 441 5868 
10331 5540 4718 5733 
10332 5532 4143 5946 
10333 3687 3737 5671 
10334 5456 5555 6167 
10335 4045 5122 5892 
10336 5570 3826 5647 
10337 307 308 6045 
10338 5052 4870 6098 
10339 5090 4965 5973 
10340 704 705 5893 
10341 849 850 6230 
10342 4719 4630 5802 
10343 4700 5535 6150 
10344 72 4017 6196 
10345 4696 4247 5784 
10346 4921 5389 6127 
10347 308 4560 6045 
10348 162 5032 5848 
10349 4114 4675 5856 
10350 5799 4067 6260 
10351 4539 5547 6076 
10352 317 4018 5884 
10353 5496 4760 6223 
10354 396 4320 6119 
10355 4275 474 5913 
10356 268 3653 5990 
10357 3782 3677 6142 
10358 161 162 5848 
10359 4713 514 6116 
10360 4897 5612 5624 
10361 5577 4502 5652 
10362 5695 457 6071 
10363 4424 5412 5758 
10364 5125 4490 6234 
10365 5635 239 6003 
10366 3896 4638 5881 
10367 4808 3813 6056 
10368 5092 3761 5929 
10369 4962 6032 6227 
10370 3946 294 6173 
10371 4105 468 5870 
10372 377 5010 6014 
10373 512 513 6200 
10374 4394 606 5980 
10375 4906 4908 6072 
10376 647 648 5956 
10377 3670 5534 6225 
10378 329 4454 5911 
10379 178 179 6184 
10380 4166 3884 5765 
10381 4538 5785 6040 
10382 5786 622 6235 
10383 4005 5314 5952 
10384 4673 5343 6000 
10385 324 325 5919 
10386 5242 5241 5885 
10387 4706 5620 6247 
10388 869 870 5998 
10389 5691 3897 5843 
10390 4717 5257 6251 
10391 709 3728 6084 
10392 3827 5645 5920 
10393 4550 4356 5958 
10394 132 133 5916 
10395 554 3827 5920 
10396 624 625 6039 
10397 4615 4942 5766 
10398 3647 6000 6211 
10399 815 816 6264 
10400 4048 328 5911 
10401 5403 4314 5955 
10402 3766 324 5919 
10403 5384 4508 5777 
10404 4501 695 6085 
10405 5038 5037 6143 
10406 4508 5601 5777 
10407 356 357 5940 
10408 325 4737 5919 
10409 5666 4473 6138 
10410 263 3772 6086 
10411 239 240 6003 
10412 842 843 5925 
10413 4129 3952 5904 
10414 4077 5845 5938 
10415 281 3638 6215 
10416 4001 624 6039 
10417 3728 5372 6084 
10418 4668 4667 6048 
10419 4738 446 6148 
10420 5874 5896 6195 
10421 4269 5104 5953 
10422 5129 5484 5898 
10423 5044 4809 6052 
10424 5743 3831 6190 
10425 5422 3828 5969 
10426 3962 4853 5979 
10427 194 195 5931 
10428 32 4891 6049 
10429 4368 4545 5623 
10430 4741 4651 6160 
10431 413 414 5975 
10432 5852 6048 6232 
10433 674 4462 6080 
10434 3816 3736 5794 
10435 4128 815 6264 
10436 5017 5066 6041 
10437 4098 4097 6198 
10438 4862 5409 5830 
10439 4112 566 6152 
10440 3843 5452 6141 
10441 5327 4730 6092 
10442 3694 5674 6074 
10443 158 159 6047 
10444 360 4720 6038 
10445 4604 5410 5819 
10446 299 300 6107 
10447 5609 4615 5635 
10448 5113 4648 5971 
10449 5348 5349 5854 
10450 5665 4688 5739 
10451 4758 5695 6071 
10452 5226 4341 5959 
10453 4191 4615 5609 
10454 5142 5545 5964 
10455 4138 5658 5879 
10456 4374 4646 6113 
10457 574 4116 6067 
10458 5450 4434 5780 
10459 906 907 6043 
10460 5585 3716 6233 
10461 5426 4636 6057 
10462 4344 519 6099 
10463 141 142 6118 
10464 446 447 6148 
10465 4364 4759 5930 
10466 5713 616 5802 
10467 310 3699 5961 
10468 764 4291 5989 
10469 5061 5786 6235 
10470 3963 4157 6108 
10471 78 79 5965 
10472 474 4556 5913 
10473 4825 4826 5974 
10474 513 4713 6200 
10475 4912 3753 6026 
10476 4122 4513 5902 
10477 3941 4170 5615 
10478 5724 4275 6219 
10479 47 4243 6129 
10480 159 160 6030 
10481 4654 4655 5970 
10482 5019 5018 5897 
10483 5652 3758 5763 
10484 4009 5378 6231 
10485 929 930 5972 
10486 5043 4683 6022 
10487 4844 4846 6132 
10488 5117 6012 6013 
10489 5986 4849 6110 
10490 867 868 6150 
10491 4469 5874 6195 
10492 5419 811 5846 
10493 4846 5751 6083 
10494 3867 301 6023 
10495 276 277 6258 
10496 301 302 6023 
10497 5621 3945 5719 
10498 31 32 6049 
10499 359 360 6038 
10500 5758 5412 6034 
10501 5075 5074 6002 
10502 919 920 6257 
10503 5736 4002 5858 
10504 4023 359 6038 
10505 5006 5688 6021 
10506 4483 5502 5757 
10507 4819 4580 5962 
10508 5424 3698 6082 
10509 447 3795 6148 
10510 3967 4022 5676 
10511 4633 5807 6025 
10512 4404 5715 5716 
10513 4849 5123 6110 
10514 4766 4616 5859 
10515 5240 5603 6086 
10516 5545 4661 5964 
10517 564 565 6089 
10518 5130 3864 6214 
10519 4282 3875 5963 
10520 4551 4552 6053 
10521 4652 5130 6214 
10522 4080 5124 6055 
10523 5604 4202 5823 
10524 4700 4277 6042 
10525 4660 299 6107 
10526 4525 4765 5977 
10527 4725 4805 6254 
10528 5913 4556 5985 
10529 5438 3670 5815 
10530 5016 5017 6041 
10531 5465 4807 5918 
10532 4074 4011 5687 
10533 4645 5452 6238 
10534 200 201 6088 
10535 5511 5144 5796 
10536 587 4213 5987 
10537 5143 5426 6155 
10538 648 649 6077 
10539 4401 5531 5837 
10540 5506 3868 5978 
10541 769 4340 6008 
10542 5067 5348 5854 
10543 893 894 6032 
10544 5121 4009 6215 
10545 27 28 6033 
10546 4632 4633 5934 
10547 3721 5471 6142 
10548 5528 265 6188 
10549 5603 262 6086 
10550 4976 4975 6130 
10551 5329 4654 5895 
10552 302 4621 6023 
10553 69 4443 6171 
10554 4277 3967 5676 
10555 4157 5571 6108 
10556 5551 708 6084 
10557 5504 5503 5879 
10558 850 4591 6230 
10559 4764 4763 5992 
10560 4435 5721 6026 
10561 4410 5154 6170 
10562 4731 4729 6104 
10563 4011 4302 5687 
10564 4823 5555 5742 
10565 5479 4077 5938 
10566 902 3767 6101 
10567 5218 5371 6091 
10568 4307 5950 5974 
10569 871 872 6185 
10570 4509 5653 5717 
10571 4670 5537 5922 
10572 6110 5123 6217 
10573 5557 5722 5942 
10574 5037 6083 6143 
10575 5288 4413 5952 
10576 4890 5719 5720 
10577 565 4112 6089 
10578 4241 5986 6110 
10579 4355 376 6014 
10580 905 4167 6216 
10581 5209 3992 6134 
10582 4143 4623 5946 
10583 5562 3757 5788 
10584 4233 5528 6188 
10585 4298 5324 5900 
10586 5622 4797 6257 
10587 4147 307 6045 
10588 4873 4838 6225 
10589 846 847 6070 
10590 4691 5595 5851 
10591 518 4344 6172 
10592 3673 3694 6074 
10593 4593 5576 5988 
10594 4780 5441 6040 
10595 46 47 6129 
10596 5299 4825 5950 
10597 4707 4050 6178 
10598 5441 5376 6040 
10599 326 327 6159 
10600 4671 5922 6123 
10601 5260 4813 6237 
10602 4241 4015 5986 
10603 5828 5081 6112 
10604 580 3759 6065 
10605 654 655 6249 
10606 5366 5365 6243 
10607 5950 4825 5974 
10608 436 437 6081 
10609 358 4023 6151 
10610 4347 4084 6058 
10611 4334 4760 6016 
10612 5123 3959 6217 
10613 4307 4380 5950 
10614 5895 4654 5970 
10615 5576 3657 5988 
10616 4254 5490 5818 
10617 289 4377 6035 
10618 538 539 6168 
10619 5272 3834 6182 
10620 4556 4875 5993 
10621 635 636 6068 
10622 5744 4209 5773 
10623 5157 3810 6046 
10624 5374 4691 5851 
10625 60 4753 6105 
10626 4103 4702 5871 
10627 4452 5347 5912 
10628 904 905 6216 
10629 251 252 6117 
10630 4967 5597 5810 
10631 5578 4401 5837 
10632 4167 906 6043 
10633 3814 4203 6007 
10634 910 911 6064 
10635 3665 165 3721 
10636 5587 4501 5744 
10637 5054 297 6261 
10638 708 709 6084 
10639 3938 4071 6006 
10640 5250 877 6100 
10641 3693 3672 5779 
10642 5557 4602 5722 
10643 4302 4797 6157 
10644 4588 5342 6115 
10645 5807 4633 6244 
10646 76 77 6082 
10647 862 863 6087 
10648 457 458 6071 
10649 3767 5395 5968 
10650 4060 200 6088 
10651 327 4048 6159 
10652 4607 4606 6029 
10653 5665 5432 5975 
10654 461 462 6187 
10655 695 696 6085 
10656 627 628 6194 
10657 5488 3742 5825 
10658 4270 801 6255 
10659 462 4802 6187 
10660 3672 3674 5779 
10661 5832 4537 6145 
10662 4487 5557 5942 
10663 4708 767 6095 
10664 24 5262 5995 
10665 5722 4602 5877 
10666 560 561 6220 
10667 4570 5496 6223 
10668 5025 5386 6226 
10669 4657 396 6119 
10670 592 4095 5933 
10671 5623 654 6249 
10672 4687 4734 5997 
10673 539 3993 6168 
10674 5635 4615 5766 
10675 5097 4695 6114 
10676 5112 5111 6141 
10677 622 623 6235 
10678 519 520 6099 
10679 5111 3843 6141 
10680 4380 5391 6018 
10681 5753 27 6033 
10682 5973 4461 6197 
10683 4650 4649 6093 
10684 608 4008 6124 
10685 4569 5245 6096 
10686 3929 4033 6091 
10687 5380 3767 5968 
10688 5695 4758 6000 
10689 4688 5665 5975 
10690 5270 4588 6115 
10691 4807 4773 6195 
10692 4913 276 6258 
10693 5613 5016 6041 
10694 515 3826 6116 
10695 4324 60 6105 
10696 5575 4731 6090 
10697 357 358 6151 
10698 300 3867 6107 
10699 5429 4693 6207 
10700 4625 6110 6217 
10701 50 3747 6204 
10702 566 567 6152 
10703 71 72 6196 
10704 4625 4241 6110 
10705 5261 4307 5974 
10706 4578 4577 6001 
10707 4602 4828 5877 
10708 66 67 6128 
10709 541 4594 6144 
10710 3986 5520 6161 
10711 4920 4918 6190 
10712 5702 4644 6238 
10713 4919 4921 6127 
10714 5987 4213 6164 
10715 4287 364 6256 
10716 5675 4578 6001 
10717 5284 4861 6072 
10718 4746 5418 5750 
10719 4827 136 6163 
10720 5982 5075 6002 
10721 5471 3782 6142 
10722 4413 4005 5952 
10723 314 315 6146 
10724 5362 5729 6061 
10725 5607 5465 5918 
10726 4708 5515 5890 
10727 4420 5457 6094 
10728 5199 4270 6255 
10729 68 69 6171 
10730 137 3986 6163 
10731 4737 326 6159 
10732 5484 890 5898 
10733 4000 5699 6140 
10734 634 635 6209 
10735 522 523 6136 
10736 3961 461 6187 
10737 5893 705 6177 
10738 4630 5713 5802 
10739 270 271 6253 
10740 5535 4700 6042 
10741 4204 57 6149 
10742 4752 538 6168 
10743 5053 4625 6217 
10744 5306 5219 6060 
10745 4345 5439 5993 
10746 5324 5658 5900 
10747 4218 4943 6125 
10748 4666 4665 6004 
10749 4102 178 6184 
10750 5784 4247 6108 
10751 164 3666 5602 
10752 164 165 3665 
10753 143 144 6166 
10754 5650 5232 6075 
10755 5707 4635 5708 
10756 705 706 6177 
10757 635 6068 6209 
10758 5711 3719 5714 
10759 4263 5550 6185 
10760 4118 947 6009 
10761 4119 512 6200 
10762 4223 5107 6241 
10763 517 518 6172 
10764 136 137 6163 
10765 385 3828 6208 
10766 801 802 6255 
10767 5031 3671 6207 
10768 4635 5225 6069 
10769 5856 4675 6121 
10770 4710 4641 6063 
10771 4564 5377 5981 
10772 277 3973 6258 
10773 4046 6034 6062 
10774 4067 4065 6260 
10775 5475 4113 5979 
10776 5381 4546 5868 
10777 5251 21 6062 
10778 4584 5550 5803 
10779 6048 4667 6232 
10780 3987 5675 6001 
10781 5245 5244 6096 
10782 4816 46 6129 
10783 3921 4468 6240 
10784 5163 5368 6176 
10785 6120 3703 6231 
10786 3750 5806 5807 
10787 5756 5069 5861 
10788 106 107 6245 
10789 4193 950 6103 
10790 4990 5693 6109 
10791 5368 3664 6176 
10792 5318 5524 5836 
10793 5846 4359 6010 
10794 4575 5535 6042 
10795 3891 3935 6153 
10796 4853 5475 5979 
10797 4961 4962 6227 
10798 4324 6105 6259 
10799 5872 4663 5932 
10800 4294 4990 6109 
10801 802 5199 6255 
10802 5502 4541 5917 
10803 5262 5758 5995 
10804 5961 3699 5976 
10805 5185 5718 5839 
10806 5674 5005 6074 
10807 5185 5177 6206 
10808 4653 5268 6120 
10809 4812 5570 5983 
10810 4672 4758 6175 
10811 4847 4324 6259 
10812 4675 4834 6121 
10813 4679 5449 5894 
10814 3985 3785 6192 
10815 4656 5492 5921 
10816 939 4103 6017 
10817 3950 5519 6227 
10818 5323 4063 6137 
10819 4499 5530 5783 
10820 5436 3715 5927 
10821 5456 3946 6173 
10822 5520 5163 6161 
10823 5688 5446 6021 
10824 3930 5371 6212 
10825 5428 4155 5951 
10826 4809 4652 6214 
10827 4377 5708 6035 
10828 154 5641 5770 
10829 4231 5377 5903 
10830 4359 5350 6010 
10831 5631 4764 5834 
10832 5950 4380 6018 
10833 4265 5346 6169 
10834 920 5622 6257 
10835 5299 5950 6018 
10836 3753 3862 6026 
10837 5483 5250 6100 
10838 5466 4550 5958 
10839 3735 4043 6106 
10840 5515 4291 5890 
10841 4667 5053 6232 
10842 266 4233 6188 
10843 4522 4410 6170 
10844 3637 5872 5932 
10845 5502 4480 5978 
10846 3888 530 6193 
10847 4655 5607 5918 
10848 4731 5465 6090 
10849 4985 4460 6180 
10850 4614 5359 5999 
10851 4715 4768 6205 
10852 4620 5585 6233 
10853 5566 5480 6126 
10854 4896 5519 6031 
10855 5531 4504 5837 
10856 3924 5231 6135 
10857 5640 4163 5964 
10858 4312 5310 6112 
10859 5377 4564 5903 
10860 4009 281 6215 
10861 5168 4248 6143 
10862 5432 413 5975 
10863 5669 5200 6218 
10864 4734 5980 5997 
10865 5535 867 6150 
10866 799 5805 5806 
10867 5439 4273 5985 
10868 5423 5299 6018 
10869 5376 4538 6040 
10870 4797 5563 6257 
10871 5430 5118 5969 
10872 5519 5518 6031 
10873 5788 3757 6171 
10874 4197 5681 5828 
10875 5521 5025 6226 
10876 3752 5575 6090 
10877 5606 4516 6128 
10878 5555 4823 6167 
10879 4988 5566 6126 
10880 366 4074 5982 
10881 5344 4257 6202 
10882 5524 4663 5872 
10883 4691 4690 6189 
10884 4427 3687 5671 
10885 3707 5726 6099 
10886 5658 4583 5879 
10887 5959 4826 6134 
10888 5492 4891 5921 
10889 5526 4539 6076 
10890 5350 4707 6178 
10891 4273 5914 5985 
10892 3657 5445 5988 
10893 3637 5770 5872 
10894 4856 4694 6239 
10895 5458 5052 6098 
10896 4245 4285 6197 
10897 5339 4551 6053 
10898 5310 5828 6112 
10899 3928 5270 6115 
10900 5667 4559 5886 
10901 4758 6071 6175 
10902 3949 3787 6248 
10903 5382 3728 6078 
10904 4228 5759 5889 
10905 5087 6183 6198 
10906 5579 4487 5942 
10907 4730 4726 6254 
10908 5675 5323 6137 
10909 4116 5530 6011 
10910 5337 4336 6156 
10911 5681 5435 5828 
10912 5645 4874 6020 
10913 5878 763 5989 
10914 4544 5600 6125 
10915 3880 5526 6076 
10916 3843 5702 6238 
10917 3977 3985 6155 
10918 4257 5426 6057 
10919 5550 4263 5803 
10920 5214 5768 5820 
10921 5118 5454 5969 
10922 5446 4371 6021 
10923 4745 5701 6203 
10924 3868 5757 5978 
10925 5747 4476 5749 
10926 4473 4253 6138 
10927 4042 5362 6061 
10928 238 5635 5766 
10929 5066 5067 6210 
10930 4561 6010 6178 
10931 5648 5184 5927 
10932 3828 5430 5969 
10933 5550 4712 5901 
10934 5643 4292 6132 
10935 4797 5622 6157 
10936 4629 5344 6202 
10937 3671 5429 6207 
10938 5580 3880 6076 
10939 5235 4741 6244 
10940 5482 4098 6183 
10941 4815 4678 6224 
10942 5971 4204 6149 
10943 4823 5370 6167 
10944 5371 4596 6212 
10945 5718 209 5839 
10946 5296 4776 6222 
10947 5396 449 6028 
10948 5472 4265 6169 
10949 4247 3963 6108 
10950 5813 49 6204 
10951 4702 940 6139 
10952 4074 5687 5866 
10953 4890 5720 5907 
10954 5624 4255 6102 
10955 5984 4102 6184 
10956 5424 4242 6097 
10957 5627 3922 6017 
10958 5768 499 5820 
10959 5727 4560 5976 
10960 4524 4374 6113 
10961 5448 3930 6212 
10962 4650 5586 6179 
10963 907 5542 6043 
10964 4586 5421 6024 
10965 870 5901 5998 
10966 5544 4732 5994 
10967 4061 5512 6130 
10968 5749 5281 6037 
10969 5901 4712 5998 
10970 5475 4853 6131 
10971 5518 4039 6031 
10972 5507 3649 6191 
10973 3834 5684 6182 
10974 5395 904 6216 
10975 5690 4761 6051 
10976 3665 3721 6142 
10977 4004 5594 6075 
10978 4055 4054 6262 
10979 5480 4058 6126 
10980 5807 5806 6025 
10981 4753 5515 6105 
10982 5543 4569 6096 
10983 5440 4107 6145 
10984 5386 4393 6226 
10985 5646 849 6230 
10986 5806 5805 6025 
10987 5367 5447 6059 
10988 5377 4600 5981 
10989 201 5558 6088 
10990 4035 599 6147 
10991 4262 5483 6100 
10992 5534 4873 6225 
10993 5500 5772 6064 
10994 4032 5403 6246 
10995 5772 910 6064 
10996 5544 5994 6221 
10997 6014 5010 6015 
10998 3747 5511 6204 
10999 169 5678 6036 
11000 5546 4790 6263 
11001 5789 4205 6053 
11002 3678 5510 6027 
11003 5328 5625 5951 
11004 4560 5727 6045 
11005 5727 4147 6045 
11006 5944 3748 6194 
11007 5098 5887 6097 
11008 5656 4110 5928 
11009 5757 5502 5978 
11010 3771 5458 6098 
11011 5696 4849 5986 
11012 5492 4656 6164 
11013 5684 4493 5917 
11014 5037 5797 6083 
11015 4292 4844 6132 
11016 4736 5682 5883 
11017 628 5513 6194 
11018 5759 5115 5889 
11019 5624 4657 6119 
11020 4444 5456 6173 
11021 4740 5444 6111 
11022 5622 4624 6157 
11023 4213 5492 6164 
11024 5607 3752 6090 
11025 5457 5571 6094 
11026 4017 5767 6196 
11027 4171 4487 6044 
11028 5032 5775 5848 
11029 5956 648 6077 
11030 5625 5428 5951 
11031 4791 5493 6181 
11032 4770 5690 6051 
11033 3897 505 6158 
11034 6015 5010 6140 
11035 5570 5647 5983 
11036 5316 3683 6234 
11037 3666 4427 5602 
11038 5563 919 6257 
11039 3677 3665 6142 
11040 4712 5525 5998 
11041 4097 4482 6198 
11042 3664 5706 6176 
11043 179 5737 6184 
11044 4262 5474 6218 
11045 5180 5804 6054 
11046 5917 4541 6182 
11047 5726 4344 6099 
11048 4657 5624 6102 
11049 4288 5756 5861 
11050 5722 832 5942 
11051 4518 5546 6122 
11052 4219 5527 6165 
11053 4766 5650 6075 
11054 5632 564 6089 
11055 5874 4014 5896 
11056 4636 5628 6057 
11057 5716 5546 6263 
11058 4713 5589 6228 
11059 3647 5695 6000 
11060 3646 5643 5797 
11061 4458 5613 6041 
11062 5647 517 6172 
11063 5684 5917 6182 
11064 5589 5588 6228 
11065 4687 5997 6124 
11066 4266 5891 6085 
11067 5474 5669 6218 
11068 4329 5703 6131 
11069 5718 5185 6206 
11070 3649 5611 6191 
11071 5775 4134 5848 
11072 4484 5852 6232 
11073 4355 6014 6015 
11074 4443 5788 6171 
11075 4500 5907 6011 
11076 4428 5990 5994 
11077 5784 4585 5956 
11078 4462 5782 6080 
11079 5698 4124 6054 
11080 3721 165 6027 
11081 5797 5643 6132 
11082 5721 4912 6026 
11083 5667 251 6117 
11084 5586 4710 6179 
11085 5465 5607 6090 
11086 5992 4763 6118 
11087 4477 5548 6236 
11088 4552 5789 6053 
11089 5444 5544 6221 
11090 4674 5753 6033 
11091 5896 4807 6195 
11092 5892 5122 6050 
11093 5852 3644 6048 
11094 5781 4815 6224 
11095 5867 4112 6152 
11096 5891 4501 6085 
11097 4656 5649 6164 
11098 5934 4633 6025 
11099 5831 288 6035 
11100 5620 3645 6247 
11101 5588 4119 6228 
11102 4690 5880 6189 
11103 5058 5752 6241 
11104 5628 4629 6202 
11105 3787 37 6248 
11106 159 6030 6047 
11107 4830 5878 5989 
11108 5941 5940 6151 
11109 5948 4524 6113 
11110 4107 5832 6145 
11111 5908 893 6032 
11112 5511 5813 6204 
11113 4277 5676 6042 
11114 4962 5908 6032 
11115 3902 5718 6206 
11116 6111 5444 6221 
11117 5516 5564 6199 
11118 5752 4223 6241 
11119 4918 5743 6190 
11120 4455 5516 6199 
11121 5797 4846 6083 
11122 4796 5928 6154 
11123 4741 5807 6244 
11124 4560 5961 5976 
11125 5940 357 6151 
11126 5782 4280 6080 
11127 5633 4745 6203 
11128 567 5816 6152 
11129 5343 5680 6211 
11130 4404 5716 6263 
11131 4343 5749 6037 
11132 4846 5797 6132 
11133 5985 4556 5993 
11134 5816 5867 6152 
11135 5809 3888 6193 
11136 5843 3897 6158 
11137 4664 5892 6050 
11138 5439 5985 5993 
11139 4898 5778 6236 
11140 5833 4358 6154 
11141 5923 5054 6261 
11142 5821 3647 6211 
11143 4344 5983 6172 
11144 4263 5781 6224 
11145 5983 5647 6172 
11146 4678 5803 6224 
11147 5012 5948 6113 
11148 4257 6057 6202 
11149 5687 4302 6157 
11150 5403 5955 6246 
11151 4843 5623 6249 
11152 5955 4939 6246 
11153 4063 5937 6137 
11154 5803 4263 6224 
11155 5766 4942 6252 
11156 4922 6015 6140 
11157 5513 5944 6194 
11158 5800 4702 6139 
11159 5909 3985 6192 
11160 6030 4134 6059 
11161 6012 3703 6120 
11162 4023 5941 6151 
11163 5878 4893 6186 
11164 5550 5901 6185 
11165 5871 4702 6213 
11166 5937 5275 6137 
11167 5268 6012 6120 
11168 4816 5909 6192 
11169 5226 5959 6134 
11170 6092 4730 6254 
11171 4660 5923 6261 
11172 5090 5973 6197 
11173 6095 4847 6259 
11174 4708 6095 6259 
11175 6010 5350 6178 
11176 6002 5074 6256 
11177 5901 871 6185 
11178 6057 5628 6202 
11179 365 5982 6002 
11180 4805 6092 6254 
11181 6200 4713 6228 
11182 4119 6200 6228 
11183 70 71 6196 
2 7 2 3345
11184 6941 7603 7241 
11185 7082 7589 1687 
11186 6877 7026 6874 
11187 6289 7017 1755 
11188 7100 7584 7022 
11189 6897 7624 1663 
11190 1636 1634 1635 
11191 6767 7524 7205 
11192 6649 7168 6651 
11193 6980 7055 1797 
11194 7169 7595 7578 
11195 6304 7068 7013 
11196 7561 7686 6330 
11197 6304 7013 1535 
11198 7176 7178 7140 
11199 6321 7613 7025 
11200 7038 7415 6762 
11201 6882 7053 6888 
11202 1636 7172 1634 
11203 1805 7560 1804 
11204 7540 7552 6924 
11205 7070 7147 6750 
11206 6755 6767 1788 
11207 7030 7558 6304 
11208 1798 6980 1797 
11209 7110 7568 6996 
11210 6706 7624 7089 
11211 7519 7712 1564 
11212 6289 7612 7017 
11213 7178 7675 7140 
11214 6919 6986 1752 
11215 7127 7524 6767 
11216 6578 7088 7035 
11217 7002 7686 7561 
11218 7030 7720 7558 
11219 7070 7581 6993 
11220 7000 7057 6326 
11221 7027 7154 7103 
11222 7066 7415 6295 
11223 7127 7591 6675 
11224 6292 7099 7029 
11225 1687 7589 1686 
11226 6683 7363 7191 
11227 7164 7624 6706 
11228 1565 7519 1564 
11229 6292 7029 1733 
11230 7012 7591 7127 
11231 6879 7600 7065 
11232 6297 7087 6940 
11233 6981 7552 7540 
11234 7049 7215 7214 
11235 7074 7352 6269 
11236 6791 6870 1639 
11237 7092 7258 7103 
11238 6877 7027 7026 
11239 6993 7625 7070 
11240 7241 7603 6588 
11241 7157 7196 6797 
11242 1663 7624 6913 
11243 7258 7633 7103 
11244 7578 7595 6931 
11245 6754 7107 7006 
11246 7180 7532 7095 
11247 6293 7584 7100 
11248 7037 7038 6287 
11249 1613 7037 6287 
11250 1789 6755 1788 
11251 6299 7122 7040 
11252 7581 7606 7245 
11253 1602 7634 1601 
11254 6750 7581 7070 
11255 6299 7040 1711 
11256 1591 7059 6315 
11257 6988 7635 1606 
11258 7037 7415 7038 
11259 6880 6881 1775 
11260 6873 6930 1616 
11261 6301 7532 7180 
11262 6935 6982 6693 
11263 7035 7619 6578 
11264 6612 7136 7134 
11265 6279 7568 7110 
11266 7028 7745 6314 
11267 1697 7097 1696 
11268 1675 7766 7067 
11269 6290 7564 7526 
11270 7049 7216 7215 
11271 6901 7162 6267 
11272 6297 6940 1773 
11273 7067 7673 1675 
11274 7022 7432 7100 
11275 1800 7107 6980 
11276 6295 7145 7066 
11277 1686 7589 1685 
11278 6309 7158 6875 
11279 6588 7242 7241 
11280 6991 7116 6886 
11281 6324 7525 7379 
11282 6267 7162 7060 
11283 6690 7575 7031 
11284 7162 7537 7060 
11285 7157 7660 7196 
11286 6906 7130 1811 
11287 6707 7168 6649 
11288 1640 6791 1639 
11289 6273 7084 7004 
11290 7071 7523 6283 
11291 1782 6997 1781 
11292 7036 7539 6699 
11293 6306 7081 1624 
11294 1690 7106 1689 
11295 6699 7538 7036 
11296 6999 7606 7581 
11297 1593 6901 6267 
11298 7223 7664 7017 
11299 7135 7602 7597 
11300 1604 6895 1603 
11301 7017 7612 7223 
11302 7116 7155 6886 
11303 6314 7745 7141 
11304 7597 7602 6642 
11305 6991 7117 7116 
11306 7081 7689 7016 
11307 6321 7025 6791 
11308 7053 7167 6888 
11309 1741 7004 6279 
11310 6934 7146 6933 
11311 6872 7209 6704 
11312 7006 7560 1805 
11313 6939 7347 7035 
11314 7526 7564 7064 
11315 6588 7528 7242 
11316 1680 6935 6693 
11317 7501 7544 6316 
11318 6651 7168 6794 
11319 1694 7550 1693 
11320 7467 7674 6311 
11321 1617 6873 1616 
11322 6754 7006 1806 
11323 1776 6880 1775 
11324 6283 7629 7071 
11325 7096 7203 6290 
11326 7191 7363 7193 
11327 7154 7623 7103 
11328 6880 7053 6882 
11329 1670 7128 6302 
11330 1604 7546 6895 
11331 1782 7636 6997 
11332 6874 7026 6873 
11333 1697 7766 7097 
11334 7004 7531 6279 
11335 7031 7598 6690 
11336 7208 7692 6923 
11337 6311 7605 7467 
11338 6762 7793 7038 
11339 1664 6897 1663 
11340 7065 7656 6879 
11341 7621 7692 7208 
11342 6886 7155 6883 
11343 1657 6900 1656 
11344 7000 7658 7057 
11345 7379 7525 7380 
11346 7132 7149 7135 
11347 6294 7643 7470 
11348 7470 7667 6294 
11349 1657 7623 6900 
11350 6306 7689 7081 
11351 7105 7106 6765 
11352 6295 7415 7037 
11353 7070 7715 7147 
11354 6269 7559 7074 
11355 6986 7637 1752 
11356 7087 7117 6766 
11357 1704 6936 1703 
11358 1606 7635 6333 
11359 6315 7595 7169 
11360 1687 7596 7082 
11361 7139 7612 6289 
11362 6901 7669 7209 
11363 1791 7119 1790 
11364 7083 7669 6901 
11365 1704 7681 6936 
11366 7016 7641 7081 
11367 6273 7004 1742 
11368 7123 7642 6904 
11369 7064 7564 6307 
11370 1812 6906 1811 
11371 6904 7744 7123 
11372 6939 7618 7347 
11373 6895 7634 1602 
11374 7137 7183 6303 
11375 6883 7155 6881 
11376 7207 7621 7201 
11377 6293 7100 1541 
11378 7080 7566 7544 
11379 1753 6919 1752 
11380 1739 7110 6699 
11381 6322 7755 7381 
11382 6270 7485 7397 
11383 7201 7670 7207 
11384 6894 7730 7073 
11385 1685 7589 1684 
11386 6278 7149 7132 
11387 6934 7170 7109 
11388 7518 7613 6321 
11389 6326 7057 1700 
11390 7527 7749 7094 
11391 7059 7595 6315 
11392 1612 7129 1611 
11393 6307 7569 7064 
11394 7134 7597 6612 
11395 7080 7544 7501 
11396 6942 7666 1730 
11397 7047 7614 7587 
11398 1777 7028 6314 
11399 1731 6942 1730 
11400 6303 7182 7137 
11401 6879 7601 7600 
11402 7128 7649 6302 
11403 6290 7526 7096 
11404 1800 6980 1799 
11405 1667 7171 1666 
11406 7101 7566 7080 
11407 6331 7368 7367 
11408 1618 7158 6309 
11409 7192 7193 6938 
11410 7119 7611 1790 
11411 1607 6988 1606 
11412 7146 7562 6933 
11413 7381 7755 7085 
11414 6996 7538 7110 
11415 1755 7017 1754 
11416 6906 7707 7130 
11417 7009 7518 6321 
11418 7162 7209 6872 
11419 1568 7576 7098 
11420 1641 7009 6321 
11421 7185 7655 6625 
11422 6299 7607 7122 
11423 6332 7749 7527 
11424 7089 7679 6706 
11425 7002 7707 6906 
11426 1804 7560 1803 
11427 6311 7030 1537 
11428 7169 7271 6315 
11429 7097 7682 1696 
11430 1764 7697 1763 
11431 7067 7766 1697 
11432 7085 7541 7016 
11433 6935 7665 7596 
11434 7124 7207 6805 
11435 7238 7588 6903 
11436 7191 7713 6683 
11437 7596 7646 6935 
11438 1660 7534 1659 
11439 6675 7028 1778 
11440 1564 7712 6281 
11441 7367 7369 6331 
11442 6748 7181 7058 
11443 6318 7160 1609 
11444 1693 7550 6765 
11445 6269 7171 1667 
11446 6871 7776 7164 
11447 7535 7776 6871 
11448 7115 7502 7114 
11449 6284 7170 6934 
11450 7397 7750 6270 
11451 7153 7530 6277 
11452 7143 7758 7014 
11453 7108 7603 6941 
11454 6704 7209 6783 
11455 7118 7148 1631 
11456 6769 7123 7122 
11457 7069 7715 7070 
11458 7558 7599 7068 
11459 1630 7148 6312 
11460 1762 7536 1761 
11461 7558 7622 7599 
11462 7073 7668 6894 
11463 6976 7174 1652 
11464 7016 7689 7015 
11465 6286 7666 7151 
11466 7204 7714 1787 
11467 1535 7013 1534 
11468 1592 7059 1591 
11469 7214 7732 7049 
11470 7587 7614 6515 
11471 6900 7154 7065 
11472 6324 7142 1571 
11473 6991 7676 7117 
11474 7136 7184 7137 
11475 7098 7764 1568 
11476 1676 7766 1675 
11477 7158 7719 6875 
11478 6625 7727 7185 
11479 6317 7144 1561 
11480 6993 7581 7245 
11481 7120 7202 1587 
11482 7580 7630 6790 
11483 6924 7700 7102 
11484 7444 7790 7270 
11485 1800 7722 7107 
11486 6287 7129 1612 
11487 1627 7011 1626 
11488 7352 7701 6269 
11489 7607 7705 7122 
11490 7164 7776 6913 
11491 7690 7721 7118 
11492 1733 7029 1732 
11493 7102 7540 6924 
11494 7069 7070 6328 
11495 6356 7603 7108 
11496 7270 7790 7269 
11497 7075 7076 6325 
11498 7541 7641 7016 
11499 1722 7147 6977 
11500 6328 7625 7163 
11501 6805 7206 7124 
11502 6870 7721 7690 
11503 1614 7037 1613 
11504 6896 7550 1694 
11505 7142 7758 7143 
11506 6765 7550 7105 
11507 1536 7030 6304 
11508 1785 7204 1784 
11509 7117 7574 6766 
11510 6913 7776 7662 
11511 1609 7160 1608 
11512 7088 7615 7407 
11513 7193 7618 6938 
11514 7110 7538 6699 
11515 1740 7110 1739 
11516 6311 7674 7030 
11517 7270 7663 7573 
11518 7115 7610 7502 
11519 7151 7684 6286 
11520 7188 7190 7187 
11521 7189 7630 7580 
11522 1666 7171 7170 
11523 7091 7092 6305 
11524 1711 7040 1710 
11525 7127 7553 7524 
11526 6318 7791 7160 
11527 6929 7569 7547 
11528 6328 7163 1713 
11529 7569 7634 7547 
11530 7108 7740 6356 
11531 7524 7553 6997 
11532 1794 7552 6795 
11533 6923 7692 6285 
11534 7287 7762 7001 
11535 7566 7755 6322 
11536 7144 7588 7238 
11537 6864 7181 6748 
11538 1712 7163 6299 
11539 7148 7729 6312 
11540 1677 7097 1676 
11541 6780 7518 6778 
11542 1787 7786 7204 
11543 1802 7560 1801 
11544 6977 7520 1721 
11545 1699 7104 1698 
11546 7103 7633 7027 
11547 6507 7217 6470 
11548 1690 7616 7106 
11549 7380 7525 6274 
11550 1624 7081 1623 
11551 7156 7169 6794 
11552 7084 7593 6777 
11553 1762 7697 7536 
11554 1699 7753 7104 
11555 1651 7174 6316 
11556 7118 7721 7148 
11557 1637 7172 1636 
11558 6755 7012 6767 
11559 7038 7793 7173 
11560 7329 7781 7052 
11561 1679 7111 1678 
11562 6297 7116 7087 
11563 6675 7591 7028 
11564 7546 7657 7547 
11565 1714 7069 6328 
11566 6922 7687 7628 
11567 6940 7585 1772 
11568 1622 7075 6325 
11569 6924 7552 1795 
11570 6794 7168 7156 
11571 7160 7791 7181 
11572 1749 7182 1748 
11573 7001 7645 7287 
11574 1748 7182 6303 
11575 6791 6932 6870 
11576 6877 7154 7027 
11577 6612 7651 7136 
11578 1541 7100 1540 
11579 7038 7039 6287 
11580 6296 7534 1660 
11581 7122 7123 7040 
11582 1539 7760 1538 
11583 6983 7760 1539 
11584 7186 7188 7187 
11585 7118 7678 7010 
11586 1763 7697 1762 
11587 7106 7710 1689 
11588 6333 7657 7546 
11589 7137 7182 7133 
11590 6880 6882 6881 
11591 1813 7548 6698 
11592 1665 7170 6284 
11593 6281 7712 7403 
11594 6873 7026 6930 
11595 1801 7722 1800 
11596 7193 7363 6616 
11597 7101 7755 7566 
11598 7023 7432 7022 
11599 7163 7625 6992 
11600 6315 7271 1590 
11601 7120 7648 7202 
11602 7173 7620 7039 
11603 1658 7091 6305 
11604 6320 7186 1706 
11605 7534 7535 7093 
11606 6982 7105 6693 
11607 7125 7126 6292 
11608 6796 7752 7599 
11609 6797 7196 6796 
11610 6274 7570 7380 
11611 7010 7172 1637 
11612 7039 7620 7617 
11613 1601 7634 6307 
11614 6292 7783 7099 
11615 7011 7683 1626 
11616 7628 7687 7086 
11617 6795 7561 1793 
11618 6889 7531 6777 
11619 7187 7192 6268 
11620 6942 7762 7150 
11621 7126 7763 6789 
11622 7010 7690 7118 
11623 6777 7728 7084 
11624 7167 7771 6760 
11625 7161 7181 6864 
11626 7131 7182 1749 
11627 7465 7730 6894 
11628 7599 7752 7068 
11629 6273 7775 7084 
11630 6625 7197 1744 
11631 6976 7601 7174 
11632 1653 7590 6976 
11633 6298 7639 7138 
11634 7170 7171 7109 
11635 6913 7624 7164 
11636 7724 7791 7582 
11637 6295 7677 7145 
11638 7111 7747 1678 
11639 1761 7536 6916 
11640 1720 7609 1719 
11641 7136 7651 7184 
11642 7154 7656 7065 
11643 6297 7706 7155 
11644 7522 7702 6916 
11645 1559 7112 1558 
11646 1774 7706 6297 
11647 7174 7691 6316 
11648 6789 7626 7126 
11649 7269 7676 6991 
11650 7133 7182 7131 
11651 7216 7217 7215 
11652 7403 7695 6281 
11653 7156 7271 7169 
11654 7003 7787 1547 
11655 1659 7534 7091 
11656 7143 7693 6925 
11657 7055 7700 1797 
11658 1723 7147 1722 
11659 7137 7184 7183 
11660 7518 7788 6778 
11661 7573 7663 7023 
11662 1706 7186 1705 
11663 1588 7120 1587 
11664 6301 7180 1556 
11665 1571 7142 1570 
11666 6470 7217 6467 
11667 7215 7217 6507 
11668 1744 7197 1743 
11669 1787 7714 1786 
11670 1734 7125 6292 
11671 1547 7787 1546 
11672 6864 7521 7161 
11673 7521 7533 7161 
11674 1671 7128 1670 
11675 6872 7537 7162 
11676 1561 7144 1560 
11677 6313 7175 1757 
11678 1792 7561 6330 
11679 7138 7726 6298 
11680 1551 7090 1550 
11681 7104 7673 7067 
11682 1550 7090 6898 
11683 1590 7271 1589 
11684 7437 7659 7649 
11685 1750 7131 1749 
11686 6797 7529 7157 
11687 8 7548 1813 
11688 7128 7773 6915 
11689 1721 7520 1720 
11690 6285 7692 7124 
11691 6313 7176 7175 
11692 7039 7617 7129 
11693 7056 7682 7097 
11694 6915 7649 7128 
11695 7090 7527 6898 
11696 6930 7563 7145 
11697 6792 7654 7141 
11698 6888 7167 6990 
11699 7582 7791 6318 
11700 7126 7783 6292 
11701 1769 7592 1768 
11702 6900 7623 7154 
11703 7179 7554 6737 
11704 1598 7203 1597 
11705 7198 7775 6273 
11706 7552 7708 6795 
11707 6331 7572 7368 
11708 7163 7607 6299 
11709 6330 7529 7119 
11710 1597 7203 6694 
11711 7520 7609 1720 
11712 7269 7790 7676 
11713 6893 7533 7521 
11714 7204 7786 7205 
11715 7381 7734 6322 
11716 6933 7562 7089 
11717 7114 7555 7112 
11718 7466 7683 7011 
11719 6675 7553 7127 
11720 1718 7609 1717 
11721 7440 7672 7671 
11722 6320 7188 7186 
11723 6940 7703 7585 
11724 7026 7563 6930 
11725 6302 7559 1669 
11726 1709 7152 1708 
11727 6766 7725 7087 
11728 7076 7077 6325 
11729 7407 7615 7052 
11730 1619 7158 1618 
11731 6901 7209 7162 
11732 1759 7194 1758 
11733 1634 7172 1633 
11734 7153 7763 7530 
11735 1730 7666 6286 
11736 7129 7582 1611 
11737 6926 7592 7585 
11738 7106 7616 6765 
11739 7092 7103 6305 
11740 7057 7753 1699 
11741 7471 7489 7365 
11742 1599 7564 6290 
11743 7190 7191 7187 
11744 1556 7180 1555 
11745 6765 7616 1692 
11746 6578 7615 7088 
11747 7179 7549 7178 
11748 7091 7093 7092 
11749 1595 7699 1594 
11750 6899 7195 1673 
11751 1629 7542 1628 
11752 6925 7688 7143 
11753 1692 7616 1691 
11754 6982 7106 7105 
11755 7611 7769 6785 
11756 7367 7489 7369 
11757 7081 7641 7075 
11758 7116 7117 7087 
11759 1642 7009 1641 
11760 6769 7642 7123 
11761 1654 7590 1653 
11762 7592 7680 7585 
11763 6791 7025 6932 
11764 6289 7644 7139 
11765 6297 7155 7116 
11766 7001 7762 6942 
11767 7012 7127 6767 
11768 7038 7173 7039 
11769 7039 7129 6287 
11770 6882 6883 6881 
11771 7542 7730 7465 
11772 1628 7542 7011 
11773 1757 7175 1756 
11774 6790 7567 6904 
11775 6294 7667 7606 
11776 1780 7553 1779 
11777 6916 7480 1760 
11778 1759 7480 7194 
11779 6282 7638 7328 
11780 1693 6765 1692 
11781 6625 7655 7197 
11782 6313 7177 7176 
11783 1683 7082 1682 
11784 7184 7185 7183 
11785 1548 6285 1547 
11786 7347 7619 7035 
11787 1586 7202 6266 
11788 7072 7489 7471 
11789 1550 6898 1549 
11790 1758 7194 6313 
11791 7535 7586 7093 
11792 7393 7514 6492 
11793 7229 7516 7236 
11794 7365 7489 7367 
11795 7140 7644 7176 
11796 1730 6286 1729 
11797 1784 6738 1783 
11798 6922 7628 6923 
11799 1806 7006 1805 
11800 6304 7558 7068 
11801 6281 7210 1563 
11802 6305 7623 1657 
11803 7243 7515 6952 
11804 6316 7544 1650 
11805 7008 7719 7159 
11806 6562 7263 7200 
11807 7673 7753 6899 
11808 6799 7261 6801 
11809 6302 7659 7559 
11810 6944 7261 6799 
11811 1646 6778 1645 
11812 1797 7700 1796 
11813 1760 7480 1759 
11814 7094 7770 7527 
11815 7112 7555 1558 
11816 7347 7618 6616 
11817 1673 7195 1672 
11818 1725 7777 1724 
11819 7216 7543 7217 
11820 6517 7781 7329 
11821 7434 7507 7252 
11822 7102 7792 1807 
11823 7251 7267 6820 
11824 7260 7261 6944 
11825 6997 7553 1780 
11826 1813 6698 1812 
11827 1728 6677 1727 
11828 6320 7189 7188 
11829 7723 7783 6902 
11830 7259 7260 6944 
11831 1807 7792 6754 
11832 7076 7078 7077 
11833 6622 7212 7201 
11834 6798 7212 6521 
11835 7200 7393 6562 
11836 1597 6694 1596 
11837 1724 7777 6999 
11838 7248 7257 7246 
11839 1790 6310 1789 
11840 1761 6916 1760 
11841 7202 7648 7034 
11842 1648 6322 1647 
11843 7052 7615 7329 
11844 7191 7192 7187 
11845 1563 7210 1562 
11846 7248 7250 6948 
11847 7014 7693 7143 
11848 6948 7257 7248 
11849 7263 7305 7211 
11850 1681 6935 1680 
11851 6562 7305 7263 
11852 6268 7681 1704 
11853 7289 7448 6741 
11854 7251 7427 7250 
11855 7141 7745 6792 
11856 6889 7516 7229 
11857 6621 7208 6721 
11858 6510 7463 7244 
11859 7201 7212 6798 
11860 7025 7073 6932 
11861 7177 7178 7176 
11862 7250 7427 6948 
11863 7007 7691 7174 
11864 6882 6884 6883 
11865 1582 7485 6270 
11866 1653 6976 1652 
11867 1747 7579 1746 
11868 6521 7212 6522 
11869 7151 7448 7289 
11870 1583 7485 1582 
11871 7216 7545 7543 
11872 6711 7219 6902 
11873 7369 7629 6283 
11874 7177 7179 7178 
11875 7119 7769 7611 
11876 1781 6997 1780 
11877 7267 7434 6820 
11878 1646 6779 6778 
11879 6810 7515 7243 
11880 6712 7220 6711 
11881 7358 7781 6517 
11882 7246 7257 6510 
11883 1593 6267 1592 
11884 6285 7124 7003 
11885 6711 7220 7219 
11886 6944 7351 7259 
11887 6357 7393 6359 
11888 6303 7579 1747 
11889 1555 6332 1554 
11890 1555 7180 6332 
11891 6384 7277 6382 
11892 1656 6329 1655 
11893 7211 7305 6518 
11894 6820 7427 7251 
11895 1758 6313 1757 
11896 1779 6675 1778 
11897 6622 7208 6621 
11898 6981 7540 1809 
11899 7239 7323 7233 
11900 7200 7514 7393 
11901 1792 6330 1791 
11902 7441 7491 7291 
11903 6492 7514 7261 
11904 1680 6693 1679 
11905 7267 7507 7434 
11906 6589 6622 6621 
11907 7221 7443 7220 
11908 1615 7677 6295 
11909 7464 7466 7465 
11910 6818 7232 7231 
11911 6313 7194 7177 
11912 6621 6721 6684 
11913 6446 7266 6448 
11914 7226 7276 6390 
11915 7225 7428 7237 
11916 1630 6312 1629 
11917 7224 7228 6732 
11918 7239 7443 7221 
11919 1591 6315 1590 
11920 7213 7215 6507 
11921 6837 7228 7224 
11922 7227 7276 7226 
11923 6817 7232 6818 
11924 7257 7463 6510 
11925 6816 7428 7225 
11926 6838 7359 7234 
11927 7266 7267 7251 
11928 1808 7102 1807 
11929 7165 7577 6266 
11930 6511 7351 6713 
11931 6974 7481 7478 
11932 6600 7481 6974 
11933 6721 7086 6793 
11934 6507 7240 7213 
11935 1663 6913 1662 
11936 6518 7424 7211 
11937 6546 7250 7249 
11938 1701 6326 1700 
11939 6391 7230 6390 
11940 7218 7240 6477 
11941 6382 7277 6485 
11942 7333 7511 6600 
11943 6330 7119 1791 
11944 6463 7484 7483 
11945 6546 7251 7250 
11946 6390 7230 7226 
11947 6359 7393 6492 
11948 1625 6306 1624 
11949 6589 6621 6601 
11950 1606 6333 1605 
11951 6712 7221 7220 
11952 7276 7277 6384 
11953 6492 7261 7260 
11954 6799 6800 6798 
11955 7301 7402 7299 
11956 1623 7075 1622 
11957 7221 7323 7239 
11958 1741 6279 1740 
11959 6870 7690 1639 
11960 1641 6321 1640 
11961 6469 7457 6439 
11962 7254 7457 6469 
11963 7232 7239 7233 
11964 6492 7260 6361 
11965 1661 6296 1660 
11966 6713 6798 6521 
11967 7234 7359 6818 
11968 6953 7235 6955 
11969 6605 7402 7301 
11970 6546 7249 6450 
11971 1557 6301 1556 
11972 6800 7201 6798 
11973 1672 6736 1671 
11974 6511 6521 6512 
11975 7280 7285 6630 
11976 6275 7238 7113 
11977 7483 7484 7262 
11978 7191 7193 7192 
11979 1540 6300 1539 
11980 6486 7266 6446 
11981 7234 7418 6838 
11982 6351 6353 6352 
11983 6511 6713 6521 
11984 7222 7345 6623 
11985 1724 6750 1723 
11986 6713 7351 6944 
11987 7113 7238 7199 
11988 6712 7344 7221 
11989 1666 7170 1665 
11990 7362 7392 6604 
11991 6824 7513 7479 
11992 6510 7244 6495 
11993 6477 7283 7218 
11994 6736 7128 1671 
11995 1743 6273 1742 
11996 6562 7393 6357 
11997 7424 7458 7020 
11998 7259 7351 6368 
11999 6290 7203 1598 
12000 1756 7175 6289 
12001 1534 6323 1533 
12002 1732 6272 1731 
12003 6275 7112 1559 
12004 7227 7277 7276 
12005 7279 7285 7280 
12006 6300 6983 1539 
12007 6448 7266 6546 
12008 6821 7285 7279 
12009 6522 6589 6533 
12010 1534 7013 6323 
12011 6624 7158 1619 
12012 7235 7306 6955 
12013 7231 7234 6818 
12014 6469 7469 7254 
12015 6477 7240 6472 
12016 7235 7344 6712 
12017 1623 7081 7075 
12018 6741 7448 7225 
12019 7464 7465 6894 
12020 7078 7079 7077 
12021 6450 7249 6452 
12022 6365 7259 6368 
12023 6275 7113 7112 
12024 6817 7239 7232 
12025 6814 7456 6872 
12026 6472 7240 6507 
12027 6353 6355 6354 
12028 1659 7091 1658 
12029 6391 7331 7230 
12030 1536 6304 1535 
12031 1778 7028 1777 
12032 6321 6791 1640 
12033 7406 7433 6631 
12034 6838 7418 7317 
12035 6271 7271 7156 
12036 7280 7392 7362 
12037 6522 7212 6589 
12038 1594 7699 7083 
12039 7200 7263 6806 
12040 6352 7345 6349 
12041 1672 7195 6736 
12042 6351 6352 6349 
12043 6713 6799 6798 
12044 6882 6888 6884 
12045 6646 7256 6859 
12046 7326 7472 6434 
12047 7279 7294 6821 
12048 7302 7390 7275 
12049 7237 7255 6506 
12050 6278 7132 7131 
12051 1560 6275 1559 
12052 6804 6805 6802 
12053 6495 7244 6513 
12054 1560 7144 6275 
12055 6884 6885 6883 
12056 6627 7236 6628 
12057 6278 7131 1750 
12058 1810 6981 1809 
12059 1537 7030 1536 
12060 7213 7240 6949 
12061 7013 7196 6323 
12062 6910 7424 7020 
12063 6688 6697 6689 
12064 6285 7003 1547 
12065 7236 7243 6628 
12066 7078 7101 7080 
12067 6949 7240 7218 
12068 6827 7390 7302 
12069 6799 6801 6800 
12070 7228 7406 6732 
12071 6535 7398 7331 
12072 7144 7238 6275 
12073 7283 7386 7272 
12074 6953 7344 7235 
12075 6686 6688 6687 
12076 1705 6268 1704 
12077 7323 7344 6954 
12078 1546 6288 1545 
12079 6363 7260 7259 
12080 1601 6307 1600 
12081 6267 7060 7059 
12082 1751 6278 1750 
12083 1734 6292 1733 
12084 6624 7159 7158 
12085 7113 7114 7112 
12086 1726 6294 1725 
12087 1599 6290 1598 
12088 1658 6305 1657 
12089 6567 7237 6506 
12090 6994 7108 6941 
12091 7288 7289 6741 
12092 6370 6511 6387 
12093 1632 7118 1631 
12094 7268 7503 7482 
12095 7247 7248 7246 
12096 6623 7345 6352 
12097 1748 6303 1747 
12098 6283 7523 1577 
12099 6500 7255 6498 
12100 6462 7491 7441 
12101 6272 6942 1731 
12102 1651 6316 1650 
12103 6521 6522 6512 
12104 7261 7514 6801 
12105 1714 6328 1713 
12106 6597 6704 6602 
12107 6814 7463 7456 
12108 6353 6354 6352 
12109 6739 6741 6620 
12110 6314 7141 7053 
12111 1562 6317 1561 
12112 6955 7306 7293 
12113 6887 7269 6991 
12114 6651 6686 6652 
12115 6490 7246 6510 
12116 7113 7115 7114 
12117 6481 7247 7246 
12118 6688 6689 6687 
12119 6806 7263 6808 
12120 1589 7271 6271 
12121 6666 7325 6863 
12122 7411 7420 6460 
12123 1620 6624 1619 
12124 7236 7516 7243 
12125 6739 7288 6741 
12126 7253 7457 7254 
12127 6589 6601 6533 
12128 6518 7458 7424 
12129 6477 7386 7283 
12130 7747 7796 6896 
12131 6834 7473 6979 
12132 6460 7420 7378 
12133 6359 6492 6361 
12134 6648 7256 6646 
12135 6996 7229 6743 
12136 6350 6351 6349 
12137 1538 6311 1537 
12138 1735 7125 1734 
12139 6814 6872 6704 
12140 1622 6325 1621 
12141 6651 6652 6650 
12142 1618 6309 1617 
12143 6621 6684 6601 
12144 6830 7372 7303 
12145 1773 6940 1772 
12146 6370 7351 6511 
12147 6863 7325 7268 
12148 1745 6625 1744 
12149 6481 6490 6482 
12150 7156 7168 7121 
12151 6490 6510 6495 
12152 6686 6687 6652 
12153 6365 6368 6367 
12154 7299 7402 7302 
12155 6513 7244 6597 
12156 7132 7135 7134 
12157 6628 7243 6952 
12158 6361 7260 6363 
12159 7020 7021 7019 
12160 7469 7472 6964 
12161 1674 6899 1673 
12162 7297 7312 7233 
12163 1562 7210 6317 
12164 6649 6651 6650 
12165 7228 7433 7406 
12166 6506 7255 6500 
12167 7097 7766 1676 
12168 6490 6495 6491 
12169 6822 7356 7283 
12170 7301 7420 7411 
12171 7221 7344 7323 
12172 6271 7156 7121 
12173 1695 6896 1694 
12174 7331 7398 7230 
12175 1542 6293 1541 
12176 6808 7263 7211 
12177 6992 6993 6918 
12178 7293 7306 6595 
12179 6887 6991 6886 
12180 7252 7253 6811 
12181 6688 6931 6697 
12182 1610 6318 1609 
12183 6461 7286 6466 
12184 1707 6320 1706 
12185 7262 7304 6860 
12186 6920 6941 6921 
12187 6721 6793 6684 
12188 6560 7342 6558 
12189 7132 7134 7133 
12190 6481 7246 6490 
12191 6439 6441 6440 
12192 6741 7225 6620 
12193 6920 6994 6941 
12194 7132 7133 7131 
12195 6763 6764 6752 
12196 6649 6650 6648 
12197 1710 6265 1709 
12198 6808 7211 6819 
12199 7297 7323 6954 
12200 7237 7428 7255 
12201 6597 6814 6704 
12202 6645 7304 6638 
12203 7021 7023 7022 
12204 6855 7222 6857 
12205 1638 7010 1637 
12206 7283 7356 7218 
12207 6526 7317 6473 
12208 6452 7249 7247 
12209 1613 6287 1612 
12210 6743 7236 6627 
12211 6740 7327 7264 
12212 6572 6627 6626 
12213 6441 6444 6442 
12214 6572 6626 6537 
12215 6363 7259 6365 
12216 6589 7212 6622 
12217 6697 6716 6689 
12218 6885 6886 6883 
12219 7303 7372 6532 
12220 6847 7281 6858 
12221 1631 7148 1630 
12222 6513 6597 6583 
12223 7495 7499 6970 
12224 6454 7247 6481 
12225 7278 7294 7279 
12226 6815 7151 7150 
12227 7241 7242 6987 
12228 6908 6996 6743 
12229 7301 7411 6605 
12230 6650 7252 6811 
12231 6497 6527 6526 
12232 1712 6299 1711 
12233 7431 7457 7253 
12234 6854 7451 7435 
12235 6910 7020 7019 
12236 7021 7265 7023 
12237 6985 7264 7245 
12238 7255 7292 6498 
12239 6697 6725 6716 
12240 6410 7312 7297 
12241 6720 7278 6971 
12242 6444 6446 6445 
12243 6481 6482 6458 
12244 1756 6289 1755 
12245 6466 7286 6821 
12246 6539 7293 6595 
12247 6753 7282 6674 
12248 6267 7059 1592 
12249 6629 6743 6627 
12250 6494 7278 6720 
12251 7418 7430 6420 
12252 6454 6481 6458 
12253 6838 7317 6526 
12254 6538 6572 6537 
12255 6434 6437 6435 
12256 7244 7463 6814 
12257 6676 6777 6661 
12258 6630 7392 7280 
12259 6619 6620 6567 
12260 6941 7241 6921 
12261 6511 6512 6387 
12262 6437 6439 6438 
12263 6351 6518 6353 
12264 6921 7241 6987 
12265 6888 6989 6884 
12266 6620 7237 6567 
12267 6691 6706 6692 
12268 6468 7294 6471 
12269 6486 7267 7266 
12270 6707 7361 7295 
12271 6474 6497 6473 
12272 6490 6491 6482 
12273 7273 7274 6862 
12274 7378 7420 7308 
12275 1608 6276 1607 
12276 6815 7150 6746 
12277 6527 6576 6528 
12278 6558 7342 6654 
12279 6610 6709 6708 
12280 6497 6526 6473 
12281 6444 6486 6446 
12282 1701 6770 6326 
12283 6546 7266 7251 
12284 6610 7306 6710 
12285 6355 6356 6354 
12286 6666 6863 6748 
12287 6650 6811 6648 
12288 6912 7269 6887 
12289 6752 7258 6753 
12290 7275 7390 6480 
12291 1794 6795 1793 
12292 6917 6992 6918 
12293 6390 7276 6386 
12294 6821 7294 6468 
12295 6917 6918 6825 
12296 6627 6628 6626 
12297 6494 6720 6525 
12298 6855 7345 7222 
12299 6619 6739 6620 
12300 6849 7281 6847 
12301 6676 6889 6777 
12302 6536 6537 6535 
12303 6527 6528 6526 
12304 6647 6648 6646 
12305 6821 7286 7285 
12306 6652 7252 6650 
12307 6710 7306 7235 
12308 6740 7264 6985 
12309 7233 7323 7297 
12310 6640 6646 6645 
12311 1665 6284 1664 
12312 6764 7258 6752 
12313 6434 6435 6433 
12314 1710 7040 6265 
12315 7278 7279 6971 
12316 6647 6649 6648 
12317 1572 6324 1571 
12318 6580 7272 6555 
12319 6457 7286 6461 
12320 1796 6924 1795 
12321 6437 6438 6435 
12322 1700 7057 1699 
12323 6860 7304 6645 
12324 6720 6970 6969 
12325 1724 6999 6750 
12326 6441 6442 6440 
12327 1615 6295 1614 
12328 6643 7273 6862 
12329 6579 7325 6666 
12330 1668 6269 1667 
12331 7435 7451 6603 
12332 6863 6864 6748 
12333 6638 7304 6636 
12334 6871 7164 6706 
12335 6439 6440 6438 
12336 6597 6602 6583 
12337 6885 6887 6886 
12338 1739 6699 1738 
12339 6576 6680 6577 
12340 7047 7049 7048 
12341 6646 6859 6645 
12342 7290 7342 6560 
12343 7295 7361 6823 
12344 6674 7282 6672 
12345 6640 6645 6638 
12346 7134 7136 7133 
12347 6662 6676 6661 
12348 7291 7343 7342 
12349 6660 6661 6659 
12350 6529 7312 6414 
12351 6610 6710 6709 
12352 1715 7069 1714 
12353 6671 6672 6670 
12354 6448 6546 6450 
12355 6866 7291 7290 
12356 6751 6763 6752 
12357 6939 7024 6937 
12358 6668 7318 6822 
12359 6471 7294 6476 
12360 6665 7272 6580 
12361 6710 6711 6709 
12362 7279 7280 6971 
12363 7021 7022 7019 
12364 7508 7509 6443 
12365 6476 7278 6494 
12366 6822 7283 7272 
12367 6416 6529 6414 
12368 6671 6674 6672 
12369 1582 6270 1581 
12370 7047 7048 7046 
12371 7066 7145 6763 
12372 6668 6822 6665 
12373 7395 7425 6575 
12374 6455 7284 6457 
12375 6691 6871 6706 
12376 6386 7276 6384 
12377 6300 7054 6983 
12378 6669 6670 6668 
12379 6720 6969 6525 
12380 6393 7331 6391 
12381 6752 6753 6674 
12382 1722 6977 1721 
12383 7318 7356 6822 
12384 6389 6390 6386 
12385 6405 7296 6530 
12386 6717 7318 6673 
12387 6489 7275 6480 
12388 7224 7438 6837 
12389 6968 7281 6849 
12390 7264 7327 6825 
12391 6452 7247 6454 
12392 6719 7298 6540 
12393 6537 7398 6535 
12394 7142 7143 6280 
12395 6355 6357 6356 
12396 6929 6995 6761 
12397 7233 7312 6529 
12398 6719 7299 7298 
12399 6530 7296 6954 
12400 6866 7290 6655 
12401 6410 7297 7296 
12402 6681 7287 6744 
12403 6416 7231 6529 
12404 6711 6902 6709 
12405 6672 6691 6673 
12406 6576 6577 6528 
12407 6432 6434 6433 
12408 7186 7187 6268 
12409 6436 6473 6424 
12410 6595 6610 6609 
12411 1564 6281 1563 
12412 6669 6671 6670 
12413 6667 6668 6665 
12414 6446 6448 6447 
12415 6704 6783 6602 
12416 6952 7515 7227 
12417 7249 7250 7248 
12418 6444 6445 6442 
12419 7231 7232 6529 
12420 6563 7290 6560 
12421 7045 7047 7046 
12422 6666 6748 6747 
12423 1587 7202 1586 
12424 6672 7282 6691 
12425 6634 6636 6635 
12426 1578 6283 1577 
12427 6610 6708 6609 
12428 6413 6414 6411 
12429 6691 7282 6871 
12430 1576 6327 1575 
12431 6720 6971 6970 
12432 6495 6496 6491 
12433 6436 6474 6473 
12434 1570 7142 6280 
12435 1570 6280 1569 
12436 6595 7306 6610 
12437 6673 7318 6670 
12438 6509 6519 6489 
12439 6639 6640 6638 
12440 6858 7315 6845 
12441 6419 6420 6417 
12442 6845 7315 6843 
12443 6655 7290 6563 
12444 6540 7298 6519 
12445 6862 7313 6653 
12446 7296 7297 6954 
12447 6421 6422 6420 
12448 6865 6866 6655 
12449 6858 7316 7315 
12450 6478 6535 6396 
12451 6962 7320 6727 
12452 1567 6298 1566 
12453 6494 6525 6524 
12454 6672 6673 6670 
12455 1580 6331 1579 
12456 1737 6277 1736 
12457 6636 6731 6635 
12458 1574 6274 1573 
12459 7300 7301 7299 
12460 6731 6861 6732 
12461 1584 6319 1583 
12462 6861 7224 6732 
12463 6912 7270 7269 
12464 6409 6410 6407 
12465 6519 7298 7275 
12466 6634 6635 6632 
12467 6446 6447 6445 
12468 6719 7300 7299 
12469 6415 6416 6414 
12470 7298 7302 7275 
12471 6710 6712 6711 
12472 6410 7296 6407 
12473 6519 7275 6489 
12474 6395 6397 6396 
12475 6718 6813 6812 
12476 6682 6746 6680 
12477 6731 7262 6861 
12478 6966 6968 6849 
12479 6476 7294 7278 
12480 7234 7430 7418 
12481 1774 6297 1773 
12482 7272 7386 6555 
12483 6822 7272 6665 
12484 6660 6662 6661 
12485 6691 6692 6673 
12486 6520 6540 6519 
12487 6397 7319 6478 
12488 6681 6744 6715 
12489 6746 7287 6680 
12490 6640 6647 6646 
12491 6865 6972 6866 
12492 6407 7296 6405 
12493 6692 6718 6717 
12494 6405 6530 6404 
12495 6569 7336 6824 
12496 7048 7051 7050 
12497 6403 6405 6404 
12498 6539 7339 7293 
12499 7377 7378 7308 
12500 6667 6669 6668 
12501 1713 7163 1712 
12502 7342 7343 6654 
12503 6536 7339 6539 
12504 6403 6404 6401 
12505 6509 6520 6519 
12506 6636 7304 6731 
12507 6993 7245 6918 
12508 6726 7309 6427 
12509 6398 6399 6397 
12510 6395 6398 6397 
12511 6530 6954 6953 
12512 6731 6732 6635 
12513 6473 7317 6424 
12514 6276 6988 1607 
12515 6984 7288 6739 
12516 6476 6494 6493 
12517 6787 7381 7085 
12518 6414 7312 6411 
12519 6724 7341 6404 
12520 6461 6466 6465 
12521 7299 7302 7298 
12522 6813 6949 6812 
12523 6542 6719 6540 
12524 7284 7286 6457 
12525 7035 7088 7024 
12526 6637 6638 6636 
12527 6615 6631 6599 
12528 6859 6964 6860 
12529 6731 7304 7262 
12530 7227 7517 7277 
12531 6670 7318 6668 
12532 6411 7312 6410 
12533 6658 7313 6851 
12534 6718 6812 6717 
12535 6744 6946 6945 
12536 6399 7319 6397 
12537 6730 7349 6965 
12538 6497 7292 6527 
12539 6719 7307 7300 
12540 6350 7458 6351 
12541 7229 7236 6743 
12542 6508 6509 6489 
12543 6726 7310 7309 
12544 6472 6507 6470 
12545 6482 6630 6458 
12546 6664 6665 6580 
12547 6569 6824 6618 
12548 6431 7321 6429 
12549 6427 7309 6425 
12550 6576 6682 6680 
12551 6587 7311 6585 
12552 6520 6541 6540 
12553 6530 6953 6724 
12554 6404 7341 6401 
12555 6400 6401 6399 
12556 6643 6862 6653 
12557 6957 7339 7319 
12558 6466 6821 6468 
12559 6382 6485 6380 
12560 6939 7035 7024 
12561 1586 6266 1585 
12562 1652 7174 1651 
12563 6488 6489 6480 
12564 6751 6752 6674 
12565 6309 6873 1617 
12566 6682 6815 6746 
12567 6658 6659 6657 
12568 6409 6411 6410 
12569 6419 6421 6420 
12570 6429 7321 6726 
12571 6572 6629 6627 
12572 6389 6391 6390 
12573 6437 6469 6439 
12574 6840 7384 6839 
12575 7280 7362 6971 
12576 1544 6690 1543 
12577 6733 7311 6587 
12578 6653 7313 6658 
12579 6607 6826 6695 
12580 6847 6858 6845 
12581 6628 6952 6951 
12582 6658 6851 6660 
12583 6828 7372 6830 
12584 6433 6443 6431 
12585 7225 7448 6816 
12586 6432 6433 6431 
12587 6680 6681 6577 
12588 6406 6407 6405 
12589 6830 7303 6832 
12590 6541 6542 6540 
12591 6432 7326 6434 
12592 6397 6478 6396 
12593 6658 6660 6659 
12594 7231 7430 7234 
12595 6633 6634 6632 
12596 6651 6794 6686 
12597 6885 6911 6887 
12598 6692 6717 6673 
12599 6495 6513 6496 
12600 6579 6666 6663 
12601 7113 7199 7115 
12602 6811 7256 6648 
12603 6615 6632 6631 
12604 6402 6403 6401 
12605 6413 6415 6414 
12606 6971 7362 6970 
12607 7302 7402 6827 
12608 6478 6536 6535 
12609 6680 7287 6681 
12610 7307 7308 7300 
12611 6314 7053 6880 
12612 7310 7360 7309 
12613 6376 6483 6374 
12614 7232 7233 6529 
12615 7247 7249 7248 
12616 6600 6974 6503 
12617 6768 6917 6825 
12618 6725 6947 6716 
12619 7034 7295 6823 
12620 6284 6897 1664 
12621 6542 7307 6719 
12622 6640 7361 6647 
12623 6634 6637 6636 
12624 6664 6667 6665 
12625 6394 6395 6393 
12626 6952 7227 7226 
12627 7336 7338 6824 
12628 6995 7353 6761 
12629 6271 7121 7120 
12630 6443 7321 6431 
12631 6349 7345 6348 
12632 6569 6618 6617 
12633 6618 6768 6617 
12634 6429 6726 6427 
12635 6618 6769 6768 
12636 7333 7360 7310 
12637 6440 6462 6438 
12638 6558 6654 6556 
12639 6961 6962 6727 
12640 6430 6431 6429 
12641 7222 7223 6857 
12642 6918 7264 6825 
12643 6454 6458 6455 
12644 6401 7341 6399 
12645 7071 7072 7063 
12646 6530 6724 6404 
12647 6457 6461 6459 
12648 6501 6600 6503 
12649 6516 6569 6568 
12650 6520 6578 6541 
12651 6395 6396 6393 
12652 7307 7357 7308 
12653 6454 6455 6453 
12654 6679 6733 6587 
12655 6403 6406 6405 
12656 6458 7284 6455 
12657 7319 7339 6478 
12658 6911 6912 6887 
12659 6843 7384 6840 
12660 6859 6860 6645 
12661 6399 7341 7319 
12662 6960 7425 7395 
12663 6730 6965 6729 
12664 6378 7322 6376 
12665 7293 7339 6957 
12666 6727 7320 6394 
12667 6630 7285 7284 
12668 6535 7331 6396 
12669 6310 6755 1789 
12670 6957 7341 6724 
12671 6428 6429 6427 
12672 7357 7377 7308 
12673 6582 7273 6643 
12674 6582 6643 6613 
12675 6425 7309 6436 
12676 6607 7354 6826 
12677 6466 6467 6465 
12678 6683 7354 6561 
12679 6768 6825 6617 
12680 7062 7063 6745 
12681 6539 6595 6594 
12682 6376 7322 6483 
12683 6426 6427 6425 
12684 6659 6905 6657 
12685 6471 6476 6475 
12686 6868 6869 6867 
12687 6461 6465 6464 
12688 6501 7333 6600 
12689 6373 7453 7419 
12690 6656 6865 6655 
12691 6491 7392 6482 
12692 6531 6828 6728 
12693 6501 6503 6502 
12694 6828 6830 6829 
12695 6412 6413 6411 
12696 7378 7449 6460 
12697 6430 6432 6431 
12698 6787 7085 7016 
12699 6569 6617 6568 
12700 6974 7338 6503 
12701 6593 6729 6549 
12702 7291 7342 7290 
12703 6455 6457 6456 
12704 7405 7429 6956 
12705 7319 7341 6957 
12706 6565 6655 6563 
12707 6745 7349 6730 
12708 6501 6502 6500 
12709 6637 6639 6638 
12710 1589 6271 1588 
12711 6423 6426 6425 
12712 6678 6679 6587 
12713 6471 6472 6470 
12714 6710 7235 6712 
12715 6531 7337 6828 
12716 6949 7218 6812 
12717 7045 7046 7044 
12718 6953 6955 6724 
12719 6904 6975 6696 
12720 6679 6893 6734 
12721 6965 7422 6729 
12722 6744 6945 6715 
12723 6813 6950 6949 
12724 6656 6868 6867 
12725 6950 7213 6949 
12726 6452 6454 6453 
12727 6597 7244 6814 
12728 6408 6409 6407 
12729 6426 6428 6427 
12730 6265 7152 1709 
12731 6564 6607 6566 
12732 6398 6400 6399 
12733 6468 6470 6467 
12734 6964 7472 7326 
12735 6439 7457 6441 
12736 6436 7360 6474 
12737 6528 6838 6526 
12738 6415 6417 6416 
12739 6421 6423 6422 
12740 6428 6430 6429 
12741 6425 6436 6424 
12742 6448 6450 6449 
12743 6419 7324 6421 
12744 6394 7320 6395 
12745 6574 6575 6554 
12746 6608 6735 6566 
12747 6656 6867 6865 
12748 6368 6370 6369 
12749 6598 6599 6575 
12750 6604 7392 6491 
12751 6536 6538 6537 
12752 6378 7350 7322 
12753 6631 7395 6599 
12754 6654 7357 6556 
12755 6852 7052 7041 
12756 6679 7353 6893 
12757 6671 6751 6674 
12758 7214 7215 7213 
12759 6499 7333 6501 
12760 6614 6615 6599 
12761 6516 7336 6569 
12762 6499 6501 6500 
12763 6400 6402 6401 
12764 6969 7268 6525 
12765 6520 7329 6578 
12766 6474 6498 6497 
12767 6735 7340 6566 
12768 6617 7327 6568 
12769 7160 7161 6276 
12770 6450 6452 6451 
12771 6836 6837 6487 
12772 6426 6641 6428 
12773 6466 6468 6467 
12774 6938 6939 6937 
12775 6701 6892 6890 
12776 6571 7273 6582 
12777 6541 6543 6542 
12778 6954 7344 6953 
12779 6703 7332 6928 
12780 6508 6517 6509 
12781 6452 6453 6451 
12782 7197 7198 6273 
12783 6474 7360 6499 
12784 6607 6695 6608 
12785 6592 6701 6700 
12786 6488 6508 6489 
12787 6503 7336 6502 
12788 6453 7330 6451 
12789 6586 6678 6587 
12790 7033 7166 7165 
12791 6825 7327 6617 
12792 6955 7293 6957 
12793 6653 6658 6657 
12794 6565 6656 6655 
12795 6543 7347 6545 
12796 6450 6451 6449 
12797 6509 7329 6520 
12798 6561 7354 6564 
12799 7078 7080 7079 
12800 6440 7314 6462 
12801 6695 6790 6696 
12802 6451 6605 6449 
12803 6494 6524 6493 
12804 6424 7317 6422 
12805 6544 7357 7307 
12806 6630 7284 6458 
12807 1698 7067 1697 
12808 6455 6456 6453 
12809 6628 6951 6626 
12810 6517 7329 6509 
12811 6607 6608 6566 
12812 6388 6389 6386 
12813 6653 6657 6644 
12814 6867 7509 7508 
12815 6553 6606 6573 
12816 6485 7350 6380 
12817 6828 6829 6728 
12818 6476 6493 6475 
12819 6502 6506 6500 
12820 6392 6393 6391 
12821 6544 7307 6542 
12822 6502 6516 6506 
12823 6559 6683 6561 
12824 6353 7305 6355 
12825 6837 7324 6487 
12826 6448 6449 6447 
12827 6487 7324 6419 
12828 6406 6408 6407 
12829 6643 6653 6644 
12830 6695 6696 6608 
12831 6790 6904 6696 
12832 6502 7336 6516 
12833 6468 6471 6470 
12834 6543 6544 6542 
12835 6656 7340 6868 
12836 6503 7338 7336 
12837 6748 7058 6747 
12838 7253 7254 6811 
12839 6545 6616 6557 
12840 6654 7377 7357 
12841 6548 6592 6591 
12842 6564 6566 6565 
12843 6803 7200 6806 
12844 6451 7330 6605 
12845 6732 7406 6635 
12846 7062 7071 7063 
12847 6459 6827 6456 
12848 6678 7353 6679 
12849 6955 6957 6724 
12850 6566 7340 6565 
12851 6830 6832 6831 
12852 6516 6568 6567 
12853 6377 6378 6376 
12854 6478 7339 6536 
12855 6418 6419 6417 
12856 6836 7228 6837 
12857 6850 6966 6849 
12858 6615 6633 6632 
12859 6385 6386 6384 
12860 6475 6477 6472 
12861 6545 7347 6616 
12862 6593 6730 6729 
12863 6430 6463 6432 
12864 6662 6810 6676 
12865 6660 7374 6662 
12866 6442 7314 6440 
12867 6975 7348 6696 
12868 7273 7412 7274 
12869 6851 7374 6660 
12870 6447 6460 6445 
12871 7063 7349 6745 
12872 6717 7356 7318 
12873 6409 6412 6411 
12874 6565 7340 6656 
12875 6418 6835 6487 
12876 6812 7356 6717 
12877 6524 7325 6579 
12878 6375 6376 6374 
12879 6947 7257 6948 
12880 6827 7330 6456 
12881 6457 6459 6456 
12882 6395 7320 6398 
12883 6666 6747 6663 
12884 6368 6369 6367 
12885 6598 6614 6599 
12886 6423 6424 6422 
12887 6728 6961 6727 
12888 6531 6728 6727 
12889 7051 7109 7050 
12890 6396 7331 6393 
12891 6531 6727 6394 
12892 6418 6487 6419 
12893 6574 6598 6575 
12894 6586 6587 6585 
12895 6539 6594 6538 
12896 6412 6550 6413 
12897 6689 6820 6687 
12898 6595 6609 6594 
12899 7311 7426 6585 
12900 6608 7348 6735 
12901 6392 6531 6394 
12902 6498 7292 6497 
12903 6817 6818 6714 
12904 6614 7334 6615 
12905 6927 6929 6761 
12906 6392 6394 6393 
12907 6423 6425 6424 
12908 7292 7388 6527 
12909 6834 6925 6833 
12910 6679 6734 6733 
12911 6614 7335 7334 
12912 6525 7325 6524 
12913 6522 6533 6523 
12914 7366 7396 7370 
12915 6388 7337 6389 
12916 6749 6823 6639 
12917 6834 6979 6978 
12918 6933 7089 6897 
12919 6835 6960 6836 
12920 6545 6556 6544 
12921 6479 6488 6480 
12922 7086 7094 6793 
12923 6703 6928 6927 
12924 6962 7391 7320 
12925 6701 6890 6700 
12926 6952 7226 6951 
12927 6564 6565 6563 
12928 6662 7374 6973 
12929 6830 6831 6829 
12930 6527 7388 6576 
12931 6835 6836 6487 
12932 6831 6833 6829 
12933 6385 6388 6386 
12934 6892 7014 6890 
12935 7136 7137 7133 
12936 7048 7050 7046 
12937 7218 7356 6812 
12938 6950 7214 7213 
12939 6499 6500 6498 
12940 6516 6567 6506 
12941 7367 7368 7366 
12942 6667 6762 6669 
12943 6606 6611 6573 
12944 1732 7029 6272 
12945 6403 7373 6406 
12946 6574 6702 6598 
12947 7042 7045 7044 
12948 6643 6644 6613 
12949 6632 7406 6631 
12950 6573 6574 6554 
12951 6946 7219 6945 
12952 6441 7431 6444 
12953 6385 6532 6388 
12954 6505 6547 6402 
12955 6557 6558 6556 
12956 6740 6984 6739 
12957 6428 7346 6430 
12958 6456 7330 6453 
12959 7315 7384 6843 
12960 6813 7146 6950 
12961 6543 6545 6544 
12962 1670 6302 1669 
12963 1754 6291 1753 
12964 6553 6554 6552 
12965 6592 6700 6591 
12966 6615 7334 6633 
12967 6696 7348 6608 
12968 6499 7360 7333 
12969 6463 7326 6432 
12970 6314 6880 1776 
12971 6641 7346 6428 
12972 7032 7034 6823 
12973 6633 7394 6634 
12974 6647 7361 6707 
12975 6681 6715 6714 
12976 6568 7327 6619 
12977 6761 7353 6678 
12978 6568 6619 6567 
12979 6564 7354 6607 
12980 6561 6563 6560 
12981 6890 6891 6700 
12982 6633 7408 7394 
12983 6561 6564 6563 
12984 6400 6505 6402 
12985 6413 7383 6415 
12986 6559 6560 6558 
12987 6548 6549 6547 
12988 6551 6552 6550 
12989 6639 7361 6640 
12990 7309 7360 6436 
12991 6742 6745 6730 
12992 6545 6557 6556 
12993 6956 7413 7405 
12994 6383 7387 6385 
12995 6914 7062 6745 
12996 7285 7286 7284 
12997 6373 6374 6372 
12998 6389 7337 6392 
12999 6412 6551 6550 
13000 6551 6553 6552 
13001 7138 7376 6967 
13002 6576 7388 6682 
13003 6553 6573 6554 
13004 6591 6593 6549 
13005 6584 7421 7332 
13006 7515 7517 7227 
13007 6271 7120 1588 
13008 7317 7418 6422 
13009 7370 7396 7335 
13010 7343 7377 6654 
13011 6681 6714 6577 
13012 6581 6642 6570 
13013 7365 7367 7366 
13014 6348 6854 6346 
13015 6471 6475 6472 
13016 7365 7366 6702 
13017 7362 7495 6970 
13018 6392 7337 6531 
13019 6593 6742 6730 
13020 6831 6834 6833 
13021 6749 7033 7032 
13022 1540 7100 6300 
13023 6557 6559 6558 
13024 6559 6561 6560 
13025 1777 6314 1776 
13026 6406 6958 6408 
13027 6505 6548 6547 
13028 6876 6877 6874 
13029 6416 7430 7231 
13030 6524 6579 6555 
13031 6548 6591 6549 
13032 6368 7351 6370 
13033 6958 6959 6408 
13034 6389 6392 6391 
13035 6582 6613 6612 
13036 7405 7413 6594 
13037 6536 6539 6538 
13038 6408 7375 6409 
13039 6402 7373 6403 
13040 7056 7097 1677 
13041 6415 6418 6417 
13042 6715 6817 6714 
13043 7225 7237 6620 
13044 6742 6914 6745 
13045 6834 6978 6925 
13046 6584 7332 6586 
13047 6647 6707 6649 
13048 6823 7361 6639 
13049 6430 7346 6463 
13050 6729 7401 6549 
13051 6956 7429 7036 
13052 6367 7412 6366 
13053 7033 7165 7032 
13054 6629 6908 6743 
13055 6479 6480 6464 
13056 7046 7352 7044 
13057 7382 7438 6641 
13058 6850 6967 6966 
13059 6504 7387 6383 
13060 6559 7363 6683 
13061 6364 7385 6362 
13062 6577 7359 6528 
13063 6415 7383 6418 
13064 6463 7483 7326 
13065 6383 6385 6384 
13066 6556 7357 6544 
13067 6637 6749 6639 
13068 6409 7375 6412 
13069 6616 7363 6557 
13070 6728 7355 6961 
13071 6829 7355 6728 
13072 7449 7460 7314 
13073 6482 7392 6630 
13074 6979 7098 6978 
13075 6377 6379 6378 
13076 6833 7355 6829 
13077 6406 7373 6958 
13078 6461 6464 6459 
13079 6426 7382 6641 
13080 7366 7370 6702 
13081 6579 6580 6555 
13082 6524 6555 6493 
13083 6652 7434 7252 
13084 7473 7486 7376 
13085 6528 7359 6838 
13086 6921 6987 6986 
13087 6348 7345 6855 
13088 6740 6985 6984 
13089 6888 6990 6989 
13090 7373 7401 6958 
13091 6348 6855 6854 
13092 6703 6761 6678 
13093 6663 6664 6580 
13094 7254 7469 7256 
13095 6848 6849 6847 
13096 6682 6816 6815 
13097 1678 7056 1677 
13098 6749 7032 6823 
13099 6751 7066 6763 
13100 6459 7390 6827 
13101 7364 7365 6702 
13102 7219 7220 6945 
13103 6547 7401 7373 
13104 7291 7491 7343 
13105 7324 7382 6421 
13106 6572 7413 6629 
13107 6380 7350 6378 
13108 7252 7507 7253 
13109 6708 6789 6788 
13110 6657 7389 6644 
13111 6375 6377 6376 
13112 6547 7373 6402 
13113 6366 7412 6571 
13114 6574 7364 6702 
13115 6373 6375 6374 
13116 7268 7325 6525 
13117 6412 7375 6551 
13118 6959 7375 6408 
13119 6381 6504 6383 
13120 6848 6850 6849 
13121 6614 7370 7335 
13122 6550 7383 6413 
13123 7139 7140 6856 
13124 6375 6484 6377 
13125 7337 7372 6828 
13126 7396 7397 7335 
13127 6928 7064 6927 
13128 6708 6788 6609 
13129 6714 7359 6577 
13130 6586 6703 6678 
13131 6910 7019 7018 
13132 6598 7370 6614 
13133 6878 6879 6876 
13134 6573 7364 6574 
13135 6662 6973 6810 
13136 6423 7382 6426 
13137 6947 6948 6716 
13138 6702 7370 6598 
13139 7042 7358 7045 
13140 6818 7359 6714 
13141 6488 6515 6508 
13142 6905 7389 6657 
13143 6388 7372 7337 
13144 6383 6384 6382 
13145 6474 6499 6498 
13146 6557 7363 6559 
13147 6532 7372 6388 
13148 6350 7477 7458 
13149 7050 7352 7046 
13150 6579 6663 6580 
13151 7226 7230 6951 
13152 6998 7138 6967 
13153 6801 6802 6800 
13154 6553 7404 6606 
13155 7379 7380 6891 
13156 6465 6479 6464 
13157 6671 7400 6751 
13158 6669 7400 6671 
13159 6379 6380 6378 
13160 6611 7364 6573 
13161 6418 7383 6835 
13162 7160 7181 7161 
13163 6972 7441 6866 
13164 6496 6604 6491 
13165 6385 7387 6532 
13166 1698 7104 7067 
13167 6591 7371 6593 
13168 6619 6740 6739 
13169 6700 7371 6591 
13170 6421 7382 6423 
13171 6370 6387 6371 
13172 6475 7386 6477 
13173 6593 7371 6742 
13174 7005 7157 6907 
13175 6891 7371 6700 
13176 6420 7430 6417 
13177 6584 6586 6585 
13178 6920 6921 6919 
13179 1608 7160 6276 
13180 6850 6998 6967 
13181 6626 7398 6537 
13182 6480 7390 6464 
13183 6599 7395 6575 
13184 7308 7420 7300 
13185 6586 7332 6703 
13186 6750 7147 1723 
13187 6890 7379 6891 
13188 7014 7379 6890 
13189 6948 7427 6716 
13190 6379 7487 7468 
13191 6634 7394 6637 
13192 6716 7427 6689 
13193 6839 6963 6722 
13194 6447 7411 6460 
13195 7041 7358 7042 
13196 7394 7408 7033 
13197 6398 7391 6400 
13198 7419 7453 6963 
13199 6842 6903 6844 
13200 6644 6705 6613 
13201 6979 7473 7376 
13202 6631 7433 7395 
13203 6400 7391 6505 
13204 6682 7388 6816 
13205 7330 7402 6605 
13206 7375 7404 6551 
13207 6619 7327 6740 
13208 6723 6841 6840 
13209 6762 7400 6669 
13210 7368 7396 7366 
13211 6513 6583 6514 
13212 6749 7394 7033 
13213 6555 7386 6493 
13214 6863 7482 6864 
13215 7033 7408 7166 
13216 7371 7410 6742 
13217 6959 7404 7375 
13218 6493 7386 6475 
13219 7320 7391 6398 
13220 6605 7411 6449 
13221 7254 7256 6811 
13222 6571 6582 6581 
13223 6846 6943 6848 
13224 6891 7410 7371 
13225 6534 7399 6723 
13226 6575 7425 6554 
13227 6827 7402 7330 
13228 6469 7472 7469 
13229 6582 6612 6581 
13230 6371 6373 6372 
13231 6846 6847 6845 
13232 6962 7423 7391 
13233 6549 7401 6547 
13234 6635 7406 6632 
13235 6354 6623 6352 
13236 6584 6585 6514 
13237 6835 7409 6960 
13238 6365 6366 6364 
13239 6951 7398 6626 
13240 6513 6514 6496 
13241 1705 7186 6268 
13242 6548 7423 6592 
13243 7500 7504 7374 
13244 6381 6383 6382 
13245 6852 7407 7052 
13246 6703 6927 6761 
13247 7350 7504 7500 
13248 6300 7432 7054 
13249 6381 6382 6380 
13250 6844 6845 6843 
13251 6464 7390 6459 
13252 6365 6367 6366 
13253 6789 7153 6788 
13254 7458 7477 7020 
13255 6379 6381 6380 
13256 6637 7394 6749 
13257 6550 7409 7383 
13258 7245 7264 6918 
13259 6355 6562 6357 
13260 6817 7443 7239 
13261 6629 7413 6956 
13262 6642 7385 6570 
13263 6713 6944 6799 
13264 6977 7647 7520 
13265 6723 7399 6841 
13266 6284 6933 6897 
13267 7383 7409 6835 
13268 6551 7404 6553 
13269 6363 6365 6364 
13270 6788 7405 6609 
13271 7042 7044 7043 
13272 6842 6843 6840 
13273 7391 7423 6505 
13274 6846 6848 6847 
13275 7334 7408 6633 
13276 6552 7409 6550 
13277 6272 7001 6942 
13278 6449 7411 6447 
13279 6583 6584 6514 
13280 6366 6570 6364 
13281 7100 7432 6300 
13282 6783 7061 6784 
13283 6936 6938 6937 
13284 6852 7041 6853 
13285 6644 7389 6705 
13286 7380 7410 6891 
13287 7230 7398 6951 
13288 6422 7418 6420 
13289 6855 6857 6856 
13290 6538 7413 6572 
13291 6609 7405 6594 
13292 6309 6874 6873 
13293 6375 7419 6484 
13294 7042 7043 6853 
13295 6958 7422 6959 
13296 6742 7410 6914 
13297 6875 6876 6874 
13298 6832 7494 7486 
13299 7409 7425 6960 
13300 1648 7566 6322 
13301 6960 7433 6836 
13302 7423 7436 6592 
13303 6522 6523 6512 
13304 7324 7438 7382 
13305 7044 7074 7043 
13306 7265 7439 6596 
13307 6842 6844 6843 
13308 6844 6846 6845 
13309 6571 7412 7273 
13310 7044 7352 7074 
13311 7408 7416 7166 
13312 7041 7042 6853 
13313 7262 7484 6861 
13314 7300 7420 7301 
13315 6592 7436 6701 
13316 6841 6842 6840 
13317 6850 7403 6998 
13318 6956 7036 6908 
13319 7334 7416 7408 
13320 7397 7416 7335 
13321 7480 7554 7194 
13322 6363 6364 6362 
13323 6921 6986 6919 
13324 7378 7460 7449 
13325 6751 7400 7066 
13326 6347 6349 6348 
13327 6848 7403 6850 
13328 6861 7475 7224 
13329 6518 7305 6353 
13330 6820 7434 6687 
13331 6570 7385 6364 
13332 6371 6372 6369 
13333 6533 6534 6523 
13334 6552 7425 7409 
13335 7335 7416 7334 
13336 7401 7422 6958 
13337 6534 6722 6523 
13338 6317 7588 7144 
13339 6701 7446 6892 
13340 6366 6571 6570 
13341 6965 7442 7422 
13342 7153 7429 6788 
13343 6808 6819 6809 
13344 7332 7445 6928 
13345 7395 7433 6960 
13346 6943 7403 6848 
13347 1703 6282 1702 
13348 6774 7407 6852 
13349 6772 6776 6774 
13350 6774 6852 6775 
13351 6629 6956 6908 
13352 6715 7443 6817 
13353 6771 7452 7000 
13354 6571 6581 6570 
13355 6284 6934 6933 
13356 6444 7431 6486 
13357 6729 7422 7401 
13358 7303 7494 6832 
13359 6878 7007 6879 
13360 1807 6754 1806 
13361 6357 6358 6356 
13362 6291 6920 6919 
13363 6987 7149 6986 
13364 6357 6359 6358 
13365 6554 7425 6552 
13366 6505 7423 6548 
13367 6347 6350 6349 
13368 6783 6784 6602 
13369 1594 6901 1593 
13370 6361 6363 6362 
13371 6903 7414 6844 
13372 6460 7449 6445 
13373 6723 6839 6722 
13374 7140 7451 6856 
13375 6859 7469 6964 
13376 6962 7436 7423 
13377 6594 7413 6538 
13378 1742 7004 1741 
13379 6925 7454 6833 
13380 6723 6840 6839 
13381 7436 7446 6701 
13382 6852 6853 6775 
13383 6534 6723 6722 
13384 6775 6915 6773 
13385 6360 6588 6358 
13386 7220 7443 6945 
13387 6846 7414 6943 
13388 6373 7419 6375 
13389 6309 6875 6874 
13390 6816 7448 6815 
13391 6442 7449 7314 
13392 6689 7427 6820 
13393 6417 7430 6416 
13394 6359 6361 6360 
13395 6963 7417 6722 
13396 6875 6878 6876 
13397 6819 6910 6909 
13398 6370 6371 6369 
13399 7560 7722 1801 
13400 7061 7096 6784 
13401 7020 7477 7021 
13402 6762 7415 7400 
13403 6836 7433 7228 
13404 6361 6362 6360 
13405 6855 6856 6854 
13406 6837 7438 7324 
13407 6687 7434 6652 
13408 7292 7428 7388 
13409 6722 7417 6523 
13410 6961 7436 6962 
13411 6788 7429 7405 
13412 6773 7452 6771 
13413 6602 7421 6583 
13414 6772 6774 6773 
13415 7072 7462 7063 
13416 6583 7421 6584 
13417 6815 7448 7151 
13418 6866 7441 7291 
13419 6344 6596 6345 
13420 6496 7426 6604 
13421 6291 6919 1753 
13422 6355 7305 6562 
13423 6776 7407 6774 
13424 7479 7513 6975 
13425 6844 7414 6846 
13426 6347 6348 6346 
13427 7419 7461 6484 
13428 7442 7459 6606 
13429 7400 7415 7066 
13430 7412 7450 7274 
13431 7388 7428 6816 
13432 6585 7426 6514 
13433 7404 7442 6606 
13434 6359 6360 6358 
13435 6774 6775 6773 
13436 6523 7417 6512 
13437 7255 7428 7292 
13438 6279 7110 1740 
13439 6342 6590 6344 
13440 6861 7484 7475 
13441 6434 7472 6437 
13442 6344 6345 6343 
13443 6514 7426 6496 
13444 6806 6808 6807 
13445 6878 7008 7007 
13446 7029 7447 6272 
13447 6961 7446 7436 
13448 6819 6909 6809 
13449 6945 7443 6715 
13450 6601 7455 6533 
13451 6965 7459 7442 
13452 7446 7454 6892 
13453 6771 7000 6326 
13454 6698 7548 7005 
13455 6340 6342 6341 
13456 7422 7442 6959 
13457 6784 7421 6602 
13458 6345 6346 6343 
13459 6483 7476 6374 
13460 7281 7490 7474 
13461 6698 7005 6907 
13462 6862 7492 7313 
13463 6534 7455 7399 
13464 6819 7424 6910 
13465 6295 7037 1614 
13466 6959 7442 7404 
13467 7326 7483 6964 
13468 6910 7018 6909 
13469 1754 7017 6291 
13470 6964 7483 6860 
13471 7211 7424 6819 
13472 6909 7031 6809 
13473 6970 7499 6969 
13474 6371 7453 6373 
13475 7355 7446 6961 
13476 6963 7453 7417 
13477 6972 7497 7441 
13478 6758 6792 6756 
13479 7316 7493 7315 
13480 6618 7479 6769 
13481 7461 7493 6484 
13482 7043 7437 6853 
13483 6770 7328 6772 
13484 7482 7503 6734 
13485 7492 7496 7313 
13486 7421 7445 7332 
13487 6512 7417 6387 
13488 6342 6344 6343 
13489 6808 6809 6807 
13490 6372 7450 6369 
13491 7487 7493 7316 
13492 6735 7478 7340 
13493 6445 7449 6442 
13494 7438 7475 6641 
13495 6809 7440 6807 
13496 7417 7453 6387 
13497 6787 7016 7015 
13498 7265 7477 7439 
13499 6831 7473 6834 
13500 6785 6797 6796 
13501 6381 7468 6504 
13502 6884 7467 6885 
13503 6600 7511 7481 
13504 6857 7139 6856 
13505 6342 6343 6341 
13506 6757 6785 6759 
13507 6367 7450 7412 
13508 6775 7437 6915 
13509 6832 7486 7473 
13510 6781 6787 6786 
13511 6772 7328 6776 
13512 6989 7467 6884 
13513 6853 7437 6775 
13514 6272 7447 7001 
13515 6338 6766 6340 
13516 6345 6347 6346 
13517 6854 7435 6346 
13518 6685 7455 6601 
13519 6596 7439 6345 
13520 7256 7469 6859 
13521 6735 7512 7478 
13522 6801 6803 6802 
13523 6772 6773 6771 
13524 6441 7457 7431 
13525 7376 7486 6967 
13526 6803 6806 6804 
13527 6839 7461 6963 
13528 6907 7002 6906 
13529 7313 7496 6851 
13530 7343 7460 7377 
13531 6369 7450 6367 
13532 7355 7454 7446 
13533 7349 7462 7459 
13534 6963 7461 7419 
13535 6833 7454 7355 
13536 1743 7197 6273 
13537 6785 6796 6759 
13538 7281 7474 6858 
13539 6684 6685 6601 
13540 6779 7381 6781 
13541 7499 7503 6969 
13542 7364 7471 7365 
13543 7349 7459 6965 
13544 7096 7445 6784 
13545 6725 7456 6947 
13546 6377 7487 6379 
13547 6936 6937 6282 
13548 6344 7444 6596 
13549 6387 7453 6371 
13550 6462 7497 6438 
13551 7450 7476 7274 
13552 7468 7487 7316 
13553 6345 7439 6347 
13554 6351 7458 6518 
13555 7459 7462 6611 
13556 7439 7477 6350 
13557 6784 7445 7421 
13558 7224 7475 7438 
13559 6757 6759 6758 
13560 6347 7439 6350 
13561 7456 7463 6947 
13562 6483 7492 7476 
13563 6915 7452 6773 
13564 6532 7488 7303 
13565 7031 7440 6809 
13566 7474 7490 6504 
13567 6806 6807 6804 
13568 6969 7503 7268 
13569 7496 7500 6851 
13570 6900 7065 6329 
13571 6341 6603 6339 
13572 6858 7474 7316 
13573 6770 6772 6771 
13574 6851 7500 7374 
13575 6759 6760 6758 
13576 7377 7460 7378 
13577 7384 7461 6839 
13578 6606 7459 6611 
13579 6972 7505 7497 
13580 6590 7444 6344 
13581 6781 7381 6787 
13582 6533 7455 6534 
13583 6343 7435 6341 
13584 7505 7508 6443 
13585 1603 6895 1602 
13586 6767 7786 1788 
13587 6372 7476 7450 
13588 6947 7463 7257 
13589 6803 6804 6802 
13590 6781 6786 6782 
13591 1549 6922 1548 
13592 6786 6894 6782 
13593 6340 6341 6339 
13594 6885 7467 6911 
13595 6787 7015 6786 
13596 7063 7462 7349 
13597 7441 7497 6462 
13598 6611 7471 7364 
13599 6770 6771 6326 
13600 6856 7451 6854 
13601 6443 7509 7321 
13602 7072 7471 7462 
13603 6433 7505 6443 
13604 6379 7468 6381 
13605 6860 7483 7262 
13606 7268 7482 6863 
13607 6437 7472 6469 
13608 6341 7435 6603 
13609 6757 6758 6756 
13610 6832 7473 6831 
13611 6485 7504 7350 
13612 1594 7083 6901 
13613 6374 7476 6372 
13614 6310 6757 6756 
13615 6604 7495 7362 
13616 7384 7493 7461 
13617 6781 6782 6780 
13618 6974 7512 7338 
13619 7021 7477 7265 
13620 6641 7475 7346 
13621 6867 7508 6865 
13622 7340 7478 6868 
13623 7478 7481 6868 
13624 6824 7479 6618 
13625 6968 7490 7281 
13626 6868 7481 6869 
13627 7311 7499 7495 
13628 6984 7470 7288 
13629 7338 7513 6824 
13630 6346 7435 6343 
13631 7310 7511 7333 
13632 7512 7513 7338 
13633 6319 7485 1583 
13634 7478 7512 6974 
13635 7468 7474 6504 
13636 6726 7510 7310 
13637 6336 7506 6338 
13638 7475 7484 7346 
13639 7488 7490 6968 
13640 7510 7511 7310 
13641 6801 7514 6803 
13642 7243 7516 6810 
13643 7346 7484 6463 
13644 6484 7493 7487 
13645 6779 6780 6778 
13646 6484 7487 6377 
13647 7109 7704 6934 
13648 7274 7492 6862 
13649 7094 7095 6793 
13650 6967 7486 6966 
13651 7316 7474 7468 
13652 7311 7495 7426 
13653 6504 7490 7387 
13654 6483 7496 7492 
13655 7488 7494 7303 
13656 7387 7490 7488 
13657 7387 7488 6532 
13658 7124 7206 7003 
13659 7486 7494 6966 
13660 7314 7491 6462 
13661 7476 7492 7274 
13662 7462 7471 6611 
13663 1715 7647 7069 
13664 6810 7516 6676 
13665 6779 6781 6780 
13666 6966 7494 6968 
13667 6793 7498 6684 
13668 7426 7495 6604 
13669 7315 7493 7384 
13670 6307 7564 1600 
13671 7322 7496 6483 
13672 6786 7464 6894 
13673 7015 7464 6786 
13674 6338 6340 6339 
13675 7343 7491 7460 
13676 6438 7497 6435 
13677 6926 7506 6336 
13678 1703 6936 6282 
13679 7322 7500 7496 
13680 6310 6756 6755 
13681 6733 7499 7311 
13682 7482 7521 6864 
13683 7095 7498 6793 
13684 7350 7500 7322 
13685 7077 7583 6325 
13686 1768 6308 1767 
13687 6693 7111 1679 
13688 6733 7503 7499 
13689 6968 7494 7488 
13690 7460 7491 7314 
13691 7497 7505 6435 
13692 6734 7503 6733 
13693 7374 7504 6973 
13694 7431 7507 6486 
13695 6972 7508 7505 
13696 7080 7501 7079 
13697 6684 7498 6685 
13698 1656 6900 6329 
13699 6435 7505 6433 
13700 6486 7507 7267 
13701 7253 7507 7431 
13702 7321 7510 6726 
13703 6865 7508 6972 
13704 6698 6907 6906 
13705 6869 7509 6867 
13706 6869 7511 7510 
13707 6803 7514 7200 
13708 7348 7512 6735 
13709 6975 7513 7348 
13710 7348 7513 7512 
13711 1628 7011 1627 
13712 7277 7517 6485 
13713 6973 7515 6810 
13714 6338 6339 6337 
13715 6676 7516 6889 
13716 7700 7792 7102 
13717 6973 7517 7515 
13718 6338 7506 6766 
13719 7498 7502 6685 
13720 6334 6926 6336 
13721 6923 7628 7208 
13722 6989 7674 7467 
13723 7481 7511 6869 
13724 6336 6338 6337 
13725 6760 7622 7167 
13726 7099 7783 7723 
13727 7509 7510 7321 
13728 6998 7519 7138 
13729 6869 7510 7509 
13730 7149 7716 7135 
13731 1632 7678 7118 
13732 6485 7517 7504 
13733 6336 6337 6335 
13734 7504 7517 6973 
13735 1768 6334 6308 
13736 1717 7520 1716 
13737 6893 7521 6734 
13738 6335 6737 6308 
13739 6928 7526 7064 
13740 7562 7679 7089 
13741 6334 6336 6335 
13742 6994 7696 7108 
13743 6274 7525 1573 
13744 1569 7576 1568 
13745 6334 6335 6308 
13746 1573 7525 1572 
13747 6992 7607 7163 
13748 1799 6980 1798 
13749 6734 7521 7482 
13750 6938 7681 7192 
13751 7270 7573 7444 
13752 7189 7746 7188 
13753 6308 7522 1767 
13754 1678 7747 7056 
13755 6877 7656 7154 
13756 7096 7526 7445 
13757 7385 7528 6362 
13758 6360 7528 6588 
13759 7011 7779 7466 
13760 1576 7523 6327 
13761 1577 7523 1576 
13762 7407 7735 7088 
13763 7649 7659 6302 
13764 6277 7530 1736 
13765 1736 7530 1735 
13766 1557 7555 6301 
13767 1668 7559 6269 
13768 7551 7570 6274 
13769 6283 7759 7369 
13770 7379 7758 6324 
13771 7198 7741 6905 
13772 1558 7555 1557 
13773 6903 7742 7238 
13774 7217 7543 6467 
13775 7161 7533 6276 
13776 7206 7672 7003 
13777 6916 7640 7522 
13778 6737 7522 6308 
13779 6725 7537 7456 
13780 6698 6906 1812 
13781 7135 7597 7134 
13782 1572 7525 6324 
13783 7205 7786 6767 
13784 6908 7538 6996 
13785 7125 7763 7126 
13786 7078 7541 7101 
13787 1532 7548 8 
13788 7551 7631 7570 
13789 6467 7543 6465 
13790 6269 7701 7171 
13791 7122 7705 6769 
13792 6934 7704 7146 
13793 7445 7526 6928 
13794 6488 7545 6515 
13795 7696 7740 7108 
13796 7095 7532 7498 
13797 7159 7719 7158 
13798 7077 7608 7583 
13799 6795 7707 7561 
13800 6760 7771 7654 
13801 7617 7724 7129 
13802 7098 7576 6978 
13803 7152 7565 1708 
13804 7177 7554 7179 
13805 7328 7768 6282 
13806 6778 7650 1645 
13807 6603 7549 6339 
13808 1752 7637 1751 
13809 7181 7791 7058 
13810 7671 7672 7206 
13811 6362 7528 6360 
13812 6324 7758 7142 
13813 6296 7535 7534 
13814 7169 7578 6794 
13815 6664 7620 7173 
13816 6285 7784 6923 
13817 1717 7609 7520 
13818 6923 7784 6922 
13819 6306 7683 7466 
13820 6737 7767 7179 
13821 7604 7605 6983 
13822 6705 7694 7184 
13823 1735 7530 7125 
13824 6826 7713 7190 
13825 7574 7676 6590 
13826 1584 7577 6319 
13827 6932 7729 7148 
13828 7353 7557 6893 
13829 7070 7625 6328 
13830 7229 7568 6889 
13831 7091 7534 7093 
13832 6266 7577 1585 
13833 6916 7702 7480 
13834 7152 7630 7565 
13835 7190 7713 7191 
13836 1543 7556 1542 
13837 6690 7556 1543 
13838 1766 7536 1765 
13839 6276 7533 6988 
13840 7498 7532 7502 
13841 7145 7563 6763 
13842 6813 7562 7146 
13843 1605 7546 1604 
13844 7047 7587 7049 
13845 1808 7540 7102 
13846 7456 7537 6872 
13847 7076 7541 7078 
13848 7104 7753 7673 
13849 7036 7538 6908 
13850 1809 7540 1808 
13851 7184 7694 7185 
13852 1768 7592 6334 
13853 7205 7524 6738 
13854 7049 7587 7216 
13855 7580 7746 7189 
13856 6871 7586 7535 
13857 6312 7542 1629 
13858 6330 7686 7529 
13859 7328 7638 6776 
13860 7544 7566 1649 
13861 7606 7777 6294 
13862 7064 7569 6927 
13863 6465 7543 6479 
13864 6278 7637 7149 
13865 1650 7544 1649 
13866 7380 7570 7410 
13867 7265 7573 7023 
13868 7543 7545 6479 
13869 7148 7721 6932 
13870 6688 7578 6931 
13871 7444 7573 6596 
13872 6794 7578 6686 
13873 7546 7547 6895 
13874 6766 7574 6340 
13875 6479 7545 6488 
13876 6342 7574 6590 
13877 6277 7756 7153 
13878 1574 7551 6274 
13879 1575 7551 1574 
13880 6695 7580 6790 
13881 6333 7546 1605 
13882 7019 7584 7018 
13883 7610 7743 7399 
13884 6690 7598 7556 
13885 7598 7748 7556 
13886 7207 7670 6805 
13887 1684 7589 1683 
13888 7096 7794 7203 
13889 7179 7767 7549 
13890 6339 7549 6337 
13891 6899 7658 7195 
13892 6327 7551 1575 
13893 6935 7646 6982 
13894 6898 7687 1549 
13895 1779 7553 6675 
13896 6893 7557 7533 
13897 7151 7666 7150 
13898 6616 7618 7193 
13899 7201 7621 6622 
13900 6889 7568 7531 
13901 6777 7593 6661 
13902 6725 7661 7537 
13903 6659 7593 6905 
13904 7159 7711 7008 
13905 7536 7640 6916 
13906 1795 7552 1794 
13907 7173 7793 6664 
13908 6266 7751 7165 
13909 6612 7597 6581 
13910 6517 7718 7358 
13911 7531 7728 6777 
13912 6909 7598 7031 
13913 6796 7599 6759 
13914 7174 7601 7007 
13915 7194 7554 7177 
13916 7183 7579 6303 
13917 7467 7605 6911 
13918 1545 7575 1544 
13919 1544 7575 6690 
13920 6994 7664 7223 
13921 7591 7774 6792 
13922 1549 7687 6922 
13923 7204 7205 6738 
13924 6603 7675 7549 
13925 7501 7711 7079 
13926 7208 7628 6721 
13927 7008 7711 7501 
13928 6358 7603 6356 
13929 7520 7647 1716 
13930 6946 7645 7447 
13931 7639 7764 7098 
13932 1639 7690 1638 
13933 7079 7608 7077 
13934 7565 7630 7189 
13935 7605 7760 6983 
13936 1784 7204 6738 
13937 7105 7796 6693 
13938 7575 7772 7031 
13939 7223 7696 6994 
13940 7223 7612 6857 
13941 7455 7610 7399 
13942 6325 7583 1621 
13943 6792 7745 7591 
13944 6312 7730 7542 
13945 7045 7614 7047 
13946 1729 7571 1728 
13947 1621 7583 1620 
13948 6757 7611 6785 
13949 7282 7586 6871 
13950 6332 7698 1554 
13951 6578 7619 6541 
13952 6543 7619 7347 
13953 1767 7640 1766 
13954 1542 7556 6293 
13955 6663 7620 6664 
13956 7502 7610 6685 
13957 6902 7626 6709 
13958 6708 7626 6789 
13959 6905 7775 7198 
13960 6979 7639 7098 
13961 6995 7557 7353 
13962 6790 7630 7567 
13963 6677 7627 7470 
13964 7470 7627 7288 
13965 1707 7565 6320 
13966 6936 7681 6938 
13967 6938 7618 6939 
13968 1674 7673 6899 
13969 1708 7565 1707 
13970 7479 7642 6769 
13971 6937 7638 6282 
13972 7416 7632 7166 
13973 1790 7611 6310 
13974 7489 7629 7369 
13975 1669 7559 1668 
13976 6744 7645 6946 
13977 7632 7778 7166 
13978 1695 7682 6896 
13979 7537 7661 7060 
13980 7107 7709 6980 
13981 7647 7715 7069 
13982 7576 7688 6978 
13983 7184 7651 6705 
13984 7138 7639 7376 
13985 1728 7571 6677 
13986 7145 7677 6930 
13987 7522 7640 1767 
13988 1765 7697 1764 
13989 6613 7651 6612 
13990 6950 7653 7214 
13991 7590 7600 6976 
13992 6930 7677 1616 
13993 6789 7763 7153 
13994 6755 7774 7012 
13995 1803 7560 1802 
13996 7117 7676 7574 
13997 6879 7656 6876 
13998 7150 7666 6942 
13999 6270 7572 1581 
14000 7171 7701 7109 
14001 7524 7636 6738 
14002 6904 7642 6975 
14003 6931 7661 6697 
14004 6997 7636 7524 
14005 1726 7643 6294 
14006 6758 7654 6792 
14007 1533 7594 1532 
14008 7199 7742 6841 
14009 6920 7664 6994 
14010 7043 7659 7437 
14011 7111 7796 7747 
14012 6800 7670 7201 
14013 6805 7671 7206 
14014 7638 7735 6776 
14015 6805 7670 6802 
14016 1793 7561 1792 
14017 7017 7664 6291 
14018 6693 7796 7111 
14019 7527 7698 6332 
14020 6804 7671 6805 
14021 7682 7747 6896 
14022 6323 7594 1533 
14023 7369 7759 6331 
14024 7140 7675 7451 
14025 6984 7667 7470 
14026 7549 7675 7178 
14027 7157 7686 6907 
14028 7440 7671 6807 
14029 6706 7679 6692 
14030 1580 7572 6331 
14031 7068 7752 7013 
14032 7531 7568 6279 
14033 7219 7723 6902 
14034 6718 7562 6813 
14035 6763 7563 6764 
14036 7222 7696 7223 
14037 7071 7629 7072 
14038 7533 7557 6988 
14039 1625 7683 6306 
14040 7123 7744 7040 
14041 6892 7693 7014 
14042 7588 7652 7414 
14043 7147 7715 6977 
14044 6903 7588 7414 
14045 6980 7709 7055 
14046 7192 7681 6268 
14047 7109 7701 7050 
14048 6899 7753 7658 
14049 1578 7759 6283 
14050 6769 7705 6768 
14051 6925 7693 7454 
14052 7354 7713 6826 
14053 7242 7716 6987 
14054 6664 7793 6667 
14055 1600 7564 1599 
14056 6320 7565 7189 
14057 7049 7732 7048 
14058 7403 7712 6998 
14059 7041 7781 7358 
14060 7023 7663 7432 
14061 6746 7762 7287 
14062 6878 7719 7008 
14063 1702 7768 1701 
14064 6841 7742 6842 
14065 7396 7750 7397 
14066 7165 7751 7032 
14067 6764 7633 7258 
14068 6356 7740 6354 
14069 7429 7756 7036 
14070 6753 7586 7282 
14071 1647 7734 1646 
14072 6756 7774 6755 
14073 7176 7644 7175 
14074 7559 7659 7074 
14075 1701 7768 6770 
14076 1649 7566 1648 
14077 6265 7567 7152 
14078 1646 7734 6779 
14079 6996 7568 7229 
14080 1610 7582 6318 
14081 7519 7726 7138 
14082 1611 7582 1610 
14083 7545 7587 6515 
14084 7054 7604 6983 
14085 6286 7571 1729 
14086 6927 7569 6929 
14087 1596 7699 1595 
14088 7529 7686 7157 
14089 7410 7570 6914 
14090 6754 7709 7107 
14091 6905 7741 7389 
14092 6596 7573 7265 
14093 7672 7787 7003 
14094 1581 7572 1580 
14095 6288 7575 1545 
14096 6340 7574 6342 
14097 1689 7710 1688 
14098 7196 7660 6323 
14099 6795 7708 7130 
14100 7040 7744 6265 
14101 6694 7699 1596 
14102 7036 7756 7539 
14103 6280 7576 1569 
14104 1532 7594 7548 
14105 7007 7601 6879 
14106 6686 7578 6688 
14107 6322 7734 1647 
14108 7155 7706 6881 
14109 6896 7796 7550 
14110 1585 7577 1584 
14111 6778 7788 7650 
14112 7485 7632 7397 
14113 7115 7743 7610 
14114 7087 7725 6940 
14115 7558 7720 6990 
14116 7099 7780 7029 
14117 6881 7706 1775 
14118 6826 7580 6695 
14119 6335 7767 6737 
14120 1772 7585 1771 
14121 6999 7581 6750 
14122 6307 7634 7569 
14123 1620 7583 6624 
14124 7027 7685 7026 
14125 7022 7584 7019 
14126 7465 7779 7542 
14127 1771 7680 1770 
14128 6317 7652 7588 
14129 7130 7707 6795 
14130 7107 7722 7006 
14131 7014 7758 7379 
14132 6331 7759 1579 
14133 7613 7668 7025 
14134 7196 7752 6796 
14135 7175 7644 6289 
14136 7452 7733 7000 
14137 7026 7685 7563 
14138 7114 7736 7555 
14139 1683 7589 7082 
14140 7121 7648 7120 
14141 1655 7590 1654 
14142 6282 7768 1702 
14143 6329 7590 1655 
14144 1785 7714 7204 
14145 6661 7593 6659 
14146 7238 7742 7199 
14147 1688 7596 1687 
14148 6581 7597 6642 
14149 7018 7598 6909 
14150 7583 7608 6624 
14151 7216 7587 7545 
14152 7541 7755 7101 
14153 6753 7738 7586 
14154 7452 7773 7733 
14155 6759 7599 6760 
14156 1568 7764 1567 
14157 1566 7726 1565 
14158 6334 7592 6926 
14159 7529 7769 7119 
14160 7167 7622 6990 
14161 7202 7751 6266 
14162 7549 7767 6337 
14163 7065 7600 6329 
14164 7570 7631 6914 
14165 7502 7736 7114 
14166 7149 7637 6986 
14167 7130 7789 1811 
14168 1565 7726 7519 
14169 6298 7764 7639 
14170 7466 7782 6306 
14171 6707 7739 7168 
14172 7185 7694 7655 
14173 6329 7600 7590 
14174 7190 7746 6826 
14175 7076 7641 7541 
14176 7600 7601 6976 
14177 7653 7732 7214 
14178 7506 7725 6766 
14179 1642 7717 7009 
14180 7095 7749 7180 
14181 7470 7643 6677 
14182 6642 7757 7385 
14183 1737 7754 6277 
14184 1783 7636 1782 
14185 7034 7751 7202 
14186 7571 7627 6677 
14187 6902 7783 7626 
14188 6588 7603 6358 
14189 7586 7738 7093 
14190 1691 7616 1690 
14191 7567 7744 6904 
14192 6319 7778 7632 
14193 7084 7728 7004 
14194 6718 7679 7562 
14195 6911 7604 6912 
14196 7245 7606 6985 
14197 7075 7641 7076 
14198 6917 7607 6992 
14199 7329 7615 6578 
14200 7018 7748 7598 
14201 6624 7608 7159 
14202 7073 7729 6932 
14203 6316 7691 7501 
14204 7085 7755 7541 
14205 7599 7622 6760 
14206 1770 7680 1769 
14207 6981 7708 7552 
14208 7532 7736 7502 
14209 6677 7643 1727 
14210 6685 7610 7455 
14211 6932 7721 6870 
14212 6319 7632 7485 
14213 7082 7665 1682 
14214 6776 7735 7407 
14215 6277 7754 7539 
14216 7010 7678 7172 
14217 7602 7716 7242 
14218 7054 7765 7604 
14219 6915 7773 7452 
14220 1553 7785 1552 
14221 6270 7750 7572 
14222 6310 7611 6757 
14223 7185 7727 7183 
14224 7289 7684 7151 
14225 6857 7612 7139 
14226 1551 7785 7090 
14227 7121 7739 7648 
14228 7008 7691 7007 
14229 7694 7741 7655 
14230 6280 7688 7576 
14231 1616 7677 1615 
14232 7103 7623 6305 
14233 6515 7718 6508 
14234 7358 7614 7045 
14235 7058 7617 6747 
14236 7501 7691 7008 
14237 6782 7613 6780 
14238 6541 7619 6543 
14239 6978 7688 6925 
14240 6622 7621 7208 
14241 7617 7620 6747 
14242 7596 7665 7082 
14243 7548 7594 7005 
14244 6747 7620 6663 
14245 1682 7665 1681 
14246 7447 7645 7001 
14247 7539 7756 6277 
14248 6721 7628 7086 
14249 6992 7625 6993 
14250 7089 7624 6897 
14251 6323 7660 7594 
14252 6780 7613 7518 
14253 6699 7754 1738 
14254 7288 7627 7289 
14255 6709 7626 6708 
14256 7061 7794 7096 
14257 7437 7649 6915 
14258 7090 7698 7527 
14259 6929 7657 6995 
14260 7447 7780 6946 
14261 6914 7631 7062 
14262 7072 7629 7489 
14263 7397 7632 7416 
14264 7055 7792 7700 
14265 1645 7650 1644 
14266 7571 7684 7627 
14267 7606 7667 6985 
14268 1751 7637 6278 
14269 7024 7638 6937 
14270 7124 7692 7207 
14271 1552 7785 1551 
14272 7376 7639 6979 
14273 7025 7668 7073 
14274 7210 7652 6317 
14275 6738 7636 1783 
14276 7172 7678 1633 
14277 7572 7750 7368 
14278 1719 7609 1718 
14279 1727 7643 1726 
14280 6975 7642 7479 
14281 7536 7697 1765 
14282 7287 7645 6744 
14283 7539 7754 6699 
14284 7139 7644 7140 
14285 7051 7704 7109 
14286 1716 7647 1715 
14287 7480 7702 7554 
14288 7034 7648 7295 
14289 6782 7668 7613 
14290 7270 7765 7663 
14291 6705 7651 6613 
14292 1810 7789 6981 
14293 7414 7652 6943 
14294 7547 7657 6929 
14295 7146 7653 6950 
14296 7086 7770 7094 
14297 7092 7738 7258 
14298 6913 7662 1662 
14299 1662 7662 1661 
14300 6917 7705 7607 
14301 7547 7634 6895 
14302 6301 7736 7532 
14303 6760 7654 6758 
14304 7209 7669 6783 
14305 7197 7655 7198 
14306 6876 7656 6877 
14307 7593 7775 6905 
14308 7604 7765 6912 
14309 1661 7662 6296 
14310 6327 7631 7551 
14311 6697 7661 6725 
14312 7074 7659 7043 
14313 7005 7660 7157 
14314 1681 7665 6935 
14315 7432 7663 7054 
14316 6291 7664 6920 
14317 7210 7695 7652 
14318 1688 7710 7646 
14319 6327 7737 7631 
14320 1775 7706 1774 
14321 7658 7753 7057 
14322 7555 7736 6301 
14323 7079 7711 7608 
14324 1766 7640 7536 
14325 7060 7761 7059 
14326 6985 7667 6984 
14327 7090 7785 7698 
14328 7652 7695 6943 
14329 1633 7678 1632 
14330 6894 7668 6782 
14331 7631 7737 7062 
14332 7053 7771 7167 
14333 6783 7669 7061 
14334 7602 7757 6642 
14335 6508 7718 6517 
14336 6931 7761 7661 
14337 7024 7735 7638 
14338 7056 7747 7682 
14339 6802 7670 6800 
14340 6737 7702 7522 
14341 6995 7657 7635 
14342 6990 7622 7558 
14343 6841 7743 7199 
14344 1675 7673 1674 
14345 7013 7752 7196 
14346 6281 7695 7210 
14347 6807 7671 6804 
14348 1626 7683 1625 
14349 7451 7675 6603 
14350 7168 7739 7121 
14351 6982 7710 7106 
14352 7648 7739 7295 
14353 7635 7657 6333 
14354 7015 7782 7464 
14355 1548 7784 6285 
14356 7207 7692 7621 
14357 6692 7679 6718 
14358 7557 7635 6988 
14359 7188 7746 7190 
14360 7093 7738 7092 
14361 6911 7605 7604 
14362 1696 7682 1695 
14363 7464 7782 7466 
14364 6995 7635 7557 
14365 7567 7630 7152 
14366 7180 7749 6332 
14367 6907 7686 7002 
14368 7594 7660 7005 
14369 1811 7789 1810 
14370 7143 7688 6280 
14371 7577 7778 6319 
14372 1638 7690 7010 
14373 7012 7774 7591 
14374 6623 7696 7222 
14375 1644 7717 1643 
14376 1554 7698 1553 
14377 6922 7784 1548 
14378 7006 7722 7560 
14379 7389 7694 6705 
14380 7454 7693 6892 
14381 6943 7695 7403 
14382 6990 7720 6989 
14383 1796 7700 6924 
14384 7554 7702 6737 
14385 7058 7791 7724 
14386 7399 7743 6841 
14387 7050 7701 7352 
14388 7166 7778 7165 
14389 7626 7783 7126 
14390 7527 7770 6898 
14391 6926 7703 7506 
14392 7203 7794 6694 
14393 6768 7705 6917 
14394 1538 7760 6311 
14395 7584 7748 7018 
14396 6683 7713 7354 
14397 7385 7757 7528 
14398 7585 7680 1771 
14399 7029 7780 7447 
14400 6623 7740 7696 
14401 6987 7716 7149 
14402 1746 7795 1745 
14403 1745 7795 6625 
14404 6875 7719 6878 
14405 7591 7745 7028 
14406 6998 7712 7519 
14407 7071 7737 7523 
14408 6946 7723 7219 
14409 6298 7726 1566 
14410 7195 7733 6736 
14411 1788 7786 1787 
14412 7048 7732 7051 
14413 1643 7717 1642 
14414 6779 7734 7381 
14415 7614 7718 6515 
14416 7088 7735 7024 
14417 7733 7773 6736 
14418 7062 7737 7071 
14419 7258 7738 6753 
14420 7295 7739 6707 
14421 7051 7732 7653 
14422 6354 7740 6623 
14423 6842 7742 6903 
14424 7199 7743 7115 
14425 7141 7771 7053 
14426 7466 7779 7465 
14427 7368 7750 7396 
14428 7032 7751 7034 
14429 7146 7704 7653 
14430 1738 7754 1737 
14431 7153 7756 7429 
14432 7094 7749 7095 
14433 1579 7759 1578 
14434 1688 7646 7596 
14435 6736 7773 7128 
14436 7150 7762 6746 
14437 1567 7764 6298 
14438 7009 7717 7650 
14439 6770 7768 7328 
14440 6912 7765 7270 
14441 1546 7787 6288 
14442 6792 7774 6756 
14443 6785 7769 6797 
14444 6294 7777 1725 
14445 7009 7788 7518 
14446 6797 7769 7529 
14447 7528 7757 7242 
14448 7523 7737 6327 
14449 7052 7781 7041 
14450 7031 7772 7440 
14451 6667 7793 6762 
14452 6337 7767 6335 
14453 6590 7790 7444 
14454 1769 7680 7592 
14455 7004 7728 7531 
14456 7073 7730 7729 
14457 1786 7714 1785 
14458 7729 7730 6312 
14459 6296 7776 7535 
14460 7084 7775 7593 
14461 7627 7684 7289 
14462 7542 7779 7011 
14463 7561 7707 7002 
14464 7563 7685 6764 
14465 7059 7761 7595 
14466 6288 7772 7575 
14467 7633 7685 7027 
14468 6764 7685 7633 
14469 7530 7763 7125 
14470 7698 7785 1553 
14471 6977 7715 7647 
14472 6286 7684 7571 
14473 6981 7789 7708 
14474 6754 7792 7709 
14475 7585 7703 6926 
14476 6999 7777 7606 
14477 7135 7716 7602 
14478 7608 7711 7159 
14479 7687 7770 7086 
14480 7165 7778 7577 
14481 7556 7748 6293 
14482 6826 7746 7580 
14483 7129 7724 7582 
14484 7550 7796 7105 
14485 6946 7780 7723 
14486 7579 7795 1746 
14487 7000 7733 7658 
14488 6293 7748 7584 
14489 7658 7733 7195 
14490 7183 7727 7579 
14491 6265 7744 7567 
14492 7440 7772 7672 
14493 6311 7760 7605 
14494 7672 7772 6288 
14495 7662 7776 6296 
14496 7699 7731 7083 
14497 6694 7731 7699 
14498 7689 7782 7015 
14499 7709 7792 7055 
14500 7358 7718 7614 
14501 7595 7761 6931 
14502 7058 7724 7617 
14503 7661 7761 7060 
14504 7083 7731 7669 
14505 7653 7704 7051 
14506 7242 7757 7602 
14507 7669 7731 7061 
14508 6989 7720 7674 
14509 7676 7790 6590 
14510 7650 7717 1644 
14511 7646 7710 6982 
14512 7663 7765 7054 
14513 7655 7741 7198 
14514 7703 7725 7506 
14515 7674 7720 7030 
14516 6940 7725 7703 
14517 6288 7787 7672 
14518 7650 7788 7009 
14519 7654 7771 7141 
14520 6625 7795 7727 
14521 7389 7741 7694 
14522 6694 7794 7731 
14523 6898 7770 7687 
14524 7708 7789 7130 
14525 6306 7782 7689 
14526 7723 7780 7099 
14527 7727 7795 7579 
14528 7731 7794 7061 
2 8 2 5
14529 1815 7797 1814 
14530 1816 7797 1815 
14531 9 7797 1817 
14532 1814 7797 9 
14533 1817 7797 1816 
2 9 2 1
14534 10 1818 1819 
2 10 2 140
14535 7804 7807 7803 
14536 1839 7815 1838 
14537 1851 7823 7800 
14538 1852 7823 1851 
14539 7828 7831 1857 
14540 1844 7834 1843 
14541 1821 7836 1820 
14542 7823 7833 7800 
14543 1843 7834 1842 
14544 7820 7833 7823 
14545 11 7804 7803 
14546 7814 7830 7812 
14547 7812 7832 7814 
14548 7813 7821 1833 
14549 7800 7833 7830 
14550 7813 7828 7821 
14551 7815 7827 1838 
14552 7813 7831 7828 
14553 1820 7836 7804 
14554 7830 7833 7812 
14555 7809 7810 7798 
14556 7821 7828 7803 
14557 1831 7818 1830 
14558 7816 7826 7799 
14559 1858 7828 1857 
14560 1855 7838 7817 
14561 1837 7827 7805 
14562 1840 7809 7798 
14563 7820 7847 7811 
14564 7798 7815 1839 
14565 7811 7833 7820 
14566 7818 7841 1830 
14567 7803 7839 7821 
14568 7799 7842 7816 
14569 1855 7817 1854 
14570 7822 7845 7818 
14571 7822 7846 7845 
14572 7822 7842 7799 
14573 7799 7846 7822 
14574 7802 7824 1845 
14575 7804 7816 7807 
14576 1838 7827 1837 
14577 1835 7829 7825 
14578 7825 7829 7808 
14579 7820 7823 7801 
14580 1822 7836 1821 
14581 7810 7811 7798 
14582 7808 7838 1855 
14583 7809 7834 7824 
14584 7802 7835 7832 
14585 7832 7835 7814 
14586 1841 7834 7809 
14587 1835 7825 1834 
14588 7801 7823 1853 
14589 1856 7831 7808 
14590 7814 7835 1848 
14591 1820 7804 11 
14592 7803 7828 1858 
14593 7800 7830 1850 
14594 1851 7800 1850 
14595 1849 7814 1848 
14596 1848 7835 1847 
14597 7810 7812 7811 
14598 7811 7815 7798 
14599 1853 7823 1852 
14600 1825 7826 1824 
14601 1846 7802 1845 
14602 1834 7813 1833 
14603 1826 7799 1825 
14604 7799 7826 1825 
14605 7808 7831 7825 
14606 1832 7806 1831 
14607 1854 7801 1853 
14608 7806 7818 1831 
14609 7806 7822 7818 
14610 7819 7820 7801 
14611 1854 7817 7801 
14612 1845 7824 1844 
14613 1837 7805 1836 
14614 1841 7809 1840 
14615 11 7803 1858 
14616 1856 7808 1855 
14617 1840 7798 1839 
14618 7817 7819 7801 
14619 1833 7821 1832 
14620 7824 7834 1844 
14621 1834 7825 7813 
14622 7827 7844 7805 
14623 1824 7826 1823 
14624 1849 7830 7814 
14625 1826 7846 7799 
14626 7802 7840 7824 
14627 7805 7829 1836 
14628 1836 7829 1835 
14629 1842 7834 1841 
14630 7810 7832 7812 
14631 7811 7847 7815 
14632 1850 7830 1849 
14633 7837 7842 7822 
14634 1857 7831 1856 
14635 7807 7839 7803 
14636 7815 7847 7827 
14637 7827 7847 7819 
14638 7809 7840 7810 
14639 7825 7831 7813 
14640 7805 7838 7829 
14641 7812 7833 7811 
14642 1846 7835 7802 
14643 7824 7840 7809 
14644 7810 7840 7832 
14645 1823 7843 1822 
14646 7829 7838 7808 
14647 7804 7836 7816 
14648 7819 7844 7827 
14649 1847 7835 1846 
14650 7816 7842 7807 
14651 7806 7837 7822 
14652 7832 7840 7802 
14653 1829 7841 1828 
14654 7805 7844 7838 
14655 1830 7841 1829 
14656 1822 7843 7836 
14657 1828 7845 1827 
14658 7837 7848 7839 
14659 1832 7848 7806 
14660 7821 7848 1832 
14661 7837 7839 7807 
14662 1827 7846 1826 
14663 7817 7844 7819 
14664 7819 7847 7820 
14665 7845 7846 1827 
14666 7806 7848 7837 
14667 7816 7843 7826 
14668 7826 7843 1823 
14669 7838 7844 7817 
14670 7807 7842 7837 
14671 7836 7843 7816 
14672 7839 7848 7821 
14673 7818 7845 7841 
14674 7841 7845 1828 
2 11 2 20
14675 1869 1859 1868 
14676 1866 7851 1865 
14677 1865 7851 1864 
14678 7849 7851 1866 
14679 1863 7852 1862 
14680 1867 7849 1866 
14681 7851 7852 1863 
14682 1864 7851 1863 
14683 1868 7850 1867 
14684 1860 7850 1859 
14685 1859 7850 1868 
14686 1867 7850 7849 
14687 1862 7852 1861 
14688 7849 7852 7851 
14689 1861 7853 1860 
14690 7850 7853 7849 
14691 1860 7853 7850 
14692 7849 7853 7852 
14693 7852 7853 1861 
14694 1869 12 1859 
2 12 2 35
14695 7856 7859 7854 
14696 7859 7864 7854 
14697 7854 7857 1883 
14698 1872 7860 1871 
14699 7857 7861 1883 
14700 1883 7861 1882 
14701 13 7856 7854 
14702 1873 7860 1872 
14703 1876 7855 1875 
14704 1881 7861 1880 
14705 1880 7857 1879 
14706 1870 7856 13 
14707 13 7854 1883 
14708 1882 7861 1881 
14709 7854 7864 7857 
14710 1871 7860 1870 
14711 1875 7859 1874 
14712 1870 7860 7856 
14713 7857 7864 7858 
14714 1879 7858 1878 
14715 7857 7858 1879 
14716 7855 7859 1875 
14717 1876 7862 7855 
14718 1877 7862 1876 
14719 7859 7863 1874 
14720 7855 7862 7858 
14721 7855 7864 7859 
14722 1880 7861 7857 
14723 1878 7862 1877 
14724 1874 7863 1873 
14725 7856 7863 7859 
14726 7858 7862 1878 
14727 7860 7863 7856 
14728 7858 7864 7855 
14729 1873 7863 7860 
2 13 2 18
14730 1891 7865 1890 
14731 7865 7866 1890 
14732 1885 7866 7865 
14733 1893 7865 1892 
14734 1893 7868 7865 
14735 1894 14 1884 
14736 7865 7868 1885 
14737 1886 7866 1885 
14738 1890 7866 1889 
14739 1892 7865 1891 
14740 1894 7868 1893 
14741 1884 7868 1894 
14742 1887 7867 1886 
14743 7866 7867 1889 
14744 1885 7868 1884 
14745 1889 7867 1888 
14746 1886 7867 7866 
14747 1888 7867 1887 
2 14 2 6407
14748 1888 999 8640 
14749 9000 8144 9528 
14750 9009 8683 9165 
14751 8575 9143 9745 
14752 1831 8612 10337 
14753 8995 8134 9247 
14754 8556 9183 9260 
14755 8485 9020 9117 
14756 9584 8941 9778 
14757 8997 8764 9751 
14758 1647 1648 10076 
14759 1095 1096 9686 
14760 1113 1114 9083 
14761 8866 8383 9779 
14762 8463 1510 8523 
14763 7983 9113 9278 
14764 1170 8508 9147 
14765 1342 1343 9582 
14766 9034 9035 9264 
14767 1153 1154 10001 
14768 9325 8107 9326 
14769 9083 1114 9999 
14770 9609 1025 10453 
14771 1789 8517 9727 
14772 8326 1814 9248 
14773 1831 1832 8612 
14774 8569 1644 9520 
14775 1318 8134 8995 
14776 7934 9475 10055 
14777 1862 8162 9044 
14778 8429 1597 8916 
14779 1234 1235 10117 
14780 8462 9598 10400 
14781 1513 1514 9771 
14782 8760 8316 8961 
14783 9482 8856 9827 
14784 10076 9399 10212 
14785 8286 8200 9169 
14786 7922 9013 10447 
14787 1298 8011 9735 
14788 8734 8797 9243 
14789 9743 988 10399 
14790 8200 8375 9169 
14791 8872 9331 9849 
14792 9237 8061 10171 
14793 9462 8866 9779 
14794 9211 8198 9212 
14795 8230 10076 10212 
14796 1154 9312 10001 
14797 9089 8291 9492 
14798 9264 9035 9973 
14799 1304 7980 8980 
14800 1827 8465 8547 
14801 8291 9089 9491 
14802 8165 988 9743 
14803 9 1814 8326 
14804 7997 8993 9418 
14805 7937 8088 9404 
14806 8041 1348 9085 
14807 8180 9124 9165 
14808 9232 9088 10487 
14809 8370 9543 9547 
14810 8522 9173 9204 
14811 1778 9117 9766 
14812 1032 1033 9489 
14813 8022 8440 9406 
14814 8144 9000 9529 
14815 8963 8466 10350 
14816 1384 8237 10118 
14817 8266 1095 9686 
14818 8519 1507 9629 
14819 8771 9124 9868 
14820 8762 8289 9177 
14821 9143 8575 9916 
14822 8655 1747 9797 
14823 9147 8508 9377 
14824 9345 9134 9913 
14825 8683 9009 9248 
14826 9083 8516 9303 
14827 9475 7934 9753 
14828 9388 1479 10104 
14829 1257 1258 10040 
14830 9138 8207 9930 
14831 7949 9016 9476 
14832 9439 8908 9616 
14833 8216 9220 9222 
14834 1283 1284 9924 
14835 1169 1170 9147 
14836 9243 8797 9981 
14837 8173 9207 9911 
14838 1024 8009 9017 
14839 8980 7980 8981 
14840 1184 8889 10275 
14841 9173 8522 10209 
14842 1033 8865 9489 
14843 9124 8771 9165 
14844 9183 9094 9260 
14845 8198 9211 9582 
14846 9248 9009 10019 
14847 1596 1597 8429 
14848 9010 8372 9951 
14849 8742 9139 9562 
14850 8416 9682 9789 
14851 9836 8785 9837 
14852 8326 9248 10019 
14853 8720 9208 9753 
14854 8686 9022 9249 
14855 7939 1209 9320 
14856 9864 9689 9989 
14857 8856 9482 9733 
14858 1874 8195 9035 
14859 9208 8720 9911 
14860 1229 1230 9611 
14861 8041 9085 10108 
14862 8063 1877 9229 
14863 9598 8462 10163 
14864 1495 1496 9932 
14865 8216 9222 9223 
14866 9013 7922 10506 
14867 1669 1670 9915 
14868 8518 8630 9235 
14869 7976 1323 10034 
14870 8372 9010 9581 
14871 8357 8715 8907 
14872 8733 9497 9954 
14873 9010 8347 10535 
14874 9257 9836 9837 
14875 9199 9500 10091 
14876 9147 9377 10039 
14877 9135 9812 10162 
14878 1788 1789 9727 
14879 1025 1026 10453 
14880 8993 7997 9577 
14881 1509 1510 8463 
14882 8638 1353 9729 
14883 1859 9405 9819 
14884 9645 7977 10005 
14885 8686 1609 9022 
14886 8401 9198 9791 
14887 1353 1354 9729 
14888 9326 8107 9349 
14889 1098 1099 9971 
14890 9020 8485 9289 
14891 8502 9396 9832 
14892 1506 1507 8519 
14893 9134 8896 9913 
14894 9063 9062 9367 
14895 8465 8466 8963 
14896 9035 8195 9036 
14897 9882 8888 9896 
14898 8385 9586 9771 
14899 7869 9225 9568 
14900 9589 9051 10004 
14901 7948 9447 9449 
14902 9543 8370 9548 
14903 7933 9114 9115 
14904 1124 1125 9962 
14905 8010 8288 9433 
14906 9500 8302 10091 
14907 8009 1025 9609 
14908 8826 8176 9452 
14909 8061 9237 9589 
14910 9497 9058 9954 
14911 9718 8385 9771 
14912 8082 9061 9795 
14913 9063 9367 10161 
14914 8564 9537 9950 
14915 8624 8145 9034 
14916 1434 1435 9736 
14917 8678 8063 9229 
14918 9264 8192 9406 
14919 1034 1035 10210 
14920 1663 8608 9137 
14921 9088 9232 9674 
14922 9003 8698 9511 
14923 8632 1771 9015 
14924 9501 8613 9541 
14925 1827 1828 8465 
14926 8061 9589 10004 
14927 9331 8872 9704 
14928 8811 9487 9971 
14929 8788 9026 9630 
14930 8440 9188 9406 
14931 9087 8587 10441 
14932 8748 1683 9967 
14933 8807 1276 9996 
14934 8776 8192 9264 
14935 10090 8916 10391 
14936 8230 1647 10076 
14937 7936 9118 9511 
14938 1383 1384 10118 
14939 1553 8511 8991 
14940 8698 9003 10569 
14941 1423 1424 9267 
14942 9017 9608 10082 
14943 8916 10090 10381 
14944 1343 8198 9582 
14945 9018 9017 10082 
14946 1635 8580 9573 
14947 8243 9565 9685 
14948 8076 9216 10080 
14949 9061 8082 9871 
14950 9016 7949 9876 
14951 991 9723 10437 
14952 9033 1753 10009 
14953 8348 7899 9401 
14954 8991 8511 9286 
14955 8959 9690 10179 
14956 9396 9397 9832 
14957 1435 8682 9736 
14958 9619 9878 9920 
14959 8558 9125 9159 
14960 1357 8620 9139 
14961 9625 9864 9989 
14962 991 9201 9723 
14963 9218 8567 9219 
14964 8899 9390 9945 
14965 10147 10146 10382 
14966 1297 1298 9735 
14967 1377 8289 8762 
14968 1209 1210 9320 
14969 8480 9275 10090 
14970 8054 9498 9856 
14971 9396 8502 10201 
14972 8745 9135 10162 
14973 8904 9388 10104 
14974 7983 9278 9452 
14975 1235 8129 10117 
14976 8169 1073 10159 
14977 9116 8317 9343 
14978 9344 9290 9786 
14979 9685 9565 10507 
14980 1635 1636 8580 
14981 8474 9090 10187 
14982 9541 8613 9672 
14983 8187 8360 9357 
14984 1199 1200 10066 
14985 9405 8469 9819 
14986 8739 8019 9352 
14987 7948 9449 10022 
14988 1777 1778 9766 
14989 8093 9344 9786 
14990 8800 8899 9945 
14991 8325 9110 9112 
14992 9314 11 9438 
14993 8965 8078 9196 
14994 9229 9172 9957 
14995 8720 1364 10195 
14996 9537 9292 9950 
14997 8799 9283 9693 
14998 9291 1651 10169 
14999 9701 9373 9910 
15000 9557 8048 9805 
15001 9249 8297 9774 
15002 1770 1771 8632 
15003 9177 8289 9991 
15004 8357 1692 8715 
15005 1650 1651 9291 
15006 8070 9584 9778 
15007 9461 8975 9870 
15008 8256 9423 10583 
15009 9275 8480 10027 
15010 8485 9117 10544 
15011 8158 9141 9256 
15012 7941 9882 9896 
15013 9095 9094 9183 
15014 8073 7879 9306 
15015 1861 1862 9044 
15016 9618 8455 9732 
15017 8059 9232 10487 
15018 7899 1321 9401 
15019 8235 9303 10173 
15020 9754 9144 9940 
15021 7942 1184 10275 
15022 8640 999 9984 
15023 8330 1423 9267 
15024 1193 8680 10058 
15025 10066 9457 10068 
15026 8999 9301 9420 
15027 1187 9337 9691 
15028 1554 1555 9288 
15029 8289 8887 9991 
15030 9277 10093 10136 
15031 8759 8518 9235 
15032 9226 9221 9637 
15033 1531 8498 9058 
15034 8132 9076 9255 
15035 8404 8924 9329 
15036 9598 9748 10400 
15037 1234 10117 10534 
15038 9198 8792 9791 
15039 8931 9333 10078 
15040 1107 8737 10184 
15041 8051 9049 9858 
15042 1107 1108 8737 
15043 1858 11 9314 
15044 8635 8637 9849 
15045 8252 9048 9488 
15046 9171 8701 9823 
15047 1315 1316 8719 
15048 8078 8965 9746 
15049 9382 8320 9383 
15050 9423 8256 10028 
15051 1284 8139 9924 
15052 8221 9361 9822 
15053 9680 8881 9739 
15054 1315 8719 10140 
15055 9013 9463 10447 
15056 1035 9064 10210 
15057 9216 8076 9947 
15058 9534 8036 9679 
15059 9581 9010 10535 
15060 9283 8799 9881 
15061 7883 7890 9879 
15062 9040 1007 9739 
15063 8571 10066 10068 
15064 8991 9286 9347 
15065 9139 8620 9562 
15066 9333 8703 10078 
15067 9080 8077 9432 
15068 1482 8589 9062 
15069 9656 1641 9988 
15070 8894 9304 9308 
15071 8587 9090 10441 
15072 9630 8170 9631 
15073 10146 8924 10382 
15074 9787 8256 10583 
15075 9060 8009 9609 
15076 1007 9040 10306 
15077 12 1859 9819 
15078 8346 1821 9417 
15079 10093 8255 10136 
15080 1357 1358 8620 
15081 8887 9575 9991 
15082 8031 9328 9908 
15083 9207 8173 9912 
15084 9146 8447 9853 
15085 9061 9060 9609 
15086 9183 8752 9633 
15087 9397 8832 9832 
15088 8877 9344 9421 
15089 8687 8962 9990 
15090 8898 9784 10325 
15091 8781 9425 9894 
15092 9049 8051 9737 
15093 8764 8997 9847 
15094 8979 8323 9613 
15095 7938 9209 9294 
15096 1273 9094 9095 
15097 9425 8781 10265 
15098 9431 8687 9990 
15099 1021 8257 8629 
15100 1513 9771 9994 
15101 9552 9645 10005 
15102 9230 9229 9957 
15103 9413 8997 9751 
15104 9218 9057 10426 
15105 9373 7903 9910 
15106 8837 1632 9820 
15107 1753 9033 10364 
15108 9222 9221 9226 
15109 8701 9171 9376 
15110 9098 8296 9518 
15111 8754 9237 10171 
15112 10067 7962 10137 
15113 9094 8184 9260 
15114 1533 8911 9635 
15115 1240 1241 9261 
15116 9467 9548 9614 
15117 9515 8837 10010 
15118 8912 9334 10447 
15119 1020 1021 8606 
15120 7908 9754 9940 
15121 9789 9682 9790 
15122 8347 9010 9782 
15123 8641 9606 9946 
15124 1200 7923 10066 
15125 9061 9609 10452 
15126 9300 10067 10137 
15127 1270 9439 9616 
15128 9261 1241 9549 
15129 8767 9465 9887 
15130 9487 8032 9971 
15131 9026 8788 10085 
15132 9439 9348 10359 
15133 1875 1876 9128 
15134 9465 8767 9977 
15135 8140 9151 9610 
15136 8855 1063 9763 
15137 9815 1756 10426 
15138 8005 8762 9263 
15139 1643 1644 8569 
15140 9125 8558 9273 
15141 1066 8321 9979 
15142 9146 8647 9428 
15143 1364 1365 10195 
15144 8969 1268 10317 
15145 8145 1872 9034 
15146 9575 8960 9991 
15147 9076 8132 9254 
15148 1463 1464 9761 
15149 9137 8608 10316 
15150 10057 1593 10230 
15151 1729 8607 9203 
15152 8608 9350 10316 
15153 1644 8566 9520 
15154 1746 1747 8655 
15155 9278 8826 9452 
15156 9747 9636 10062 
15157 8316 1359 8961 
15158 9165 8683 10445 
15159 9136 8542 9725 
15160 8760 8961 10113 
15161 10206 8880 10239 
15162 8170 9630 10063 
15163 9334 8912 10300 
15164 9328 8031 10041 
15165 9419 7943 9863 
15166 9367 8589 9709 
15167 9062 8589 9367 
15168 8323 8979 10101 
15169 8169 9603 9604 
15170 1230 8396 9611 
15171 1070 7955 9196 
15172 8895 8265 8967 
15173 9065 9652 10030 
15174 8853 8845 9459 
15175 8036 9534 10048 
15176 1682 1683 8748 
15177 8999 9420 10040 
15178 8865 9176 9489 
15179 7986 9140 10556 
15180 9141 8158 9257 
15181 9421 9344 10342 
15182 9065 8537 9652 
15183 9127 8003 10272 
15184 8177 9747 10062 
15185 9898 9767 10231 
15186 9690 8646 10179 
15187 9151 8140 9611 
15188 9578 9249 9774 
15189 8941 9584 9744 
15190 981 9918 10060 
15191 8516 9083 9999 
15192 1761 1762 9654 
15193 9535 8097 9720 
15194 8180 1252 9124 
15195 9305 8878 9804 
15196 1023 1024 9017 
15197 9095 9183 9633 
15198 9231 7928 9702 
15199 8177 9598 9747 
15200 8440 9000 9188 
15201 8567 9218 10426 
15202 9155 9367 9709 
15203 8501 9130 9296 
15204 1612 9065 10030 
15205 9878 9123 9920 
15206 9895 8982 10125 
15207 1278 1279 9781 
15208 9015 8471 10141 
15209 9107 8116 9719 
15210 9318 1572 9925 
15211 8320 9382 10408 
15212 8102 9213 9506 
15213 8259 10206 10239 
15214 9130 8501 9132 
15215 9361 8989 9822 
15216 8296 9098 10554 
15217 1819 10 9540 
15218 8174 9197 9374 
15219 8908 8907 9616 
15220 1744 9174 10348 
15221 1755 1756 9815 
15222 8629 8257 9109 
15223 8706 9189 9190 
15224 9048 8252 9755 
15225 8466 8823 10350 
15226 9200 8713 10436 
15227 9525 8475 9750 
15228 9077 8284 9380 
15229 8192 8022 9406 
15230 8460 9144 9806 
15231 9157 8394 9805 
15232 9337 8853 9691 
15233 1840 1841 9970 
15234 9598 8177 9748 
15235 9505 7976 10034 
15236 1283 9924 10537 
15237 9219 8567 9830 
15238 7928 9231 10016 
15239 8801 8800 9945 
15240 1572 9318 10253 
15241 9286 8377 9347 
15242 7945 9461 9870 
15243 1320 8187 9357 
15244 9732 8455 9934 
15245 8475 9525 9926 
15246 1258 7996 10040 
15247 1319 1320 9356 
15248 9159 9125 10431 
15249 9329 8924 10146 
15250 9090 8474 10441 
15251 8266 10369 10424 
15252 8274 9345 9913 
15253 1786 7991 8731 
15254 9501 9843 10100 
15255 1387 7990 9523 
15256 8624 9034 9264 
15257 1496 9121 9932 
15258 9017 8009 9608 
15259 8964 9146 9853 
15260 8472 1620 9155 
15261 1670 7997 9915 
15262 9407 8103 9803 
15263 8894 8739 9352 
15264 9918 9287 10060 
15265 1607 1608 9579 
15266 1766 1767 9442 
15267 9375 7898 9544 
15268 1386 1387 9523 
15269 8183 1761 9654 
15270 8325 9112 9113 
15271 8463 10232 10378 
15272 8401 1160 9198 
15273 9708 9429 10227 
15274 1227 9305 9804 
15275 7977 9645 9936 
15276 9552 9550 9645 
15277 8580 9056 9573 
15278 8139 9191 9192 
15279 10369 9039 10424 
15280 9682 8416 10140 
15281 8009 9060 9608 
15282 9160 8482 9445 
15283 9515 10010 10575 
15284 8184 9067 9260 
15285 9126 7878 10335 
15286 1514 8707 9771 
15287 1747 7987 9797 
15288 9844 9072 9931 
15289 9114 7933 9365 
15290 8681 8404 9329 
15291 1489 1490 8992 
15292 9101 8064 9102 
15293 8130 9348 9439 
15294 9207 9208 9911 
15295 8463 8523 10232 
15296 8547 9277 10413 
15297 8109 9032 9798 
15298 1275 1276 8807 
15299 8713 9200 9374 
15300 7879 1765 9306 
15301 9265 8765 9373 
15302 1361 7934 9093 
15303 9263 8635 9849 
15304 1065 1066 9979 
15305 9702 7928 9850 
15306 1156 8957 10372 
15307 9296 8674 9384 
15308 1602 8385 8791 
15309 9195 8487 9920 
15310 9059 10302 10497 
15311 8029 7883 9879 
15312 9906 8357 10359 
15313 9645 8953 9936 
15314 8077 9080 9796 
15315 8302 1542 9193 
15316 9856 9498 9963 
15317 1192 1193 10058 
15318 1276 8007 9996 
15319 9169 8375 9281 
15320 9078 7942 9939 
15321 9032 8109 9799 
15322 9204 9205 10086 
15323 10127 10068 10427 
15324 9304 8894 10173 
15325 9065 1612 10017 
15326 9130 8675 9296 
15327 8176 1865 9452 
15328 9158 8512 9963 
15329 9023 9708 10227 
15330 9501 8769 9843 
15331 8005 1376 8762 
15332 8587 9087 9794 
15333 9805 8048 10312 
15334 1013 1014 10177 
15335 10084 9030 10156 
15336 9321 7949 9476 
15337 1662 1663 9137 
15338 7985 9054 9620 
15339 1766 9442 10473 
15340 8591 9202 9203 
15341 8920 9231 9702 
15342 8801 9945 10392 
15343 8482 9160 9446 
15344 9204 10086 10211 
15345 8675 8674 9296 
15346 8606 1021 8629 
15347 7990 9522 9523 
15348 8227 9605 9607 
15349 1503 7956 9632 
15350 8819 1495 9932 
15351 9182 8765 9265 
15352 9138 9930 10059 
15353 9383 8356 9658 
15354 7933 9115 9641 
15355 10022 9449 10495 
15356 9328 9349 9350 
15357 1049 1050 9724 
15358 9029 1013 10177 
15359 8284 9077 9801 
15360 8731 7991 9282 
15361 8859 9656 9988 
15362 10 8029 9540 
15363 8111 9482 9827 
15364 10335 9053 10402 
15365 9303 8235 9826 
15366 8257 9019 10326 
15367 10221 1068 10405 
15368 9354 9253 9451 
15369 8357 8908 10359 
15370 9387 8767 9887 
15371 8740 9045 10435 
15372 9245 9030 10084 
15373 9865 1776 10196 
15374 9241 8828 10439 
15375 8434 8991 9347 
15376 1268 8343 10317 
15377 9140 9269 10556 
15378 9287 9288 10060 
15379 9136 1049 9724 
15380 8891 1023 9017 
15381 1425 1426 8064 
15382 9294 9209 10321 
15383 8501 8500 9364 
15384 9628 8766 10179 
15385 8028 9427 9490 
15386 1337 8438 9209 
15387 1558 8479 9173 
15388 1653 8265 8895 
15389 9281 9715 10184 
15390 9045 8740 9820 
15391 8553 8635 9263 
15392 8845 8843 9459 
15393 1829 8010 9433 
15394 9055 9423 10028 
15395 9225 7869 10349 
15396 10060 9288 10433 
15397 8515 9898 10231 
15398 9603 8169 9946 
15399 9420 1257 10040 
15400 8048 9557 9695 
15401 7988 1706 9180 
15402 9690 8959 10345 
15403 1125 7878 9962 
15404 9214 8888 9882 
15405 1881 8107 10245 
15406 9143 8115 9944 
15407 8839 8434 9347 
15408 9833 9120 10501 
15409 1889 1890 9159 
15410 9110 8325 10101 
15411 9173 8479 9204 
15412 8893 9407 9803 
15413 9888 9843 10049 
15414 1348 1349 9085 
15415 1424 9101 9267 
15416 8898 9673 9784 
15417 9255 9076 9644 
15418 8936 9100 10274 
15419 9308 9304 9414 
15420 1073 1074 10159 
15421 8605 8779 9266 
15422 1764 1765 7879 
15423 1420 1421 9004 
15424 9168 9880 10348 
15425 8266 9242 10369 
15426 9197 8174 10567 
15427 8487 9195 9909 
15428 9288 1555 9430 
15429 9573 9056 9835 
15430 9005 8783 9010 
15431 8633 10147 10382 
15432 1859 1860 9405 
15433 1601 8791 9873 
15434 1099 8475 9971 
15435 8140 1229 9611 
15436 9843 8769 10049 
15437 10285 9181 10541 
15438 9626 8746 9640 
15439 8269 8726 9174 
15440 9203 8607 9938 
15441 9126 10335 10402 
15442 1303 1304 8980 
15443 9083 9303 9826 
15444 8116 9107 9998 
15445 7942 9697 9939 
15446 9144 8805 9806 
15447 9564 8378 9838 
15448 8439 9292 9537 
15449 9202 8591 9891 
15450 9146 9428 10279 
15451 1755 9815 10009 
15452 8115 9143 9916 
15453 9127 10272 10369 
15454 9044 8162 9711 
15455 9416 9702 9850 
15456 7936 9511 10157 
15457 1174 9899 10191 
15458 7922 9961 10506 
15459 9199 8721 9500 
15460 9303 9304 10173 
15461 9980 8091 10471 
15462 1593 1594 10230 
15463 8471 9015 10162 
15464 8806 9738 10003 
15465 7898 9375 9877 
15466 8791 8385 9718 
15467 8032 1098 9971 
15468 1087 1088 8928 
15469 8879 9271 10239 
15470 1184 1185 8889 
15471 9277 8547 10093 
15472 8905 8904 10104 
15473 9784 8723 10325 
15474 9433 8288 10394 
15475 8348 9401 9402 
15476 8767 9387 9859 
15477 9117 1778 10544 
15478 1032 9489 10287 
15479 9216 8524 10080 
15480 1627 8069 9381 
15481 8019 1109 9352 
15482 1263 1264 8933 
15483 9548 8370 9614 
15484 9058 8498 9954 
15485 9185 8639 9323 
15486 8542 9136 9724 
15487 9631 8170 10514 
15488 8888 9214 9443 
15489 8905 10104 10454 
15490 7918 9706 10365 
15491 9118 7936 10411 
15492 8511 1554 9288 
15493 1604 1605 10283 
15494 1877 1878 9229 
15495 9706 7918 9710 
15496 10213 9393 10368 
15497 999 1888 10241 
15498 1775 1776 9865 
15499 8257 8891 9019 
15500 8908 9439 10359 
15501 1821 1822 9417 
15502 7902 10213 10368 
15503 9606 8641 9890 
15504 9184 8521 9681 
15505 8562 9895 10125 
15506 1215 8097 9535 
15507 9100 8936 9944 
15508 8674 9074 9384 
15509 1626 1627 9381 
15510 1068 8078 10405 
15511 9472 7959 10191 
15512 8765 1604 10283 
15513 7909 9186 9662 
15514 8020 9226 9637 
15515 1754 1755 10009 
15516 1267 1268 8969 
15517 9167 8391 9168 
15518 9189 8706 9330 
15519 1873 1874 9035 
15520 1156 1157 8957 
15521 8678 9229 9230 
15522 8165 9166 9744 
15523 9240 8238 9241 
15524 9181 9018 10082 
15525 9357 8360 9580 
15526 8105 1288 9845 
15527 1255 8238 9240 
15528 9419 9863 9894 
15529 8142 9308 9414 
15530 1333 1334 9232 
15531 9331 8005 9849 
15532 8744 8346 9417 
15533 9498 8054 10229 
15534 1683 8521 9967 
15535 9209 8438 9210 
15536 1569 9336 10393 
15537 8766 8959 10179 
15538 9181 10082 10541 
15539 9113 7983 10133 
15540 8481 9227 9776 
15541 1425 8064 9101 
15542 1608 8686 9579 
15543 9343 8317 9957 
15544 1432 8259 9236 
15545 9124 7965 9868 
15546 1694 8252 9228 
15547 1059 8210 9270 
15548 8561 8272 9276 
15549 7910 9175 9875 
15550 8227 9607 10050 
15551 1279 8313 9781 
15552 9715 9281 10018 
15553 1411 1412 9279 
15554 9392 8141 9393 
15555 8448 1124 9962 
15556 9369 8722 9987 
15557 9336 1569 10008 
15558 1744 1745 9174 
15559 9328 9326 9349 
15560 8102 10285 10541 
15561 8207 9138 10385 
15562 7939 9320 9694 
15563 1087 8928 10536 
15564 9461 7945 10032 
15565 9183 8556 9937 
15566 8965 9196 9956 
15567 9626 1669 9915 
15568 9371 9370 9372 
15569 9140 7986 9741 
15570 10293 9285 10380 
15571 8482 1465 9445 
15572 1489 8992 10471 
15573 9486 9016 9876 
15574 1805 8102 9506 
15575 8341 9233 10235 
15576 9260 9067 10584 
15577 8639 9185 10497 
15578 8532 10022 10495 
15579 9285 9335 10380 
15580 9951 9041 10091 
15581 9235 8630 10530 
15582 9244 7873 9329 
15583 8521 9184 9967 
15584 10302 1843 10497 
15585 8461 1880 9145 
15586 9606 9603 9946 
15587 8185 9680 9739 
15588 1793 1794 9572 
15589 8792 9198 9648 
15590 8153 9252 9647 
15591 1106 7873 9244 
15592 10105 8827 10269 
15593 9382 8892 10408 
15594 1317 1318 8995 
15595 8896 9134 10297 
15596 9077 9497 9801 
15597 1774 9865 9982 
15598 1719 1720 9376 
15599 9632 7956 9703 
15600 1582 8753 9251 
15601 9342 10193 10427 
15602 9670 9725 9802 
15603 9316 8638 9729 
15604 8957 9874 10372 
15605 8920 8803 9785 
15606 8144 9295 10538 
15607 9145 1881 10245 
15608 9196 7955 9956 
15609 1764 7879 7880 
15610 9518 8296 9704 
15611 9187 9291 10169 
15612 8094 1467 9370 
15613 1717 1718 7897 
15614 1889 9159 10075 
15615 1539 1540 9922 
15616 7872 9504 9617 
15617 9475 8870 10055 
15618 8937 1003 10442 
15619 1063 1064 9763 
15620 9635 8911 10308 
15621 9026 8361 9466 
15622 9244 9329 10146 
15623 9550 8954 9645 
15624 9486 9876 10406 
15625 9808 1539 9922 
15626 9022 8577 9138 
15627 9403 8726 9404 
15628 1022 1023 8891 
15629 8652 10095 10238 
15630 1648 8439 10076 
15631 8132 9255 9538 
15632 8865 8016 9364 
15633 7964 9079 9671 
15634 1774 1775 9865 
15635 8428 1517 9274 
15636 8105 9844 9931 
15637 8966 9956 10074 
15638 8144 1655 9295 
15639 9271 9236 10239 
15640 8107 8106 9349 
15641 1002 1003 8937 
15642 9240 9241 10439 
15643 9805 8394 10353 
15644 8881 9040 9739 
15645 9082 8458 9540 
15646 8486 1018 9842 
15647 7948 1463 9761 
15648 1274 8184 9094 
15649 8909 8570 9324 
15650 8803 9234 9247 
15651 1544 8783 9005 
15652 8547 8465 8963 
15653 7878 9726 10335 
15654 9227 8481 10375 
15655 7897 1718 7911 
15656 8791 9379 9873 
15657 8613 8606 9818 
15658 9159 997 10075 
15659 8317 9116 10397 
15660 9467 9311 9548 
15661 9928 8810 10052 
15662 9708 8559 9993 
15663 9339 9181 10285 
15664 9211 8714 9582 
15665 1684 1685 9705 
15666 9004 1421 10107 
15667 1786 1787 7991 
15668 1227 1228 9305 
15669 1427 1428 10491 
15670 1452 1453 8955 
15671 1136 1137 7954 
15672 9188 9000 9528 
15673 9253 9354 10403 
15674 9084 8148 9510 
15675 9899 9473 10191 
15676 8015 8391 9167 
15677 1837 8132 9538 
15678 1323 1324 10034 
15679 7988 9180 10474 
15680 1762 1763 9266 
15681 9270 9369 9987 
15682 1532 1533 9635 
15683 9031 8537 9065 
15684 9447 7948 9761 
15685 10095 9092 10238 
15686 9093 7934 10055 
15687 8306 1736 9246 
15688 8860 1744 10348 
15689 1530 1531 9058 
15690 1552 1553 8991 
15691 1677 1678 9940 
15692 8026 1716 9299 
15693 9780 9071 9996 
15694 10074 9956 10145 
15695 9740 8725 9840 
15696 1632 1633 9820 
15697 10423 9986 10454 
15698 1450 1451 9839 
15699 9855 9758 9857 
15700 9205 8442 10086 
15701 10011 9460 10356 
15702 7989 9179 9684 
15703 1467 1468 9370 
15704 8831 9096 9707 
15705 1342 9582 10280 
15706 1820 8301 9438 
15707 997 9159 10431 
15708 8599 9685 10507 
15709 1088 1089 7906 
15710 9189 8510 9190 
15711 1001 8510 9189 
15712 1794 1795 9866 
15713 8246 9588 9699 
15714 9342 8680 10193 
15715 9975 9474 10214 
15716 9128 1876 10419 
15717 9709 8919 10223 
15718 9725 8542 9802 
15719 1103 8263 9412 
15720 9082 9540 10559 
15721 1217 8366 9042 
15722 8158 9256 10247 
15723 1814 8364 9248 
15724 9054 7985 10278 
15725 8561 9276 9277 
15726 9132 8501 9364 
15727 1629 8276 9513 
15728 9461 10032 10443 
15729 9801 9497 10106 
15730 8651 1684 9705 
15731 9213 8102 10541 
15732 9503 9777 10495 
15733 9659 8485 10588 
15734 988 989 10399 
15735 1139 1140 10199 
15736 9177 8552 10114 
15737 8647 9137 9428 
15738 9770 9928 10052 
15739 8004 10127 10427 
15740 1609 1610 9022 
15741 9005 9010 9951 
15742 9482 8041 9733 
15743 1784 8361 9026 
15744 8793 9387 9857 
15745 9364 8500 10233 
15746 8591 9203 9938 
15747 9170 10367 10477 
15748 9672 8613 9818 
15749 1429 9043 10567 
15750 1680 1681 9390 
15751 8143 1153 10001 
15752 8469 9405 10482 
15753 9540 8029 10559 
15754 1464 8482 9761 
15755 8306 9246 9363 
15756 9212 8198 9756 
15757 8638 9316 10012 
15758 8524 9216 9441 
15759 9867 7953 10533 
15760 9175 7910 10372 
15761 9435 8954 9550 
15762 9166 8165 9743 
15763 9201 8782 9723 
15764 8622 8336 9307 
15765 9109 8643 9800 
15766 9537 9399 10076 
15767 9869 8341 10235 
15768 8052 1840 9970 
15769 8180 9165 10445 
15770 11 1820 9438 
15771 8563 10011 10356 
15772 9490 9427 10508 
15773 9109 8257 10326 
15774 8106 8305 9349 
15775 9282 8735 10570 
15776 9266 8779 9654 
15777 8461 9145 10072 
15778 8195 1875 9128 
15779 8003 9127 10322 
15780 8110 1793 9572 
15781 8948 1139 10199 
15782 9438 8301 9562 
15783 9185 9059 10497 
15784 9270 8210 9369 
15785 10098 8886 10156 
15786 1292 7998 9587 
15787 1870 1871 9821 
15788 1429 1430 9043 
15789 1180 1181 7895 
15790 8335 1296 9735 
15791 8512 9158 9885 
15792 1296 1297 9735 
15793 9014 9679 10404 
15794 9305 8140 9610 
15795 8643 9109 10326 
15796 1004 9243 9981 
15797 1620 1621 9155 
15798 8472 9155 9709 
15799 9145 8622 10072 
15800 8497 9513 9514 
15801 9178 8327 9942 
15802 1728 1729 9203 
15803 8853 9459 9691 
15804 8957 8958 9874 
15805 9609 8423 10452 
15806 1178 1179 7937 
15807 8966 8965 9956 
15808 1481 1482 9062 
15809 9423 9055 9947 
15810 8803 9247 9785 
15811 9255 9644 10115 
15812 8428 9274 9275 
15813 8462 1083 10164 
15814 8442 9205 10313 
15815 8148 9315 9510 
15816 1448 7943 9852 
15817 1321 1322 9401 
15818 1503 1504 7956 
15819 1019 1020 8067 
15820 8357 8907 8908 
15821 8591 8600 9891 
15822 8296 1374 9331 
15823 1487 1488 9757 
15824 1288 1289 9845 
15825 1784 1785 8361 
15826 8082 9148 9871 
15827 7910 1156 10372 
15828 8382 9189 9330 
15829 8429 8916 8945 
15830 10319 8599 10507 
15831 9275 9274 10090 
15832 7902 1313 9309 
15833 9135 8745 9982 
15834 8552 9177 9991 
15835 9738 8644 10003 
15836 9172 8461 9343 
15837 9161 9164 9446 
15838 7956 9362 9703 
15839 8133 9316 9729 
15840 9532 9770 10475 
15841 10399 990 10437 
15842 8714 9211 10259 
15843 9160 9161 9446 
15844 1052 8542 9724 
15845 1887 8640 9041 
15846 8940 10105 10269 
15847 8160 8830 8831 
15848 989 990 10399 
15849 9735 8011 10192 
15850 9435 8143 9722 
15851 8768 8382 9330 
15852 8525 9932 10371 
15853 8949 10057 10230 
15854 8459 1565 9297 
15855 9193 9951 10091 
15856 8457 9855 9972 
15857 965 8528 9298 
15858 8485 1780 10588 
15859 9176 8865 10233 
15860 9277 9276 10413 
15861 8981 7980 8982 
15862 1336 1337 9209 
15863 9079 7964 10332 
15864 9572 1794 9866 
15865 7923 9455 10065 
15866 1470 7949 9321 
15867 9407 9277 10136 
15868 8553 9263 10114 
15869 1753 1754 10009 
15870 9522 7990 10569 
15871 1871 8402 9821 
15872 9443 9214 9560 
15873 1486 8537 9031 
15874 8810 8809 9415 
15875 8614 9363 9896 
15876 1057 1058 8433 
15877 1350 8148 9084 
15878 8737 8738 9281 
15879 9473 9472 10191 
15880 9237 8754 9662 
15881 8286 9169 10204 
15882 8885 9184 10053 
15883 1880 1881 9145 
15884 9308 8142 9415 
15885 1204 7922 9334 
15886 8301 8742 9562 
15887 8906 8956 9233 
15888 1451 8955 9839 
15889 8614 8654 9363 
15890 1272 1273 9095 
15891 8364 8683 9248 
15892 8272 1825 9276 
15893 9223 9222 9224 
15894 1636 1637 8568 
15895 8738 9169 9281 
15896 1367 1368 9912 
15897 9022 9138 10059 
15898 10037 8497 10077 
15899 1542 1543 9193 
15900 8557 9260 10584 
15901 9536 8599 10319 
15902 8837 9820 10010 
15903 7937 9404 10586 
15904 1538 1539 9808 
15905 8017 7920 9627 
15906 8173 1367 9912 
15907 1069 1070 9196 
15908 1252 1253 9124 
15909 10174 9002 10327 
15910 8975 9048 9870 
15911 8713 8568 9345 
15912 8967 8265 9333 
15913 1055 1056 8057 
15914 9387 8793 9859 
15915 9182 9265 10232 
15916 1183 7942 9078 
15917 1301 1302 9751 
15918 9226 8020 10139 
15919 8269 8656 8726 
15920 8919 9709 10294 
15921 1240 9261 10500 
15922 1083 1084 10164 
15923 8802 8920 9702 
15924 8612 9477 10337 
15925 9158 8945 9885 
15926 1465 1466 9445 
15927 9796 9080 10521 
15928 8637 8872 9849 
15929 1867 1868 9156 
15930 1575 8505 9313 
15931 1134 1135 9624 
15932 9279 1412 10539 
15933 9513 8276 9514 
15934 8875 9535 9720 
15935 1062 8855 10071 
15936 8493 8622 9325 
15937 1104 1105 8043 
15938 8624 9264 9406 
15939 1067 1068 10221 
15940 1581 1582 9251 
15941 1610 8577 9022 
15942 9139 8742 9861 
15943 1360 1361 9093 
15944 9732 7953 9867 
15945 1186 1187 9691 
15946 9063 10423 10454 
15947 9036 8195 9037 
15948 1538 9808 10186 
15949 8126 8688 8906 
15950 10113 8961 10418 
15951 9434 8143 9435 
15952 8645 9533 10265 
15953 1216 8342 9122 
15954 9023 8559 9708 
15955 9383 8320 10547 
15956 9194 8796 10095 
15957 9090 9091 10187 
15958 8831 8832 9096 
15959 1270 1271 9439 
15960 9259 8977 10006 
15961 9727 8517 10416 
15962 9350 8608 9908 
15963 1706 1707 9180 
15964 7944 9626 9640 
15965 8160 1817 8830 
15966 9689 9186 9989 
15967 8008 1212 9322 
15968 9223 9225 10505 
15969 9394 8486 9842 
15970 9665 9426 9797 
15971 9777 9503 10208 
15972 8473 9119 9120 
15973 7885 9481 9899 
15974 7878 9126 10543 
15975 9504 7872 10208 
15976 7943 9419 10167 
15977 9080 9081 10521 
15978 1102 1103 9412 
15979 1636 8568 8580 
15980 1157 1158 8260 
15981 8837 9515 10081 
15982 1817 9 7940 
15983 1051 1052 9724 
15984 8639 1845 9517 
15985 1090 1091 8003 
15986 9758 8793 9857 
15987 1319 9356 10329 
15988 1118 1119 9414 
15989 8622 9145 10245 
15990 9148 8082 10287 
15991 9698 9509 10350 
15992 9041 8640 9199 
15993 1428 8174 9200 
15994 8356 9383 10129 
15995 9770 9532 9928 
15996 1680 9390 9775 
15997 9289 8699 9412 
15998 1674 7918 9358 
15999 9225 10349 10505 
16000 1484 8919 10294 
16001 8809 9308 9415 
16002 8735 8410 10570 
16003 1431 1432 9236 
16004 9946 8169 10159 
16005 8587 9794 9825 
16006 1517 1518 9274 
16007 8828 9241 9851 
16008 8936 9143 9944 
16009 1557 1558 9173 
16010 9266 1763 10038 
16011 9779 8383 10220 
16012 1424 1425 9101 
16013 1894 14 10518 
16014 10367 8446 10477 
16015 9002 10174 10412 
16016 9834 9833 10501 
16017 9191 8139 9831 
16018 8378 9564 10552 
16019 9285 8515 10231 
16020 9716 8376 9893 
16021 8528 9335 9336 
16022 8961 9664 10418 
16023 974 8442 9338 
16024 9393 8141 10257 
16025 1628 1629 9513 
16026 8108 1727 9202 
16027 1483 1484 10294 
16028 8394 9157 10490 
16029 8057 1056 8058 
16030 10092 9612 10131 
16031 8568 9134 9345 
16032 9234 8803 10392 
16033 7997 9418 9915 
16034 1407 8564 9950 
16035 1610 1611 8577 
16036 8336 8161 9307 
16037 1879 8461 9172 
16038 10065 9457 10066 
16039 9332 8586 9586 
16040 8327 9178 10440 
16041 9356 1320 9357 
16042 9885 8945 10281 
16043 1745 8269 9174 
16044 7917 1214 9535 
16045 9333 8265 10587 
16046 1058 1059 9270 
16047 1441 8109 9341 
16048 7920 7888 9627 
16049 7987 9256 9665 
16050 9242 8266 9686 
16051 1685 1686 8037 
16052 9316 8133 9861 
16053 8383 9093 10220 
16054 9186 7909 9989 
16055 984 8070 9346 
16056 1254 1255 9240 
16057 9153 10110 10132 
16058 9852 7943 10167 
16059 9404 8726 9921 
16060 8831 8830 8832 
16061 1217 1218 8366 
16062 9588 8869 9699 
16063 9179 7989 10116 
16064 1265 1266 8191 
16065 8098 8254 9416 
16066 1693 1694 9228 
16067 8092 1759 9340 
16068 9772 8759 9811 
16069 9319 8008 9468 
16070 9224 9222 9226 
16071 1559 1560 9424 
16072 9546 10237 10296 
16073 1490 1491 9235 
16074 9783 9840 9904 
16075 1845 1846 9517 
16076 8214 8481 9776 
16077 1508 1509 7907 
16078 8479 1559 9424 
16079 8471 8918 10141 
16080 1641 1642 9988 
16081 8552 8553 10114 
16082 7906 1089 8086 
16083 9455 7923 10126 
16084 1374 1375 9331 
16085 1886 1887 8372 
16086 9497 8733 10106 
16087 9669 9730 10292 
16088 8568 1637 9134 
16089 1163 7989 9360 
16090 9376 1720 10340 
16091 8447 9146 9854 
16092 9168 8391 9880 
16093 8067 1020 8196 
16094 8248 9443 9560 
16095 8907 8715 10390 
16096 8378 8938 9838 
16097 8645 9530 9533 
16098 1683 1684 8521 
16099 1225 1226 8216 
16100 9120 9833 10079 
16101 1872 1873 9034 
16102 7907 1509 8463 
16103 9390 8899 9775 
16104 8932 8458 9082 
16105 8586 9332 9585 
16106 1119 8142 9414 
16107 9030 10098 10156 
16108 9371 9372 10077 
16109 1293 1294 7877 
16110 1745 1746 8269 
16111 8906 8688 8956 
16112 9255 9411 9538 
16113 8436 9794 9949 
16114 8629 9109 9272 
16115 8130 9095 9633 
16116 9184 8885 9967 
16117 990 991 10437 
16118 1114 1115 9999 
16119 1241 1242 8126 
16120 1795 1796 8789 
16121 8968 10144 10570 
16122 8410 8968 10570 
16123 7870 9354 9451 
16124 9474 8175 9623 
16125 9182 10232 10561 
16126 1678 7908 9940 
16127 8647 1662 9137 
16128 1729 1730 8607 
16129 8823 9698 10350 
16130 9348 8130 9633 
16131 1138 8948 9902 
16132 8786 8417 8788 
16133 9250 1581 9251 
16134 9256 7987 10247 
16135 8496 8493 9325 
16136 1318 1319 8134 
16137 8263 9020 9412 
16138 9402 9401 10323 
16139 1241 8126 9549 
16140 1792 1793 8110 
16141 8891 9017 9018 
16142 1783 1784 9026 
16143 9249 9022 10059 
16144 9374 9197 10264 
16145 8700 9531 9816 
16146 1152 8143 9434 
16147 1404 1405 8245 
16148 9252 8153 10562 
16149 8216 9223 10505 
16150 9372 10037 10077 
16151 9195 8795 9909 
16152 1161 7900 9198 
16153 1708 1709 9283 
16154 1479 1480 10104 
16155 9576 9954 10029 
16156 8265 9529 10587 
16157 1180 8015 9167 
16158 8796 9194 10096 
16159 9158 9963 10488 
16160 8764 1301 9751 
16161 9241 8238 9301 
16162 8174 1429 10567 
16163 8713 9345 10436 
16164 10237 7970 10296 
16165 8782 9201 10198 
16166 7940 9 8045 
16167 1061 1062 10071 
16168 8175 1823 9623 
16169 8566 9400 9520 
16170 9302 1118 9414 
16171 8493 8336 8622 
16172 7982 8748 8749 
16173 1688 1689 9014 
16174 1816 1817 8160 
16175 1004 1005 9243 
16176 9431 8300 10309 
16177 1720 7870 10340 
16178 9321 9476 9764 
16179 1203 1204 9334 
16180 7902 9309 10025 
16181 8699 1102 9412 
16182 1661 8647 8964 
16183 9122 8342 9195 
16184 9402 8943 10479 
16185 9446 9164 9447 
16186 8343 1269 9616 
16187 1159 1160 8401 
16188 9305 9610 10051 
16189 9261 9262 10500 
16190 10177 8354 10377 
16191 7986 9649 9741 
16192 1674 1675 7918 
16193 7911 1718 10477 
16194 9293 8110 9571 
16195 8523 1510 9585 
16196 9284 8533 9285 
16197 9364 8016 10035 
16198 1265 8191 9046 
16199 9322 7917 9494 
16200 1779 1780 8485 
16201 8007 9780 9996 
16202 1291 1292 9587 
16203 952 8457 9368 
16204 9204 8479 9205 
16205 8776 9264 9973 
16206 9086 9975 10214 
16207 1637 1638 9134 
16208 8814 9612 10092 
16209 10066 8571 10489 
16210 9200 8174 9374 
16211 1021 1022 8257 
16212 9272 8412 9818 
16213 9010 8783 9782 
16214 1469 1470 9321 
16215 1605 1606 7903 
16216 8750 9383 9658 
16217 1736 1737 9246 
16218 8126 8687 8688 
16219 9156 1868 10252 
16220 9233 8341 10202 
16221 1678 1679 7908 
16222 1686 1687 8036 
16223 1313 1314 9309 
16224 7940 8045 8046 
16225 9310 8763 9903 
16226 8302 9193 10091 
16227 8964 8647 9146 
16228 1676 1677 8460 
16229 7907 8463 8798 
16230 8982 7980 10125 
16231 9880 8860 10348 
16232 9489 9148 10287 
16233 8282 8058 8338 
16234 9210 8438 9211 
16235 8726 9403 10190 
16236 8269 1746 8655 
16237 8821 1519 10281 
16238 1765 1766 9306 
16239 10038 1763 10484 
16240 7964 1478 9388 
16241 8826 9278 9655 
16242 8118 1673 9358 
16243 9239 8397 9852 
16244 1110 8235 9352 
16245 1772 1773 8745 
16246 9398 8374 9400 
16247 8237 10003 10118 
16248 1777 9766 10196 
16249 7983 1867 9156 
16250 1661 1662 8647 
16251 1057 8433 8679 
16252 8059 1333 9232 
16253 8942 1894 10518 
16254 7982 1682 8748 
16255 9141 9257 9791 
16256 8094 9370 9371 
16257 9707 9828 10235 
16258 9337 7962 9976 
16259 8718 1658 9563 
16260 1001 1002 8510 
16261 8058 1056 10026 
16262 1798 8358 8473 
16263 1068 1069 8078 
16264 9188 8624 9406 
16265 1478 1479 9388 
16266 1681 1682 7982 
16267 7870 9353 9354 
16268 8930 971 9389 
16269 8130 1272 9095 
16270 1676 8460 9444 
16271 9716 9893 10271 
16272 8782 9273 10094 
16273 8327 8001 8328 
16274 1580 1581 9250 
16275 9252 9253 9647 
16276 9363 9246 9896 
16277 1795 8789 9866 
16278 1541 1542 8302 
16279 8110 9293 9651 
16280 1659 1660 8829 
16281 1802 8001 8327 
16282 1152 1153 8143 
16283 1642 1643 8033 
16284 8247 7895 10007 
16285 9317 8535 9318 
16286 8938 9295 9838 
16287 9100 8773 10274 
16288 8107 9325 10245 
16289 8161 9116 9307 
16290 1608 1609 8686 
16291 1228 8140 9305 
16292 8737 9281 10184 
16293 7941 1738 10064 
16294 8441 9290 9917 
16295 9679 8036 10404 
16296 8437 1578 9386 
16297 8270 9324 10338 
16298 9113 9112 9278 
16299 8032 9487 10362 
16300 1661 8964 10590 
16301 1663 1664 8608 
16302 1256 1257 9420 
16303 8893 8561 9407 
16304 8831 9707 10295 
16305 1565 1566 9297 
16306 9794 8825 9825 
16307 8968 10221 10405 
16308 1731 1732 8795 
16309 964 965 9298 
16310 9171 9823 10367 
16311 8238 1256 9420 
16312 1655 1656 9295 
16313 9855 9251 9972 
16314 1215 1216 8097 
16315 1720 1721 7870 
16316 8992 9980 10471 
16317 1222 1223 7869 
16318 8515 9285 10293 
16319 8981 8982 8983 
16320 9463 8912 10447 
16321 8882 9534 9679 
16322 9722 8143 10001 
16323 9970 1841 10246 
16324 9037 8195 9128 
16325 8611 8802 9416 
16326 1413 1414 7961 
16327 9333 8931 10307 
16328 8855 9763 10254 
16329 1496 1497 9121 
16330 1494 1495 8819 
16331 8573 8931 9059 
16332 9198 7900 9648 
16333 9840 8725 10377 
16334 9575 8887 10098 
16335 1567 8533 9284 
16336 7918 1675 9444 
16337 8327 8328 9384 
16338 8923 9708 9993 
16339 8561 9277 9407 
16340 8867 8388 9025 
16341 9434 9435 9436 
16342 9395 8186 9396 
16343 1273 1274 9094 
16344 1640 9656 9792 
16345 8570 9323 9324 
16346 1639 1640 9792 
16347 1665 1666 8031 
16348 7940 8046 8502 
16349 8802 8803 8920 
16350 1685 8037 8038 
16351 1409 8374 9398 
16352 1828 1829 7958 
16353 8611 8801 8802 
16354 8795 9195 9731 
16355 1710 1711 8575 
16356 1335 1336 7938 
16357 8697 8695 8701 
16358 1657 1658 8718 
16359 7870 1721 9353 
16360 10273 8937 10308 
16361 9396 8186 9397 
16362 7965 1254 9240 
16363 1042 1043 7986 
16364 1498 1499 8921 
16365 9089 9492 9493 
16366 9957 8317 10172 
16367 1574 1575 9313 
16368 1733 1734 8487 
16369 9976 7962 10067 
16370 1716 1717 9299 
16371 8868 8798 8989 
16372 9258 9431 10309 
16373 1274 1275 8184 
16374 1162 1163 9360 
16375 9021 9785 10329 
16376 8718 9563 9564 
16377 9286 8511 9287 
16378 9292 8439 9992 
16379 10119 9516 10152 
16380 1212 1213 9322 
16381 8540 1708 9283 
16382 9301 8999 9752 
16383 8126 1242 8687 
16384 1155 1156 7910 
16385 1253 7965 9124 
16386 1381 8644 9574 
16387 1652 1653 8895 
16388 8520 8290 8953 
16389 9086 9084 9510 
16390 1263 8933 10533 
16391 8766 8604 8959 
16392 9338 8442 9569 
16393 9138 8577 9652 
16394 1866 1867 7983 
16395 9983 1221 10000 
16396 1789 1790 8517 
16397 8630 8534 8631 
16398 8002 8942 10268 
16399 973 974 9338 
16400 8429 8945 9158 
16401 9172 9343 9957 
16402 8443 8193 8446 
16403 8 8386 8387 
16404 8161 1863 9116 
16405 8162 8161 8336 
16406 8184 1275 8807 
16407 1543 9005 9193 
16408 8496 9325 9326 
16409 1808 8643 9339 
16410 1132 1133 7909 
16411 8954 9435 9722 
16412 1358 1359 8316 
16413 8428 9275 9379 
16414 8377 9346 9347 
16415 1271 1272 8130 
16416 1116 8516 9999 
16417 8078 1069 9196 
16418 1105 1106 9244 
16419 8990 8989 9361 
16420 8799 9693 10492 
16421 8719 8264 9184 
16422 963 8535 9317 
16423 1751 1752 8785 
16424 10013 9628 10224 
16425 1117 1118 9302 
16426 8821 10281 10381 
16427 1440 1441 9341 
16428 1818 1819 8095 
16429 8328 8501 9296 
16430 8254 8611 9416 
16431 9202 1728 9203 
16432 8328 9296 9384 
16433 9247 8134 9785 
16434 1056 1057 10026 
16435 8319 8765 9182 
16436 1253 1254 7965 
16437 8319 1604 8765 
16438 8734 9243 10049 
16439 1115 1116 9999 
16440 8487 1734 9619 
16441 1039 1040 7898 
16442 9157 9805 10312 
16443 9057 9218 10073 
16444 8223 8452 9480 
16445 1654 8144 9529 
16446 8264 1317 8995 
16447 9730 8280 10292 
16448 1815 1816 8300 
16449 1868 9892 10252 
16450 1654 1655 8144 
16451 1672 1673 8118 
16452 1710 8575 9693 
16453 9465 8814 10092 
16454 1760 1761 8183 
16455 8781 8645 10265 
16456 1187 1188 9337 
16457 9273 8782 10198 
16458 9481 7885 10515 
16459 1862 1863 8161 
16460 10058 8680 10109 
16461 8031 1666 9496 
16462 8955 1453 10166 
16463 1551 8356 10129 
16464 8377 983 9346 
16465 971 972 9389 
16466 8 1532 8386 
16467 8245 1405 8395 
16468 8521 1684 8651 
16469 10268 8942 10417 
16470 8585 9835 10264 
16471 8002 1894 8942 
16472 9166 8827 10105 
16473 8337 8336 8493 
16474 1825 1826 9276 
16475 1866 7983 9452 
16476 9429 7968 9676 
16477 1501 1502 10462 
16478 9036 9037 9038 
16479 8184 8807 9067 
16480 1727 1728 9202 
16481 9594 9593 9595 
16482 8603 8604 8766 
16483 7952 1861 9044 
16484 1860 1861 7952 
16485 1836 1837 9538 
16486 1759 1760 9340 
16487 983 984 9346 
16488 9547 9543 10130 
16489 1811 1812 8412 
16490 1415 1416 8116 
16491 1106 1107 7873 
16492 8752 9183 9937 
16493 9371 10077 10343 
16494 8465 7958 8466 
16495 1824 1825 8272 
16496 8814 9465 9977 
16497 7958 1829 9433 
16498 8513 8272 8561 
16499 8265 1654 9529 
16500 7987 9665 9797 
16501 1848 1849 8390 
16502 1673 1674 9358 
16503 1130 1131 8754 
16504 1814 1815 8364 
16505 10077 9514 10343 
16506 1844 8639 10497 
16507 1850 1851 8960 
16508 7 952 9368 
16509 7998 8555 9587 
16510 1760 8183 9340 
16511 1681 7982 9390 
16512 1653 1654 8265 
16513 9514 8276 9515 
16514 1128 1129 8061 
16515 1080 1081 9748 
16516 982 983 8377 
16517 8055 7911 8193 
16518 1505 1506 8519 
16519 8304 8572 9485 
16520 9220 9082 9221 
16521 8177 1080 9748 
16522 9823 9824 10367 
16523 8622 9307 10072 
16524 1578 1579 9386 
16525 1865 1866 9452 
16526 8389 8867 9546 
16527 8580 8568 8713 
16528 8456 8997 9717 
16529 9681 9682 10140 
16530 9889 8901 9914 
16531 9985 7988 10006 
16532 8139 9192 9924 
16533 8325 8323 10101 
16534 8480 10090 10391 
16535 1839 1840 8052 
16536 1255 1256 8238 
16537 9239 9032 10188 
16538 1550 1551 10129 
16539 8502 8046 8503 
16540 7960 9409 9410 
16541 9174 8726 10190 
16542 8289 1378 8886 
16543 8466 8477 8822 
16544 9879 7890 10498 
16545 8510 8937 10273 
16546 8981 8983 8986 
16547 8028 1438 9427 
16548 1059 1060 8210 
16549 8366 8591 9938 
16550 8098 9416 9850 
16551 8721 9199 9984 
16552 7875 1635 7876 
16553 9835 9056 10264 
16554 7937 9692 9941 
16555 9487 9686 10362 
16556 1853 1854 8724 
16557 1634 1635 7875 
16558 1855 1856 8527 
16559 8232 8024 9632 
16560 8033 8262 9408 
16561 1860 7952 9405 
16562 8572 9425 9485 
16563 8823 8822 8979 
16564 9224 9226 9227 
16565 9046 8191 9047 
16566 8083 7968 9429 
16567 1408 1409 9398 
16568 1536 1537 8706 
16569 1448 1449 7943 
16570 1848 8390 8996 
16571 984 985 8070 
16572 10110 8129 10132 
16573 9234 8885 10511 
16574 9167 9168 9403 
16575 9290 8441 9786 
16576 8466 7958 8477 
16577 8588 9245 10084 
16578 1544 1545 8783 
16579 8513 8561 8893 
16580 1805 1806 8102 
16581 1151 1152 9434 
16582 8494 8493 8496 
16583 9401 7976 10323 
16584 1822 1823 8175 
16585 9217 8971 10449 
16586 8503 8046 8694 
16587 1546 1547 8892 
16588 1878 9172 9229 
16589 8039 8037 9450 
16590 1721 1722 9353 
16591 8246 8225 9588 
16592 8890 8446 9824 
16593 1824 8272 8273 
16594 1322 1323 7976 
16595 8064 1426 10361 
16596 8024 1503 9632 
16597 1251 1252 8180 
16598 9362 7956 9810 
16599 9410 9409 9411 
16600 8175 9474 9975 
16601 8460 1677 9940 
16602 9447 9164 9448 
16603 1381 1382 8644 
16604 1743 1744 8860 
16605 999 1000 9984 
16606 8372 1887 9041 
16607 9985 10006 10465 
16608 8697 8701 9451 
16609 8033 1643 8261 
16610 1005 1006 8149 
16611 1438 1439 9427 
16612 8891 9018 9019 
16613 9601 9597 9605 
16614 1756 1757 8567 
16615 1116 1117 8516 
16616 8696 9252 9395 
16617 8749 8885 9234 
16618 9592 9593 9594 
16619 9101 9102 9103 
16620 9692 9007 9941 
16621 1037 1038 8373 
16622 9551 9550 9552 
16623 8867 9025 9075 
16624 9926 8811 9971 
16625 7886 8980 9002 
16626 8281 8058 8282 
16627 8213 8212 9462 
16628 8986 8983 9432 
16629 1723 7932 9519 
16630 1316 8264 8719 
16631 1671 1672 9577 
16632 9178 10069 10440 
16633 1143 1144 8048 
16634 7869 9568 10314 
16635 9081 9789 9790 
16636 9809 8890 9824 
16637 8529 9188 9528 
16638 8196 1020 8606 
16639 1244 1245 8329 
16640 9271 8879 10333 
16641 1262 1263 7953 
16642 7960 1835 9409 
16643 1005 8149 9243 
16644 8957 8260 8958 
16645 8818 961 9437 
16646 8585 8583 9561 
16647 1258 1259 7996 
16648 9285 8533 9335 
16649 8466 8822 8823 
16650 1160 1161 9198 
16651 8477 7958 9433 
16652 9210 9211 9212 
16653 9205 8479 9424 
16654 1052 1053 8542 
16655 1225 8216 10505 
16656 1564 8459 9378 
16657 9604 7955 10276 
16658 7907 8798 8868 
16659 1314 1315 8416 
16660 8290 8017 9627 
16661 1226 1227 9804 
16662 8738 8808 9169 
16663 8634 8213 9462 
16664 9569 8716 9919 
16665 8452 8081 9450 
16666 1722 1723 9519 
16667 1890 1891 8558 
16668 9338 9569 9919 
16669 1533 1534 8911 
16670 8822 8477 9110 
16671 8985 8988 9080 
16672 8 8387 9541 
16673 8403 8083 9429 
16674 9111 8477 9433 
16675 8573 8395 8931 
16676 1548 1549 8320 
16677 8519 9629 10243 
16678 1878 1879 9172 
16679 1707 1708 8540 
16680 8487 9619 9920 
16681 1391 1392 7936 
16682 8746 9626 9915 
16683 1044 1045 8531 
16684 8983 8982 8984 
16685 8668 8673 8792 
16686 9760 10150 10434 
16687 7961 9817 10286 
16688 1893 1894 8002 
16689 8053 1847 8241 
16690 10131 8818 10258 
16691 8409 9578 9774 
16692 8223 8081 8452 
16693 1543 1544 9005 
16694 1041 9269 10121 
16695 1658 1659 9563 
16696 1846 1847 8053 
16697 1834 1835 7960 
16698 8033 8261 8262 
16699 1355 1356 8133 
16700 1271 8130 9439 
16701 1837 1838 8132 
16702 1844 1845 8639 
16703 1302 1303 7886 
16704 1692 1693 8715 
16705 1707 8540 9180 
16706 10069 1801 10440 
16707 8720 9753 10228 
16708 7886 1303 8980 
16709 8506 8218 8858 
16710 1384 1385 8237 
16711 8996 9030 9245 
16712 9354 9353 9355 
16713 961 962 9437 
16714 8715 9653 10390 
16715 1260 1261 8455 
16716 8262 8261 9590 
16717 1339 1340 8714 
16718 8943 9402 10323 
16719 1112 1113 9083 
16720 9390 7982 9945 
16721 1395 1396 7978 
16722 1659 8829 9563 
16723 1017 1018 8486 
16724 1486 1487 8537 
16725 8245 8395 8573 
16726 9592 8027 9593 
16727 8486 9394 9783 
16728 1149 1150 8131 
16729 1397 1398 8236 
16730 1399 1400 7933 
16731 1138 1139 8948 
16732 1803 1804 8294 
16733 10099 9163 10152 
16734 1832 1833 8612 
16735 1350 1351 8148 
16736 8726 8656 9921 
16737 8226 8225 8246 
16738 1062 1063 8855 
16739 8667 8662 9426 
16740 1070 1071 7955 
16741 1468 8478 9370 
16742 1376 1377 8762 
16743 8983 8984 8985 
16744 1033 8016 8865 
16745 8289 8886 8887 
16746 8269 8655 8656 
16747 1422 1423 8330 
16748 1835 1836 9409 
16749 1355 8133 9729 
16750 8985 9080 9432 
16751 991 992 9201 
16752 1141 1142 8344 
16753 8565 8817 9419 
16754 9080 8988 9081 
16755 1591 7985 9620 
16756 1590 1591 9620 
16757 8225 8086 8778 
16758 1108 8019 8737 
16759 1077 1078 7935 
16760 1249 1250 8838 
16761 1644 1645 8566 
16762 1454 1455 8441 
16763 8737 8019 8738 
16764 9802 1054 9862 
16765 9597 9595 9605 
16766 9365 8371 10096 
16767 9594 9595 9596 
16768 8792 8673 9141 
16769 1576 1577 9464 
16770 9600 9597 9601 
16771 8584 8583 8585 
16772 8932 9082 9220 
16773 1577 8437 9464 
16774 1003 9981 10442 
16775 8304 8565 8572 
16776 9085 9084 9086 
16777 7996 10226 10455 
16778 1314 8416 9309 
16779 1510 1511 9585 
16780 8085 1852 8212 
16781 7886 9002 9413 
16782 1862 8161 8162 
16783 8868 8989 8990 
16784 9025 8388 9650 
16785 1276 1277 8007 
16786 1048 1049 9136 
16787 1769 1770 8292 
16788 1387 1388 7990 
16789 9595 9593 9607 
16790 9938 8607 10589 
16791 1511 1512 8586 
16792 8983 8985 9432 
16793 1603 1604 8319 
16794 9259 9180 10478 
16795 8572 8565 9419 
16796 1389 1390 8698 
16797 1850 8960 9575 
16798 1456 1457 8093 
16799 7893 7876 7894 
16800 8297 9249 10059 
16801 1072 1073 8169 
16802 8080 8588 9615 
16803 1879 1880 8461 
16804 8099 1626 9381 
16805 1828 7958 8465 
16806 8397 9239 10188 
16807 9596 9595 9597 
16808 1428 1429 8174 
16809 1629 1630 8276 
16810 7876 1635 9573 
16811 8045 9 8326 
16812 1399 7933 9641 
16813 1101 1102 8699 
16814 9370 8478 9372 
16815 8962 8687 10551 
16816 9163 9162 9391 
16817 1553 1554 8511 
16818 1441 1442 8109 
16819 8016 1034 10210 
16820 8996 8390 9030 
16821 1033 1034 8016 
16822 1430 7871 9043 
16823 1807 1808 9339 
16824 9122 9195 9920 
16825 1521 1522 8512 
16826 1035 1036 9064 
16827 1458 1459 7872 
16828 1758 1759 8092 
16829 1468 1469 8478 
16830 1123 1124 8448 
16831 1527 1528 8076 
16832 1349 9084 9085 
16833 9411 9409 9538 
16834 8387 8734 8769 
16835 1464 1465 8482 
16836 1393 1394 8763 
16837 7871 9236 9271 
16838 1660 1661 10590 
16839 1401 1402 8371 
16840 8553 8213 8634 
16841 1409 1410 8374 
16842 8629 9272 9818 
16843 1024 1025 8009 
16844 8513 8893 9521 
16845 1349 1350 9084 
16846 8602 8746 9418 
16847 9161 8350 9162 
16848 8167 8349 8350 
16849 1266 1267 8042 
16850 1470 1471 7949 
16851 1631 1632 8837 
16852 1613 1614 8563 
16853 1330 1331 8468 
16854 1460 1461 8532 
16855 8749 8748 8885 
16856 1633 1634 9045 
16857 1462 1463 7948 
16858 8111 1346 9482 
16859 1284 1285 8139 
16860 8564 9398 9399 
16861 8484 8389 9546 
16862 1670 1671 7997 
16863 995 996 9125 
16864 1762 9266 9654 
16865 8704 10154 10205 
16866 8497 9514 10077 
16867 1147 1148 8394 
16868 9019 9018 9181 
16869 1347 1348 8041 
16870 1354 1355 9729 
16871 7884 1440 9341 
16872 1615 1616 8723 
16873 9446 9447 9761 
16874 8328 8500 8501 
16875 9283 1709 9693 
16876 8030 1467 8094 
16877 10193 8004 10427 
16878 1279 1280 8313 
16879 1219 1220 7901 
16880 1099 1100 8475 
16881 8478 1469 9321 
16882 8518 8534 8630 
16883 1625 1626 8099 
16884 1125 1126 7878 
16885 8706 9190 10328 
16886 8167 8166 8349 
16887 1247 1248 8178 
16888 1648 1649 8439 
16889 1617 1618 8898 
16890 1446 1447 8397 
16891 1601 1602 8791 
16892 8520 8953 8954 
16893 1407 1408 8564 
16894 1667 1668 7944 
16895 8085 8212 8213 
16896 1477 1478 7964 
16897 8081 8039 9450 
16898 1327 1328 9238 
16899 1226 9804 10301 
16900 8517 10197 10416 
16901 8304 8406 8565 
16902 8583 8123 9526 
16903 1808 1809 8643 
16904 1555 1556 9430 
16905 8453 8888 9443 
16906 9399 9398 9400 
16907 1864 1865 8047 
16908 1300 1301 8764 
16909 9161 9162 9163 
16910 1109 1110 9352 
16911 9874 9175 10372 
16912 1097 1098 8032 
16913 1430 1431 7871 
16914 1411 9279 9935 
16915 8047 1865 8176 
16916 8766 9628 10013 
16917 1514 1515 8707 
16918 1332 1333 8059 
16919 9653 9228 10288 
16920 1346 1347 9482 
16921 8053 8242 8270 
16922 1373 1374 8296 
16923 8628 9311 9467 
16924 8738 8739 8808 
16925 1747 1748 7987 
16926 7871 1431 9236 
16927 7912 7894 7913 
16928 1749 1750 8158 
16929 7959 9472 10407 
16930 8349 8740 9440 
16931 8997 9413 9717 
16932 8047 8176 8436 
16933 1466 1467 8030 
16934 1298 1299 8011 
16935 8974 9653 10288 
16936 8565 8761 8817 
16937 8030 8094 8166 
16938 1715 1716 8026 
16939 1472 1473 9097 
16940 1546 8892 9742 
16941 1190 1191 8244 
16942 1417 1418 8704 
16943 1437 1438 8028 
16944 8273 8272 8513 
16945 8229 8063 8678 
16946 1304 1305 7980 
16947 1562 1563 9484 
16948 1712 1713 8115 
16949 8030 8166 8167 
16950 8042 8970 8971 
16951 1030 1031 8082 
16952 1439 7884 9427 
16953 993 994 8400 
16954 1343 1344 8198 
16955 8716 1562 9484 
16956 1697 1698 7945 
16957 9476 8594 9764 
16958 1086 1087 8027 
16959 1443 1444 9108 
16960 1587 1588 8284 
16961 8242 8241 9092 
16962 1694 1695 8252 
16963 1145 1146 9157 
16964 1375 1376 8005 
16965 1312 1313 7902 
16966 1202 1203 8157 
16967 1345 1346 8111 
16968 8125 8277 8304 
16969 987 988 8165 
16970 1435 1436 8682 
16971 8125 8304 9485 
16972 8364 8554 8683 
16973 1015 1016 8354 
16974 1699 1700 8897 
16975 1347 8041 9482 
16976 8187 8322 8360 
16977 1439 1440 7884 
16978 1525 1526 8524 
16979 1290 1291 8066 
16980 8157 1203 9334 
16981 8443 8446 8890 
16982 1213 1214 7917 
16983 1228 1229 8140 
16984 9162 8350 9440 
16985 1822 8175 9417 
16986 1432 1433 8259 
16987 1363 1364 8720 
16988 9110 9111 9112 
16989 7873 1107 10184 
16990 8598 9279 9280 
16991 8453 8614 8888 
16992 1182 1183 9078 
16993 1200 1201 7923 
16994 1737 7941 9246 
16995 1316 1317 8264 
16996 1482 1483 8589 
16997 1735 1736 8306 
16998 1361 1362 7934 
16999 9542 8236 9543 
17000 1591 1592 7985 
17001 1737 1738 7941 
17002 8293 1770 8632 
17003 7997 1671 9577 
17004 1705 1706 7988 
17005 1337 1338 8438 
17006 1287 1288 8105 
17007 8880 8879 10239 
17008 8696 8697 9252 
17009 7992 8112 8113 
17010 8959 8604 8993 
17011 1235 1236 8129 
17012 1726 1727 8108 
17013 8912 8848 9454 
17014 1589 1590 8256 
17015 8034 8120 8164 
17016 9144 8460 9940 
17017 1723 1724 7932 
17018 1295 1296 8335 
17019 1079 1080 8177 
17020 8603 8602 8604 
17021 1175 1176 7885 
17022 1193 1194 8680 
17023 8218 8136 9509 
17024 1119 1120 8142 
17025 1558 1559 8479 
17026 8350 8349 9440 
17027 1619 1620 8472 
17028 1121 1122 7921 
17029 8268 8365 8587 
17030 1366 1367 8173 
17031 9511 8698 10157 
17032 1703 1704 8939 
17033 8702 8559 9023 
17034 1213 7917 9322 
17035 1523 1524 8054 
17036 8852 8927 9457 
17037 1208 1209 7939 
17038 8516 9302 9303 
17039 1230 1231 8396 
17040 8384 8123 8583 
17041 1309 1310 8141 
17042 8750 9382 9383 
17043 8777 9129 9377 
17044 1163 1164 7989 
17045 1110 1111 8235 
17046 1325 1326 8291 
17047 8756 8619 8757 
17048 8850 8852 8861 
17049 8619 8617 9456 
17050 1529 1530 8451 
17051 9032 9799 10188 
17052 1268 1269 8343 
17053 1238 1239 8006 
17054 1672 8118 9577 
17055 8861 8852 9457 
17056 9006 9478 9481 
17057 8592 9380 9422 
17058 8614 8454 8654 
17059 8757 8619 9456 
17060 1849 1850 9575 
17061 8848 8850 9454 
17062 1188 7962 9337 
17063 9478 8672 9481 
17064 9447 9448 9449 
17065 9454 8861 9455 
17066 1161 1162 7900 
17067 8366 8582 8591 
17068 8756 8757 8758 
17069 977 978 8522 
17070 8850 8861 9454 
17071 1531 7 8498 
17072 1008 1009 8185 
17073 8080 8422 8588 
17074 8668 8667 8673 
17075 1082 1083 8462 
17076 1188 1189 7962 
17077 8990 9361 9362 
17078 1046 1047 8280 
17079 8356 8209 9657 
17080 968 969 8515 
17081 1466 8030 9445 
17082 8846 8848 8912 
17083 1172 1173 7959 
17084 7900 1162 9360 
17085 1204 1205 7922 
17086 952 953 8457 
17087 1206 1207 8376 
17088 970 971 8930 
17089 974 975 8442 
17090 8398 8223 9480 
17091 965 966 8528 
17092 8852 8854 8927 
17093 1211 1212 8008 
17094 8842 8758 8843 
17095 8850 8851 8852 
17096 8250 8453 9443 
17097 1480 1481 8179 
17098 972 8467 9389 
17099 8535 964 9298 
17100 1377 1378 8289 
17101 8318 8083 8403 
17102 962 963 9317 
17103 1474 1475 8258 
17104 956 957 8767 
17105 1369 1370 7995 
17106 979 980 8509 
17107 8467 973 9338 
17108 1010 1011 8725 
17109 1556 1557 8812 
17110 1516 1517 8428 
17111 962 9317 9437 
17112 963 964 8535 
17113 8927 8854 9342 
17114 960 961 8818 
17115 958 959 8814 
17116 1166 1167 8168 
17117 8628 9310 9311 
17118 972 973 8467 
17119 8179 9062 9063 
17120 8380 8122 9470 
17121 1621 1622 8414 
17122 8844 8846 9463 
17123 1556 8812 9430 
17124 1598 1599 8480 
17125 8575 9745 10492 
17126 8179 1481 9062 
17127 8498 7 9368 
17128 1195 1196 8004 
17129 8842 8843 8844 
17130 1579 1580 8413 
17131 8846 8912 9463 
17132 8755 8619 8756 
17133 8454 8355 9453 
17134 8848 8849 8850 
17135 7931 7911 8055 
17136 9013 8844 9463 
17137 1584 1585 8733 
17138 954 955 8793 
17139 1564 1565 8459 
17140 1582 1583 8753 
17141 8841 8758 8842 
17142 1623 1624 8449 
17143 1561 1562 8716 
17144 8852 8851 8854 
17145 8413 1580 9250 
17146 8349 8166 8427 
17147 1563 1564 9378 
17148 8010 8268 8288 
17149 8618 8617 8619 
17150 1567 1568 8533 
17151 1518 1519 8821 
17152 1575 1576 8505 
17153 1570 1571 8884 
17154 9155 8414 9367 
17155 7894 7876 8025 
17156 9386 8413 9387 
17157 8812 1557 9173 
17158 1566 1567 9284 
17159 1579 8413 9386 
17160 9012 8976 9154 
17161 1577 1578 8437 
17162 8453 8355 8454 
17163 8349 8427 8740 
17164 1573 1574 8536 
17165 1306 1307 8562 
17166 1566 9284 9297 
17167 9422 9380 9423 
17168 8846 8847 8848 
17169 8664 8667 8668 
17170 8842 8844 9013 
17171 9154 8976 9461 
17172 8536 1574 9313 
17173 8453 8454 8614 
17174 8654 8454 8875 
17175 8850 8849 8851 
17176 1183 1184 7942 
17177 8777 8671 9129 
17178 8844 8843 8845 
17179 8756 8758 8841 
17180 1621 8414 9155 
17181 8985 8987 8988 
17182 1874 1875 8195 
17183 8844 8845 8846 
17184 8693 8246 9699 
17185 8952 8951 9441 
17186 8662 8659 9426 
17187 8459 9297 9767 
17188 8618 8619 8755 
17189 8848 8847 8849 
17190 1185 1186 7981 
17191 1375 8005 9331 
17192 8564 1408 9398 
17193 1602 1603 8385 
17194 7950 7913 7971 
17195 8976 8975 9461 
17196 8248 8250 9443 
17197 7875 7876 7893 
17198 9129 8671 9179 
17199 8846 8845 8847 
17200 9464 8437 9465 
17201 8505 1576 9464 
17202 1518 8821 9274 
17203 1170 1171 8508 
17204 8087 8086 8225 
17205 8525 9643 9932 
17206 9458 7981 9459 
17207 8355 8251 9471 
17208 8122 7979 9470 
17209 8854 8851 9300 
17210 1352 1353 8638 
17211 1094 1095 8266 
17212 8670 8671 8777 
17213 8847 8845 8853 
17214 8971 8970 8972 
17215 1108 1109 8019 
17216 9319 8755 9320 
17217 8685 8616 9468 
17218 8530 8380 9421 
17219 8616 8617 8618 
17220 8616 8618 9468 
17221 9160 8350 9161 
17222 8618 8755 9319 
17223 1197 1198 8571 
17224 8808 8809 8810 
17225 8592 9077 9380 
17226 8250 8355 8453 
17227 8664 8668 9469 
17228 8294 8576 9176 
17229 9055 8952 9216 
17230 8539 8616 8685 
17231 9453 8355 9471 
17232 8030 8167 9445 
17233 8889 7981 9458 
17234 8379 8122 8380 
17235 1092 1093 9039 
17236 8008 9319 10142 
17237 1185 7981 8889 
17238 1529 8451 8592 
17239 8616 8615 8617 
17240 8495 8602 8603 
17241 8670 8669 8671 
17242 8436 8176 8825 
17243 8875 8454 9453 
17244 1371 1372 9098 
17245 8664 8662 8667 
17246 9216 8952 9441 
17247 8618 9319 9468 
17248 8250 8251 8355 
17249 8251 8539 9471 
17250 8666 8670 8672 
17251 1075 1076 8641 
17252 8042 8969 8970 
17253 8977 8976 9012 
17254 9054 8952 9055 
17255 8950 8952 9054 
17256 1829 1830 8010 
17257 8672 9472 9473 
17258 8587 8365 9090 
17259 9257 8158 9836 
17260 9207 8874 9208 
17261 8251 8249 8538 
17262 8670 8777 9472 
17263 1485 1486 9031 
17264 8663 8665 8666 
17265 8692 8690 9213 
17266 9287 8511 9288 
17267 1802 1803 8001 
17268 8903 8904 8905 
17269 1701 1702 8147 
17270 8250 8249 8251 
17271 8666 8669 8670 
17272 8973 8976 8977 
17273 8669 8665 8816 
17274 8539 8685 9471 
17275 8663 8662 8664 
17276 9187 8895 10123 
17277 8904 8902 9388 
17278 8565 8406 8761 
17279 8539 8615 8616 
17280 8666 8665 8669 
17281 8251 8538 8539 
17282 8304 8277 8406 
17283 8672 8670 9472 
17284 8539 8538 8615 
17285 9191 9073 9192 
17286 9373 8765 10283 
17287 9233 9707 10235 
17288 1611 1612 10030 
17289 8701 8695 9823 
17290 8663 8664 8665 
17291 8719 9681 10140 
17292 8672 9473 9481 
17293 8661 8659 8662 
17294 8973 8975 8976 
17295 1027 1028 8423 
17296 8167 8350 9160 
17297 8642 9314 9438 
17298 8584 8585 9197 
17299 8971 8972 8973 
17300 1232 1233 9024 
17301 1451 1452 8955 
17302 8666 8672 9478 
17303 7913 7894 9479 
17304 8203 8595 8596 
17305 8808 8739 8809 
17306 8053 8270 9517 
17307 8661 8662 8663 
17308 9421 8380 9530 
17309 14 8488 8750 
17310 8164 8120 9425 
17311 8816 8665 9469 
17312 8660 9006 9007 
17313 8665 8664 9469 
17314 9652 8537 9757 
17315 9408 8859 9988 
17316 9110 8477 9111 
17317 9141 8673 9256 
17318 8229 8678 9087 
17319 9161 9163 9164 
17320 8516 1117 9302 
17321 7893 7894 7912 
17322 8661 8663 9478 
17323 1646 1647 8230 
17324 10232 8523 10561 
17325 8903 8902 8904 
17326 8592 8451 9077 
17327 8975 8972 9048 
17328 9495 8164 9533 
17329 10182 8913 10183 
17330 9358 7918 10365 
17331 8481 9568 10375 
17332 1813 8 9541 
17333 7961 1414 9998 
17334 9600 9601 9602 
17335 8015 8211 8391 
17336 8759 9235 10360 
17337 8738 8019 8739 
17338 8970 8969 8974 
17339 8663 8666 9478 
17340 9301 8238 9420 
17341 9020 9289 9412 
17342 8217 8136 8218 
17343 8874 8871 9475 
17344 8522 978 9527 
17345 8430 8645 8781 
17346 1627 1628 8068 
17347 9104 9102 9105 
17348 1781 1782 8208 
17349 1640 1641 9656 
17350 1864 8047 8317 
17351 1484 1485 8351 
17352 8270 8242 8796 
17353 9208 8874 9475 
17354 8248 8249 8250 
17355 8595 8594 9476 
17356 9304 9302 9414 
17357 8451 1530 9058 
17358 8596 8595 8597 
17359 7912 7913 7950 
17360 8596 8597 8900 
17361 8358 1799 8722 
17362 8597 8595 9016 
17363 9206 8874 9207 
17364 978 979 9527 
17365 1563 9378 9484 
17366 8973 8972 8975 
17367 8873 8871 8874 
17368 8034 8164 9495 
17369 8857 8626 9294 
17370 1012 1013 9029 
17371 8167 9160 9445 
17372 1281 1282 8929 
17373 7971 7913 7972 
17374 8900 8597 9079 
17375 9006 8661 9478 
17376 9016 8595 9476 
17377 8596 8900 8901 
17378 8972 8970 9488 
17379 8950 8951 8952 
17380 8921 1499 10459 
17381 8787 9127 9242 
17382 1893 8002 10043 
17383 9303 9302 9304 
17384 8340 8752 9749 
17385 1180 7895 8015 
17386 8456 8978 8997 
17387 8660 8661 9006 
17388 8809 8894 9308 
17389 9555 9553 9559 
17390 9599 9597 9600 
17391 8901 8902 8903 
17392 8053 8241 8242 
17393 8573 9059 9185 
17394 8985 8984 8987 
17395 8430 8450 8645 
17396 9351 8335 9728 
17397 1322 7976 9401 
17398 9038 9037 9076 
17399 8392 8246 8693 
17400 8817 8761 9032 
17401 8042 1267 8969 
17402 8404 8403 8923 
17403 8473 8358 8590 
17404 8294 1804 8295 
17405 8574 8879 8880 
17406 8384 8583 8584 
17407 8387 8386 8734 
17408 8034 8035 8120 
17409 9254 8132 10352 
17410 7880 7879 7881 
17411 1419 1420 9004 
17412 8581 8334 8599 
17413 8691 8692 9060 
17414 8873 8874 9206 
17415 9048 8972 9488 
17416 1767 1768 9442 
17417 9436 9435 9550 
17418 9932 9121 10371 
17419 9341 8109 9798 
17420 1691 1692 8357 
17421 1168 1169 9147 
17422 8970 8974 9488 
17423 8261 8598 9590 
17424 8418 8787 8811 
17425 8097 1216 9122 
17426 9079 8597 9486 
17427 9067 8807 9068 
17428 8901 8900 8902 
17429 9882 7941 10064 
17430 8292 8293 8559 
17431 8660 8659 8661 
17432 8560 8794 9474 
17433 8379 8380 8530 
17434 8203 8594 8595 
17435 8296 9331 9704 
17436 9072 9073 9191 
17437 8023 8146 8234 
17438 8809 8739 8894 
17439 8691 8690 8692 
17440 8691 9060 9061 
17441 8352 8574 8864 
17442 8597 9016 9486 
17443 8871 8870 9475 
17444 8121 8124 8125 
17445 8208 1782 8417 
17446 8715 1693 9228 
17447 9471 8685 9494 
17448 1734 1735 9619 
17449 7950 7971 7979 
17450 8125 8128 8277 
17451 7971 7972 8034 
17452 8817 9032 9239 
17453 8387 8769 9501 
17454 9453 9471 9494 
17455 8352 8128 8419 
17456 8787 9242 9487 
17457 8365 8233 9477 
17458 1627 8068 8069 
17459 1600 1601 9873 
17460 13 1870 8447 
17461 8600 9359 9660 
17462 8550 8484 8727 
17463 9213 8690 9506 
17464 8825 8176 8826 
17465 8574 8419 8879 
17466 8162 8336 8337 
17467 1851 1852 8085 
17468 1595 1596 8206 
17469 8604 8602 9418 
17470 8299 8627 8628 
17471 1675 1676 9444 
17472 8436 8825 9794 
17473 9785 9021 10262 
17474 9353 1722 9519 
17475 8070 985 9584 
17476 9558 9555 9559 
17477 8787 8786 9127 
17478 8642 8316 8760 
17479 8913 8432 9028 
17480 9176 8576 9489 
17481 1485 9031 9460 
17482 8277 8128 8352 
17483 1885 1886 9581 
17484 1781 8208 8369 
17485 1891 1892 8271 
17486 8591 8582 8600 
17487 1820 1821 8301 
17488 8282 8338 8339 
17489 8956 8688 9258 
17490 9574 8644 9738 
17491 7986 1043 9649 
17492 7971 8034 9495 
17493 8853 9337 9976 
17494 8294 8295 8576 
17495 9596 9597 9599 
17496 1449 1450 8012 
17497 8464 8790 9126 
17498 8125 8124 8128 
17499 8659 8657 9426 
17500 9425 8120 9485 
17501 1449 8012 8430 
17502 9289 8485 9659 
17503 8352 8419 8574 
17504 9470 7979 9495 
17505 9232 1334 10429 
17506 8987 9392 9393 
17507 8418 8786 8787 
17508 8202 8068 8497 
17509 8728 8727 9049 
17510 9294 8626 9521 
17511 9077 8451 9497 
17512 8319 9182 9332 
17513 8418 8417 8786 
17514 7978 1396 9542 
17515 1718 9170 10477 
17516 8121 8035 8123 
17517 1798 1799 8358 
17518 8208 8417 8418 
17519 8124 8123 8384 
17520 8228 8063 8229 
17521 8574 8880 9490 
17522 8299 8628 9467 
17523 8271 8551 8782 
17524 8034 7972 8035 
17525 8743 8346 8744 
17526 8120 8035 8121 
17527 8553 8634 8635 
17528 8811 8787 9487 
17529 8351 1485 9460 
17530 1484 8351 8919 
17531 8352 8864 9512 
17532 8101 8299 9467 
17533 8244 9300 10137 
17534 1709 1710 9693 
17535 9470 9495 9533 
17536 8637 8871 8872 
17537 9592 9594 9598 
17538 8804 8398 8914 
17539 8950 8730 8951 
17540 9434 9436 9499 
17541 8203 8202 8594 
17542 8069 8202 8203 
17543 8628 9118 9310 
17544 8069 8068 8202 
17545 7875 7893 7963 
17546 1667 7944 9496 
17547 8451 9058 9497 
17548 1666 1667 9496 
17549 8761 8406 8917 
17550 8248 8247 8249 
17551 7950 7979 8023 
17552 8131 1150 9499 
17553 8023 7979 8122 
17554 8146 8122 8379 
17555 8163 8224 8431 
17556 8430 8012 8450 
17557 8667 9426 9665 
17558 1157 8260 8957 
17559 8353 8730 8949 
17560 8121 8123 8124 
17561 8593 8298 8806 
17562 8268 8233 8365 
17563 8628 8627 9118 
17564 8023 8122 8146 
17565 8146 8379 8381 
17566 8065 8248 9560 
17567 8872 8871 8873 
17568 8384 8584 8862 
17569 8689 8690 8691 
17570 7979 7971 9495 
17571 8864 8574 9490 
17572 8987 8984 9392 
17573 8529 8145 8624 
17574 8552 8213 8553 
17575 1876 1877 8062 
17576 9679 9014 10512 
17577 7972 7913 9479 
17578 9072 9071 9073 
17579 8199 8285 8464 
17580 8214 8332 8481 
17581 8620 8316 8642 
17582 9052 9050 9053 
17583 1379 1380 7904 
17584 8914 8398 9480 
17585 9408 8262 9531 
17586 8199 8464 9507 
17587 9315 8744 9510 
17588 8856 8626 8857 
17589 8271 1892 8331 
17590 8456 8804 8978 
17591 10044 8114 10138 
17592 7894 8025 9479 
17593 8120 8121 9485 
17594 8514 8513 9521 
17595 8206 1596 8429 
17596 1804 1805 9506 
17597 8121 8125 9485 
17598 8926 8490 9214 
17599 8299 8593 8627 
17600 8231 8024 8232 
17601 8938 8529 9528 
17602 9223 9224 9225 
17603 8089 8199 9507 
17604 8576 8689 9148 
17605 8658 8659 8660 
17606 8089 9507 9646 
17607 8743 9315 9316 
17608 8126 8906 9549 
17609 8949 8730 8950 
17610 9603 9602 9604 
17611 9557 9555 9558 
17612 8552 9991 10527 
17613 8804 8914 9351 
17614 8774 8331 8827 
17615 8576 9148 9489 
17616 8642 9438 9562 
17617 8873 9206 9518 
17618 8877 9290 9344 
17619 8689 8295 8690 
17620 9777 8532 10495 
17621 1508 7907 9629 
17622 8745 1773 9982 
17623 8277 8352 9512 
17624 8683 8554 9385 
17625 979 8509 9527 
17626 8475 1100 9750 
17627 9099 8773 9100 
17628 8292 1770 8293 
17629 1214 1215 9535 
17630 1404 8245 8570 
17631 8730 8729 9498 
17632 8958 8260 9218 
17633 1397 8236 9542 
17634 8895 9187 10169 
17635 8742 8346 8743 
17636 8627 8593 9003 
17637 9070 9068 9071 
17638 8652 9114 9194 
17639 8625 8514 8626 
17640 8951 8730 9498 
17641 8406 8277 9512 
17642 9502 8530 9504 
17643 8455 9618 10226 
17644 8450 8012 8876 
17645 1607 9579 10112 
17646 8416 1315 10140 
17647 8071 8039 8081 
17648 8576 8295 8689 
17649 9409 1836 9538 
17650 8743 8744 9315 
17651 8635 8634 8636 
17652 8560 8625 8794 
17653 8113 8112 8307 
17654 8068 1628 9513 
17655 9531 8700 10549 
17656 8450 8876 8877 
17657 9053 10387 10402 
17658 9599 9600 9606 
17659 8551 8331 8774 
17660 1890 8558 9159 
17661 9418 8746 9915 
17662 8085 8213 8552 
17663 8299 8298 8593 
17664 8419 8128 9508 
17665 8452 9450 9534 
17666 8637 8870 8871 
17667 8301 1821 8346 
17668 8481 9566 9568 
17669 9556 9555 9557 
17670 8023 8234 9516 
17671 8381 9502 9503 
17672 8625 8626 8856 
17673 8062 1877 8063 
17674 9772 9811 10102 
17675 1359 1360 8362 
17676 9386 9387 9887 
17677 9026 9466 9630 
17678 8217 8218 8506 
17679 7912 7950 9516 
17680 9600 9602 9603 
17681 8456 8398 8804 
17682 8379 8530 9502 
17683 8403 9429 9708 
17684 8128 8124 9508 
17685 8522 9204 10211 
17686 9090 8365 9091 
17687 9070 9071 9072 
17688 8010 1830 8233 
17689 8124 8384 9508 
17690 9278 9112 9655 
17691 8384 8862 9508 
17692 1792 8110 9651 
17693 9114 8621 9115 
17694 8343 9616 10390 
17695 8273 8514 8560 
17696 8010 8233 8268 
17697 8204 8017 8290 
17698 8381 8379 9502 
17699 8602 8601 8746 
17700 1334 1335 7896 
17701 8994 8731 9282 
17702 8228 8229 8474 
17703 8464 8285 8790 
17704 8271 8331 8551 
17705 8337 8493 8494 
17706 8917 8406 9512 
17707 8418 8811 9524 
17708 1768 1769 10524 
17709 8774 8827 9166 
17710 8564 9399 9537 
17711 1551 8209 8356 
17712 9194 9114 9365 
17713 9228 8252 10288 
17714 8489 8925 9066 
17715 8422 8621 8652 
17716 9118 8627 9511 
17717 8551 8774 9001 
17718 1380 1381 9574 
17719 8033 9408 9988 
17720 8802 8801 8803 
17721 9600 9603 9606 
17722 1545 1546 9742 
17723 8273 8513 8514 
17724 7904 1380 7905 
17725 8877 8876 9290 
17726 9067 9068 9069 
17727 1595 8206 8353 
17728 8674 8338 9074 
17729 8503 8695 8696 
17730 9038 9076 9254 
17731 9091 8365 9477 
17732 8510 1002 8937 
17733 8301 8346 8742 
17734 8218 9509 9698 
17735 9605 9595 9607 
17736 8560 8514 8625 
17737 8224 8398 8456 
17738 7994 8079 8080 
17739 7950 8023 9516 
17740 8380 9470 9530 
17741 1320 1321 7899 
17742 8123 8035 9526 
17743 8495 8601 8602 
17744 9103 9102 9104 
17745 9767 9297 10231 
17746 8942 9658 10417 
17747 1726 8108 9661 
17748 8369 9524 9525 
17749 8021 7984 8022 
17750 9269 1041 10556 
17751 9619 8306 9878 
17752 8642 8760 9314 
17753 8554 8432 8913 
17754 8101 8298 8299 
17755 9349 8305 9350 
17756 8295 1804 9506 
17757 8953 8290 9627 
17758 9069 9070 9215 
17759 9327 9326 9328 
17760 8829 9853 10485 
17761 8364 8432 8554 
17762 8627 9003 9511 
17763 8637 8636 8870 
17764 8428 9379 9687 
17765 8180 9385 9923 
17766 1798 8473 10079 
17767 8066 9215 10396 
17768 8309 8079 8370 
17769 8634 9462 9779 
17770 8318 8403 8404 
17771 8328 8001 8500 
17772 9352 8235 10173 
17773 8208 8418 9524 
17774 8040 8039 8071 
17775 9089 8944 9491 
17776 8497 8068 9513 
17777 8141 9392 9634 
17778 8503 8694 8695 
17779 8080 8309 8422 
17780 8652 8621 9114 
17781 8940 8840 8941 
17782 14 1884 8347 
17783 9131 9133 9375 
17784 8935 9867 10533 
17785 1379 7904 8182 
17786 8999 8543 9752 
17787 8369 8208 9524 
17788 9667 9140 9741 
17789 8038 8037 8039 
17790 8593 8806 9522 
17791 8062 8228 8363 
17792 8686 9249 9578 
17793 8353 8729 8730 
17794 7972 9479 9526 
17795 1846 8053 9517 
17796 8151 8267 9765 
17797 8353 8206 8729 
17798 8600 8582 9359 
17799 1584 8733 9576 
17800 1583 1584 9576 
17801 1396 1397 9542 
17802 9037 9128 9644 
17803 8583 9526 9561 
17804 1085 1086 9591 
17805 7994 7905 8044 
17806 7880 7881 7914 
17807 8993 8604 9418 
17808 1000 1001 8382 
17809 8545 8773 9099 
17810 8035 7972 9526 
17811 1650 9291 9992 
17812 8340 8741 8752 
17813 8581 8599 9536 
17814 9069 9068 9070 
17815 8894 9352 10173 
17816 8965 8693 9746 
17817 8200 8090 8375 
17818 8422 8309 8621 
17819 8339 8338 8674 
17820 8389 8388 8867 
17821 8062 8063 8228 
17822 8632 9015 10141 
17823 8021 8022 8192 
17824 9003 8593 9522 
17825 1000 8382 8721 
17826 8925 8490 8926 
17827 8676 8835 9140 
17828 8387 9501 9541 
17829 8570 8909 10585 
17830 8239 8056 8650 
17831 8635 8636 8637 
17832 1155 7910 10425 
17833 8435 8840 8910 
17834 8390 1849 9575 
17835 1551 1552 8209 
17836 8052 9254 10352 
17837 8473 8590 9119 
17838 8163 8081 8223 
17839 7904 7905 7994 
17840 8507 9088 9674 
17841 8163 8223 8224 
17842 8224 8223 8398 
17843 8071 8081 8163 
17844 8747 9293 9571 
17845 8750 8488 9382 
17846 8684 9667 9741 
17847 8690 8295 9506 
17848 8040 8071 8077 
17849 1151 9434 9499 
17850 8998 8543 8999 
17851 8910 8840 8940 
17852 8113 8307 8308 
17853 9530 9470 9533 
17854 7994 8044 8079 
17855 8626 8514 9521 
17856 9469 8668 9648 
17857 7969 7968 8083 
17858 9133 10210 10351 
17859 8494 8496 9483 
17860 8285 8200 8286 
17861 8786 8788 10322 
17862 8026 9299 10128 
17863 8721 8768 9500 
17864 8653 9261 9549 
17865 8038 8040 8159 
17866 9781 9780 10550 
17867 9306 1766 10473 
17868 1134 9624 9625 
17869 9354 9355 9565 
17870 8084 8083 8318 
17871 9072 9191 9931 
17872 8080 8079 8309 
17873 8046 8045 9809 
17874 9607 9593 10536 
17875 8163 8431 9539 
17876 9554 9555 9556 
17877 8404 8923 8924 
17878 8489 8490 8925 
17879 8824 8581 8834 
17880 8753 1583 9576 
17881 7877 10042 10438 
17882 8658 8657 8659 
17883 9531 9105 9816 
17884 8495 8494 8601 
17885 8734 8386 8797 
17886 8362 1360 8383 
17887 9150 9152 9153 
17888 8038 8039 8040 
17889 8359 8581 8824 
17890 8928 9607 10536 
17891 8356 9657 9658 
17892 9098 9518 10472 
17893 8108 9202 9891 
17894 7967 7915 7968 
17895 9658 8942 10518 
17896 8677 8675 9130 
17897 7996 10021 10226 
17898 7914 7966 7970 
17899 8789 1796 9833 
17900 9479 8025 9561 
17901 8598 9280 9590 
17902 8560 9474 9623 
17903 9104 9105 9106 
17904 8598 9011 9279 
17905 9670 9802 9862 
17906 8529 8624 9188 
17907 9256 8673 9665 
17908 8727 8484 9546 
17909 8507 8944 9088 
17910 7919 7920 7992 
17911 1405 1406 8424 
17912 9245 8588 10088 
17913 8194 8193 8443 
17914 8790 8285 9532 
17915 9491 8944 9505 
17916 1458 7872 9617 
17917 9591 8027 9592 
17918 8496 9327 9483 
17919 8093 1457 9617 
17920 9106 9105 9683 
17921 8728 9049 9050 
17922 8255 10093 10553 
17923 1842 1843 7984 
17924 985 986 9584 
17925 8803 8801 10392 
17926 7944 9640 9807 
17927 8696 8695 8697 
17928 8285 8286 9532 
17929 8681 9329 9715 
17930 9335 8528 10380 
17931 1858 9314 10461 
17932 8771 8770 9009 
17933 8369 9525 10263 
17934 8550 8727 8728 
17935 1624 1625 9721 
17936 8762 9177 10114 
17937 8449 1624 9721 
17938 8489 8211 8490 
17939 9290 8876 9917 
17940 8541 9669 9670 
17941 8700 9816 10361 
17942 8481 8332 9566 
17943 8065 8247 8248 
17944 9986 8905 10454 
17945 8538 8249 9688 
17946 1018 1019 9842 
17947 9355 9353 9519 
17948 8292 8559 8702 
17949 8545 8772 8773 
17950 9554 9553 9555 
17951 9179 8671 9684 
17952 8261 8569 8598 
17953 9131 9130 9132 
17954 9780 8007 10550 
17955 9131 9132 9133 
17956 9105 9531 9683 
17957 9042 8366 9938 
17958 8958 9218 9219 
17959 9741 9649 9997 
17960 8362 8383 8866 
17961 960 8818 9612 
17962 7896 8103 8104 
17963 8209 8435 9657 
17964 8071 8163 9539 
17965 9526 9479 9561 
17966 8944 8943 9505 
17967 8977 9259 10449 
17968 959 960 9612 
17969 9456 8617 9697 
17970 9115 8621 9547 
17971 9011 8569 9520 
17972 9954 8498 10029 
17973 8318 8404 8681 
17974 7944 1668 9626 
17975 8620 8642 9562 
17976 8077 8071 9539 
17977 1302 7886 9751 
17978 7887 7888 7919 
17979 7987 1748 10247 
17980 8322 8188 8323 
17981 8669 8816 9684 
17982 8136 8104 8255 
17983 9459 7981 9691 
17984 8756 8841 9694 
17985 7909 9662 10120 
17986 9092 8241 10240 
17987 9320 8755 9694 
17988 1358 8316 8620 
17989 14 8347 8488 
17990 8660 9007 9692 
17991 1842 7984 8021 
17992 8814 959 9612 
17993 8648 8444 8770 
17994 8327 9384 9942 
17995 8333 8215 8334 
17996 9425 8572 9894 
17997 9853 8829 10590 
17998 8293 8632 8633 
17999 9088 8944 9089 
18000 9252 8697 9253 
18001 9496 7944 9807 
18002 8199 8200 8285 
18003 8226 8246 8392 
18004 8364 1815 8432 
18005 8101 8100 8298 
18006 9291 8546 9292 
18007 8598 8569 9011 
18008 9214 8490 9560 
18009 9060 8692 9608 
18010 9892 8813 10252 
18011 8490 8211 9560 
18012 8240 8239 8543 
18013 8580 8713 9056 
18014 8256 1590 9620 
18015 8044 7905 8100 
18016 9394 9680 9783 
18017 8359 8334 8581 
18018 1398 1399 9641 
18019 8022 7984 8117 
18020 9233 8956 9707 
18021 8599 8334 9685 
18022 7932 9536 10319 
18023 1668 1669 9626 
18024 8307 8345 8605 
18025 1086 8027 9591 
18026 9391 10119 10152 
18027 7881 7879 8073 
18028 8025 7876 9573 
18029 8409 8407 9701 
18030 1511 8586 9585 
18031 8496 9326 9327 
18032 8382 1001 9189 
18033 8435 8839 8840 
18034 9525 9750 10263 
18035 8421 8881 9394 
18036 1457 1458 9617 
18037 8311 8308 8388 
18038 8136 8255 9509 
18039 8309 8370 9547 
18040 9236 8259 10239 
18041 8495 8603 9711 
18042 1269 1270 9616 
18043 8087 8225 8226 
18044 8022 8117 8440 
18045 9686 1096 10362 
18046 8199 8090 8200 
18047 7910 10089 10425 
18048 8240 8543 8544 
18049 8307 8605 9650 
18050 8315 8799 9745 
18051 8089 8090 8199 
18052 8544 8543 8998 
18053 7969 8084 8089 
18054 8677 9130 9131 
18055 1182 9078 10007 
18056 1158 1159 8393 
18057 1824 8273 9623 
18058 7969 8083 8084 
18059 8094 9371 9759 
18060 8325 9113 9768 
18061 8158 1750 9836 
18062 9381 9889 9914 
18063 8499 9265 9373 
18064 8862 9271 10333 
18065 8721 8382 8768 
18066 8621 8309 9547 
18067 8119 8056 8239 
18068 8668 8792 9648 
18069 1823 1824 9623 
18070 8507 8943 8944 
18071 1135 7874 7887 
18072 7896 1335 8103 
18073 9750 8699 10263 
18074 8363 8228 9545 
18075 8881 8736 9040 
18076 8603 8766 10572 
18077 9056 8713 9374 
18078 8656 8657 8658 
18079 8228 8474 9545 
18080 9140 8835 9269 
18081 8089 8084 8090 
18082 1881 1882 8106 
18083 1251 8180 9923 
18084 8842 9013 9716 
18085 8337 8494 8495 
18086 8333 8334 8359 
18087 9659 8369 10263 
18088 9051 9050 9052 
18089 1428 9200 10491 
18090 9199 8640 9984 
18091 1735 8306 9619 
18092 8676 8677 8835 
18093 9047 9217 9259 
18094 8240 8544 8545 
18095 8834 8581 9536 
18096 8101 9467 9614 
18097 7907 8868 9629 
18098 8330 9267 10517 
18099 8679 8946 9178 
18100 8118 9358 9690 
18101 7902 10025 10213 
18102 7992 7993 8112 
18103 8013 7929 8186 
18104 9258 8160 10295 
18105 8234 10099 10152 
18106 7994 8080 9615 
18107 8649 8368 8882 
18108 8788 9630 9631 
18109 8771 9009 9165 
18110 9131 9375 9544 
18111 8440 8703 9000 
18112 8507 8506 8943 
18113 9251 8753 9972 
18114 8869 10148 10558 
18115 9104 9106 9107 
18116 7967 7968 7969 
18117 9372 8478 9764 
18118 8936 8934 9143 
18119 8538 9688 9939 
18120 8187 7899 8188 
18121 8322 8323 8325 
18122 8486 9783 9904 
18123 9322 9494 10336 
18124 8225 8778 9588 
18125 1044 8531 9649 
18126 8545 8544 8772 
18127 9481 9473 9899 
18128 7999 1293 8000 
18129 8119 8239 8240 
18130 8236 1398 9641 
18131 1499 1500 10459 
18132 1150 1151 9499 
18133 1871 1872 8138 
18134 8323 8188 9613 
18135 7896 8104 8135 
18136 8518 8232 8534 
18137 8677 9131 9544 
18138 9320 1210 10142 
18139 8261 1643 8569 
18140 8312 8290 8520 
18141 8273 8560 9623 
18142 8424 1406 8546 
18143 8332 8333 8732 
18144 9754 7908 10525 
18145 8392 8693 8965 
18146 10150 9760 10458 
18147 8215 8156 9685 
18148 1292 1293 7998 
18149 8728 9050 9051 
18150 1415 8116 9998 
18151 1007 1008 9739 
18152 8504 8484 8550 
18153 8648 8770 8771 
18154 1359 8362 8961 
18155 9381 8069 9889 
18156 1216 1217 8342 
18157 8087 8226 8227 
18158 8119 8240 9570 
18159 8217 8506 8507 
18160 8885 10053 10511 
18161 8835 8677 9544 
18162 8370 8079 9614 
18163 1320 7899 8187 
18164 8391 8211 8489 
18165 8377 9286 9918 
18166 8044 8100 8101 
18167 8324 9765 9814 
18168 1507 1508 9629 
18169 9432 8077 10386 
18170 8421 8736 8881 
18171 8823 8979 9698 
18172 8815 8491 9027 
18173 1502 1503 8024 
18174 8014 8154 8155 
18175 8567 1757 9830 
18176 8676 8675 8677 
18177 8339 8674 8675 
18178 9195 8342 9731 
18179 8332 8215 8333 
18180 9642 9960 9974 
18181 9047 8191 9217 
18182 9215 8066 10565 
18183 8421 8420 8736 
18184 9101 9103 9267 
18185 8446 8193 10477 
18186 9551 9552 9553 
18187 8797 8386 9635 
18188 9053 9737 10387 
18189 9368 8457 9972 
18190 8746 8601 9640 
18191 8375 8090 9621 
18192 9810 8519 10243 
18193 9273 8400 10277 
18194 9395 9252 10562 
18195 8281 8282 8684 
18196 8157 9334 10300 
18197 8079 8044 9614 
18198 1887 1888 8640 
18199 1135 1136 7874 
18200 9596 9599 9636 
18201 8339 8675 8676 
18202 8527 1856 9700 
18203 8214 8215 8332 
18204 8366 1218 8582 
18205 8194 8444 8445 
18206 1100 1101 9750 
18207 10097 9731 10589 
18208 1264 1265 8314 
18209 8715 9228 9653 
18210 8209 1552 8434 
18211 7914 7915 7966 
18212 8435 8434 8839 
18213 8135 8136 8217 
18214 1815 8300 9860 
18215 8693 9366 9746 
18216 8166 8094 9759 
18217 9284 9285 10231 
18218 7914 7881 7915 
18219 8443 8890 9583 
18220 8055 8193 8194 
18221 9695 9558 10185 
18222 9112 9111 9655 
18223 9395 9396 10201 
18224 8415 8171 8458 
18225 1278 9781 10550 
18226 8187 8188 8322 
18227 9652 8577 10030 
18228 9328 9350 9908 
18229 1043 1044 9649 
18230 1128 8061 10004 
18231 9259 10006 10474 
18232 7966 7967 8051 
18233 8708 8709 9642 
18234 9725 8280 10033 
18235 9673 8898 9905 
18236 8536 10258 10310 
18237 9050 9049 9737 
18238 8483 8504 9186 
18239 9794 9087 9949 
18240 8386 1532 9635 
18241 1758 8092 9830 
18242 8182 7904 9615 
18243 8445 8648 8828 
18244 7904 7994 9615 
18245 8656 8655 8657 
18246 8806 8298 9738 
18247 8545 9099 9570 
18248 8631 9703 10015 
18249 9220 8216 10301 
18250 9073 9071 9780 
18251 10154 8704 10504 
18252 8407 8499 9701 
18253 1572 1573 9925 
18254 1477 7964 9671 
18255 8540 9283 10282 
18256 9422 9423 9947 
18257 8858 8218 9698 
18258 9134 1638 10297 
18259 8934 8315 9745 
18260 9517 8270 10338 
18261 8782 8551 9723 
18262 9038 10251 10430 
18263 8788 9631 10322 
18264 7943 1449 9863 
18265 8367 8127 8368 
18266 8318 8681 9621 
18267 8392 8965 8966 
18268 8440 8117 8703 
18269 8135 8104 8136 
18270 8873 9518 9704 
18271 1888 1889 10241 
18272 8138 1872 8145 
18273 9267 9103 9268 
18274 1785 1786 7916 
18275 7925 12 7926 
18276 1881 8106 8107 
18277 8405 8232 8518 
18278 10047 8698 10569 
18279 8555 8557 9958 
18280 1476 1477 9671 
18281 1137 1138 9902 
18282 8194 8443 8444 
18283 8188 7899 8348 
18284 7891 7889 8114 
18285 8709 8711 8712 
18286 8794 8625 9733 
18287 10111 8396 10401 
18288 9034 1873 9035 
18289 8308 8307 9650 
18290 8332 8732 9566 
18291 8775 8776 9142 
18292 8775 8192 8776 
18293 8059 9493 10036 
18294 10258 9437 10310 
18295 8127 8000 9638 
18296 8878 9305 10051 
18297 8585 9561 9835 
18298 8084 8318 9621 
18299 8231 8232 8405 
18300 8772 8544 9618 
18301 7966 7915 7967 
18302 8504 8550 9237 
18303 8878 8458 8932 
18304 8971 9217 10155 
18305 8156 8243 9685 
18306 8015 8065 8211 
18307 9336 9335 10393 
18308 8324 8151 9765 
18309 8887 8886 10098 
18310 9844 8105 9845 
18311 8393 8780 9057 
18312 8378 8145 8529 
18313 9366 8693 9699 
18314 8611 8800 8801 
18315 8224 8456 9717 
18316 1718 1719 9170 
18317 1340 1341 10280 
18318 8882 8368 8883 
18319 9184 8264 10053 
18320 8018 8205 8708 
18321 8601 8494 9483 
18322 8482 9446 9761 
18323 9150 8549 9151 
18324 9187 8546 9291 
18325 8804 9351 9728 
18326 8021 8192 8775 
18327 8067 8420 8421 
18328 1725 1726 9661 
18329 8714 1340 10280 
18330 8673 8667 9665 
18331 8067 8196 8420 
18332 9076 9037 9644 
18333 8359 8824 9660 
18334 8252 1695 9755 
18335 9598 9594 9747 
18336 7962 1189 10137 
18337 8711 8710 9175 
18338 8445 8444 8648 
18339 8333 8359 9622 
18340 9571 8110 9572 
18341 8367 8649 8915 
18342 10090 8821 10381 
18343 8254 8610 8611 
18344 8557 8556 9260 
18345 8549 8526 9610 
18346 8044 8101 9614 
18347 1433 1434 9736 
18348 8268 8587 9825 
18349 8770 8444 9583 
18350 8650 8056 9663 
18351 8550 8728 9589 
18352 9809 8045 9872 
18353 9651 9293 10197 
18354 10042 9351 10438 
18355 8544 8998 9618 
18356 7992 8113 9666 
18357 8752 8741 9633 
18358 8709 8205 8710 
18359 8712 8711 9008 
18360 9329 7873 9715 
18361 8774 9166 9743 
18362 7931 8055 8056 
18363 9411 9255 10115 
18364 8060 8287 8340 
18365 8383 1360 9093 
18366 9675 10074 10415 
18367 8307 8112 8345 
18368 8688 8687 9431 
18369 8214 8156 8215 
18370 8741 8815 9348 
18371 9840 8354 9904 
18372 8916 1597 10391 
18373 8424 8546 9187 
18374 10189 8884 10303 
18375 8980 8981 10327 
18376 7905 1380 9574 
18377 8340 8491 8741 
18378 8095 8283 8341 
18379 9415 8142 9793 
18380 8458 8171 9540 
18381 9681 8651 9682 
18382 8483 8389 8484 
18383 8263 8579 9020 
18384 8388 8308 9650 
18385 7919 7992 9666 
18386 9125 9273 10277 
18387 7892 7930 8020 
18388 8696 9395 10201 
18389 9719 8116 10470 
18390 8014 8153 8154 
18391 8344 9695 10185 
18392 8393 1159 8476 
18393 8367 8368 8649 
18394 8732 8333 9622 
18395 7919 7888 7920 
18396 1827 8547 10413 
18397 9566 8732 9567 
18398 8311 8388 8389 
18399 1103 1104 8189 
18400 8707 1515 9687 
18401 8719 9184 9681 
18402 9295 8938 10538 
18403 8363 9644 10419 
18404 10468 8962 10551 
18405 9567 9983 10000 
18406 1516 8428 9687 
18407 7931 8056 8119 
18408 9035 9036 9973 
18409 1515 1516 9687 
18410 8014 8013 8153 
18411 8919 8351 9673 
18412 1089 1090 8170 
18413 8090 8084 9621 
18414 8631 8534 9703 
18415 8155 8156 8214 
18416 8113 8308 8310 
18417 8209 8434 8435 
18418 8499 8947 9265 
18419 9622 8359 9660 
18420 7975 7947 8091 
18421 10203 9098 10472 
18422 8204 8290 8312 
18423 7895 1181 10007 
18424 9211 8438 10259 
18425 8671 8669 9684 
18426 9387 8413 9857 
18427 8342 1217 9042 
18428 8979 8822 10101 
18429 8216 1226 10301 
18430 8680 9342 10109 
18431 8240 8545 9570 
18432 9102 8064 9816 
18433 9324 8270 10236 
18434 1449 8430 9863 
18435 8073 9306 10311 
18436 8351 9460 9784 
18437 9911 8720 10195 
18438 1111 1112 9826 
18439 9032 8761 9798 
18440 7938 9294 10260 
18441 8483 8484 8504 
18442 9713 8091 9980 
18443 1112 9083 9826 
18444 8196 8606 8613 
18445 8018 8017 8204 
18446 9680 8185 9740 
18447 7930 7929 8013 
18448 8156 8154 8243 
18449 8312 8717 8863 
18450 10078 8117 10302 
18451 8066 1291 9587 
18452 8652 9194 10095 
18453 8249 8247 9688 
18454 8935 8934 8936 
18455 8741 8491 8815 
18456 7981 1186 9691 
18457 8154 8153 9647 
18458 8709 8710 8711 
18459 9220 9221 9222 
18460 9254 8052 10251 
18461 9318 8535 10303 
18462 8795 9731 10097 
18463 9317 9318 10310 
18464 8113 8310 9666 
18465 8060 8000 8127 
18466 9149 8549 9150 
18467 9817 9280 10286 
18468 8954 8953 9645 
18469 8784 8994 9366 
18470 9335 8533 10393 
18471 8684 8282 9667 
18472 8780 8476 9033 
18473 7961 9998 10522 
18474 8435 8910 9657 
18475 8434 1552 8991 
18476 1006 1007 10306 
18477 9531 8262 9683 
18478 7887 7874 7888 
18479 9078 9688 10007 
18480 8219 8407 8409 
18481 10224 8820 10482 
18482 8267 8735 8747 
18483 8432 1815 9860 
18484 8708 8205 8709 
18485 8444 8443 9583 
18486 7930 8013 8014 
18487 9150 9151 9152 
18488 8210 1060 10071 
18489 8755 8756 9694 
18490 8784 8731 8994 
18491 7968 7915 9676 
18492 1685 8038 9705 
18493 9194 9365 10096 
18494 9237 8550 9589 
18495 8658 8660 9692 
18496 8220 8075 8221 
18497 8909 1403 10585 
18498 1403 8909 10305 
18499 9230 9957 10172 
18500 1856 1857 9700 
18501 9487 9242 9686 
18502 8262 9590 9683 
18503 8617 8615 9697 
18504 953 954 9758 
18505 9587 8555 9958 
18506 954 8793 9758 
18507 1406 1407 9950 
18508 7908 1679 9775 
18509 8227 8226 9675 
18510 8872 8873 9704 
18511 8155 8154 8156 
18512 1797 1798 10079 
18513 1773 1774 9982 
18514 9070 9072 9844 
18515 8941 8840 9778 
18516 1264 8314 8315 
18517 1357 9139 10532 
18518 8649 8882 9679 
18519 1799 1800 10070 
18520 7993 7920 8017 
18521 10251 9142 10430 
18522 1412 1413 10286 
18523 7969 8089 9646 
18524 1126 1127 9726 
18525 8534 8232 9632 
18526 1886 8372 9581 
18527 10 1818 7882 
18528 8433 1058 9270 
18529 980 981 10060 
18530 8709 8712 9642 
18531 8378 8529 8938 
18532 8499 8408 8947 
18533 8735 9282 9966 
18534 9384 9074 9942 
18535 8773 8772 9867 
18536 1050 1051 9724 
18537 9253 8697 9451 
18538 8728 9051 9589 
18539 8883 9638 9639 
18540 7938 1336 9209 
18541 8426 8279 8820 
18542 8340 8287 8491 
18543 8601 9483 9640 
18544 8541 9668 9669 
18545 9024 10111 10401 
18546 1076 1077 9890 
18547 8106 1882 8275 
18548 8217 8507 9674 
18549 9551 9553 9554 
18550 8691 9061 9871 
18551 9074 8338 10026 
18552 7921 9769 9770 
18553 8459 9767 9907 
18554 1871 8138 8402 
18555 9767 8930 9907 
18556 8005 9263 9849 
18557 8069 8203 9889 
18558 1103 8190 8263 
18559 8259 1433 9736 
18560 7892 7891 7929 
18561 7954 9559 10481 
18562 8287 8127 8367 
18563 9765 9571 9814 
18564 8138 8145 8378 
18565 8596 8901 9889 
18566 8820 8279 9900 
18567 8211 8065 9560 
18568 7955 9604 10145 
18569 7992 7920 7993 
18570 8747 9571 9765 
18571 9557 9558 9695 
18572 7998 1293 7999 
18573 8441 1455 9786 
18574 8743 9316 9861 
18575 8278 8425 8578 
18576 9426 8657 9797 
18577 8155 8214 9776 
18578 8198 1344 9756 
18579 8393 8476 8780 
18580 7963 9391 10149 
18581 1426 1427 8181 
18582 9263 8762 10114 
18583 1776 1777 10196 
18584 8705 9356 9357 
18585 8267 8410 8735 
18586 1344 1345 9756 
18587 8611 8610 8800 
18588 8641 1076 9890 
18589 1587 8284 9801 
18590 8188 8348 9613 
18591 8132 1838 10352 
18592 9700 8760 10113 
18593 8362 8866 9664 
18594 9688 9078 9939 
18595 8833 8399 9135 
18596 9469 9648 10176 
18597 7878 1126 9726 
18598 8768 9330 9808 
18599 8006 10500 10519 
18600 8097 9122 9123 
18601 7897 7911 7931 
18602 8722 1799 10070 
18603 7999 8000 8060 
18604 7967 7969 9646 
18605 8045 8326 9872 
18606 9620 9054 10028 
18607 8766 10013 10572 
18608 8531 1045 9730 
18609 8716 9569 10014 
18610 8135 8217 9674 
18611 8025 9573 9835 
18612 8312 8520 8717 
18613 8212 1852 10168 
18614 9775 8899 10525 
18615 10253 9318 10303 
18616 8076 9422 9947 
18617 8783 9742 9782 
18618 8800 8610 8899 
18619 8311 8389 8483 
18620 8051 7967 9646 
18621 8548 8549 9149 
18622 8334 8215 9685 
18623 9970 9142 10251 
18624 8741 9348 9633 
18625 8783 1545 9742 
18626 9394 8881 9680 
18627 8018 8204 8205 
18628 9436 9550 9551 
18629 1199 10066 10489 
18630 8226 8392 9675 
18631 9465 8437 9887 
18632 1782 1783 10085 
18633 9568 9225 10375 
18634 7892 7929 7930 
18635 9416 8802 9702 
18636 9231 8920 10262 
18637 9675 8966 10074 
18638 8863 8717 9312 
18639 8172 8526 8548 
18640 8040 8077 9796 
18641 8056 8055 9663 
18642 1791 1792 9651 
18643 9298 8528 10189 
18644 9103 9104 9719 
18645 8057 8541 9862 
18646 9316 9315 10012 
18647 8953 9627 9936 
18648 8008 9322 10336 
18649 8923 8403 9708 
18650 1335 7938 9803 
18651 9250 9855 9857 
18652 1525 8524 9773 
18653 7910 9875 10089 
18654 8686 9578 9579 
18655 1444 1445 10266 
18656 8397 10188 10266 
18657 9392 8984 9895 
18658 9995 8402 10552 
18659 1066 1067 8150 
18660 9238 10355 10499 
18661 1524 1525 9773 
18662 1211 8008 10142 
18663 7869 1223 10349 
18664 9029 10177 10377 
18665 9354 9565 10403 
18666 9180 9259 10474 
18667 1813 9541 10480 
18668 8426 8820 9628 
18669 8841 8842 9716 
18670 8489 9066 9880 
18671 9325 8622 10245 
18672 8676 9140 9667 
18673 9444 8460 9806 
18674 9596 9636 9747 
18675 1455 1456 9786 
18676 1045 1046 9730 
18677 9258 8688 9431 
18678 9148 8689 9871 
18679 9644 9128 10419 
18680 8543 8239 9752 
18681 1488 1489 7946 
18682 9009 8770 10019 
18683 9419 8817 10167 
18684 1046 8280 9730 
18685 8374 1410 9935 
18686 998 999 10241 
18687 8609 8253 8805 
18688 8658 9692 9921 
18689 8702 9023 10311 
18690 1787 1788 9727 
18691 8060 8127 8287 
18692 1460 8532 9777 
18693 8201 8492 8700 
18694 8906 9233 10202 
18695 7881 8073 9676 
18696 1060 1061 10071 
18697 8847 8853 9976 
18698 7993 8017 8018 
18699 7887 7919 8623 
18700 8392 8966 9675 
18701 8142 1120 9793 
18702 8917 9512 9848 
18703 7917 9535 10217 
18704 9612 8818 10131 
18705 8933 8934 8935 
18706 7874 1136 7977 
18707 1803 8294 9978 
18708 8162 8337 9711 
18709 1179 1180 8088 
18710 8521 8651 9681 
18711 8989 8798 10175 
18712 8876 8012 9839 
18713 8257 1022 8891 
18714 8605 8345 8779 
18715 1841 1842 10246 
18716 8417 1782 10085 
18717 8310 8308 8311 
18718 8194 8445 9663 
18719 8252 9488 10288 
18720 982 8377 9918 
18721 9108 1444 10266 
18722 9186 8504 9662 
18723 8282 8339 9667 
18724 1717 7897 9299 
18725 8360 8322 9768 
18726 956 8767 9859 
18727 1783 9026 10085 
18728 9378 9907 9964 
18729 9564 9995 10552 
18730 9586 8586 9994 
18731 9151 8549 9610 
18732 8112 7993 9714 
18733 1852 1853 10168 
18734 7918 9444 9710 
18735 8405 8518 8759 
18736 1103 8189 8190 
18737 8243 8154 9647 
18738 9464 9465 10092 
18739 1625 8099 9721 
18740 8431 8224 9717 
18741 8825 8826 10135 
18742 7974 7947 7975 
18743 9622 9660 10476 
18744 8254 8609 8610 
18745 9268 9103 9719 
18746 8001 1803 9978 
18747 1459 1460 9777 
18748 1426 8181 8201 
18749 8057 8058 8281 
18750 8055 8194 9663 
18751 8006 1239 10500 
18752 9564 9563 9995 
18753 8315 8314 8799 
18754 8541 8281 9668 
18755 7927 7926 7951 
18756 10043 8002 10269 
18757 7915 7881 9676 
18758 9185 9323 10503 
18759 1053 1054 9802 
18760 8014 8155 9677 
18761 8100 7905 9574 
18762 9795 9061 10452 
18763 8057 8281 8541 
18764 8407 8408 8499 
18765 9652 9757 10385 
18766 8819 9643 9772 
18767 9541 9672 10480 
18768 8157 9455 10126 
18769 8074 7975 8075 
18770 8548 8526 8549 
18771 10129 9383 10547 
18772 8027 1087 10536 
18773 8625 8856 9733 
18774 9391 7963 10119 
18775 8471 8189 8918 
18776 9014 1689 10299 
18777 1088 7906 8928 
18778 1190 8244 10137 
18779 8504 9237 9662 
18780 8219 8075 8220 
18781 8941 9744 10105 
18782 8407 8220 8408 
18783 9106 9683 9817 
18784 8551 9001 9723 
18785 8171 1819 9540 
18786 8098 8253 8254 
18787 8442 975 10086 
18788 1490 9235 10530 
18789 1892 1893 10043 
18790 8337 8495 9711 
18791 8483 9186 9689 
18792 8978 8804 9728 
18793 8524 9441 9773 
18794 8499 9373 9701 
18795 8492 8751 8859 
18796 9499 9436 9734 
18797 9634 9392 9895 
18798 8067 8421 9842 
18799 8643 1809 9800 
18800 8281 8684 9668 
18801 7998 7999 8137 
18802 9391 9162 10149 
18803 10063 8778 10339 
18804 8106 8275 8305 
18805 9315 8148 10012 
18806 1243 10468 10551 
18807 9455 8861 10065 
18808 8322 8325 9768 
18809 7956 1504 10289 
18810 9053 9050 9737 
18811 1121 7921 9793 
18812 1140 1141 10199 
18813 1123 8448 9769 
18814 9455 8157 10300 
18815 8650 9663 9851 
18816 10355 8468 10499 
18817 7964 9388 10332 
18818 8830 1817 10358 
18819 8222 8231 8525 
18820 8578 9706 9710 
18821 8747 8922 9293 
18822 1101 8699 9750 
18823 1238 8006 9841 
18824 1869 12 7924 
18825 8280 9725 10292 
18826 8797 9635 10442 
18827 9085 9086 10214 
18828 8961 8362 9664 
18829 9300 8851 10067 
18830 8305 8275 9428 
18831 7886 9413 9751 
18832 8201 8411 8492 
18833 958 8814 9977 
18834 9515 8276 10081 
18835 8259 9736 10206 
18836 9047 9259 10478 
18837 7946 1489 7947 
18838 7916 8784 8869 
18839 8260 1158 10073 
18840 8767 957 9977 
18841 9027 8491 9696 
18842 8150 1067 8151 
18843 9594 9596 9747 
18844 1008 8185 9739 
18845 8103 9407 10136 
18846 9651 10197 10370 
18847 9283 9881 10282 
18848 10002 8237 10422 
18849 8528 966 10380 
18850 8368 8127 9638 
18851 8043 1105 9244 
18852 8298 8100 9738 
18853 8898 1618 9905 
18854 8139 1285 9831 
18855 8555 8137 8556 
18856 1345 8111 9756 
18857 1285 1286 9831 
18858 1264 8315 8933 
18859 9246 7941 9896 
18860 8219 8220 8407 
18861 1568 1569 10393 
18862 8310 8311 9689 
18863 1502 8024 8222 
18864 1883 13 9854 
18865 1695 1696 9755 
18866 8883 8368 9638 
18867 8074 8075 8219 
18868 8254 8253 8609 
18869 8478 9321 9764 
18870 8231 8405 9643 
18871 7955 1071 10276 
18872 8371 9365 10244 
18873 9001 8774 9743 
18874 9662 8754 10120 
18875 8694 9809 9824 
18876 1141 8344 10199 
18877 8769 8734 10049 
18878 8654 8875 9720 
18879 8751 8411 8896 
18880 8222 8024 8231 
18881 7973 8050 8098 
18882 8457 953 9758 
18883 1817 7940 10358 
18884 7906 8086 8087 
18885 9281 8375 10018 
18886 1618 1619 9905 
18887 9208 9475 9753 
18888 7909 1133 10284 
18889 1122 1123 9769 
18890 9049 8727 10296 
18891 7890 7891 7892 
18892 9279 9011 9935 
18893 7882 1818 7957 
18894 9810 7956 10289 
18895 7974 7975 8074 
18896 8331 1892 10043 
18897 9136 9725 10033 
18898 7872 1459 9777 
18899 8832 8830 9832 
18900 1778 1779 10544 
18901 8134 1319 10329 
18902 9020 8579 9117 
18903 9104 9107 9719 
18904 8415 8458 8878 
18905 9192 9073 9762 
18906 8181 1427 8274 
18907 8202 8497 10037 
18908 8502 8503 10201 
18909 1174 1175 9899 
18910 8679 8433 8946 
18911 8038 8159 9705 
18912 7916 1786 8731 
18913 8472 9709 10223 
18914 7935 1078 10062 
18915 8427 8166 9759 
18916 9744 9584 10200 
18917 9534 9450 10048 
18918 1594 1595 10230 
18919 8476 9837 10502 
18920 9043 7871 10421 
18921 9346 8070 10320 
18922 8020 7930 9677 
18923 9960 8779 9974 
18924 8512 1522 9856 
18925 9081 9790 10521 
18926 8722 9369 10225 
18927 8160 8831 10295 
18928 7921 1122 9769 
18929 8747 8735 8922 
18930 9744 9166 10105 
18931 9408 9531 10549 
18932 8913 9028 9760 
18933 1456 8093 9786 
18934 8329 10024 10468 
18935 8054 1524 9773 
18936 9209 9210 10321 
18937 9309 8416 9789 
18938 10103 9179 10116 
18939 8284 1588 9787 
18940 8763 9310 10411 
18941 1796 1797 9833 
18942 8065 7895 8247 
18943 9170 1719 9171 
18944 7974 8074 8297 
18945 9397 8186 10044 
18946 1882 1883 10267 
18947 9272 9109 9800 
18948 9313 10131 10258 
18949 9725 9670 10292 
18950 7930 8014 9677 
18951 9525 9524 9926 
18952 8558 1891 10094 
18953 7973 7951 8049 
18954 8512 9856 9963 
18955 9648 7900 10176 
18956 9952 8147 10389 
18957 8317 8047 10172 
18958 9536 7932 10580 
18959 9040 8736 9888 
18960 8342 9042 9731 
18961 10002 8806 10003 
18962 8464 9126 10402 
18963 8708 9642 9974 
18964 8710 9678 9875 
18965 7966 8051 9858 
18966 1588 1589 9787 
18967 9592 9598 10163 
18968 8555 8556 8557 
18969 8339 8676 9667 
18970 8710 8205 9678 
18971 13 8447 9854 
18972 1029 1030 9795 
18973 8412 9272 10520 
18974 8694 8046 9809 
18975 9649 8531 9997 
18976 9480 8452 10061 
18977 8789 9833 9834 
18978 8579 8399 8833 
18979 7963 7893 10119 
18980 9576 8733 9954 
18981 8018 8708 9714 
18982 9120 9119 9979 
18983 1202 8157 10126 
18984 8525 8231 9643 
18985 9341 9798 10528 
18986 9367 8414 10161 
18987 9837 8476 10410 
18988 8263 8399 8579 
18989 1266 8042 10155 
18990 9616 8907 10390 
18991 9405 10224 10482 
18992 10188 9108 10266 
18993 8792 9141 9791 
18994 1030 8082 9795 
18995 8169 9604 10276 
18996 1589 8256 9787 
18997 8546 1406 9950 
18998 1522 1523 9856 
18999 8702 10311 10473 
19000 9312 1154 10425 
19001 9143 8934 9745 
19002 8609 8805 9144 
19003 9003 9522 10569 
19004 9643 8819 9932 
19005 10459 1501 10462 
19006 1809 1810 9800 
19007 8267 8152 8410 
19008 8394 1148 9884 
19009 8838 1250 9923 
19010 1756 8567 10426 
19011 10014 9569 10313 
19012 8204 8312 9678 
19013 8390 9575 10098 
19014 8584 9197 10056 
19015 8763 1394 9903 
19016 9542 9543 9883 
19017 1750 1751 9836 
19018 9639 9638 10248 
19019 9660 9359 10476 
19020 8239 8650 9752 
19021 8890 9809 9872 
19022 9400 8374 10467 
19023 8050 8049 8278 
19024 8205 8204 9678 
19025 9640 9483 9807 
19026 7916 8731 8784 
19027 9008 8711 9874 
19028 9071 9068 9996 
19029 1488 8207 9757 
19030 8031 9908 10160 
19031 9548 9311 9883 
19032 9551 9554 9734 
19033 9454 9455 10300 
19034 1148 1149 9884 
19035 9907 9389 9964 
19036 8778 9466 10148 
19037 9323 8570 10503 
19038 9442 1768 10524 
19039 8230 10212 10304 
19040 1120 1121 9793 
19041 9453 9494 10217 
19042 1891 8271 10094 
19043 8367 8915 9696 
19044 8470 8197 9231 
19045 7946 7947 7974 
19046 9644 8363 10115 
19047 9678 8863 9875 
19048 9259 9217 10449 
19049 8605 9266 10038 
19050 9663 8445 9851 
19051 8092 9340 10124 
19052 8571 10068 10127 
19053 7925 7926 7927 
19054 7890 7889 7891 
19055 8733 1585 10106 
19056 8312 8863 9678 
19057 9365 7933 10244 
19058 8097 9123 9720 
19059 9813 10459 10462 
19060 9494 7917 10217 
19061 8425 8426 8646 
19062 8636 8634 9779 
19063 8400 9273 10198 
19064 1686 8036 10048 
19065 1869 7924 8072 
19066 1586 1587 9801 
19067 1332 8059 10036 
19068 1528 1529 10448 
19069 9342 8854 10578 
19070 9543 9548 9883 
19071 8796 8242 10095 
19072 8859 8751 9656 
19073 8052 9970 10251 
19074 9641 9115 10130 
19075 7912 9516 10119 
19076 8757 9458 10383 
19077 9793 7921 10052 
19078 8971 8973 10449 
19079 1394 1395 9903 
19080 8758 8757 10383 
19081 9282 7991 9966 
19082 8345 8112 9714 
19083 8410 8152 8968 
19084 1529 8592 10448 
19085 8263 8190 8399 
19086 1679 1680 9775 
19087 8098 8050 8253 
19088 8950 9054 10278 
19089 8960 1851 10527 
19090 8777 9377 10407 
19091 8612 1833 10151 
19092 8951 9498 10229 
19093 9933 9570 10128 
19094 9273 8558 10094 
19095 7953 1263 10533 
19096 8761 8917 9798 
19097 8772 9618 9732 
19098 8718 9564 9838 
19099 9608 8692 10082 
19100 8828 8648 9868 
19101 9494 8685 10336 
19102 10088 9092 10240 
19103 1764 7880 10087 
19104 9466 8778 10063 
19105 1173 1174 10191 
19106 8060 8340 9749 
19107 9388 8902 10332 
19108 8840 8839 9778 
19109 9749 8752 9937 
19110 8520 8954 9722 
19111 9680 9740 9783 
19112 9261 8836 9262 
19113 8879 8419 10333 
19114 8519 9810 10289 
19115 9459 8843 10383 
19116 7927 7951 7973 
19117 8682 9953 10206 
19118 981 982 9918 
19119 8492 8411 8751 
19120 1830 1831 10337 
19121 9697 8615 9939 
19122 8131 9499 9734 
19123 8810 9415 10052 
19124 8491 8287 9696 
19125 7924 12 7925 
19126 8287 8367 9696 
19127 8606 8629 9818 
19128 9683 9590 9817 
19129 1038 1039 9877 
19130 8373 1038 9877 
19131 1445 1446 10266 
19132 8190 8189 8471 
19133 9556 9557 9805 
19134 1561 8716 10014 
19135 8542 1053 9802 
19136 9948 9532 10475 
19137 8164 9425 10265 
19138 8373 9375 10351 
19139 8103 1335 9803 
19140 1751 8785 9836 
19141 8488 8347 9782 
19142 8354 9840 10377 
19143 8838 10182 10183 
19144 8784 9366 9699 
19145 8993 9577 10345 
19146 8181 8274 9913 
19147 9808 9330 10186 
19148 8900 9079 10332 
19149 7991 1787 9727 
19150 9250 9251 9855 
19151 8311 8483 9689 
19152 9661 8834 10580 
19153 8534 9632 9703 
19154 1054 1055 9862 
19155 8341 8283 8653 
19156 10225 10046 10254 
19157 9746 9366 10144 
19158 7973 8049 8050 
19159 997 998 10075 
19160 10388 10149 10435 
19161 9830 8092 10469 
19162 9886 8183 9960 
19163 9006 9481 10515 
19164 1134 9625 10284 
19165 1447 1448 9852 
19166 8717 8520 9722 
19167 1446 8397 10266 
19168 8725 9740 10134 
19169 8087 8227 10050 
19170 8795 1732 9909 
19171 8987 9393 10213 
19172 8186 7929 10044 
19173 8159 8040 9796 
19174 7993 8018 9714 
19175 9577 8118 10345 
19176 9015 1771 10460 
19177 1843 1844 10497 
19178 8437 9386 9887 
19179 8236 9641 10130 
19180 1857 1858 10461 
19181 9528 8144 10538 
19182 8633 8632 10516 
19183 1633 9045 9820 
19184 1521 8512 9885 
19185 1833 1834 10151 
19186 9111 9433 10394 
19187 9502 9504 10208 
19188 8306 9363 9878 
19189 7998 8137 8555 
19190 1595 8353 10230 
19191 9086 9510 10571 
19192 1329 1330 10355 
19193 9340 8183 9886 
19194 8933 8315 8934 
19195 8474 8229 10441 
19196 8201 8181 8411 
19197 9615 8588 10084 
19198 977 8522 10211 
19199 8878 8932 9804 
19200 1220 1221 9983 
19201 8678 9230 9949 
19202 8570 8245 10503 
19203 9313 8505 10131 
19204 9559 9553 10481 
19205 8554 8913 10182 
19206 8109 1442 10563 
19207 8104 8103 10136 
19208 8096 1819 8171 
19209 1492 1493 9811 
19210 1218 1219 10315 
19211 8578 8425 9706 
19212 9703 9362 10015 
19213 8515 969 9898 
19214 8221 8075 9712 
19215 8028 9490 9953 
19216 9014 10299 10512 
19217 8303 8470 8705 
19218 8237 10002 10003 
19219 9377 9129 10039 
19220 8705 9021 9356 
19221 1715 8026 9846 
19222 9375 8373 9877 
19223 8358 8722 10225 
19224 8037 1686 10048 
19225 8235 1111 9826 
19226 8588 8422 10238 
19227 9483 9327 9807 
19228 8314 1265 9046 
19229 8793 955 9859 
19230 9436 9551 9734 
19231 8222 8525 9813 
19232 8473 9120 10079 
19233 8575 1711 9916 
19234 1039 7898 9877 
19235 1417 8704 9968 
19236 8429 9158 10488 
19237 9415 9793 10052 
19238 7957 9828 9959 
19239 8172 8415 8526 
19240 8119 9570 9933 
19241 1714 1715 9846 
19242 1066 8150 8321 
19243 8288 8268 9825 
19244 8500 9978 10233 
19245 9636 7935 10062 
19246 1757 1758 9830 
19247 8455 1261 9934 
19248 1416 1417 9968 
19249 9212 9756 10420 
19250 8100 9574 9738 
19251 8959 8993 10345 
19252 8856 8857 9827 
19253 1330 8468 10355 
19254 8072 8197 8303 
19255 9310 9903 10330 
19256 8657 8655 9797 
19257 8172 8171 8415 
19258 7963 10149 10388 
19259 8397 1447 9852 
19260 1851 8085 10527 
19261 8537 1487 9757 
19262 8313 9762 9781 
19263 1016 1017 9904 
19264 10 7882 7883 
19265 8582 1218 10315 
19266 8732 9622 9965 
19267 1055 8057 9862 
19268 9546 8867 10237 
19269 8870 8636 10220 
19270 1019 8067 9842 
19271 8885 8748 9967 
19272 9271 8862 10421 
19273 8278 8578 9788 
19274 8258 10344 10406 
19275 9139 9861 10532 
19276 1328 1329 10355 
19277 8573 9185 10503 
19278 10056 9197 10567 
19279 9440 8740 10435 
19280 9762 9780 9781 
19281 8895 8967 10123 
19282 970 8930 9898 
19283 8278 8049 8279 
19284 8930 9389 9907 
19285 9119 8590 9763 
19286 8219 8409 9774 
19287 9782 9742 10256 
19288 7914 7970 10291 
19289 9327 9328 10041 
19290 9164 9163 10099 
19291 8354 1016 9904 
19292 9133 10035 10210 
19293 8348 9402 10270 
19294 8839 9347 10320 
19295 8148 1351 10513 
19296 1237 1238 9841 
19297 9430 8812 10143 
19298 9978 9176 10233 
19299 9880 9066 10180 
19300 9171 1719 9376 
19301 9066 8925 10031 
19302 1136 7954 10005 
19303 9400 8566 10212 
19304 9635 10308 10442 
19305 9523 9522 10002 
19306 1488 7946 8207 
19307 968 8515 10293 
19308 1749 8158 10247 
19309 9734 9554 9955 
19310 9588 8778 10148 
19311 9051 9052 10526 
19312 8623 7919 9666 
19313 1523 8054 9856 
19314 9673 8351 9784 
19315 9410 9411 10451 
19316 9816 8064 10361 
19317 9512 8864 9848 
19318 9378 8459 9907 
19319 8413 9250 9857 
19320 1733 8487 9909 
19321 8425 8646 9706 
19322 8012 1450 9839 
19323 7933 1400 10244 
19324 9377 8508 9969 
19325 7946 7974 9930 
19326 1079 8177 10062 
19327 9057 8780 9815 
19328 9876 9097 10406 
19329 8191 1266 10155 
19330 8186 9395 10562 
19331 7934 1362 10228 
19332 8267 8747 9765 
19333 955 956 9859 
19334 8150 8151 8324 
19335 1876 8062 10419 
19336 9559 7954 9902 
19337 8653 8836 9261 
19338 9379 9275 9873 
19339 8997 8978 9847 
19340 8411 8181 9913 
19341 9132 9364 10035 
19342 1412 10286 10539 
19343 9215 9070 9844 
19344 9798 8917 10528 
19345 9397 10044 10138 
19346 8447 1870 9821 
19347 1221 1222 10000 
19348 9045 1634 10388 
19349 8151 8152 8267 
19350 10 7883 8029 
19351 9838 9295 10242 
19352 8361 1785 10558 
19353 9728 8335 9735 
19354 8408 8220 9822 
19355 8395 1405 10165 
19356 8864 9490 10508 
19357 7891 8114 10044 
19358 8206 8429 10488 
19359 9105 9102 9816 
19360 1040 1041 10121 
19361 8530 9421 10342 
19362 10153 9891 10346 
19363 9429 9676 10227 
19364 8096 8171 8172 
19365 8185 1009 10134 
19366 1378 1379 10334 
19367 9631 8003 10322 
19368 8653 8283 8836 
19369 9712 8091 9713 
19370 8812 9173 10209 
19371 9238 1328 10355 
19372 8760 9700 10461 
19373 8376 1207 9893 
19374 1261 1262 9934 
19375 8430 8781 9863 
19376 9318 9925 10310 
19377 1207 1208 9893 
19378 9369 10046 10225 
19379 8990 9362 9810 
19380 1356 1357 10532 
19381 9825 8825 10135 
19382 7975 8091 9712 
19383 1603 8319 10181 
19384 8421 9394 9842 
19385 8577 1611 10030 
19386 1149 8131 9884 
19387 1704 1705 9985 
19388 9028 8432 9860 
19389 8742 8743 9861 
19390 9979 8321 10501 
19391 1634 7875 10388 
19392 1571 1572 10253 
19393 9508 8862 10333 
19394 8869 8784 9699 
19395 8048 9695 10341 
19396 8939 1704 9985 
19397 8541 9670 9862 
19398 8716 9484 9919 
19399 1645 1646 10304 
19400 1341 1342 10280 
19401 8736 8420 9843 
19402 9561 8025 9835 
19403 8151 1067 8152 
19404 9179 10103 10573 
19405 8095 8096 8283 
19406 8082 1031 10287 
19407 8967 9333 10307 
19408 8943 8506 10479 
19409 8695 8694 9823 
19410 1077 7935 9890 
19411 8075 7975 9712 
19412 9468 8008 10336 
19413 10108 9085 10214 
19414 8699 9289 10263 
19415 8689 8691 9871 
19416 8717 9722 10001 
19417 8920 9785 10262 
19418 9590 9280 9817 
19419 9149 10207 10519 
19420 8794 9733 10108 
19421 9571 9572 9814 
19422 8183 9654 9960 
19423 7999 8060 9749 
19424 1172 7959 10579 
19425 8947 8408 10175 
19426 8805 8253 9788 
19427 9677 8155 9776 
19428 9299 7897 9933 
19429 9345 8274 10436 
19430 9919 9484 9964 
19431 7925 7927 7928 
19432 8412 9672 9818 
19433 1839 8052 10352 
19434 1569 1570 10008 
19435 1084 1085 10164 
19436 7989 1164 10116 
19437 1646 8230 10304 
19438 9424 10014 10313 
19439 8702 9442 10524 
19440 9897 8099 9914 
19441 8335 9351 10042 
19442 8293 8633 9993 
19443 8372 9041 9951 
19444 8572 9419 9894 
19445 7982 8749 9945 
19446 9052 9053 10335 
19447 9149 9150 10207 
19448 1395 7978 9903 
19449 7970 7966 9858 
19450 8160 9258 10309 
19451 8707 9718 9771 
19452 9520 9400 10467 
19453 9375 9133 10351 
19454 10057 8949 10278 
19455 1017 8486 9904 
19456 8899 8610 9754 
19457 8233 1830 10337 
19458 8385 1603 10181 
19459 8099 9381 9914 
19460 8445 8828 9851 
19461 9771 9586 9994 
19462 9987 8722 10070 
19463 1520 1521 9885 
19464 1742 1743 10180 
19465 8578 9710 10398 
19466 10205 10154 10517 
19467 8648 8771 9868 
19468 8888 8614 9896 
19469 1540 1541 10366 
19470 1208 7939 9893 
19471 9362 9361 10015 
19472 1520 9885 10281 
19473 8310 9689 9864 
19474 8203 8596 9889 
19475 1312 7902 10368 
19476 9193 9005 9951 
19477 8137 7999 9749 
19478 9740 8185 10134 
19479 8984 8982 9895 
19480 9707 8956 10295 
19481 1405 8424 10165 
19482 1605 7903 10283 
19483 8778 8086 10339 
19484 8439 1649 9992 
19485 8095 1819 8096 
19486 969 970 9898 
19487 1500 1501 10459 
19488 8903 8905 9897 
19489 9151 9611 10574 
19490 10565 9958 10584 
19491 8705 8470 9021 
19492 8182 10084 10156 
19493 8324 9814 9901 
19494 8926 9214 9882 
19495 8159 9790 10414 
19496 9363 8654 10564 
19497 9135 8399 9812 
19498 8108 9891 10153 
19499 8405 8759 9772 
19500 7903 1606 10112 
19501 1175 7885 9899 
19502 8610 8609 9754 
19503 9286 9287 9918 
19504 8468 10036 10499 
19505 9637 9221 9879 
19506 9661 8108 10153 
19507 8220 8221 9822 
19508 1842 8021 10246 
19509 9411 9545 10451 
19510 1090 8003 10514 
19511 1494 8819 10102 
19512 1158 8393 10073 
19513 9636 9599 10555 
19514 1491 1492 10360 
19515 9169 8808 10204 
19516 7978 9542 9883 
19517 8391 8489 9880 
19518 8903 9897 9914 
19519 1619 8472 9905 
19520 9799 8109 10563 
19521 10143 8812 10209 
19522 7883 7889 7890 
19523 9300 8244 10578 
19524 8869 9588 10148 
19525 9953 8682 10218 
19526 8909 9324 10236 
19527 8788 8417 10085 
19528 9484 9378 9964 
19529 8131 9734 9955 
19530 1599 1600 10027 
19531 7872 9777 10208 
19532 10147 8633 10516 
19533 8865 9364 10233 
19534 8207 7946 9930 
19535 8303 8197 8470 
19536 9627 7888 9936 
19537 1597 1598 10391 
19538 1826 1827 10413 
19539 9762 9073 9780 
19540 9181 9339 10493 
19541 1262 7953 9934 
19542 9545 9411 10115 
19543 8116 1416 9968 
19544 8172 8548 9829 
19545 9492 8291 10083 
19546 8586 1512 9994 
19547 1649 1650 9992 
19548 1732 1733 9909 
19549 9031 9065 10356 
19550 8939 9952 10389 
19551 8425 8279 8426 
19552 8838 9923 10182 
19553 1085 9591 10164 
19554 8066 9587 9958 
19555 8292 8702 10524 
19556 9583 8890 9872 
19557 1642 8033 9988 
19558 8457 9758 9855 
19559 9289 9659 10263 
19560 9822 8989 10175 
19561 1622 1623 9929 
19562 7996 1259 10021 
19563 9059 10078 10302 
19564 1711 1712 9916 
19565 1691 8357 9906 
19566 9785 8134 10329 
19567 8630 8631 9980 
19568 9817 7961 10522 
19569 1712 8115 9916 
19570 8901 8903 9914 
19571 8467 9338 9919 
19572 9610 8526 10051 
19573 1752 1753 10364 
19574 8360 9768 10194 
19575 1623 8449 9929 
19576 9643 8405 9772 
19577 8074 8219 9774 
19578 7883 7882 7889 
19579 9872 8326 10019 
19580 8613 9501 10100 
19581 8088 9403 9404 
19582 9629 8868 10243 
19583 8579 8833 9766 
19584 8115 1713 9943 
19585 8072 7924 8197 
19586 9175 8710 9875 
19587 8711 9175 9874 
19588 1135 7887 9624 
19589 1665 8031 10160 
19590 7935 9636 10555 
19591 8278 8279 8425 
19592 9707 9096 9828 
19593 1573 8536 9925 
19594 10008 8884 10189 
19595 1250 1251 9923 
19596 8995 9247 10511 
19597 9123 9122 9920 
19598 1512 1513 9994 
19599 1143 8048 10341 
19600 10036 9493 10499 
19601 8753 9576 10029 
19602 1713 1714 9943 
19603 8833 9135 9865 
19604 8866 9462 10216 
19605 8114 7889 9959 
19606 8414 1622 9929 
19607 8115 9943 9944 
19608 9116 9343 10494 
19609 8679 9178 9942 
19610 9042 9938 10589 
19611 9269 8835 10577 
19612 9989 7909 10284 
19613 9219 9830 10469 
19614 8011 9847 10192 
19615 9096 8832 10138 
19616 7923 10065 10066 
19617 9227 9226 10139 
19618 8609 9144 9754 
19619 8562 9634 9895 
19620 10147 8918 10444 
19621 10082 9213 10541 
19622 7922 1205 9961 
19623 1205 1206 9961 
19624 9117 8579 9766 
19625 1222 7869 10000 
19626 9865 9135 9982 
19627 8467 9919 9964 
19628 9215 9844 9845 
19629 9902 8948 10409 
19630 1410 1411 9935 
19631 9427 7884 10508 
19632 1305 1306 10125 
19633 8615 8538 9939 
19634 1306 8562 10125 
19635 8547 8963 10093 
19636 9858 9049 10296 
19637 1041 1042 10556 
19638 7901 1220 9983 
19639 9361 8221 10170 
19640 1739 1740 9927 
19641 1177 1178 9941 
19642 1091 1092 10272 
19643 9025 9650 10038 
19644 1047 1048 10033 
19645 9002 8980 10327 
19646 9225 9224 10375 
19647 1402 1403 10305 
19648 1334 7896 10429 
19649 9524 8811 9926 
19650 9046 9047 10282 
19651 9372 9764 10037 
19652 9523 10002 10422 
19653 9238 9492 10083 
19654 9055 9216 9947 
19655 9705 8159 10414 
19656 7901 9359 10315 
19657 9460 9031 10356 
19658 8886 1378 10334 
19659 9310 9118 10411 
19660 9519 7932 10319 
19661 8436 9949 10172 
19662 8178 9760 10434 
19663 1176 1177 10020 
19664 9012 9154 9952 
19665 9606 9890 10555 
19666 7951 7926 8469 
19667 9087 8678 9949 
19668 1259 1260 10021 
19669 8932 9220 10301 
19670 9586 8385 10181 
19671 1048 9136 10033 
19672 8528 9336 10189 
19673 9152 9151 10574 
19674 1092 9039 10272 
19675 9385 8180 10445 
19676 8925 8926 9927 
19677 8556 8137 9937 
19678 9500 8768 9922 
19679 9688 8247 10007 
19680 9568 9566 10314 
19681 1072 8169 10276 
19682 9292 8546 9950 
19683 9379 8791 10318 
19684 8338 8058 10026 
19685 8020 9637 10498 
19686 8751 8896 9792 
19687 7892 8020 10498 
19688 8815 9027 9906 
19689 8703 8117 10078 
19690 9621 8681 10018 
19691 7991 9727 10416 
19692 8876 9839 9917 
19693 1206 8376 9961 
19694 9314 8760 10461 
19695 9389 8467 9964 
19696 8649 9679 10512 
19697 9730 9669 10548 
19698 9534 8882 10061 
19699 9334 7922 10447 
19700 9653 10317 10390 
19701 8117 7984 10302 
19702 8297 8074 9774 
19703 9299 9933 10128 
19704 8505 10092 10131 
19705 9673 9905 10223 
19706 9642 8712 9886 
19707 9532 8286 9928 
19708 1612 1613 10017 
19709 9490 8880 9953 
19710 9498 8729 9963 
19711 10024 8329 10458 
19712 1586 9801 10106 
19713 8409 9701 10540 
19714 8253 8050 9788 
19715 8656 8658 9921 
19716 7888 7874 9936 
19717 8165 9744 10200 
19718 1801 1802 10440 
19719 1698 1699 10032 
19720 9834 8321 10158 
19721 1699 8897 10032 
19722 8832 9397 10138 
19723 8050 8278 9788 
19724 8859 9408 10549 
19725 1132 7909 10120 
19726 7923 1201 10126 
19727 8095 8341 9869 
19728 8234 8146 10222 
19729 1811 8412 10520 
19730 7952 9044 10013 
19731 8294 9176 9978 
19732 8013 8186 10562 
19733 10122 9661 10580 
19734 10056 9043 10421 
19735 7949 1471 10379 
19736 1848 8996 10557 
19737 8790 9532 9948 
19738 8705 9357 10324 
19739 957 958 9977 
19740 9417 8175 9975 
19741 7973 8098 9850 
19742 7983 9156 10133 
19743 8849 8847 9976 
19744 9841 9153 10132 
19745 1688 9014 10404 
19746 9493 8059 10487 
19747 1884 1885 10535 
19748 8003 9631 10514 
19749 7970 10237 10291 
19750 9554 9556 9955 
19751 9584 986 10200 
19752 9272 9800 10520 
19753 9753 7934 10228 
19754 8930 9767 9898 
19755 8834 9661 10153 
19756 8399 8190 9812 
19757 7932 1724 10122 
19758 9142 8776 10430 
19759 8877 9421 10234 
19760 1724 1725 10122 
19761 7957 1818 9869 
19762 8608 1664 10160 
19763 9563 8829 9995 
19764 1003 1004 9981 
19765 9656 8751 9792 
19766 10109 9342 10578 
19767 1818 8095 9869 
19768 1705 7988 9985 
19769 8724 10418 10566 
19770 9658 9657 10417 
19771 8433 9270 9987 
19772 9945 8749 10392 
19773 1401 8371 10244 
19774 9054 9055 10028 
19775 8264 8995 10053 
19776 9521 8893 10260 
19777 9585 9332 10561 
19778 8772 9732 9867 
19779 9783 9740 9840 
19780 1289 1290 10396 
19781 9812 8471 10162 
19782 8468 1331 10036 
19783 9307 9116 10494 
19784 9843 8420 10100 
19785 9377 9969 10407 
19786 9823 8694 9824 
19787 1338 1339 10259 
19788 1847 1848 10557 
19789 1000 8721 9984 
19790 8031 9496 10041 
19791 7931 8119 9933 
19792 8196 8613 10100 
19793 1386 9523 10422 
19794 9041 9199 10091 
19795 8703 9333 10587 
19796 1731 8795 10097 
19797 8291 1326 10083 
19798 9942 9074 10456 
19799 9815 8780 10009 
19800 7960 9410 10023 
19801 9480 10061 10576 
19802 9733 8041 10108 
19803 994 995 10277 
19804 1260 8455 10021 
19805 9721 8099 9897 
19806 9004 10154 10504 
19807 8137 9749 9937 
19808 10024 8962 10468 
19809 9800 1810 10520 
19810 9997 8531 10548 
19811 9424 1560 10014 
19812 1771 1772 10460 
19813 1181 1182 10007 
19814 8992 1490 10530 
19815 8423 9609 10453 
19816 8190 8471 9812 
19817 1414 1415 9998 
19818 9710 9444 9806 
19819 1652 8895 10169 
19820 9048 9755 9870 
19821 9218 8260 10073 
19822 9450 8037 10048 
19823 1536 8706 10328 
19824 7897 7931 9933 
19825 9694 8841 10271 
19826 10039 9129 10573 
19827 8270 8796 10236 
19828 8300 1816 10309 
19829 8977 9012 10006 
19830 1127 1128 10004 
19831 8789 9834 9901 
19832 1249 8838 10331 
19833 1462 7948 10022 
19834 8426 9628 10179 
19835 7885 1176 10020 
19836 1613 8563 10017 
19837 1339 8714 10259 
19838 10004 9051 10526 
19839 1570 8884 10008 
19840 9458 9459 10383 
19841 8818 9437 10258 
19842 8532 1461 10022 
19843 1243 1244 10468 
19844 9332 9586 10181 
19845 8452 9534 10061 
19846 8400 994 10277 
19847 8911 1534 10054 
19848 9369 8210 10046 
19849 9221 9082 10559 
19850 9863 8781 9894 
19851 7990 1388 10047 
19852 8740 8427 10010 
19853 9847 8978 10192 
19854 8086 1089 10339 
19855 1560 1561 10014 
19856 9267 9268 10517 
19857 1436 1437 10218 
19858 8799 8314 9881 
19859 8681 9715 10018 
19860 8447 9821 9853 
19861 9231 8197 10016 
19862 8632 10141 10516 
19863 7960 10023 10151 
19864 8896 8411 9913 
19865 9567 8732 9965 
19866 8946 9987 10070 
19867 9323 8639 10338 
19868 8559 8293 9993 
19869 8450 8877 10234 
19870 9068 8807 9996 
19871 9710 9806 10398 
19872 9666 8310 9864 
19873 9243 8149 10049 
19874 9624 8623 9625 
19875 1461 1462 10022 
19876 10087 7880 10291 
19877 8849 9976 10067 
19878 9347 9346 10320 
19879 9828 7957 10235 
19880 8015 7895 8065 
19881 1740 1741 10031 
19882 8026 10128 10354 
19883 8492 8859 10549 
19884 8775 9142 9970 
19885 9522 8806 10002 
19886 8645 8450 10234 
19887 9344 8093 10298 
19888 9081 8988 10025 
19889 987 8165 10200 
19890 8480 1599 10027 
19891 9768 10133 10194 
19892 9654 8779 9960 
19893 992 993 10457 
19894 9036 9038 10430 
19895 9791 9257 10464 
19896 8718 9838 10242 
19897 8607 1730 10097 
19898 8088 9167 9403 
19899 1365 1366 10195 
19900 9923 9385 10182 
19901 7945 1698 10032 
19902 8498 9368 10029 
19903 9319 9320 10142 
19904 9851 9241 10347 
19905 8524 1526 10080 
19906 9492 9238 10499 
19907 1331 1332 10036 
19908 8488 9782 10256 
19909 1863 1864 10397 
19910 9089 9493 10487 
19911 10210 9064 10351 
19912 1388 1389 10047 
19913 9827 10363 10420 
19914 1526 1527 10080 
19915 9330 8706 10186 
19916 8280 1047 10033 
19917 8149 9888 10049 
19918 9422 8076 10448 
19919 9298 10189 10303 
19920 9074 10026 10456 
19921 8135 9674 10429 
19922 993 8400 10457 
19923 1324 1325 10523 
19924 9530 8645 10234 
19925 1389 8698 10047 
19926 9827 8857 10363 
19927 9040 9888 10306 
19928 9784 9460 10011 
19929 8500 8001 9978 
19930 9829 8548 10215 
19931 9811 8759 10360 
19932 8682 1436 10218 
19933 9927 8926 10064 
19934 1104 8043 10444 
19935 1294 1295 10042 
19936 1855 8527 10255 
19937 8344 1142 10341 
19938 8913 9760 10183 
19939 9059 8931 10078 
19940 7898 1040 10121 
19941 1366 8173 10195 
19942 8077 9539 10386 
19943 1295 8335 10042 
19944 8860 9880 10180 
19945 8986 10174 10327 
19946 8594 8202 10037 
19947 1592 1593 10057 
19948 8300 9431 9990 
19949 1363 8720 10228 
19950 10151 10023 10384 
19951 1534 1535 10054 
19952 8750 9658 10518 
19953 9357 9580 10324 
19954 8911 10273 10308 
19955 8808 8810 10204 
19956 1738 1739 10064 
19957 9343 8461 10494 
19958 10012 8148 10513 
19959 7874 7977 9936 
19960 9837 8785 10502 
19961 9360 7989 10560 
19962 1475 1476 10219 
19963 8076 1528 10448 
19964 9291 9292 9992 
19965 7927 7973 9850 
19966 8600 9660 10346 
19967 8345 9714 9974 
19968 9403 9168 10190 
19969 10317 8343 10390 
19970 1236 1237 10132 
19971 9324 9323 10338 
19972 9789 9081 10025 
19973 7877 9639 10248 
19974 9235 1491 10360 
19975 1492 9811 10360 
19976 8754 1131 10120 
19977 1131 1132 10120 
19978 8827 8331 10043 
19979 7985 1592 10057 
19980 7952 10013 10224 
19981 9630 9466 10063 
19982 8258 1475 10219 
19983 9033 8476 10502 
19984 9556 9805 10353 
19985 9565 8243 10403 
19986 8096 8172 9829 
19987 10232 8947 10378 
19988 1631 8837 10081 
19989 8129 1236 10132 
19990 9359 7901 10476 
19991 9760 8178 10183 
19992 8321 9834 10501 
19993 8051 9646 10387 
19994 1191 1192 10058 
19995 8509 980 10060 
19996 1327 9238 10083 
19997 1422 8330 10107 
19998 7926 12 9819 
19999 7929 7891 10044 
20000 8244 1191 10058 
20001 1078 1079 10062 
20002 8861 9457 10065 
20003 8928 7906 10050 
20004 7903 9373 10283 
20005 9339 8643 10493 
20006 9457 8927 10068 
20007 996 997 10431 
20008 9958 8557 10584 
20009 8851 8849 10067 
20010 8146 8381 10222 
20011 8822 9110 10101 
20012 9839 8955 9917 
20013 9886 8712 10124 
20014 7877 1294 10042 
20015 8276 1630 10081 
20016 8415 8878 10051 
20017 1638 1639 10297 
20018 9133 9132 10035 
20019 8706 1537 10186 
20020 7953 9732 9934 
20021 8684 9741 9997 
20022 9921 9692 10586 
20023 9602 9601 10074 
20024 8563 1614 10428 
20025 9448 9164 10099 
20026 8862 8584 10056 
20027 1326 1327 10083 
20028 8644 1382 10118 
20029 1527 8076 10080 
20030 7974 8297 9930 
20031 9737 8051 10387 
20032 8929 9924 10261 
20033 1630 1631 10081 
20034 8088 1180 9167 
20035 9215 9845 10396 
20036 10096 8371 10545 
20037 1548 8320 10408 
20038 975 976 10086 
20039 9924 9192 10261 
20040 8375 9621 10018 
20041 1739 9927 10064 
20042 8692 9213 10082 
20043 9922 1540 10366 
20044 8768 9808 9922 
20045 9462 8212 10216 
20046 7959 9969 10579 
20047 1763 1764 10087 
20048 1453 1454 10166 
20049 9650 8605 10038 
20050 1421 1422 10107 
20051 9949 9230 10172 
20052 8780 9033 10009 
20053 8836 8283 9829 
20054 1547 1548 10408 
20055 8061 1129 10171 
20056 9030 8390 10098 
20057 8698 1390 10157 
20058 1493 1494 10102 
20059 9605 8227 10415 
20060 9294 9521 10260 
20061 10074 9601 10415 
20062 9043 10056 10567 
20063 7977 1136 10005 
20064 9274 8821 10090 
20065 9966 7991 10416 
20066 9088 9089 10487 
20067 1800 1801 10069 
20068 8736 9843 9888 
20069 9491 9505 10034 
20070 8646 9690 10365 
20071 1287 8105 10582 
20072 9847 8011 10249 
20073 8256 9620 10028 
20074 9821 8402 10485 
20075 8201 8700 10361 
20076 9668 8684 9997 
20077 8505 9464 10092 
20078 9714 8708 9974 
20079 9543 8236 10130 
20080 10148 8361 10558 
20081 9549 8906 10202 
20082 7921 9770 10052 
20083 1370 1371 10203 
20084 8271 8782 10094 
20085 8283 8096 9829 
20086 8329 1245 10150 
20087 9413 9002 10412 
20088 9998 9107 10522 
20089 9428 8275 10279 
20090 9206 10178 10472 
20091 1219 7901 10315 
20092 9312 8717 10001 
20093 8242 9092 10095 
20094 1165 1166 10103 
20095 1480 8179 10104 
20096 8653 9549 10202 
20097 9239 9852 10167 
20098 1854 1855 10255 
20099 8072 8303 8813 
20100 1664 1665 10160 
20101 1130 8754 10171 
20102 1014 1015 10177 
20103 1159 8401 10410 
20104 8623 9666 9864 
20105 8892 9382 10256 
20106 10088 8588 10238 
20107 1166 8168 10103 
20108 8990 9810 10243 
20109 10055 8870 10220 
20110 9309 9789 10025 
20111 1779 8485 10544 
20112 9917 8955 10166 
20113 1585 1586 10106 
20114 1196 1197 10127 
20115 8374 9935 10467 
20116 1853 8724 10168 
20117 1390 1391 10157 
20118 1382 1383 10118 
20119 1010 8725 10134 
20120 8439 9537 10076 
20121 9529 9000 10587 
20122 1164 1165 10116 
20123 1197 8571 10127 
20124 1834 7960 10151 
20125 9025 10038 10484 
20126 8393 9057 10073 
20127 8319 9332 10181 
20128 10222 8381 10290 
20129 1730 1731 10097 
20130 8070 9778 10320 
20131 8371 10305 10545 
20132 1057 8679 10456 
20133 10025 8988 10213 
20134 1657 8718 10242 
20135 9405 7952 10224 
20136 9607 8928 10050 
20137 9583 9872 10019 
20138 9257 9837 10464 
20139 7887 8623 9624 
20140 8744 9417 10571 
20141 8138 8378 10552 
20142 1371 9098 10203 
20143 1816 8160 10309 
20144 9206 9207 10178 
20145 9674 9232 10429 
20146 8770 9583 10019 
20147 8779 8345 9974 
20148 1689 1690 10299 
20149 1194 1195 10193 
20150 1026 1027 10453 
20151 1074 1075 10159 
20152 1201 1202 10126 
20153 7980 1305 10125 
20154 1009 1010 10134 
20155 8412 1812 10480 
20156 10176 9360 10560 
20157 8836 9829 10215 
20158 9638 8000 10248 
20159 1015 8354 10177 
20160 1075 8641 10159 
20161 1391 7936 10157 
20162 9625 8623 9864 
20163 8829 1660 10590 
20164 8004 1196 10127 
20165 1743 8860 10180 
20166 1277 1278 10550 
20167 9295 1656 10242 
20168 7939 9694 10271 
20169 7893 7912 10119 
20170 7900 9360 10176 
20171 1885 9581 10535 
20172 9604 9602 10145 
20173 8946 8433 9987 
20174 1129 1130 10171 
20175 1242 1243 10551 
20176 1742 10180 10483 
20177 9120 9979 10501 
20178 1189 1190 10137 
20179 8049 7951 9900 
20180 9861 8133 10532 
20181 1454 8441 10166 
20182 9736 8682 10206 
20183 9642 9886 9960 
20184 1772 8745 10460 
20185 1280 1281 10446 
20186 9963 8729 10488 
20187 8680 1194 10193 
20188 9163 9391 10152 
20189 1027 8423 10453 
20190 1245 1246 10150 
20191 8940 8941 10105 
20192 8420 8196 10100 
20193 7884 9848 10508 
20194 9191 9831 9931 
20195 9535 8875 10217 
20196 1687 1688 10404 
20197 1600 9873 10027 
20198 1210 1211 10142 
20199 8449 9721 9986 
20200 1443 9108 10563 
20201 8938 9528 10538 
20202 8381 9503 10290 
20203 9162 9440 10149 
20204 10178 7995 10472 
20205 7928 7927 9850 
20206 8816 10176 10560 
20207 9972 8753 10029 
20208 9368 9972 10029 
20209 9380 8284 10583 
20210 9764 8594 10037 
20211 1413 7961 10286 
20212 8548 9149 10215 
20213 8042 8971 10155 
20214 1418 1419 10504 
20215 8503 8696 10201 
20216 9505 8943 10323 
20217 8630 9980 10530 
20218 8790 9948 10543 
20219 9930 8297 10059 
20220 9340 9886 10124 
20221 8314 9046 9881 
20222 1651 1652 10169 
20223 9516 8234 10152 
20224 9820 8740 10010 
20225 1606 1607 10112 
20226 8833 9865 10196 
20227 8047 8436 10172 
20228 9906 9027 10531 
20229 9639 8914 10576 
20230 10086 976 10211 
20231 9860 8300 9990 
20232 10418 9664 10566 
20233 1096 1097 10362 
20234 8255 8104 10136 
20235 9466 8361 10148 
20236 1281 8929 10446 
20237 9884 8131 9955 
20238 1697 7945 10529 
20239 8817 9239 10167 
20240 1714 9846 9943 
20241 8182 9615 10084 
20242 9178 8946 10069 
20243 9814 9572 9866 
20244 8043 9244 10146 
20245 8922 8735 9966 
20246 1691 9906 10531 
20247 9241 9301 10347 
20248 1293 7877 10248 
20249 9038 9254 10251 
20250 1178 7937 9941 
20251 8650 9851 10347 
20252 1537 1538 10186 
20253 1403 1404 10585 
20254 9845 1289 10396 
20255 9527 8509 10143 
20256 1393 8763 10250 
20257 8776 9973 10430 
20258 8841 9716 10271 
20259 1504 1505 10289 
20260 8816 9469 10176 
20261 1145 9157 10312 
20262 1144 1145 10312 
20263 8724 1854 10255 
20264 9019 9181 10493 
20265 9121 1497 10357 
20266 8258 10219 10344 
20267 9115 9547 10130 
20268 8363 9545 10115 
20269 9617 9504 10298 
20270 7976 9505 10323 
20271 8815 9906 10359 
20272 9591 9592 10163 
20273 8036 1687 10404 
20274 1167 1168 10376 
20275 1541 8302 10366 
20276 9726 9052 10335 
20277 9602 10074 10145 
20278 8470 9231 10262 
20279 9878 9363 10564 
20280 9138 9652 10385 
20281 1369 7995 10395 
20282 9150 9153 10207 
20283 8193 7911 10477 
20284 1195 8004 10193 
20285 10110 10111 10117 
20286 8882 8883 10061 
20287 7959 1173 10191 
20288 9695 8344 10341 
20289 1806 1807 10285 
20290 9153 9152 10110 
20291 8824 8834 10153 
20292 9190 8510 10273 
20293 9883 9311 10330 
20294 7965 9240 10439 
20295 10128 9099 10354 
20296 9399 9400 10212 
20297 9948 9962 10543 
20298 986 987 10200 
20299 1392 1393 10250 
20300 9075 10087 10291 
20301 7954 1137 9902 
20302 1011 1012 10486 
20303 7995 1370 10203 
20304 9580 8813 10324 
20305 8826 9655 10135 
20306 9814 9866 9901 
20307 8279 8049 9900 
20308 8773 9867 10274 
20309 10068 8927 10427 
20310 9860 9990 10024 
20311 8091 7947 10471 
20312 8517 1790 10370 
20313 976 977 10211 
20314 1419 9004 10504 
20315 9421 9530 10234 
20316 8863 9312 10089 
20317 8979 9613 10463 
20318 8147 9952 10374 
20319 8531 9730 10548 
20320 9841 8006 10207 
20321 10275 8889 10432 
20322 1437 8028 10218 
20323 1133 1134 10284 
20324 9028 9860 10024 
20325 10111 9024 10117 
20326 1615 8723 10428 
20327 1812 1813 10480 
20328 8102 1806 10285 
20329 1802 8327 10440 
20330 7936 1392 10250 
20331 1505 8519 10289 
20332 10387 9507 10402 
20333 1362 1363 10228 
20334 8749 9234 10392 
20335 8785 1752 10364 
20336 9217 8191 10155 
20337 9458 8757 10432 
20338 8424 9187 10123 
20339 9332 9182 10561 
20340 8996 9245 10240 
20341 7882 7957 9959 
20342 10500 9262 10519 
20343 8757 9456 10432 
20344 1385 1386 10422 
20345 8875 9453 10217 
20346 8791 9718 10318 
20347 9579 9578 10540 
20348 7906 8087 10050 
20349 9075 9025 10484 
20350 9441 8951 10229 
20351 8422 8652 10238 
20352 9698 8979 10463 
20353 8764 9847 10249 
20354 8988 8987 10213 
20355 9701 9910 10540 
20356 8441 9917 10166 
20357 7925 7928 10016 
20358 8712 9008 10124 
20359 9570 9099 10128 
20360 8798 8463 10378 
20361 1031 1032 10287 
20362 9503 9502 10208 
20363 9975 9086 10571 
20364 9297 9284 10231 
20365 9428 9137 10316 
20366 8353 8949 10230 
20367 1168 9147 10376 
20368 1246 1247 10434 
20369 10104 8179 10454 
20370 1498 8921 10357 
20371 9569 8442 10313 
20372 9474 8794 10214 
20373 9385 8554 10182 
20374 8810 9928 10204 
20375 9106 9817 10522 
20376 8527 9700 10113 
20377 1400 1401 10244 
20378 9539 8431 10174 
20379 9000 8703 10587 
20380 8011 1299 10249 
20381 1247 8178 10434 
20382 1300 8764 10249 
20383 8526 8415 10051 
20384 8707 9687 10318 
20385 1310 1311 10257 
20386 10061 8883 10576 
20387 1656 1657 10242 
20388 9052 9726 10526 
20389 9873 9275 10027 
20390 1748 1749 10247 
20391 8522 9527 10209 
20392 10121 9269 10577 
20393 9197 8585 10264 
20394 9677 9776 10139 
20395 8562 1307 10581 
20396 7940 8502 10358 
20397 9773 9441 10229 
20398 1299 1300 10249 
20399 1042 7986 10556 
20400 1472 9097 10379 
20401 8149 1006 10306 
20402 8141 1310 10257 
20403 8964 9853 10590 
20404 8243 9647 10403 
20405 8723 9784 10011 
20406 8914 9480 10576 
20407 9876 7949 10379 
20408 10010 8427 10575 
20409 8893 9803 10260 
20410 8438 1338 10259 
20411 9755 1696 10529 
20412 1012 9029 10486 
20413 9637 9879 10498 
20414 9527 10143 10209 
20415 8884 1571 10253 
20416 10144 8994 10570 
20417 9713 8631 10015 
20418 8679 9942 10456 
20419 9746 10144 10405 
20420 9910 7903 10112 
20421 8956 9258 10295 
20422 9721 9897 9986 
20423 995 9125 10277 
20424 1725 9661 10122 
20425 8536 9313 10258 
20426 9288 9430 10433 
20427 1700 1701 10373 
20428 8048 1144 10312 
20429 8945 8916 10381 
20430 9442 8702 10473 
20431 8402 9995 10485 
20432 9653 8974 10317 
20433 1807 9339 10285 
20434 9456 9697 10275 
20435 9027 9696 10045 
20436 8168 10039 10573 
20437 9980 8992 10530 
20438 8509 10060 10433 
20439 1071 1072 10276 
20440 8631 9713 9980 
20441 9807 9327 10041 
20442 9091 9477 10384 
20443 9129 9179 10573 
20444 9875 8863 10089 
20445 9991 8960 10527 
20446 1701 8147 10373 
20447 1177 9941 10020 
20448 9366 8994 10144 
20449 9687 9379 10318 
20450 8371 1402 10305 
20451 9706 8646 10365 
20452 1519 1520 10281 
20453 9888 8149 10306 
20454 9897 8905 9986 
20455 10110 9152 10111 
20456 9207 9912 10178 
20457 10344 9486 10406 
20458 8589 1483 10294 
20459 8819 9772 10102 
20460 1081 1082 10400 
20461 9448 10222 10290 
20462 1790 1791 10370 
20463 8054 9773 10229 
20464 10311 9306 10473 
20465 8639 9517 10338 
20466 9718 8707 10318 
20467 1869 8072 9892 
20468 1198 1199 10489 
20469 9514 9515 10343 
20470 9449 9448 10290 
20471 9628 8820 10224 
20472 9205 9424 10313 
20473 967 968 10293 
20474 9601 9605 10415 
20475 9646 9507 10387 
20476 8981 8986 10327 
20477 8912 9454 10300 
20478 8925 9927 10031 
20479 1223 1224 10349 
20480 8867 9075 10237 
20481 1248 1249 10331 
20482 8892 1547 10408 
20483 8949 8950 10278 
20484 7884 9341 10528 
20485 1617 8898 10325 
20486 9533 8164 10265 
20487 9451 8701 10340 
20488 8535 9298 10303 
20489 9611 8396 10574 
20490 1549 1550 10547 
20491 8508 1171 10579 
20492 7889 7882 9959 
20493 9965 7901 9983 
20494 8947 10175 10378 
20495 10174 8431 10412 
20496 1702 1703 10389 
20497 9437 9317 10310 
20498 7970 9858 10296 
20499 9276 1826 10413 
20500 10268 8940 10269 
20501 8723 1616 10325 
20502 1535 1536 10328 
20503 8775 9970 10246 
20504 9127 8786 10322 
20505 8868 8990 10243 
20506 9488 8974 10288 
20507 9948 8448 9962 
20508 1780 1781 10588 
20509 1372 1373 10554 
20510 1497 1498 10357 
20511 7870 9451 10340 
20512 9153 9841 10207 
20513 9696 8915 10045 
20514 8475 9926 9971 
20515 8291 9491 10523 
20516 9098 1372 10554 
20517 8020 9677 10139 
20518 1616 1617 10325 
20519 967 10293 10380 
20520 8910 8940 10268 
20521 9504 8530 10342 
20522 9108 9799 10563 
20523 1142 1143 10341 
20524 8178 1248 10331 
20525 9593 8027 10536 
20526 9116 1863 10397 
20527 9671 9079 10344 
20528 8858 9698 10463 
20529 1028 1029 10542 
20530 1244 8329 10468 
20531 7916 8869 10558 
20532 8147 1702 10389 
20533 1690 1691 10531 
20534 9567 9965 9983 
20535 1838 1839 10352 
20536 8986 9432 10386 
20537 8974 8969 10317 
20538 9064 1036 10450 
20539 9717 9413 10412 
20540 9682 8651 10414 
20541 8918 8189 10444 
20542 10026 1057 10456 
20543 1368 1369 10395 
20544 8320 1549 10547 
20545 10207 8006 10519 
20546 8685 9468 10336 
20547 9311 9310 10330 
20548 8607 10097 10589 
20549 9762 8313 10261 
20550 7880 7914 10291 
20551 8813 9580 10252 
20552 9582 8714 10280 
20553 1097 8032 10362 
20554 8093 9617 10298 
20555 8000 1293 10248 
20556 8902 8900 10332 
20557 9716 9013 10506 
20558 8857 9294 10321 
20559 8021 8775 10246 
20560 1224 1225 10505 
20561 1037 8373 10450 
20562 9382 8488 10256 
20563 9870 9755 10529 
20564 9265 8947 10232 
20565 9927 1740 10031 
20566 1404 8570 10585 
20567 8931 8395 10307 
20568 9833 1797 10079 
20569 9210 9212 10363 
20570 8305 9428 10316 
20571 1781 8369 10588 
20572 1239 1240 10500 
20573 8566 1645 10304 
20574 1311 1312 10368 
20575 8855 10046 10071 
20576 9180 8540 10478 
20577 9566 9567 10314 
20578 1036 1037 10450 
20579 9056 9374 10264 
20580 7924 7925 10016 
20581 8150 8324 10158 
20582 8423 1028 10542 
20583 1093 1094 10424 
20584 9670 9669 10292 
20585 9201 992 10457 
20586 8897 1700 10373 
20587 1154 1155 10425 
20588 1352 8638 10513 
20589 9079 9486 10344 
20590 8914 9639 10438 
20591 9618 8998 10226 
20592 9846 8026 10354 
20593 1471 1472 10379 
20594 8245 8573 10503 
20595 8884 10253 10303 
20596 10272 9039 10369 
20597 8168 1167 10376 
20598 1474 8258 10510 
20599 1351 1352 10513 
20600 8227 9675 10415 
20601 1476 9671 10219 
20602 9634 8562 10581 
20603 1473 1474 10510 
20604 10197 8517 10370 
20605 7871 9271 10421 
20606 9477 8612 10384 
20607 966 967 10380 
20608 9477 8233 10337 
20609 9580 8360 10194 
20610 9247 9234 10511 
20611 8419 9508 10333 
20612 10069 8946 10070 
20613 8843 8758 10383 
20614 8924 8923 10382 
20615 9242 9127 10369 
20616 8687 1242 10551 
20617 1703 8939 10389 
20618 1290 8066 10396 
20619 1282 1283 10537 
20620 1309 8141 10466 
20621 8341 8653 10202 
20622 10349 1224 10505 
20623 1598 8480 10391 
20624 9355 9519 10319 
20625 1231 1232 10401 
20626 9262 8836 10215 
20627 8324 9901 10158 
20628 9125 996 10431 
20629 9099 9100 10354 
20630 8646 8426 10179 
20631 8396 1231 10401 
20632 8533 1568 10393 
20633 8237 1385 10422 
20634 8222 9813 10462 
20635 1064 1065 10509 
20636 8919 9673 10223 
20637 1614 1615 10428 
20638 8133 1356 10532 
20639 1379 8182 10334 
20640 8241 1847 10557 
20641 9039 1093 10424 
20642 9496 9807 10041 
20643 9776 9227 10139 
20644 9359 8582 10315 
20645 7978 9883 10330 
20646 9157 1146 10490 
20647 9351 8914 10438 
20648 9941 9007 10020 
20649 8313 1280 10446 
20650 9472 8777 10407 
20651 9660 8824 10346 
20652 1810 1811 10520 
20653 9293 8922 10197 
20654 9350 8305 10316 
20655 8927 9342 10427 
20656 1094 8266 10424 
20657 8590 8358 10225 
20658 1232 9024 10401 
20659 1146 1147 10490 
20660 9929 8449 10423 
20661 9639 7877 10438 
20662 14 8750 10518 
20663 8973 8977 10449 
20664 8592 9422 10448 
20665 1147 8394 10490 
20666 10099 8234 10222 
20667 8910 10268 10417 
20668 9711 8603 10572 
20669 8889 9458 10432 
20670 9790 9682 10414 
20671 8092 10124 10469 
20672 9493 9492 10499 
20673 1082 8462 10400 
20674 9799 9108 10188 
20675 9154 9461 10443 
20676 1741 1742 10483 
20677 9668 9997 10548 
20678 8179 9063 10454 
20679 8704 1418 10504 
20680 7875 7963 10388 
20681 1442 1443 10563 
20682 9866 8789 9901 
20683 10270 9402 10479 
20684 1864 8317 10397 
20685 8926 9882 10064 
20686 7984 1843 10302 
20687 8683 9385 10445 
20688 8725 1011 10486 
20689 1308 1309 10466 
20690 9097 1473 10510 
20691 8062 8363 10419 
20692 8007 1277 10550 
20693 8727 9546 10296 
20694 1325 8291 10523 
20695 9709 8589 10294 
20696 1373 8296 10554 
20697 1171 1172 10579 
20698 8229 9087 10441 
20699 8978 9728 10192 
20700 9672 8412 10480 
20701 10003 8644 10118 
20702 9067 9069 10584 
20703 8820 9900 10482 
20704 9728 9735 10192 
20705 9558 9559 10409 
20706 8571 1198 10489 
20707 1307 1308 10581 
20708 1233 1234 10534 
20709 9065 10017 10356 
20710 10226 8998 10455 
20711 8506 8858 10479 
20712 1696 1697 10529 
20713 9901 9834 10158 
20714 1286 1287 10582 
20715 9715 7873 10184 
20716 9925 8536 10310 
20717 10357 8921 10371 
20718 8929 1282 10537 
20719 8935 8936 10274 
20720 9544 7898 10577 
20721 8854 9300 10578 
20722 8302 9500 10366 
20723 9507 8464 10402 
20724 9684 8816 10560 
20725 8288 9825 10135 
20726 9423 9380 10583 
20727 10006 9012 10465 
20728 9578 8409 10540 
20729 9007 9006 10515 
20730 9069 10565 10584 
20731 9024 1233 10534 
20732 8396 10111 10574 
20733 9676 8073 10227 
20734 10190 9168 10348 
20735 9355 10319 10507 
20736 10015 9361 10170 
20737 8321 8150 10158 
20738 8197 7924 10016 
20739 9510 8744 10571 
20740 9553 9552 10481 
20741 9935 9011 10467 
20742 1769 8292 10524 
20743 9224 9227 10375 
20744 8275 1882 10267 
20745 10034 1324 10523 
20746 8729 8206 10488 
20747 9613 8348 10270 
20748 9759 9371 10343 
20749 9742 8892 10256 
20750 9518 9206 10472 
20751 9069 9215 10565 
20752 7951 8469 9900 
20753 8303 8705 10324 
20754 9811 1493 10102 
20755 8105 9931 10582 
20756 9509 8255 10553 
20757 9790 8159 10521 
20758 9028 10024 10458 
20759 1237 9841 10132 
20760 8838 10183 10331 
20761 9280 9279 10539 
20762 9693 8575 10492 
20763 9912 1368 10395 
20764 8527 10113 10418 
20765 9979 9119 10509 
20766 9697 7942 10275 
20767 9664 8866 10566 
20768 9990 8962 10024 
20769 9770 9769 10475 
20770 8794 10108 10214 
20771 8170 10063 10339 
20772 9890 7935 10555 
20773 8476 1159 10410 
20774 8408 9822 10175 
20775 8085 8552 10527 
20776 9599 9606 10555 
20777 1690 10045 10299 
20778 9768 9113 10133 
20779 10163 8462 10164 
20780 9126 8790 10543 
20781 8400 10198 10457 
20782 8994 9282 10570 
20783 7985 10057 10278 
20784 9348 8815 10359 
20785 10290 9503 10495 
20786 10011 8563 10428 
20787 8958 9219 10568 
20788 8824 10153 10346 
20789 8221 9712 10170 
20790 10410 8401 10464 
20791 9579 9910 10112 
20792 9763 8590 10254 
20793 1800 10069 10070 
20794 1639 9792 10297 
20795 9190 10054 10328 
20796 9756 8111 10420 
20797 8998 8999 10455 
20798 8523 9585 10561 
20799 10281 8945 10381 
20800 9712 9713 10170 
20801 8141 9634 10466 
20802 9766 8833 10196 
20803 10237 9075 10291 
20804 9824 8446 10367 
20805 10180 9066 10483 
20806 9748 1081 10400 
20807 9837 10410 10464 
20808 8917 9848 10528 
20809 9001 10399 10437 
20810 9011 9520 10467 
20811 8701 9376 10340 
20812 9854 9146 10279 
20813 7945 9870 10529 
20814 9962 7878 10543 
20815 1426 8201 10361 
20816 9021 8470 10262 
20817 9545 8474 10451 
20818 10299 8915 10512 
20819 9720 9123 10564 
20820 9066 10031 10483 
20821 9096 10138 10546 
20822 8827 10043 10269 
20823 7896 8135 10429 
20824 9831 1286 10582 
20825 8347 1884 10535 
20826 9192 9762 10261 
20827 8828 9868 10439 
20828 9655 9111 10394 
20829 9903 7978 10330 
20830 9804 8932 10301 
20831 8152 1067 10221 
20832 9100 9944 10496 
20833 9993 8633 10382 
20834 9268 9719 10470 
20835 10161 9929 10423 
20836 1165 10103 10116 
20837 8028 9953 10218 
20838 8153 8013 10562 
20839 9952 9154 10374 
20840 7989 9684 10560 
20841 9690 9358 10365 
20842 8284 9787 10583 
20843 10046 8210 10071 
20844 9669 9668 10548 
20845 9965 9622 10476 
20846 9107 9106 10522 
20847 8043 10147 10444 
20848 10124 9008 10469 
20849 9692 7937 10586 
20850 8724 10255 10418 
20851 8651 9705 10414 
20852 8636 9779 10220 
20853 8474 10187 10451 
20854 8590 10225 10254 
20855 8118 9690 10345 
20856 8933 8935 10533 
20857 8968 8152 10221 
20858 8369 9659 10588 
20859 10215 9149 10519 
20860 8043 10146 10147 
20861 8414 9929 10161 
20862 9944 9943 10496 
20863 9565 9355 10507 
20864 1065 9979 10509 
20865 10021 8455 10226 
20866 8111 9827 10420 
20867 9846 10354 10496 
20868 10197 8922 10416 
20869 8376 9716 10506 
20870 10054 1535 10328 
20871 9908 8608 10160 
20872 9879 9221 10559 
20873 8834 9536 10580 
20874 8921 9813 10371 
20875 8641 9946 10159 
20876 10138 8114 10546 
20877 8274 1427 10491 
20878 9769 8448 10475 
20879 9806 8805 10398 
20880 9752 8650 10347 
20881 8835 9544 10577 
20882 9803 7938 10260 
20883 8796 10096 10545 
20884 9778 8839 10320 
20885 9417 9975 10571 
20886 9008 9874 10568 
20887 9713 10015 10170 
20888 1089 8170 10339 
20889 9956 7955 10145 
20890 10282 9047 10478 
20891 8173 9911 10195 
20892 8469 7926 9819 
20893 9657 8910 10417 
20894 9726 1127 10526 
20895 8915 8649 10512 
20896 7957 9869 10235 
20897 9097 9876 10379 
20898 9867 8935 10274 
20899 9928 8286 10204 
20900 9931 9831 10582 
20901 9995 8829 10485 
20902 1883 9854 10267 
20903 9647 9253 10403 
20904 9356 9021 10329 
20905 8502 9832 10358 
20906 8244 10058 10109 
20907 10216 10168 10566 
20908 8431 9717 10412 
20909 10135 9655 10394 
20910 10168 8724 10566 
20911 9905 8472 10223 
20912 10123 8967 10165 
20913 9456 10275 10432 
20914 9700 1857 10461 
20915 9757 8207 10385 
20916 8116 9968 10470 
20917 9884 9955 10353 
20918 9953 8880 10206 
20919 8029 9879 10559 
20920 9091 10023 10187 
20921 9792 8896 10297 
20922 9625 9989 10284 
20923 9123 9878 10564 
20924 9119 9763 10509 
20925 9969 7959 10407 
20926 8813 8303 10324 
20927 7947 1489 10471 
20928 9121 10357 10371 
20929 9910 9579 10540 
20930 8394 9884 10353 
20931 7908 9775 10525 
20932 7890 7892 10498 
20933 1791 9651 10370 
20934 9001 9743 10399 
20935 10093 8963 10553 
20936 9449 10290 10495 
20937 10023 9410 10187 
20938 10133 9156 10194 
20939 9336 10008 10189 
20940 9893 7939 10271 
20941 9745 8799 10492 
20942 10363 9212 10420 
20943 9968 8704 10205 
20944 10107 8330 10154 
20945 9723 9001 10437 
20946 9147 10039 10376 
20947 1889 10075 10241 
20948 7936 10250 10411 
20949 9170 9171 10367 
20950 8159 9796 10521 
20951 8129 10110 10117 
20952 10039 8168 10376 
20953 9848 7884 10528 
20954 10227 8073 10311 
20955 10261 8313 10446 
20956 9301 9752 10347 
20957 8612 10151 10384 
20958 9591 10163 10164 
20959 8170 1090 10514 
20960 8401 9791 10464 
20961 10054 9190 10273 
20962 10165 8967 10307 
20963 9813 8525 10371 
20964 8948 10185 10409 
20965 9891 8600 10346 
20966 10023 9091 10384 
20967 8402 8138 10552 
20968 8189 1104 10444 
20969 1029 9795 10542 
20970 9832 8830 10358 
20971 9004 10107 10154 
20972 8723 10011 10428 
20973 8461 10072 10494 
20974 7885 10020 10515 
20975 8003 1091 10272 
20976 9093 10055 10220 
20977 9044 9711 10572 
20978 9760 9028 10458 
20979 8424 10123 10165 
20980 8883 9639 10576 
20981 9268 10205 10517 
20982 10020 9007 10515 
20983 1502 8222 10462 
20984 8288 10135 10394 
20985 10035 8016 10210 
20986 8329 10150 10458 
20987 9057 9815 10426 
20988 9959 9828 10546 
20989 9853 9821 10485 
20990 10006 7988 10474 
20991 9731 9042 10589 
20992 9262 10215 10519 
20993 9763 1064 10509 
20994 8911 10054 10273 
20995 9023 10227 10311 
20996 8078 9746 10405 
20997 8805 9788 10398 
20998 9969 8508 10579 
20999 9500 9922 10366 
21000 8066 9958 10565 
21001 10032 8897 10443 
21002 1785 7916 10558 
21003 8654 9720 10564 
21004 8114 9959 10546 
21005 9881 9046 10282 
21006 9491 10034 10523 
21007 8858 10270 10479 
21008 7995 10178 10395 
21009 8427 9759 10575 
21010 8700 8492 10549 
21011 9448 10099 10222 
21012 9245 10088 10240 
21013 10236 8796 10545 
21014 9552 10005 10481 
21015 8448 9948 10475 
21016 8212 10168 10216 
21017 8344 10185 10199 
21018 8072 8813 9892 
21019 9092 10088 10238 
21020 9567 10000 10314 
21021 10185 8948 10199 
21022 10046 8855 10254 
21023 9828 9096 10546 
21024 9868 7965 10439 
21025 10000 7869 10314 
21026 9404 9921 10586 
21027 9955 9556 10353 
21028 8395 10165 10307 
21029 8897 10374 10443 
21030 9943 9846 10496 
21031 9788 8578 10398 
21032 9393 10257 10368 
21033 9012 9952 10465 
21034 9952 8939 10465 
21035 9968 10205 10470 
21036 8923 9993 10382 
21037 10198 9201 10457 
21038 10075 998 10241 
21039 9045 10388 10435 
21040 9174 10190 10348 
21041 10267 9854 10279 
21042 10257 1311 10368 
21043 9848 8864 10508 
21044 8373 10351 10450 
21045 8866 10216 10566 
21046 10374 9154 10443 
21047 10045 8915 10299 
21048 7901 9965 10476 
21049 10351 9064 10450 
21050 10175 8798 10378 
21051 8918 10147 10516 
21052 8899 9754 10525 
21053 9874 8958 10568 
21054 9559 9902 10409 
21055 10308 8937 10442 
21056 10212 8566 10304 
21057 10162 9015 10460 
21058 10205 9268 10470 
21059 10017 8563 10356 
21060 10183 8178 10331 
21061 9813 8921 10459 
21062 8638 10012 10513 
21063 10045 1690 10531 
21064 8929 10261 10446 
21065 10219 9671 10344 
21066 8745 10162 10460 
21067 9430 10143 10433 
21068 8258 10406 10510 
21069 10406 9097 10510 
21070 9981 8797 10442 
21071 10111 9152 10574 
21072 8862 10056 10421 
21073 7995 10203 10472 
21074 8244 10109 10578 
21075 8449 9986 10423 
21076 10031 1741 10483 
21077 8002 10268 10269 
21078 8275 10267 10279 
21079 10354 9100 10496 
21080 9063 10161 10423 
21081 9580 10194 10252 
21082 9924 8929 10537 
21083 9973 9036 10430 
21084 9539 10174 10386 
21085 8643 10326 10493 
21086 8182 10156 10334 
21087 8939 9985 10465 
21088 9961 8376 10506 
21089 10156 8886 10334 
21090 10174 8986 10386 
21091 7932 10122 10580 
21092 10040 7996 10455 
21093 10053 8995 10511 
21094 8999 10040 10455 
21095 8922 9966 10416 
21096 10298 9504 10342 
21097 10089 9312 10425 
21098 10087 9075 10484 
21099 7898 10121 10577 
21100 1127 10004 10526 
21101 10072 9307 10494 
21102 1763 10087 10484 
21103 10178 9912 10395 
21104 9344 10298 10342 
21105 10187 9410 10451 
21106 10185 9558 10409 
21107 10143 8509 10433 
21108 10150 1246 10434 
21109 10149 9440 10435 
21110 10013 9044 10572 
21111 10144 8968 10405 
21112 10305 8909 10545 
21113 7990 10047 10569 
21114 8857 10321 10363 
21115 10141 8918 10516 
21116 8897 10373 10374 
21117 10321 9210 10363 
21118 10250 8763 10411 
21119 10117 9024 10534 
21120 10364 9033 10502 
21121 9613 10270 10463 
21122 9027 10045 10531 
21123 10255 8527 10418 
21124 10240 8241 10557 
21125 10270 8858 10463 
21126 9900 8469 10482 
21127 8996 10240 10557 
21128 10373 8147 10374 
21129 10103 8168 10573 
21130 8540 10282 10478 
21131 10154 8330 10517 
21132 8785 10364 10502 
21133 10194 9156 10252 
21134 9029 10377 10486 
21135 10436 8274 10491 
21136 10350 9509 10553 
21137 10469 9008 10568 
21138 10377 8725 10486 
21139 9759 10343 10575 
21140 10343 9515 10575 
21141 10005 7954 10481 
21142 9219 10469 10568 
21143 8909 10236 10545 
21144 9795 10452 10542 
21145 1550 10129 10547 
21146 10326 9019 10493 
21147 10286 9280 10539 
21148 1308 10466 10581 
21149 10466 9634 10581 
21150 8963 10350 10553 
21151 10452 8423 10542 
21152 9200 10436 10491 
21153 1868 1869 9892 
21154 7937 1179 8088 
2 15 2 37
21155 10591 10597 10600 
21156 1909 1910 10598 
21157 10597 10592 10600 
21158 10596 1909 10598 
21159 1904 1905 10594 
21160 1898 1899 10594 
21161 10594 1905 10601 
21162 1901 1902 10599 
21163 1900 1901 10599 
21164 1899 1900 10595 
21165 10594 1899 10595 
21166 1895 1896 10591 
21167 10593 10594 10601 
21168 10593 10592 10597 
21169 1906 1907 10592 
21170 1897 1898 10593 
21171 10593 1898 10594 
21172 1904 10594 10595 
21173 1903 1904 10595 
21174 1897 10593 10597 
21175 10595 1900 10599 
21176 10592 10593 10601 
21177 10591 1896 10597 
21178 10596 10591 10600 
21179 1902 1903 10599 
21180 1895 10591 10598 
21181 15 1895 10598 
21182 1906 10592 10601 
21183 1908 1909 10596 
21184 1896 1897 10597 
21185 1910 15 10598 
21186 1907 1908 10600 
21187 10591 10596 10598 
21188 10592 1907 10600 
21189 1905 1906 10601 
21190 1908 10596 10600 
21191 1903 10595 10599 
2 16 2 3
21192 1912 1914 16 
21193 1913 1914 1912 
21194 1911 1912 16 
$EndElements
