$MeshFormat
4.1 0 8
$EndMeshFormat
$PhysicalNames
3
1 10 "exterior_boundary"
2 1 "gray_matter"
2 2 "white_matter"
$EndPhysicalNames
$Entities
981 19 19 0
1 -23.26656952915099 16.8643477969815 0 0 
2 -24.09103196020288 16.93345937253392 0 0 
3 -25.64504891244741 17.96859487300824 0 0 
4 -28.24694551235924 20.63117148864341 0 0 
5 -31.08195255212052 22.79408387260958 0 0 
6 -32.22324791341706 23.36834011796014 0 0 
7 -33.70307850088469 23.30810949296337 0 0 
8 -34.45019296919531 22.86348857729626 0 0 
9 -35.68100138608781 21.56592535131237 0 0 
10 -37.01164851302125 19.38769027542951 0 0 
11 -38.03630865873398 17.29398148888838 0 0 
12 -38.41265782253543 15.61600730219677 0 0 
13 -38.2997176299216 14.58084509304653 0 0 
14 -37.62157455911177 13.79741098802041 0 0 
15 -36.44166669078486 13.36537508032761 0 0 
16 -32.67502770110438 13.15917115065506 0 0 
17 -31.25092078142931 12.65757747384591 0 0 
18 -30.9221279329767 12.10685640176421 0 0 
19 -31.6177283984853 11.65863309134387 0 0 
20 -37.62372514058112 10.51000949782519 0 0 
21 -38.65464864134488 10.14534480111033 0 0 
22 -39.59538389484725 9.488114493129665 0 0 
23 -40.3975014902194 8.224257165823865 0 0 
24 -40.44575637775164 6.961952974924017 0 0 
25 -40.30122940397261 6.226833942524237 0 0 
26 -39.53514219500466 5.144222542711319 0 0 
27 -36.49782580580776 2.300226979246027 0 0 
28 -35.10790146352273 1.436347382386671 0 0 
29 -34.04578277024205 1.171971816734811 0 0 
30 -32.97993127803935 1.282418351712899 0 0 
31 -31.80090503678219 2.031026459949757 0 0 
32 -31.15195273438929 3.200117052468123 0 0 
33 -30.8026635856089 4.262358285348093 0 0 
34 -30.43531531953086 4.492560512550952 0 0 
35 -29.70593083659286 3.892239882030744 0 0 
36 -28.40434334806587 2.210820849574731 0 0 
37 -27.26529555017053 1.328377540181421 0 0 
38 -26.28675676593544 0.9897506088532211 0 0 
39 -25.69585387189831 1.09541175661424 0 0 
40 -24.83878748211367 0.9668234619930445 0 0 
41 -22.743430843369 0.2546074697611687 0 0 
42 -21.10440024251007 0.1215521675809867 0 0 
43 -20.25091188455509 0.2511697635247003 0 0 
44 -19.02048631992257 0.6835662166437046 0 0 
45 -17.92414790538519 1.350560170976323 0 0 
46 -17.07492765045135 2.123099300908279 0 0 
47 -16.53342071758195 2.867527270277037 0 0 
48 -15.7821259664679 4.710586760994353 0 0 
49 -14.75922209195564 2.345178396591493 0 0 
50 -14.27606867152883 1.572072765694543 0 0 
51 -12.77382486305354 0.4104067288976836 0 0 
52 -11.26495986998254 -0.1987578935771097 0 0 
53 -10.48750603411516 -0.2311520259350743 0 0 
54 -9.734006691854546 0.1072384824728019 0 0 
55 -9.204168440194991 0.8298680084233752 0 0 
56 -9.025079300928162 1.855050151010367 0 0 
57 -9.171715321617292 2.961578053985157 0 0 
58 -7.703240426348657 0.3061626612125323 0 0 
59 -7.062906356693119 -0.2375805980639782 0 0 
60 -5.941790479397277 -0.5491691800928891 0 0 
61 -1.356076877180442 -0.4362319593048127 0 0 
62 2.384050925897668 0.3634051992673335 0 0 
63 3.547586872217039 0.3251468665492254 0 0 
64 6.993623308477638 -0.4252009191688657 0 0 
65 8.454937880128163 -0.5746221794009543 0 0 
66 9.753667665154389 -0.5040447948860773 0 0 
67 13.94514194179985 0.2083165027591676 0 0 
68 17.46124136311533 -0.2354828426090805 0 0 
69 18.6466046533857 0.01095518792383388 0 0 
70 19.5300660107735 0.6737249681045583 0 0 
71 19.91641948767059 1.737749934688161 0 0 
72 19.30162995473893 5.77641368725083 0 0 
73 19.83332259310568 9.342220023544975 0 0 
74 18.96348638199702 11.52088951275158 0 0 
75 18.68370628312979 12.70631720966777 0 0 
76 18.65212814250488 14.45422854004455 0 0 
77 19.02990676674444 17.20978243587266 0 0 
78 18.78281805092005 17.52431203715185 0 0 
79 17.97395028251421 17.68911238169263 0 0 
80 17.58905959645227 18.47130194340748 0 0 
81 17.58455851943071 20.40807275711888 0 0 
82 17.81955376709656 21.83981397976874 0 0 
83 18.73388336802915 23.60084106415261 0 0 
84 19.67416417704216 24.132605338189 0 0 
85 20.23371315996666 24.04517817510014 0 0 
86 21.14869631214976 22.39592116184375 0 0 
87 21.10446468581998 21.00787026565316 0 0 
88 20.24057017631351 17.35845619502452 0 0 
89 20.16072559976516 15.64562838026165 0 0 
90 20.44576438541002 13.59666820051106 0 0 
91 20.80067869837514 12.6738746573719 0 0 
92 21.86097024639318 11.31724176297012 0 0 
93 23.07456230130743 10.74937482961631 0 0 
94 24.64266506027894 10.29351247692867 0 0 
95 25.75612891322621 10.20461909190309 0 0 
96 26.96351801413457 10.62684304511853 0 0 
97 27.77631316230965 11.10884684079592 0 0 
98 28.12555307859321 11.41452681272188 0 0 
99 27.76103282540953 11.79198234327556 0 0 
100 27.90415081262367 11.91229590439793 0 0 
101 28.26822440110725 11.53544406036961 0 0 
102 28.82012458942104 12.05238369542536 0 0 
103 28.4591865357897 12.427079955145 0 0 
104 28.6005416587729 12.57195831337753 0 0 
105 28.96209583671381 12.19726351837742 0 0 
106 29.23084216405078 12.45370864236504 0 0 
107 30.38291475149248 14.06805871898231 0 0 
108 31.05428352081445 15.51808913971124 0 0 
109 31.2983253550968 17.0788953688806 0 0 
110 30.91272595087634 17.98447997193772 0 0 
111 29.92663489682541 18.82954347834691 0 0 
112 28.44972726935484 19.4359289185689 0 0 
113 26.50706660279526 19.92636684750511 0 0 
114 25.87800362149584 20.25889002758183 0 0 
115 25.69192495344266 20.59106161033517 0 0 
116 26.18186935076992 20.74507906733268 0 0 
117 28.10782157323544 20.03264172132291 0 0 
118 29.15410415476806 19.87749238635343 0 0 
119 29.94092421908469 19.98010972808904 0 0 
120 30.38933625699739 20.21377994690732 0 0 
121 30.97596132280312 20.79325673126191 0 0 
122 31.10041164741694 21.27467419889526 0 0 
123 31.33066713558063 22.59086795536015 0 0 
124 31.19579233755597 24.02263971189934 0 0 
125 30.88272428739601 24.81290890575249 0 0 
126 29.55954802756732 25.92150618883107 0 0 
127 28.25900919361368 26.11590957283219 0 0 
128 25.57123001276869 26.20116882582077 0 0 
129 24.87427538956676 26.43006755762533 0 0 
130 24.6235878854229 26.91805232002722 0 0 
131 25.14932129718302 27.25883405901444 0 0 
132 26.72772345467143 27.04962789872577 0 0 
133 28.58091062361958 27.02535293538939 0 0 
134 29.96363129796726 27.402860168111 0 0 
135 30.32345443540653 27.69382853879231 0 0 
136 30.83274373867843 28.51767311594931 0 0 
137 31.37775144973952 30.77806118843591 0 0 
138 32.52128686629246 33.72065900584094 0 0 
139 32.69017265923371 35.53309739858208 0 0 
140 32.41729469562237 36.93928139533916 0 0 
141 31.73458855942056 37.753715848975 0 0 
142 30.6913989020843 37.89305027821896 0 0 
143 29.79513236400058 37.52633198902398 0 0 
144 29.1017717539739 37.01951438234997 0 0 
145 26.52720318194837 34.46694326551091 0 0 
146 25.10154072042905 33.58081398058241 0 0 
147 25.6430785301931 34.28756284190941 0 0 
148 28.30383334615401 36.54176308663398 0 0 
149 29.35451837181567 37.68986908008129 0 0 
150 29.81661124209775 38.70190192901091 0 0 
151 29.95500813590152 39.90694345680043 0 0 
152 29.30528530604115 41.22545083337459 0 0 
153 27.43526211034862 42.80264388722791 0 0 
154 25.49768065000574 43.6458694889204 0 0 
155 23.24059082435229 43.85057968604352 0 0 
156 22.68141643696917 44.24373576783066 0 0 
157 22.23634422354718 44.09837906514662 0 0 
158 21.20105675940535 44.29026711091009 0 0 
159 18.39915776725984 45.26238085144552 0 0 
160 17.04522454058953 45.40180166969181 0 0 
161 16.11757710025396 45.13762561934625 0 0 
162 15.30532439761764 44.25577947551177 0 0 
163 15.14146141306981 43.47889838515743 0 0 
164 15.20229746585293 42.4893888751129 0 0 
165 15.88440282989106 39.02584086681023 0 0 
166 15.59262865500073 35.44575169370282 0 0 
167 15.69127042555721 33.33086700532483 0 0 
168 16.03884674067802 31.59938486109984 0 0 
169 16.64676232824052 29.80518144856563 0 0 
170 16.59655159545839 29.14911184736705 0 0 
171 16.21752274983701 29.03433682677539 0 0 
172 15.82031132466709 29.55788963046047 0 0 
173 15.43041323250567 30.52473125765933 0 0 
174 14.36071273371795 34.1339999035526 0 0 
175 14.48798181256909 36.29827196954124 0 0 
176 15.24957996066161 39.22280761897489 0 0 
177 15.25122972727871 40.18859734841288 0 0 
178 15.030066423246 41.33730094502368 0 0 
179 14.4558374306322 42.71931545101516 0 0 
180 13.82342480867547 43.6707208548032 0 0 
181 12.91550970220786 44.46170945558992 0 0 
182 11.63918925776814 45.01373275489862 0 0 
183 8.255969298851618 45.56349027193358 0 0 
184 6.314811902173034 45.39972928701132 0 0 
185 5.658569367150363 44.98884924233428 0 0 
186 5.09986455925786 43.85475893342514 0 0 
187 5.083320362837966 42.40665572691986 0 0 
188 5.351000492132719 41.34261448063138 0 0 
189 6.356603113733726 38.83809391947539 0 0 
190 6.516279052406823 37.72528541102995 0 0 
191 6.291228853881378 36.79663744417976 0 0 
192 5.100842591313274 34.60088353779181 0 0 
193 4.542418253066394 32.62450027653164 0 0 
194 4.459611792002811 31.26259361402553 0 0 
195 4.696860554287646 29.8516796334467 0 0 
196 5.035073358297176 29.11010086421451 0 0 
197 5.586769252533173 28.44558860458377 0 0 
198 7.010986799940504 27.19651861281199 0 0 
199 7.917703897965723 26.9405076060902 0 0 
200 9.977870993772033 27.33468294876302 0 0 
201 11.02771250429625 26.9337739677079 0 0 
202 11.90260443498477 25.94941184439771 0 0 
203 12.16278100895108 25.37221941232506 0 0 
204 12.24565555611845 24.4725379437458 0 0 
205 12.03101437952145 24.18383951747254 0 0 
206 11.6940564260084 24.17880439795616 0 0 
207 10.40377702699006 24.99887832224271 0 0 
208 9.32811329130444 25.15115548535454 0 0 
209 8.613622721134554 24.8518369375173 0 0 
210 7.076283123730938 23.82269815801506 0 0 
211 6.66863404449321 23.84093977300299 0 0 
212 6.23809573419458 24.33361763093071 0 0 
213 4.999102988214361 26.86206163995829 0 0 
214 4.41580327386874 27.44212295405089 0 0 
215 3.670524614868121 27.74633751848449 0 0 
216 2.653665481034125 27.56771500183836 0 0 
217 0.5755154441842905 26.39778110840943 0 0 
218 -0.7550284481578373 25.37106027144822 0 0 
219 -1.490470325966776 25.14835463746692 0 0 
220 -1.81776988016248 25.36301581227705 0 0 
221 -1.83126011848691 25.95258060770691 0 0 
222 -0.724926900261508 28.05340930342408 0 0 
223 -0.08749035347284462 28.87725640741306 0 0 
224 1.728089051776287 30.61373904927721 0 0 
225 2.311058162887136 31.33686228432033 0 0 
226 2.570960947451347 32.05247314371177 0 0 
227 2.598106417630206 33.39133071334354 0 0 
228 1.516959159425973 36.18167572517124 0 0 
229 1.421889323934401 36.90061318143032 0 0 
230 1.588686227258869 37.38811459534343 0 0 
231 3.052459170163054 38.87901004461943 0 0 
232 3.754125425722442 40.15138368258879 0 0 
233 4.142571358839014 41.66585850184821 0 0 
234 4.172787116764546 42.84396477374953 0 0 
235 3.776925241854642 43.99897164504304 0 0 
236 3.242852749992927 44.60590518448249 0 0 
237 1.996538910839888 45.00882328514692 0 0 
238 0.7730782746552265 44.62941766381105 0 0 
239 -1.081476947084283 43.42724339687859 0 0 
240 -1.56178148481002 43.47587280630534 0 0 
241 -3.542353185697202 44.59341921138483 0 0 
242 -4.891412951192315 44.95330511385151 0 0 
243 -6.304939006889462 44.9076662219686 0 0 
244 -7.917416604456648 44.44490242768469 0 0 
245 -9.947161200486264 43.39490928565075 0 0 
246 -12.35545267286384 41.68044752138378 0 0 
247 -14.83112835444312 40.37979212468351 0 0 
248 -16.01001777511122 39.56598563755136 0 0 
249 -17.71791741600938 38.0573617984284 0 0 
250 -18.0232180562332 37.34493932308688 0 0 
251 -17.85386420266614 36.59562436340854 0 0 
252 -17.15655295217792 35.74015198003028 0 0 
253 -15.25114621160714 34.49381853329059 0 0 
254 -12.32367269056407 33.67109785745782 0 0 
255 -10.43605614546057 33.70881356601416 0 0 
256 -9.911528526362723 33.57434341273872 0 0 
257 -9.574175743552601 33.29487088653834 0 0 
258 -9.114271608477601 32.39687643984215 0 0 
259 -8.555591177384173 29.5633325179726 0 0 
260 -8.57473327425209 28.4792163492936 0 0 
261 -8.943603035423948 27.67297465225514 0 0 
262 -9.225749367391145 27.74494749752429 0 0 
263 -9.455635077712174 28.25296966505243 0 0 
264 -9.809428677556056 31.23005969329535 0 0 
265 -10.10719410252277 31.79133744925618 0 0 
266 -10.69892084676513 32.40556616174204 0 0 
267 -11.32457579883106 32.65295682107573 0 0 
268 -13.40939272580057 32.70938531685743 0 0 
269 -14.23815632681876 32.99571229855913 0 0 
270 -17.44415706757987 35.46034728249604 0 0 
271 -18.44792932808615 35.86461808529824 0 0 
272 -19.58575768022909 35.51937992919559 0 0 
273 -20.26405330292742 34.77289588793099 0 0 
274 -20.61224552771696 33.89808071386921 0 0 
275 -20.60702798204165 32.93022951866399 0 0 
276 -20.00460390788236 30.0161361783883 0 0 
277 -20.18770387873364 29.68592460679938 0 0 
278 -20.77985688314363 29.87131401984532 0 0 
279 -23.16148919924503 31.46887171327024 0 0 
280 -24.57188812057881 32.06392674100899 0 0 
281 -25.35580912628799 32.20548465727563 0 0 
282 -26.64377988523488 32.06728210136236 0 0 
283 -27.2403897529321 31.7878574163766 0 0 
284 -27.93213422007788 31.12328867403257 0 0 
285 -28.31579636592323 30.04652380296907 0 0 
286 -28.24353795181568 29.31491999230881 0 0 
287 -27.32427740779548 26.79771809604116 0 0 
288 -27.70949810478194 26.40826811134672 0 0 
289 -29.35473166201853 26.49021574784688 0 0 
290 -30.36358163721604 26.29213687889129 0 0 
291 -30.81793171534724 25.85992692548106 0 0 
292 -31.12896878111477 24.62750700783102 0 0 
293 -30.61348755072314 23.52536946890819 0 0 
294 -27.89006896529104 21.02812456784498 0 0 
295 -24.20776869230954 19.00722727856847 0 0 
296 -23.50975293508157 18.46281343934978 0 0 
297 -23.18797599785386 18.07777924103278 0 0 
298 -22.94226289795407 17.38520131626988 0 0 
299 -23.00183494603879 17.09983249786412 0 0 
300 -32.87743681048924 6.447443840714513 0 0 
301 -33.59843740759813 5.189824976787214 0 0 
302 -34.26918946162115 4.545515655580246 0 0 
303 -35.61154347629968 5.480094890722683 0 0 
304 -36.59139757753335 6.790683538352887 0 0 
305 -35.9273708709867 7.194762000417953 0 0 
306 -32.26323704204155 8.141608658576054 0 0 
307 -32.09256073982576 8.02895162163847 0 0 
308 -32.84467785857382 7.424858828769025 0 0 
309 -28.54560276579944 16.06602777957163 0 0 
310 -29.88327077915442 16.77916231951172 0 0 
311 -30.75038350343967 17.0854430038146 0 0 
312 -28.92307456430604 16.51029284426813 0 0 
313 -22.9866534666134 26.68463317479246 0 0 
314 -23.79935312334138 27.23088844111403 0 0 
315 -24.46695741714307 28.39438395280325 0 0 
316 -23.15304163171037 27.55819918741957 0 0 
317 -22.82668068521732 27.62454824154108 0 0 
318 -22.9621912843381 4.314427164745361 0 0 
319 -23.87968519573639 4.497708583941048 0 0 
320 -23.80062806815123 4.905921431540065 0 0 
321 -23.46313404061713 5.194031746624439 0 0 
322 -22.72444923078783 4.922452051525156 0 0 
323 -22.16937981806489 5.801729848627133 0 0 
324 -21.82979928205811 5.762165241175666 0 0 
325 -21.92306927345082 5.317713106864744 0 0 
326 -21.7958461096347 4.746934510829895 0 0 
327 -22.26241503518057 3.659651622933872 0 0 
328 -21.69753842478611 26.26900053878304 0 0 
329 -22.95837153638879 26.67630960606547 0 0 
330 -22.10037091797975 26.92503531367995 0 0 
331 -20.52902339998324 25.81695488862466 0 0 
332 -21.24621252418043 25.3871425235783 0 0 
333 -21.54197006546602 26.13004903394539 0 0 
334 -20.74479779537695 25.98357543077793 0 0 
335 -19.41353979272633 6.688369223226189 0 0 
336 -20.75762121213285 7.255234519448202 0 0 
337 -21.24903033796057 7.090895324681327 0 0 
338 -22.2072635736932 8.475164074351646 0 0 
339 -23.17577181638463 9.106925349734261 0 0 
340 -26.19650972262334 9.943592192511979 0 0 
341 -27.21532850152528 10.43284891308644 0 0 
342 -26.64401251051601 12.17835406403172 0 0 
343 -26.59704385769837 12.83433592827731 0 0 
344 -27.02890892323976 14.77166995431096 0 0 
345 -27.38001988695179 15.0966328640199 0 0 
346 -26.86458649630567 14.76137872491238 0 0 
347 -25.82248257948046 14.59639600288326 0 0 
348 -24.49965665954594 14.06150387553219 0 0 
349 -22.95239309669019 13.94708041290867 0 0 
350 -22.09857611060621 14.11571452601118 0 0 
351 -20.44694353385425 15.0510201253033 0 0 
352 -19.51703770368819 15.84892091708341 0 0 
353 -18.58237335384637 16.38732942944846 0 0 
354 -17.74646645582969 17.27759500899814 0 0 
355 -17.22438274521759 18.45790936404436 0 0 
356 -17.08330194776174 19.85544375519382 0 0 
357 -17.20933747897251 20.78080456711816 0 0 
358 -17.75653373082774 22.16250316900493 0 0 
359 -18.66377334384799 23.22712953031081 0 0 
360 -20.73821855833636 25.13308667905734 0 0 
361 -20.40110537629466 25.26212726715575 0 0 
362 -18.04338221939376 24.86479466639613 0 0 
363 -17.13559882457391 24.44855233867917 0 0 
364 -16.40603775344857 24.30766293127478 0 0 
365 -15.34931229316654 23.57926544073407 0 0 
366 -13.89923064263819 23.51631804129773 0 0 
367 -13.18569668899391 23.92147423119601 0 0 
368 -12.46740936191912 24.97253207306492 0 0 
369 -12.42046644054292 25.53006006779655 0 0 
370 -11.68650597542297 24.97274606369113 0 0 
371 -12.03517659186247 24.05618767531924 0 0 
372 -10.83135372433306 24.5585189878943 0 0 
373 -9.845822195460308 24.42634705170881 0 0 
374 -8.409596891087162 24.6758785717707 0 0 
375 -6.710596950494036 25.80657558680885 0 0 
376 -5.89233582592172 27.37443861034328 0 0 
377 -5.620935990411297 28.38490084747898 0 0 
378 -5.627753187777927 29.93335242239601 0 0 
379 -5.421524318423316 30.68668425952074 0 0 
380 -4.356074363986167 30.95238066632702 0 0 
381 -4.072089517265688 31.24982905543312 0 0 
382 -3.697147771088254 29.23726443390476 0 0 
383 -4.687200552803255 26.67871646027195 0 0 
384 -4.834756266129517 25.82635287384617 0 0 
385 -4.766014371796665 24.97253207306492 0 0 
386 -4.259235620665152 23.80304754938481 0 0 
387 -2.83424642431514 22.55754846268173 0 0 
388 -1.261852308925192 21.56054367399152 0 0 
389 0.3495674409308265 20.84128803021155 0 0 
390 0.9312433779191807 20.79725733688773 0 0 
391 2.465312561789503 21.56020549205996 0 0 
392 3.499246679059155 22.34506913360789 0 0 
393 4.47979093716318 21.52561010104699 0 0 
394 6.38820552535099 20.78897791860131 0 0 
395 7.652723274893269 20.79846948254009 0 0 
396 9.485634365374949 21.44937690516259 0 0 
397 10.35178826394401 21.5199768976314 0 0 
398 12.01924462913988 21.15191644694882 0 0 
399 12.87306161522387 21.18565558023256 0 0 
400 14.3930344768779 21.90400359898081 0 0 
401 14.72868035222577 21.17186600061377 0 0 
402 14.70230804958414 18.14925936798679 0 0 
403 14.90083853676274 17.29690341095554 0 0 
404 15.42945918805708 16.15747730418327 0 0 
405 15.73249586062241 14.73689822296726 0 0 
406 15.67908033810017 13.0321710501157 0 0 
407 15.98223162344302 9.696872340169371 0 0 
408 15.92541460923165 8.695225468840995 0 0 
409 15.528635658605 7.638976101724595 0 0 
410 13.99384884264775 5.361014940242569 0 0 
411 13.6650903228465 4.30109430799088 0 0 
412 13.19255472703869 3.435621317560901 0 0 
413 12.17697673671184 3.010056361369422 0 0 
414 9.460700470204337 2.451498710331947 0 0 
415 8.608336883778556 2.414660735009818 0 0 
416 4.343608337635978 3.243611413568594 0 0 
417 2.637423950428946 3.342218200601422 0 0 
418 -1.627300781016366 2.473876538089023 0 0 
419 -4.187302154307382 2.447819265198355 0 0 
420 -5.349848215059765 2.639073915026344 0 0 
421 -6.593774951508237 4.67394015978207 0 0 
422 -7.498754000120073 5.429666279799861 0 0 
423 -8.45203070044996 5.789896713138845 0 0 
424 -9.304394286875741 5.86829653142329 0 0 
425 -10.15675787330152 5.726474851896477 0 0 
426 -11.95278215416635 4.666078808699233 0 0 
427 -14.02318968457635 7.090950722705394 0 0 
428 -15.27530340552808 7.622243533405602 0 0 
429 -16.12766699195387 7.625801349631004 0 0 
430 -17.52221168402625 7.128550008442829 0 0 
431 -18.56626551308003 6.111624028623872 0 0 
432 -1.626250032666483 37.79898320911244 0 0 
433 -2.394847327778493 34.90173378847046 0 0 
434 -3.160377478342426 35.52028770924401 0 0 
435 -3.064701922663637 36.00108259890086 0 0 
436 -3.759212357026257 39.86655180075673 0 0 
437 -4.247118637083688 40.31541442830596 0 0 
438 -4.28503103027959 41.31711456830755 0 0 
439 -3.618319026607146 41.10154885926952 0 0 
440 -4.192278162863474 40.38302493903601 0 0 
441 -3.428220464447868 40.97662994802376 0 0 
442 -2.605316126136536 40.37244144965263 0 0 
443 -2.573779670719574 40.1904672061302 0 0 
444 -1.627300781016366 40.00791360893425 0 0 
445 -1.264184707438275 40.07898091983487 0 0 
446 -0.8485220758683809 39.47808810498928 0 0 
447 11.62449549127938 36.91435031036961 0 0 
448 11.4498976114424 34.35580996613132 0 0 
449 11.71878452807525 31.80411495504645 0 0 
450 11.1668810427141 31.3342617029526 0 0 
451 7.966944917004326 31.77912182464672 0 0 
452 8.608336883778556 32.1944532491756 0 0 
453 9.138647436708425 31.88043721430231 0 0 
454 9.468716758056864 32.01874951441606 0 0 
455 9.710390412852075 32.40507242799733 0 0 
456 8.9454960059958 32.63894990499589 0 0 
457 9.475490693642669 32.86281766214739 0 0 
458 10.07467429125071 33.49261220109286 0 0 
459 10.449043377186 34.36510472828207 0 0 
460 10.14488908952662 35.97248556821662 0 0 
461 9.534276843976954 37.10699260913488 0 0 
462 9.221897185921527 39.47289828400242 0 0 
463 8.436851326960372 42.14209825791591 0 0 
464 8.604526301466173 42.25280664432447 0 0 
465 9.460700470204337 42.32514476093532 0 0 
466 11.06762196624869 41.95898587280156 0 0 
467 12.07725736683676 40.76736500939294 0 0 
468 12.24504065828112 39.32268971370967 0 0 
469 15.79945850269455 24.96785555563989 0 0 
470 15.42256137270949 25.91564343448891 0 0 
471 16.46978375418675 25.85078913759735 0 0 
472 18.55999123217435 35.90426154104835 0 0 
473 18.84488176325262 38.70507943746862 0 0 
474 19.48899198960405 38.59021674617976 0 0 
475 19.71462198879095 38.79671308337826 0 0 
476 20.49688020146466 37.67101302726247 0 0 
477 21.34243795968845 36.81457741355045 0 0 
478 22.48437278501366 36.11188837655633 0 0 
479 23.12326743834561 36.01616689614841 0 0 
480 22.29843829630131 34.49293624704655 0 0 
481 22.22988041959881 33.17890228814748 0 0 
482 22.98810737722998 31.60515961592825 0 0 
483 23.78024551887976 31.03240096330629 0 0 
484 24.20346786509533 30.1022942470827 0 0 
485 22.8632317303207 29.317184955682 0 0 
486 22.11497073966706 28.44294142588078 0 0 
487 21.47476948696094 26.83486229367831 0 0 
488 21.15426892118586 26.79662222438552 0 0 
489 19.45679785333166 27.25136768080568 0 0 
490 19.77387590506811 28.86422715328586 0 0 
491 19.85467660896084 30.66802053949772 0 0 
492 19.2196751447521 33.04816099847555 0 0 
493 18.84173832281275 33.62806140348868 0 0 
494 18.79327579487289 34.84476413347218 0 0 
495 26.77641106638884 15.72515712395816 0 0 
496 27.20614271310195 14.64889983465122 0 0 
497 25.91432885773102 13.43488263007353 0 0 
498 25.66724534630297 13.32262531166855 0 0 
499 24.82956316856672 13.48086403537967 0 0 
500 24.128937664081 14.09173547061349 0 0 
501 23.63766214101457 15.46801088576124 0 0 
502 23.51140115338099 16.46384942115112 0 0 
503 24.05084781550018 17.35825899192991 0 0 
504 24.24939038982838 17.3182724882429 0 0 
505 25.19226258657297 16.72146355099185 0 0 
506 27.42613285091837 15.93528601911567 0 0 
507 27.59796782558937 15.641922901096 0 0 
508 27.40113573709464 15.1882365550878 0 0 
509 -9.567334083793369 -3.259816292330896 0 0 
510 -9.980169525117319 -2.420796829211866 0 0 
511 -10.47993049209804 -1.944370490634029 0 0 
512 -11.85741810222216 -1.271899058317771 0 0 
513 -14.79118235941728 -0.4762600008940865 0 0 
514 -16.68092135525877 -0.5283920394624744 0 0 
515 -17.3575411696174 -0.8822231662070124 0 0 
516 -17.54973763754023 -1.246204692363889 0 0 
517 -17.61277414884457 -2.005189561026874 0 0 
518 -16.43874442284749 -5.188528516852969 0 0 
519 -16.40279137937229 -5.739761410764984 0 0 
520 -16.66785126576209 -5.844081906911541 0 0 
521 -17.13597923251396 -5.542185572996416 0 0 
522 -17.57140715722026 -4.931251124193821 0 0 
523 -18.91832066292633 -1.900344701618756 0 0 
524 -19.5271069588221 -0.9952776444100166 0 0 
525 -20.70596972501338 -0.1431062868396111 0 0 
526 -21.42904408160112 0.03103701402393 0 0 
527 -22.38627271214902 -0.03083446495949005 0 0 
528 -23.53044813635457 -0.6897130925146868 0 0 
529 -24.15009454878993 -1.556673706216088 0 0 
530 -24.37264652545822 -2.473335546249324 0 0 
531 -24.17835104637307 -4.140792969775198 0 0 
532 -23.48953217943023 -6.245369978982197 0 0 
533 -23.48482293828875 -6.735504023567394 0 0 
534 -23.6409994069273 -6.833095596367556 0 0 
535 -24.06546589257061 -6.569592030897688 0 0 
536 -24.52906446822623 -5.801233920591322 0 0 
537 -25.23408515682105 -2.326006286388377 0 0 
538 -25.70945848497079 -1.258253121957921 0 0 
539 -26.32783100375138 -0.5064414706875553 0 0 
540 -27.25564095580237 0.05031136412157622 0 0 
541 -27.84531656844086 0.138109538761725 0 0 
542 -28.95833269850514 -0.06411346098126813 0 0 
543 -31.92497217744731 -1.302484828877347 0 0 
544 -32.4145593669647 -1.313695634282901 0 0 
545 -35.52412344581065 -0.4802182280404566 0 0 
546 -37.50706056932747 -0.4962286440113459 0 0 
547 -39.01193093287673 -1.178330834499896 0 0 
548 -40.08124298366955 -2.453334422652809 0 0 
549 -40.52850806199512 -3.413007851346251 0 0 
550 -40.57121174582266 -3.848801718229765 0 0 
551 -40.59525453876966 -4.573278626431865 0 0 
552 -40.24036994705691 -5.419379323536482 0 0 
553 -38.09551179874247 -6.444445499319926 0 0 
554 -37.70134499906164 -6.889820806685528 0 0 
555 -37.64127775198829 -7.308009047946854 0 0 
556 -38.12684665861104 -8.225144867683348 0 0 
557 -39.40893996963209 -9.37366291499557 0 0 
558 -40.27211283820098 -10.72726785579344 0 0 
559 -40.48907820203764 -11.69925231041886 0 0 
560 -40.40847152289549 -13.67948064433146 0 0 
561 -39.99332176204977 -14.63656084615558 0 0 
562 -38.95436767001882 -16.25011422948019 0 0 
563 -36.99886331817783 -18.32725044002553 0 0 
564 -35.50416065739936 -19.29675465801848 0 0 
565 -33.97611179950962 -19.55053115787896 0 0 
566 -32.52737682155435 -19.26868062632222 0 0 
567 -29.09555916723917 -17.6444800319807 0 0 
568 -26.74201210681711 -17.11812315150154 0 0 
569 -23.03002573261025 -16.71860355874722 0 0 
570 -21.77357814970121 -17.00337388328744 0 0 
571 -21.21247337827695 -17.63232980929526 0 0 
572 -21.12183610019974 -18.87729073953268 0 0 
573 -21.48843549981898 -19.88758299240939 0 0 
574 -22.27499434049972 -20.96042712502262 0 0 
575 -23.2907902946157 -21.76171281028806 0 0 
576 -24.26374554385354 -22.01710295368466 0 0 
577 -27.24141610372345 -21.5018539670304 0 0 
578 -29.80815303501203 -21.54679575634004 0 0 
579 -32.19647682567696 -22.36002521912502 0 0 
580 -32.88962525453764 -22.88489721056242 0 0 
581 -33.30017421472241 -23.63744930904145 0 0 
582 -33.41391615785485 -24.3159374658099 0 0 
583 -33.30502748936828 -25.04460321786463 0 0 
584 -32.8269866356562 -25.91926517091852 0 0 
585 -31.98013691925306 -26.50112889720613 0 0 
586 -30.39494931035356 -27.06274044252205 0 0 
587 -30.07242133906909 -27.3845900437814 0 0 
588 -28.73011984514842 -32.41837568150419 0 0 
589 -28.41953253525715 -33.22254273817995 0 0 
590 -27.63957982164677 -34.27826779030093 0 0 
591 -26.61573274165256 -35.10122137778465 0 0 
592 -24.9022949234543 -36.11394320166879 0 0 
593 -23.21454764397304 -36.86381910005905 0 0 
594 -21.09018857261846 -37.31409158591801 0 0 
595 -19.92529640914287 -37.87526476070014 0 0 
596 -18.50748558286049 -39.24538249903978 0 0 
597 -16.42388148980726 -40.81473181614403 0 0 
598 -14.90735341984517 -41.2281135992709 0 0 
599 -14.48337204171626 -41.17281191582176 0 0 
600 -13.16202942448085 -40.72850196251385 0 0 
601 -11.68407573264248 -39.56901685459386 0 0 
602 -10.40119920267936 -38.09994613758072 0 0 
603 -9.240358416101252 -36.24536191114909 0 0 
604 -8.590675389489469 -34.59044395345057 0 0 
605 -8.372257226756567 -33.47258765075001 0 0 
606 -8.305799371803197 -32.35473797707273 0 0 
607 -8.550340294194378 -30.17445697712338 0 0 
608 -8.539218004982096 -29.71910053979784 0 0 
609 -8.355921580501416 -29.46873855331775 0 0 
610 -8.001072259798597 -30.17648722858607 0 0 
611 -7.889563998194959 -31.42413202817665 0 0 
612 -8.11172695652909 -34.93794456145714 0 0 
613 -8.344874667034951 -36.36930354039563 0 0 
614 -9.213267062127926 -38.01477851755998 0 0 
615 -11.33260844909007 -39.77577334425837 0 0 
616 -12.17006029206819 -40.75095622702377 0 0 
617 -12.34840497295049 -41.40653692805354 0 0 
618 -12.3479584158953 -42.44234434346166 0 0 
619 -11.50541129211707 -43.43520920518164 0 0 
620 -10.33670027930292 -43.87084588049479 0 0 
621 -9.574621373997978 -43.95674251395381 0 0 
622 -7.177445337988878 -43.78877767010862 0 0 
623 -5.392568983612634 -45.11152004256238 0 0 
624 -4.215467105652436 -45.60550957919931 0 0 
625 -2.587488372993619 -45.63959229681379 0 0 
626 0.4683484181298496 -44.86925389481375 0 0 
627 2.39956146147027 -44.68240223454348 0 0 
628 3.698460581957384 -44.1187474161239 0 0 
629 4.689440586038884 -43.06192531071341 0 0 
630 5.117607080386151 -41.84427969199608 0 0 
631 5.477461521782558 -39.46804740127111 0 0 
632 5.645560450460621 -37.52822265702452 0 0 
633 5.558151493384649 -36.34936477432026 0 0 
634 4.502406289152496 -33.572626695891 0 0 
635 3.004651147889845 -30.87256709969212 0 0 
636 1.768896495421167 -29.62509899476135 0 0 
637 0.3115641029152698 -28.60208244760301 0 0 
638 -0.5896357386877682 -27.62241046025129 0 0 
639 -1.548926719949407 -26.06122654244863 0 0 
640 -1.66673130045357 -25.41591418112104 0 0 
641 -1.237132131721296 -25.18019554994443 0 0 
642 -0.5001572270399706 -25.38097083295251 0 0 
643 0.7287733677218142 -26.2757030713414 0 0 
644 1.951997109890023 -27.48178813346743 0 0 
645 2.942122798847748 -28.11464775119358 0 0 
646 3.858870053896972 -28.29876896498268 0 0 
647 5.184583737744873 -27.80523202162345 0 0 
648 6.882457809325253 -25.7788269865097 0 0 
649 7.384300428770366 -25.57732296725963 0 0 
650 8.212800825101453 -25.55817311158874 0 0 
651 11.2618645537123 -26.42940387193961 0 0 
652 12.83748697578421 -26.52129630991537 0 0 
653 13.03903272707161 -26.67279234368214 0 0 
654 13.1139760319151 -27.01551868507796 0 0 
655 12.8948796451439 -27.4879323943482 0 0 
656 12.40417578638603 -27.70074565477185 0 0 
657 10.29028944853438 -27.42080652284145 0 0 
658 8.521536478879355 -27.65206456290155 0 0 
659 7.692421064164925 -28.01807630037193 0 0 
660 6.291594322648876 -29.02420259387354 0 0 
661 5.122610016043197 -30.38579551831901 0 0 
662 4.808878687862695 -31.55757881674131 0 0 
663 4.736536298265747 -32.75118176369752 0 0 
664 5.325084580595181 -34.24117951342814 0 0 
665 5.897840091214448 -34.87523524534123 0 0 
666 6.565704910219246 -35.27519190798007 0 0 
667 7.704211540101227 -35.50911187201613 0 0 
668 9.131706989265489 -34.9955999551463 0 0 
669 7.90116189548089 -36.18446513303839 0 0 
670 7.189320481990649 -37.14645716288418 0 0 
671 6.717739828181742 -38.18995595426065 0 0 
672 6.231045030476025 -40.25205027504829 0 0 
673 6.031743684935194 -42.09884400496343 0 0 
674 6.153132841652699 -43.19784495827825 0 0 
675 6.541702937706177 -44.11544134983751 0 0 
676 7.328426900699917 -44.96907236100619 0 0 
677 8.506374856615537 -45.48093719506608 0 0 
678 9.048091428647325 -45.47056340174507 0 0 
679 10.39784905002768 -45.09081024157555 0 0 
680 11.24640325577198 -44.29770668084004 0 0 
681 11.77866194190917 -43.34627688579172 0 0 
682 12.82430086101582 -40.74426903161287 0 0 
683 14.01759809353996 -38.51559631450551 0 0 
684 15.27635926968296 -34.61540913912145 0 0 
685 16.27055794706033 -32.55084923516776 0 0 
686 16.80265528709767 -31.83882694821478 0 0 
687 16.86286984912793 -32.2755529692562 0 0 
688 15.22348643785924 -35.99956096059859 0 0 
689 13.77281189526014 -40.87447558821455 0 0 
690 12.01050644157898 -44.24898081149794 0 0 
691 12.00875177368768 -45.31909686222077 0 0 
692 12.36301787635884 -45.78718398429658 0 0 
693 13.54553482236251 -46.39343169610122 0 0 
694 15.39754193831673 -46.74633146024035 0 0 
695 16.59182663540694 -46.78458755065773 0 0 
696 18.26950846306708 -46.50697691731794 0 0 
697 20.36019130143027 -45.60699015117059 0 0 
698 22.51705586586479 -45.43824497513101 0 0 
699 23.55330127430847 -45.03129566455 0 0 
700 24.10590535855277 -44.27042278675032 0 0 
701 24.22492669810166 -42.88605075228517 0 0 
702 22.84078545691518 -39.37295873779652 0 0 
703 22.77080670227231 -38.97965129976126 0 0 
704 22.94730318668046 -38.80204417770644 0 0 
705 23.11659011651837 -38.8729597376735 0 0 
706 24.75010296804914 -41.77899507297457 0 0 
707 25.07391212736664 -42.13052406851024 0 0 
708 26.07258258348092 -42.67058114727594 0 0 
709 26.94156376989402 -42.75914138060084 0 0 
710 28.29481574813389 -42.4631574276638 0 0 
711 29.78075173785842 -41.49079668347046 0 0 
712 30.45495838523451 -39.9030243462656 0 0 
713 31.71631080452064 -33.55475335609891 0 0 
714 31.60502039325291 -32.55955391657983 0 0 
715 29.92694787906265 -27.40435103301389 0 0 
716 28.93819527676814 -27.14406659917798 0 0 
717 28.56167852462228 -27.21502672306707 0 0 
718 25.88566287648755 -28.73195917970948 0 0 
719 25.18725539811805 -28.93805752659866 0 0 
720 24.45572114803826 -28.69829919484448 0 0 
721 23.84280153807979 -28.0460714803391 0 0 
722 25.3456395524774 -28.20395436372915 0 0 
723 26.68616692970001 -27.89081534247731 0 0 
724 28.9134797803716 -26.54789372295428 0 0 
725 30.22889492153537 -25.25538101464223 0 0 
726 30.67318891396783 -24.37278046547731 0 0 
727 31.0637433341995 -22.06338202638629 0 0 
728 30.86319062426544 -18.1740580060637 0 0 
729 30.57903470373903 -16.2082441819707 0 0 
730 30.08653084619463 -14.79172063425975 0 0 
731 29.37150196490189 -13.59762312905877 0 0 
732 28.38528082390938 -12.47815901588977 0 0 
733 27.03996651629035 -11.49178851124949 0 0 
734 26.01892365899362 -11.17386236982342 0 0 
735 24.31830637236542 -11.26976745068247 0 0 
736 22.55938443181258 -12.01829324027357 0 0 
737 21.70054475235024 -13.04686797698977 0 0 
738 21.3137146475035 -13.92439783738619 0 0 
739 21.00302318514514 -15.83835759038505 0 0 
740 21.0816109906828 -18.32685877546158 0 0 
741 21.32989586066038 -20.3247571457499 0 0 
742 21.62612300206957 -21.43887293013694 0 0 
743 22.44698166806738 -22.85866786179312 0 0 
744 21.50546945869005 -22.71228831937297 0 0 
745 19.72732400631544 -23.57309118909883 0 0 
746 19.351042330577 -23.21997423124916 0 0 
747 18.78209332839047 -21.57900882312513 0 0 
748 18.57220555588625 -19.26324285992405 0 0 
749 19.04009091874443 -14.83639803779491 0 0 
750 20.01142212599036 -11.1013252613629 0 0 
751 19.7946941969443 -9.901690667238881 0 0 
752 18.98624721706563 -8.175358147612442 0 0 
753 18.83642147861728 -7.289715868965487 0 0 
754 19.77718378609751 -3.358506435648771 0 0 
755 19.72329347957176 -2.63770018780022 0 0 
756 19.39363210023133 -1.97731492180916 0 0 
757 18.53513270878414 -1.358236892250694 0 0 
758 17.49452656985162 -1.140420655975745 0 0 
759 13.95245898199824 -1.656973717226819 0 0 
760 8.758454116433157 -0.8156188549394585 0 0 
761 6.82308437273079 -0.974916323767296 0 0 
762 4.087261191914607 -1.72120950240339 0 0 
763 3.113055420460682 -1.816352484480767 0 0 
764 2.132755714316872 -1.684681895407813 0 0 
765 -0.9707560547821927 -0.7761044354254452 0 0 
766 -4.802148300927691 -0.5019102436514657 0 0 
767 -5.771628656052442 -0.6115705578407713 0 0 
768 -7.094363774663783 -1.079202452195695 0 0 
769 -7.928014690909905 -1.721799524063435 0 0 
770 -9.299440840733439 -3.368237384541494 0 0 
771 -21.16424442939559 -32.22108988845839 0 0 
772 -20.81714461006334 -31.32274075408352 0 0 
773 -20.84569089316758 -30.71334242761719 0 0 
774 -20.40942996505631 -30.45322911021773 0 0 
775 -20.45107461227791 -29.61396090281568 0 0 
776 -19.975772052172 -28.79317478568776 0 0 
777 -21.15655468555685 -27.94701541211485 0 0 
778 -20.47596565988535 -27.44743191707923 0 0 
779 -18.51956477312727 -24.78163461425271 0 0 
780 -17.9725901470578 -23.84646421847789 0 0 
781 -17.02871628125913 -21.23410803981133 0 0 
782 -16.89602482809799 -20.49118968840626 0 0 
783 -16.96928436792226 -19.00810678890611 0 0 
784 -17.74465427297493 -16.77733403791428 0 0 
785 -18.66622165215464 -15.38842756179702 0 0 
786 -19.54003195167066 -14.71447590608835 0 0 
787 -21.3421422684124 -13.74337691985464 0 0 
788 -22.47244358067407 -13.2598780806476 0 0 
789 -23.74357632657813 -13.01276083813622 0 0 
790 -26.70515655201466 -11.56700991080938 0 0 
791 -27.9553462101966 -11.21812118400088 0 0 
792 -29.3468692257947 -11.1659351343965 0 0 
793 -30.65495258467389 -11.5402777489373 0 0 
794 -31.67224728629485 -12.09833713353249 0 0 
795 -32.25933054076945 -11.30740308439749 0 0 
796 -32.0060291718636 -10.27800178184264 0 0 
797 -32.1953306150774 -8.930937084337359 0 0 
798 -33.65625637707812 -6.054188084561702 0 0 
799 -33.73043540993297 -5.585972143059038 0 0 
800 -33.2070608741764 -5.423904367413044 0 0 
801 -32.23092909267788 -5.62894141292756 0 0 
802 -31.53496170633782 -5.574308586706863 0 0 
803 -30.29593412763864 -5.119812592868222 0 0 
804 -29.45080198727552 -4.265360602846201 0 0 
805 -27.98439870485632 -4.836462248593172 0 0 
806 -27.52447215685947 -6.577830208560684 0 0 
807 -26.40458176719216 -8.318803590260252 0 0 
808 -25.49799113101023 -9.151918350855581 0 0 
809 -24.65712026954176 -9.57277524644023 0 0 
810 -23.80475668311598 -9.736665936517241 0 0 
811 -22.95239309669019 -9.657804034066579 0 0 
812 -21.8178487241316 -9.095940618973742 0 0 
813 -21.03479396469898 -8.292921265558128 0 0 
814 -20.30508208337831 -7.002025364806364 0 0 
815 -19.70730807265428 -7.25267589563262 0 0 
816 -18.26132117850586 -8.337129878805278 0 0 
817 -16.98148397803785 -8.78823283100207 0 0 
818 -15.94325393911966 -9.085413655249475 0 0 
819 -14.33053660564732 -9.059776368559994 0 0 
820 -13.77364224793608 -8.758872381427878 0 0 
821 -12.99418508877934 -7.926395857471945 0 0 
822 -12.50274711164477 -6.586736878351097 0 0 
823 -12.53783202072517 -5.504672240794591 0 0 
824 -11.88121037534992 -5.033190873893773 0 0 
825 -11.09784750342848 -5.798485784989367 0 0 
826 -10.15675787330152 -6.248131522830697 0 0 
827 -9.363794469425706 -6.399421181825623 0 0 
828 -8.408230130367173 -6.317623316533087 0 0 
829 -7.521632770540847 -5.841617949200803 0 0 
830 -5.719230472038561 -3.888261473103981 0 0 
831 -5.039665740733163 -3.534394763653857 0 0 
832 -3.333485168223397 -3.461713238480804 0 0 
833 -1.627300781016366 -3.620243240828607 0 0 
834 1.783606964344962 -4.576619980212506 0 0 
835 3.489787536854728 -4.71470981230916 0 0 
836 5.195971924061759 -4.457540132116328 0 0 
837 7.754516082997306 -3.800133475955697 0 0 
838 8.608336883778556 -3.740588965276302 0 0 
839 10.55286937353561 -3.999803891738324 0 0 
840 13.94853458528318 -4.82255948405659 0 0 
841 14.01146775928559 -7.439100464776878 0 0 
842 14.3143074321511 -8.292921265558128 0 0 
843 14.79263903079065 -9.11653576335376 0 0 
844 16.27099061111601 -10.85146542449368 0 0 
845 16.51447506444645 -11.62979973727882 0 0 
846 15.71404693545332 -17.6747381295718 0 0 
847 15.65208609214216 -19.38092251677883 0 0 
848 15.89674640466773 -21.93946667571438 0 0 
849 16.27348255382768 -23.72724211501544 0 0 
850 16.6541172345837 -24.61189987805244 0 0 
851 17.19538869523613 -25.2951801134525 0 0 
852 18.60538007630523 -26.24756840486765 0 0 
853 20.82150727800238 -26.7890959390389 0 0 
854 20.92679909469589 -27.91037579436672 0 0 
855 21.3483538247824 -29.569294052904 0 0 
856 22.12719442423602 -30.59756340835693 0 0 
857 23.05573402882042 -31.28699469226181 0 0 
858 23.83640598478044 -31.73868118274248 0 0 
859 24.81488175987719 -31.96945909596603 0 0 
860 25.68403745166369 -31.93647568933018 0 0 
861 27.28990363085313 -31.44929970401685 0 0 
862 27.87724449194426 -32.16794677242481 0 0 
863 28.22990751910692 -33.16122259075131 0 0 
864 28.28878091264896 -34.61074192521919 0 0 
865 28.08377708600369 -35.26158640267425 0 0 
866 27.59322492967922 -34.73113324988349 0 0 
867 26.62471095019942 -34.26929180826615 0 0 
868 25.25051521989359 -34.13507247273579 0 0 
869 24.08229926674109 -34.61082090929545 0 0 
870 22.92194703887489 -35.66233857276957 0 0 
871 22.24831579243146 -35.76818923387495 0 0 
872 21.40443184535641 -36.17388381207263 0 0 
873 20.33368123658533 -37.14837069708781 0 0 
874 19.96410117431778 -38.14601345916164 0 0 
875 19.97478481399426 -39.85219403167141 0 0 
876 20.55784285489707 -41.61036233384782 0 0 
877 20.57682994356705 -42.40539808997319 0 0 
878 18.84397264122484 -42.7883222738161 0 0 
879 17.14085105193981 -43.6562321983711 0 0 
880 16.15757647025612 -43.48345005209666 0 0 
881 16.34186473612144 -42.4270099856486 0 0 
882 17.93555772700214 -37.7826482697516 0 0 
883 19.03436057187254 -36.31267303273054 0 0 
884 19.82707381195777 -34.6312654880354 0 0 
885 20.32234666030418 -33.02892132659328 0 0 
886 20.34227665407414 -32.1751043405093 0 0 
887 20.15088432567713 -31.29875203579747 0 0 
888 18.82164986630253 -29.65403617459338 0 0 
889 18.10382058174302 -29.12882628383431 0 0 
890 17.08314587174252 -28.78057872572156 0 0 
891 16.28531435864054 -28.28469715564726 0 0 
892 16.27496282280223 -26.20565052886379 0 0 
893 15.97888385942534 -25.17539683943068 0 0 
894 15.23249288798459 -24.40705041205918 0 0 
895 11.5087964676409 -22.84599267082806 0 0 
896 10.21878951355037 -22.40474315881315 0 0 
897 8.608336883778556 -22.11970416149177 0 0 
898 6.619260659625603 -22.25715999370513 0 0 
899 4.013200305290802 -23.32571228006659 0 0 
900 3.433526001843987 -23.260800413014 0 0 
901 2.76159524420855 -22.94686356541022 0 0 
902 1.787148885589794 -22.04974911768525 0 0 
903 0.9312433779191807 -21.83385142909236 0 0 
904 -0.8301285979630322 -21.92919238476119 0 0 
905 -2.830765598527883 -22.70642121488862 0 0 
906 -4.269186348305873 -24.1519081558177 0 0 
907 -4.628840944205926 -25.35183163543118 0 0 
908 -4.536733071626763 -26.36258546079124 0 0 
909 -4.215340296390778 -27.31724072542297 0 0 
910 -3.290326462912688 -28.97003726826821 0 0 
911 -2.249466694589771 -30.14281652570716 0 0 
912 -0.9387431068229688 -32.64946643898476 0 0 
913 0.068280785430332 -34.05068877423187 0 0 
914 -2.075271158402671 -34.88469279199143 0 0 
915 -2.884689257914204 -35.58746548552883 0 0 
916 -3.358414514229274 -36.49594033606723 0 0 
917 -3.658751522008622 -36.44424430679739 0 0 
918 -3.742072732626298 -36.69730216052569 0 0 
919 -3.824502833335444 -38.14601345916164 0 0 
920 -3.551578749819484 -39.33621499248453 0 0 
921 -2.993197529720497 -39.66529374774069 0 0 
922 -2.246254029918902 -41.45251341223987 0 0 
923 -2.331343459563712 -42.22377209947203 0 0 
924 -2.503235199280169 -42.29420624363286 0 0 
925 -3.786799863659603 -42.43963539591213 0 0 
926 -3.955458168501572 -42.11671084652592 0 0 
927 -4.758507320717854 -41.56509694591973 0 0 
928 -5.063608321393183 -40.87411889851528 0 0 
929 -6.068883699108426 -39.6963268596994 0 0 
930 -5.924148568900002 -39.42315649336284 0 0 
931 -5.890013065679312 -38.31113518864016 0 0 
932 -5.611166279889041 -38.15187550243047 0 0 
933 -5.332838392735979 -37.29958380627434 0 0 
934 -5.086969821147932 -34.38321414218235 0 0 
935 -4.60946322270528 -32.78640336462624 0 0 
936 -4.78247319264856 -30.56138779188571 0 0 
937 -5.289801097752651 -28.8587789797249 0 0 
938 -5.909466544722306 -27.89301174603029 0 0 
939 -6.756011999556826 -27.06403584969146 0 0 
940 -7.598213714365976 -26.67941519472284 0 0 
941 -8.45203070044996 -26.533723078188 0 0 
942 -9.146930676879926 -26.57997002414938 0 0 
943 -10.32328741047365 -26.96606998619238 0 0 
944 -11.46597971142816 -28.01859098085187 0 0 
945 -11.85527345078934 -28.95657099552487 0 0 
946 -11.9565634293796 -29.61655827422512 0 0 
947 -11.79993610688528 -32.75592397202539 0 0 
948 -13.05644829909985 -33.3473555767864 0 0 
949 -13.36301263872939 -32.74631534377905 0 0 
950 -14.17927123533845 -32.74970710081413 0 0 
951 -14.44392339501687 -32.58316235322899 0 0 
952 -16.91320657835413 -34.87398770330273 0 0 
953 -17.83384756446363 -34.97990661801929 0 0 
954 -18.83442058965751 -34.76896307199809 0 0 
955 -20.54653703425513 -33.9246160805323 0 0 
956 11.92559631361101 -33.42429469931303 0 0 
957 11.22190635327504 -31.78692258308105 0 0 
958 12.02013202496623 -31.3732845865857 0 0 
959 12.98879240218113 -31.30086271221697 0 0 
960 13.08698621653011 -32.16656544279189 0 0 
961 12.88944657470381 -32.80573077739264 0 0 
962 -12.72568230090052 -4.593142867939179 0 0 
963 -12.50025074149076 -4.773520919442831 0 0 
964 -12.68157418477104 -5.03203005519935 0 0 
965 25.80480283709465 -24.81235643021812 0 0 
966 24.98411739699535 -24.49946804900539 0 0 
967 25.52441240346434 -23.17365413125664 0 0 
968 25.95669532205562 -24.72000585851149 0 0 
969 24.79488849865472 -20.94665006707781 0 0 
970 24.35064905910071 -20.23473950286282 0 0 
971 24.13294001961895 -19.20916877803241 0 0 
972 24.14894823518484 -18.03232041160447 0 0 
973 24.4654135851677 -16.82237454314602 0 0 
974 24.33827934210805 -14.88546840616488 0 0 
975 24.93674805136731 -14.2553514903047 0 0 
976 25.75592606416708 -14.21775972916151 0 0 
977 26.6454892885807 -14.97822218247772 0 0 
978 27.29730329279625 -15.90510643125619 0 0 
979 27.49379673613089 -17.94002055292415 0 0 
980 26.52565504662699 -18.91296316941768 0 0 
981 25.72043629335428 -20.44978127892839 0 0 
1 -30.24379319702437 -0.0118688689177624 0 29.6901525020997 42.31478013619053 0 1 10 2 1 -1 
2 -36.31741744290329 4.808663748305147 0 -32.24635964331974 7.96502470939344 0 0 2 300 -300 
3 -30.34554019276969 16.25892771367773 0 -28.78359710274038 16.94751652109219 0 0 2 309 -309 
4 -24.14567415873509 26.93232823030415 0 -22.92009674454832 28.05340506472988 0 0 2 313 -313 
5 -23.75419037798013 3.984259966609193 0 -21.87027858714699 5.754734226575025 0 0 2 318 -318 
6 -22.60523258138684 26.44622451247959 0 -21.91678192846538 26.79646830484698 0 0 2 328 -328 
7 -21.38977008647781 25.57211227250407 0 -20.66009229083252 26.02771915357662 0 0 2 331 -331 
8 -26.93624193992564 4.740848426901124 0 13.88009604010121 29.92387147398783 0 0 2 335 -335 
9 -4.1721196559401 35.32900264363111 0 -1.130402213732469 41.1410526663649 0 0 2 432 -432 
10 8.52494665706431 31.66817008850001 0 11.69882003914017 42.25625251755988 0 0 2 447 -447 
11 15.62033192352677 25.27297579910763 0 16.18352581535851 25.8389684423708 0 0 2 469 -469 
12 18.64635374780382 26.90268164113003 0 23.2042580973958 38.67156757563821 0 0 2 472 -472 
13 23.63944539818687 13.37197387728322 0 27.49369025627273 17.09066982975714 0 0 2 495 -495 
14 -28.65461987973684 -45.28276848749299 0 31.32944434904492 -1.211745726218791 0 1 10 2 509 -509 
15 -28.72809799476179 -37.97991948368388 0 20.67995657203003 -3.608226977230014 0 0 2 771 -771 
16 11.532244274356 -33.04830535962097 0 13.03769730716757 -31.37343675035022 0 0 2 956 -956 
17 -12.69682198607054 -4.915797334696568 0 -12.5680432419391 -4.684332175195726 0 0 2 962 -962 
18 25.23075790214346 -24.74481660473156 0 25.87128463452363 -23.69165608370194 0 0 2 965 -965 
19 24.18239308596479 -20.74518684168374 0 27.24993593910849 -14.44423216795742 0 0 2 969 -969 
1 -36.31741744290329 4.808663748305147 0 -32.24635964331974 7.96502470939344 0 1 2 1 2 
2 -30.34554019276969 16.25892771367773 0 -28.78359710274038 16.94751652109219 0 1 2 1 3 
3 -24.14567415873509 26.93232823030415 0 -22.92009674454832 28.05340506472988 0 1 2 1 4 
4 -23.75419037798013 3.984259966609193 0 -21.87027858714699 5.754734226575025 0 1 2 1 5 
5 -22.60523258138684 26.44622451247959 0 -21.91678192846538 26.79646830484698 0 1 2 1 6 
6 -21.38977008647781 25.57211227250407 0 -20.66009229083252 26.02771915357662 0 1 2 1 7 
7 -26.93624193992564 4.740848426901124 0 13.88009604010121 29.92387147398783 0 1 2 1 8 
8 -4.1721196559401 35.32900264363111 0 -1.130402213732469 41.1410526663649 0 1 2 1 9 
9 8.52494665706431 31.66817008850001 0 11.69882003914017 42.25625251755988 0 1 2 1 10 
10 15.62033192352677 25.27297579910763 0 16.18352581535851 25.8389684423708 0 1 2 1 11 
11 18.64635374780382 26.90268164113003 0 23.2042580973958 38.67156757563821 0 1 2 1 12 
12 23.63944539818687 13.37197387728322 0 27.49369025627273 17.09066982975714 0 1 2 1 13 
13 -36.31741744290329 -0.0118688689177624 0 29.6901525020997 42.31478013619053 0 1 1 13 1 -2 -3 -4 -5 -6 -7 -8 -9 -10 -11 -12 -13 
14 -28.72809799476179 -37.97991948368388 0 20.67995657203003 -3.608226977230014 0 1 2 1 15 
15 11.532244274356 -33.04830535962097 0 13.03769730716757 -31.37343675035022 0 1 2 1 16 
16 -12.69682198607054 -4.915797334696568 0 -12.5680432419391 -4.684332175195726 0 1 2 1 17 
17 25.23075790214346 -24.74481660473156 0 25.87128463452363 -23.69165608370194 0 1 2 1 18 
18 24.18239308596479 -20.74518684168374 0 27.24993593910849 -14.44423216795742 0 1 2 1 19 
19 -28.72809799476179 -45.28276848749299 0 31.32944434904492 -1.211745726218791 0 1 1 6 14 -15 -16 -17 -18 -19 
$EndEntities
$Nodes
49 6993 1 6993
0 1 0 1
1
-23.3598575038076 16.91511384305401 0
0 300 0 1
2
-32.99214375135482 6.400743194735714 0
0 309 0 1
3
-28.8314594011097 16.25892771367773 0
0 313 0 1
4
-23.09544127916871 26.93232823030415 0
0 318 0 1
5
-22.99847756137822 4.23584481097606 0
0 335 0 1
6
-19.49634098268637 6.686722573496138 0
0 432 0 1
7
-1.624728255718801 37.59595912165158 0
0 447 0 1
8
11.69882003914017 36.8893168202199 0
0 472 0 1
9
18.64635374780382 36.19448162252237 0
0 495 0 1
10
26.95215378595865 15.45629414759528 0
0 509 0 1
11
-9.591491116837371 -3.13804989717949 0
0 771 0 1
12
-21.00344322698347 -32.35528606474156 0
0 956 0 1
13
11.96895636373715 -33.04830535962097 0
0 965 0 1
14
25.69333734457159 -24.74481660473156 0
0 969 0 1
15
24.87510655784564 -20.74518684168374 0
1 1 0 435
16
17
18
19
20
21
22
23
24
25
26
27
28
29
30
31
32
33
34
35
36
37
38
39
40
41
42
43
44
45
46
47
48
49
50
51
52
53
54
55
56
57
58
59
60
61
62
63
64
65
66
67
68
69
70
71
72
73
74
75
76
77
78
79
80
81
82
83
84
85
86
87
88
89
90
91
92
93
94
95
96
97
98
99
100
101
102
103
104
105
106
107
108
109
110
111
112
113
114
115
116
117
118
119
120
121
122
123
124
125
126
127
128
129
130
131
132
133
134
135
136
137
138
139
140
141
142
143
144
145
146
147
148
149
150
151
152
153
154
155
156
157
158
159
160
161
162
163
164
165
166
167
168
169
170
171
172
173
174
175
176
177
178
179
180
181
182
183
184
185
186
187
188
189
190
191
192
193
194
195
196
197
198
199
200
201
202
203
204
205
206
207
208
209
210
211
212
213
214
215
216
217
218
219
220
221
222
223
224
225
226
227
228
229
230
231
232
233
234
235
236
237
238
239
240
241
242
243
244
245
246
247
248
249
250
251
252
253
254
255
256
257
258
259
260
261
262
263
264
265
266
267
268
269
270
271
272
273
274
275
276
277
278
279
280
281
282
283
284
285
286
287
288
289
290
291
292
293
294
295
296
297
298
299
300
301
302
303
304
305
306
307
308
309
310
311
312
313
314
315
316
317
318
319
320
321
322
323
324
325
326
327
328
329
330
331
332
333
334
335
336
337
338
339
340
341
342
343
344
345
346
347
348
349
350
351
352
353
354
355
356
357
358
359
360
361
362
363
364
365
366
367
368
369
370
371
372
373
374
375
376
377
378
379
380
381
382
383
384
385
386
387
388
389
390
391
392
393
394
395
396
397
398
399
400
401
402
403
404
405
406
407
408
409
410
411
412
413
414
415
416
417
418
419
420
421
422
423
424
425
426
427
428
429
430
431
432
433
434
435
436
437
438
439
440
441
442
443
444
445
446
447
448
449
450
-24.31608284987318 17.14480138233717 0
-25.15306556918329 17.68673451083759 0
-25.91796287997588 18.32800374461389 0
-26.64645821823936 19.01072353451082 0
-27.36796318768774 19.70087189222529 0
-28.0991916774887 20.38067462100212 0
-28.85215489342675 21.03626887421143 0
-29.62810790557696 21.66450083769774 0
-30.42563937188917 22.26508755156075 0
-31.25150612948766 22.82579125830888 0
-32.15753739207506 23.23545935873839 0
-33.14925234229086 23.30743399087444 0
-34.10264746214867 23.0421466777766 0
-34.86605106185523 22.40272501224507 0
-35.5219692038727 21.65066759012773 0
-36.10093159453258 20.83757719026362 0
-36.62669778889911 19.98890963288675 0
-37.11476077511086 19.11796735254921 0
-37.56330447631127 18.2260879456823 0
-37.94941745679652 17.30568265100228 0
-38.23033620810012 16.34834108517167 0
-38.34846041130481 15.35892806378846 0
-38.09183540172307 14.40787437123945 0
-37.35627555036092 13.74993492792073 0
-36.4041671950036 13.46217476215511 0
-35.41379975283689 13.33746583698194 0
-34.41927213838739 13.24924936308707 0
-33.42539984055253 13.1541512603869 0
-32.43889404336431 13.00292258959743 0
-31.4959321737834 12.6851856139812 0
-31.25746787156822 11.94522756585228 0
-32.19741465923158 11.61737880811764 0
-33.16977553730947 11.39093326826115 0
-34.14667928625067 11.18471588049106 0
-35.12492115998358 10.98492033399345 0
-36.10324503998282 10.78552595044443 0
-37.07991522504264 10.57823539011857 0
-38.047681789488 10.33363098345039 0
-38.95072195942026 9.916046994546603 0
-39.68958710581534 9.25061412216729 0
-40.20572829494979 8.39987793985231 0
-40.41461182899973 7.428852865983908 0
-40.31196467217905 6.441060211192549 0
-39.81183267300445 5.582771388277809 0
-39.14577686297694 4.83949004037739 0
-38.43661449754423 4.136733581473766 0
-37.70814361348747 3.453976756550965 0
-36.96175791770815 2.790874803955087 0
-36.1852975128509 2.163504096207715 0
-35.34546264825036 1.625603405546543 0
-34.41066146273936 1.284106872848446 0
-33.4180294256462 1.262412256639907 0
-32.4921146685809 1.620035512589698 0
-31.74098781087694 2.270195177298966 0
-31.22835175000722 3.123965565241137 0
-30.84086263417371 4.043966972208985 0
-30.05997798049695 4.159907036181265 0
-29.37337008862425 3.436764038556385 0
-28.72992549539084 2.673339160467919 0
-28.03328747292651 1.959140591321092 0
-27.22254651140092 1.379908562445233 0
-26.2848763236234 1.055313106870153 0
-25.28883233658573 1.02296692923149 0
-24.32181963373754 0.7775267715116546 0
-23.36537257523309 0.4911088761543558 0
-22.39294164330565 0.2669427916352569 0
-21.40023842305023 0.1677873439588314 0
-20.40767661384346 0.2476321082234838 0
-19.4554836312971 0.5447733015506437 0
-18.55730413675477 0.9785292646849163 0
-17.73673048793357 1.545573581074229 0
-17.0198580788353 2.238630638510351 0
-16.48469839310066 3.0783119911412 0
-15.97884595200835 3.933207740144587 0
-15.26991826431363 3.462053383711249 0
-14.82812666918511 2.566878660437943 0
-14.30682261502369 1.718994060250662 0
-13.57098351774542 1.046383722547207 0
-12.74522614041284 0.4864127636284829 0
-11.84699055611424 0.0527313283000414 0
-10.88376012930381 -0.1957452699053724 0
-9.93360424827334 0.05350597253385447 0
-9.295732191199033 0.8033191626756415 0
-9.082172956788455 1.772493363686992 0
-8.795216684131182 2.191877829613683 0
-8.267271401875707 1.344608453344258 0
-7.734261136063214 0.5005716523372218 0
-7.019597673781071 -0.1805763824543893 0
-6.059543715856815 -0.4324048412958085 0
-5.062884709850875 -0.486172843639876 0
-4.064513620482979 -0.4830087364562567 0
-3.066794352267472 -0.4462378711922834 0
-2.070757151681407 -0.3777324150413441 0
-1.07800089131954 -0.2720535711929839 0
-0.08996305769238111 -0.1286377281141273 0
0.8941290754301399 0.03992415033656199 0
1.877681265815301 0.2116074241962849 0
2.87008945773559 0.3121327959623573 0
3.862673272937582 0.2175053473122968 0
4.844103389831081 0.03420368820455238 0
5.823026258619622 -0.162228051153377 0
6.803543474842045 -0.3504383500993653 0
7.79122062877067 -0.4951949809333059 0
8.788021212036792 -0.5395798414763021 0
9.782675698497265 -0.4579175882209439 0
10.77127104733139 -0.3182699172757605 0
11.75958808185023 -0.176544527877095 0
12.75110561530794 -0.0596289235631759 0
13.74680793668626 0.01235802901481536 0
14.74504002779588 0.01853671006806749 0
15.74222299221677 -0.02998251898716835 0
16.73807058830942 -0.1017994686058251 0
17.73564382649295 -0.1169381300091629 0
18.69661879987727 0.1271085592763002 0
19.45877786025202 0.7565099589115377 0
19.7490511015946 1.696667244380318 0
19.71858015327411 2.693794703812265 0
19.62381406444047 3.687714993447778 0
19.53743766161212 4.682378726778485 0
19.49291881571997 5.679680152338642 0
19.51367462415292 6.677752671734759 0
19.57156278263126 7.674500514597526 0
19.61078687790513 8.672031978064339 0
19.53920358573994 9.666744314602983 0
19.30597179002615 10.63662354946561 0
18.98673232546698 11.58259936568635 0
18.75609864046212 12.5528337994302 0
18.68224944592996 13.54782128106447 0
18.7146501838083 14.5454341924223 0
18.80839996060616 15.53940986152988 0
18.90836591279645 16.53280206974361 0
18.74558931497278 17.47056833450869 0
17.89131564741404 17.95443678006148 0
17.62516552468163 18.9052683109618 0
17.60385505766799 19.90293884619484 0
17.68396544561728 20.89762462741923 0
17.92236380361749 21.86550900660851 0
18.33123226137947 22.77522449268428 0
18.9082750901797 23.58614695543771 0
19.76634233913169 24.06149178838405 0
20.51332736109074 23.47959164934962 0
20.94440225975758 22.58146633612766 0
21.08801861874185 21.59935970150995 0
20.96397341616222 20.60953102123505 0
20.76800559967247 19.63054655811436 0
20.56158568199573 18.65368121842021 0
20.3699494130417 17.67384868451859 0
20.23590959990826 16.6847813802308 0
20.21669652110592 15.68726042360939 0
20.30505198328911 14.69302344030442 0
20.47398656868294 13.70934049026076 0
20.81594408269073 12.77523795388181 0
21.38646687198243 11.95760888265006 0
22.11141503273872 11.27520460576945 0
22.997022501514 10.81962182423733 0
23.9446513506105 10.50635996489704 0
24.91952385694942 10.29425236500422 0
25.91311488595566 10.31365285319107 0
26.86110149159735 10.62055684490828 0
27.73350138937631 11.10307999868811 0
27.94380912254375 11.82797889026802 0
28.67190749074835 12.10514564589184 0
29.06443205634979 12.32947124145975 0
29.68881957853254 13.10474681510648 0
30.24020214679124 13.93690555156245 0
30.71091532899387 14.81668599794599 0
31.04500743048979 15.75627759102575 0
31.19621636368701 16.74112909091092 0
30.99161214984325 17.70572477489695 0
30.33627424642079 18.45096221550427 0
29.49139130922399 18.97893877560825 0
28.56620056053721 19.3525490098769 0
27.61104746062638 19.64294984141292 0
26.65302144730055 19.92384569091773 0
25.80869585765366 20.42043324658627 0
26.61834141690641 20.5495341297151 0
27.56982098647639 20.24716141743874 0
28.53264207536668 19.98549885472572 0
29.52620117386877 19.93592694720505 0
30.44092984727779 20.294207342531 0
31.03895991952741 21.07522084582636 0
31.22383034904379 22.05560153559759 0
31.26738886231133 23.05182756589479 0
31.13869912341751 24.04052777422279 0
30.67463174424719 24.91113068839676 0
29.91968122059547 25.56080409213367 0
29.01407443455198 25.96795913151615 0
28.02531905400582 26.09789286273637 0
27.02847950916028 26.15408536880694 0
26.03187525565258 26.21399117236572 0
25.05748557710785 26.40499271523468 0
25.03628957862079 27.11887136017794 0
26.0290089226314 27.14154155189995 0
27.02449025097153 27.06559325515965 0
28.02255397419633 27.05735519102072 0
29.01348221950534 27.1707358125774 0
29.96578730971056 27.46275857793885 0
30.61012464116282 28.20141134644041 0
30.95830702126978 29.13574269012726 0
31.23404138035609 30.09534507286307 0
31.52920722048038 31.0490877483383 0
31.85515994293747 31.99280741967641 0
32.17826641239878 32.93749410344022 0
32.45144118421808 33.89748623796089 0
32.6046976858516 34.88310051227898 0
32.58701979242466 35.87998294248474 0
32.34692577358638 36.84543903340408 0
31.72860799144937 37.60953986927561 0
30.76850168903317 37.81410961417381 0
29.82763812616249 37.50226084487343 0
29.03209381660749 36.90300213329233 0
28.30489039938688 36.21891466928735 0
27.58230927409123 35.5298963206597 0
26.84611470971774 34.85550979818893 0
26.07087369712887 34.22684679599812 0
25.47690001697288 34.02341665487348 0
26.18957038870631 34.72175966713115 0
26.93755066015726 35.38311053614356 0
27.68690642911868 36.04291046982058 0
28.42047160958134 36.72010774302457 0
29.09700017316563 37.45345959827043 0
29.61439144480403 38.30387352334004 0
29.8593804019842 39.26767644624859 0
29.73227335831353 40.24995947289555 0
29.23382805675357 41.11004487614733 0
28.54373002930155 41.83001554161324 0
27.76355904078841 42.45219919603831 0
26.91465813302032 42.97643419542423 0
25.999995417918 43.3743554971171 0
25.03566374039108 43.62976240629379 0
24.05048795123263 43.79140102647908 0
23.07810827315578 44.00930899209172 0
22.1085591066965 44.15575899330698 0
21.13201397846879 44.35379553180155 0
20.17885750506804 44.65090348237142 0
19.2273895068355 44.95349895405669 0
18.26436327743356 45.21605095009857 0
17.27559270700245 45.33910593966273 0
16.30793813323753 45.13438442051918 0
15.55813205884551 44.48706691648304 0
15.18945380510073 43.57419451380812 0
15.22908388139211 42.57904737609955 0
15.38901892643235 41.59356927438658 0
15.5503581890067 40.60828046625384 0
15.6745604150304 39.61770199203588 0
15.73789088600426 38.62149335070884 0
15.73723596234479 37.6231677788399 0
15.69915947621192 36.62548033531484 0
15.65567843848619 35.62800216051809 0
15.64937284024142 34.62970480360102 0
15.70737646734356 33.63318685269596 0
15.84331129890617 32.64432428886997 0
16.06050513738398 31.67007794546693 0
16.33856327645998 30.71119327517897 0
16.58414142833663 29.74434261258369 0
16.13330313601206 29.19684291442638 0
15.63242313411778 30.05127079876098 0
15.30753964341846 30.99519358267192 0
15.01847096425066 31.95083160238155 0
14.76249440195083 32.91582438601345 0
14.56018358541847 33.89331465443331 0
14.46290266963034 34.8862204422464 0
14.51261530105245 35.88251584108107 0
14.67742242191073 36.86698864705905 0
14.8904921964842 37.84239842158961 0
15.10707058190338 38.81703856830705 0
15.23473675101497 39.80582434006982 0
15.12354754823747 40.79617392131544 0
14.8412640524451 41.75286928150322 0
14.43700525855292 42.66515021159902 0
13.89693488478296 43.5028753486682 0
13.18272074026193 44.19710040907557 0
12.32025408496608 44.69465746448599 0
11.36877021617223 44.99395684918225 0
10.39134583470623 45.19694913477763 0
9.404782194188126 45.34988619613551 0
8.411591262419886 45.45040122569186 0
7.41374872715252 45.46508139076054 0
6.425710831950024 45.33385701563069 0
5.617290342646858 44.79125980388172 0
5.210033779571003 43.88561754092199 0
5.106364491322299 42.89540896206969 0
5.225352757295751 41.90612923617252 0
5.527291448829321 40.95502361456342 0
5.877540939318659 40.02004027594533 0
6.212542121546804 39.07956899069911 0
6.439338797047646 38.1090712923757 0
6.341883103987799 37.12282347241943 0
5.950076299987498 36.20547578865391 0
5.510136686611235 35.30919717240857 0
5.108327856244705 34.39544421778976 0
4.792235304614542 33.44879567079438 0
4.577472111391631 32.47429230735663 0
4.504738892515625 31.47978372166756 0
4.600731608512382 30.48692483305262 0
4.860388582292964 29.52496891162489 0
5.400213047571465 28.69068444783958 0
6.115070444754837 27.99441061854886 0
6.899765534537129 27.37830105183588 0
7.828251217187819 27.04883263390579 0
8.822948173517359 27.11919214251267 0
9.81729841856235 27.20214187696936 0
10.77871503197529 26.97572967247618 0
11.54085467473986 26.33797869489291 0
12.08014403410784 25.50524227881318 0
12.18846087603214 24.52044477730218 0
11.40766302797547 24.38338459369154 0
10.52574632072276 24.85069543892858 0
9.561270155305504 25.08151504333348 0
8.614519603872376 24.80947810486701 0
7.762729779717276 24.28876812689682 0
6.869193389504456 23.86181247980344 0
6.184625027408066 24.5288154704968 0
5.714211785875007 25.40940304658993 0
5.2474800568508 26.29200341998775 0
4.700726502446883 27.12508274709863 0
3.857647467174427 27.63106021787889 0
2.874961383069471 27.5554602934455 0
1.961591073839704 27.15486001853607 0
1.091431867777518 26.6656264839762 0
0.2533151379676943 26.12329672118482 0
-0.5699017384547964 25.55843745462724 0
-1.493171668882484 25.2249782309984 0
-1.703483290928381 26.05044000554415 0
-1.289992887073759 26.95852320446829 0
-0.8078080465020684 27.83263576139409 0
-0.2362826864036809 28.64976890465856 0
0.448817890567746 29.3756973531568 0
1.158060643951837 30.0784401492276 0
1.851953176290667 30.79612492392666 0
2.399118131777216 31.62492256632773 0
2.56186045482545 32.60425816666638 0
2.424062461717621 33.59082290571224 0
2.133506775883735 34.54574936486308 0
1.802125968103041 35.48758060951472 0
1.50629781786294 36.44054980175905 0
1.674071333929958 37.38674856606808 0
2.325384674881779 38.14289246252983 0
2.972269891057308 38.90307231213683 0
3.504257026505456 39.74620494707263 0
3.868487867839975 40.67453055161432 0
4.088609903574943 41.64751672835946 0
4.126608513154383 42.64272886884059 0
3.890483564275749 43.60948006399575 0
3.33929562014212 44.42790222585005 0
2.434152098571941 44.82939251132117 0
1.445573983251274 44.80616514286072 0
0.5279870564490841 44.41853127222394 0
-0.3374146982332482 43.92069091252504 0
-1.238013768177586 43.50335649415274 0
-2.166951321418976 43.83163304829763 0
-3.055217297859665 44.2875028380989 0
-3.973469010203861 44.67758404011272 0
-4.946778697449095 44.89057813604882 0
-5.943507645654069 44.8909193874631 0
-6.924551033704066 44.71115920573867 0
-7.870760352478352 44.39444206013205 0
-8.779272756076027 43.98109981575322 0
-9.654155980505831 43.50037295327789 0
-10.50020860500786 42.97038245787063 0
-11.3320812711722 42.4182429118298 0
-12.16856230654824 41.87314870908681 0
-13.02368743427954 41.35787790786471 0
-13.89324043075455 40.86723497804581 0
-14.76189023092396 40.37503094946648 0
-15.59927638327476 39.83193102433507 0
-16.38409041064906 39.21508960963668 0
-17.12929695949191 38.55085465455962 0
-17.78436619890402 37.8008523652489 0
-17.88179829420251 36.84136390878538 0
-17.33616417611651 36.01548457334515 0
-16.56524283269586 35.3830508969977 0
-15.71222499537714 34.86537370319392 0
-14.80427633305953 34.45132980943937 0
-13.85928129350267 34.13001093186961 0
-12.89106308939857 33.88739645888782 0
-11.90433482252651 33.73824525655137 0
-10.9074511426468 33.68716426929192 0
-9.927596719413678 33.54276155287143 0
-9.329543585040712 32.7689988654337 0
-9.03113601994319 31.81722175955094 0
-8.818466329592715 30.84180479380344 0
-8.652241606768488 29.85741904785619 0
-8.589341770193661 28.86250567837958 0
-8.861651028206284 27.91151581188658 0
-9.410682360706403 28.31847745362814 0
-9.572445755464029 29.30350272130291 0
-9.712813659618687 30.29201984680327 0
-9.900136492684206 31.27207945350627 0
-10.42450549330604 32.10648615914661 0
-11.28393911845797 32.57928585673826 0
-12.27703995938386 32.67610270999679 0
-13.27203381393537 32.75668319081674 0
-14.2066118752678 33.08474559323957 0
-15.03568684834403 33.64048241502243 0
-15.84242135095197 34.22873743956162 0
-16.6492923822142 34.81680494778944 0
-17.47617748681563 35.37598815829555 0
-18.39738592570604 35.73587094700861 0
-19.36313422494307 35.53214372584129 0
-20.11480009799593 34.89013264634427 0
-20.53084583061696 33.98981588589437 0
-20.56124735421038 32.99725289277996 0
-20.40561225272554 32.01119698083812 0
-20.22745653432021 31.0287857325637 0
-20.1068781791213 30.03902155468704 0
-20.87170969081755 29.98682036899027 0
-21.72225554053041 30.509497474175 0
-22.56662747987163 31.04231188463329 0
-23.43209447587734 31.53969495501051 0
-24.34365115823133 31.94522819240549 0
-25.31499285083954 32.15644835568753 0
-26.30941579131726 32.0855654392416 0
-27.23499069854582 31.7390659400889 0
-27.9072302695699 31.01064838446128 0
-28.24436468953117 30.07649657055038 0
-28.12557954112857 29.09456220088291 0
-27.81947420943444 28.14423947574235 0
-27.54772101374301 27.18403047328919 0
-27.97739550104709 26.47904583897979 0
-28.9749678943539 26.45053601877563 0
-29.96641920685416 26.35220162397826 0
-30.75683434031139 25.80238526651438 0
-30.99736939368575 24.84162510159981 0
-30.71992738887854 23.8991177433933 0
-30.09103612898828 23.12554013547985 0
-29.3765659048955 22.42843963449162 0
-28.61846135189779 21.77892548317883 0
-27.8241423779739 21.17423259543117 0
-26.99670109747877 20.61566454040866 0
-26.14691633731325 20.09158829320622 0
-25.28470509605963 19.58815328789423 0
-24.42232794497431 19.08502695790628 0
-23.60294665982413 18.51681535503121 0
-23.05964145833337 17.69529381406032 0
1 2 0 11
451
452
453
454
455
456
457
458
459
460
461
-33.41199258198575 5.553630913133354 0
-34.04034080026549 4.858764119935114 0
-34.92743251187244 5.041120508421193 0
-35.65449440847455 5.645667035445372 0
-36.22778769887843 6.396113925381962 0
-35.91282229754685 7.115352133168071 0
-35.01240353622453 7.409184613226883 0
-34.09844553887914 7.65928723467028 0
-33.17914628250275 7.888988313338205 0
-32.24830004389931 8.049988666984159 0
-32.74693910936227 7.314866060495516 0
1 3 0 3
462
463
464
-29.62182372305379 16.62464303335912 0
-30.27179995344157 16.93008735368275 0
-29.44674656871328 16.65018329133729 0
1 4 0 3
465
466
467
-23.83372646752725 27.40386001917966 0
-23.9830438532019 28.04049811619242 0
-23.15673987848162 27.6410824792123 0
1 5 0 6
468
469
470
471
472
473
-23.77675490882546 4.595953060863009 0
-23.28187582346402 5.09354370226349 0
-22.49909971870857 5.318736595233593 0
-21.88421063930706 5.632494487570042 0
-21.87684512618024 4.769308611050328 0
-22.22367557595544 3.99504602772529 0
1 8 0 137
474
475
476
477
478
479
480
481
482
483
484
485
486
487
488
489
490
491
492
493
494
495
496
497
498
499
500
501
502
503
504
505
506
507
508
509
510
511
512
513
514
515
516
517
518
519
520
521
522
523
524
525
526
527
528
529
530
531
532
533
534
535
536
537
538
539
540
541
542
543
544
545
546
547
548
549
550
551
552
553
554
555
556
557
558
559
560
561
562
563
564
565
566
567
568
569
570
571
572
573
574
575
576
577
578
579
580
581
582
583
584
585
586
587
588
589
590
591
592
593
594
595
596
597
598
599
600
601
602
603
604
605
606
607
608
609
610
-20.41150815489333 7.07781605090424 0
-21.34830268025694 7.367552592102153 0
-22.00202296096131 8.118476337560503 0
-22.73878447551857 8.782269879344712 0
-23.64701623963127 9.18758886518158 0
-24.59500723656173 9.494083971115547 0
-25.54789687665295 9.785220327516996 0
-26.48381524452145 10.12430812751911 0
-26.96490287574085 10.91247798605318 0
-26.76074209681976 11.88587436524272 0
-26.65367615701897 12.86911793129842 0
-26.83345938954068 13.84859701824051 0
-27.13630866629708 14.79568682903485 0
-26.510647390179 14.71756234169708 0
-25.54781174877224 14.46307042213181 0
-24.59757111478537 14.16421204075925 0
-23.61468576377013 14.00899887498732 0
-22.62090865577917 14.03401235279274 0
-21.68833856043373 14.37439162922616 0
-20.82087683579989 14.8638276846225 0
-20.00522141297534 15.43534497252761 0
-19.20000946133214 16.02162628585688 0
-18.40194519614222 16.61604737215189 0
-17.76493070977117 17.37851082884854 0
-17.34887250889232 18.28082373687491 0
-17.15587328939667 19.25654319576213 0
-17.15205356192165 20.25104664213901 0
-17.39718726713318 21.21449420892602 0
-17.81984655386502 22.11520821259318 0
-18.41890995389641 22.90928325258517 0
-19.11625556569756 23.62070190492216 0
-19.83209282696135 24.31376357507958 0
-20.48718043657939 25.05887150449557 0
-19.5903428736143 25.11358028979852 0
-18.61000068784353 24.93641506157108 0
-17.65024914641845 24.67151095989947 0
-16.70683196540349 24.35205957808253 0
-15.81200795099529 23.91817290400024 0
-14.87433367119852 23.59738028417357 0
-13.88373636750344 23.62144342758564 0
-13.06628791129341 24.15828194134965 0
-12.53272989244446 24.99525437992546 0
-11.89723472000748 24.99825017323813 0
-11.5221309387042 24.29679338143839 0
-10.54605863469169 24.48431593939346 0
-9.550480994358264 24.50668887515364 0
-8.583223888593649 24.73429944417328 0
-7.69710262727249 25.18562977856349 0
-6.923474258394807 25.8104101275659 0
-6.322755762540357 26.60224493635785 0
-5.895692457357299 27.50112012122026 0
-5.667976186416856 28.46812023564599 0
-5.613133593991548 29.46281659624644 0
-5.431297064535433 30.43252942275121 0
-4.585099346153504 30.91927792385547 0
-3.965455917436686 30.53584404620988 0
-3.890080934457771 29.54469063713474 0
-4.0390244488125 28.56132513292637 0
-4.325714474517564 27.60739717302914 0
-4.641932156993843 26.66261570646947 0
-4.802099375533222 25.6831506200218 0
-4.624715373727852 24.70788060794498 0
-4.144696172318961 23.83937897672976 0
-3.455384563003006 23.12192150577955 0
-2.676715964898191 22.50088152022174 0
-1.848314065233506 21.94772107821913 0
-0.9786289944510573 21.46203607549728 0
-0.07271615548960209 21.04797770907865 0
0.8912846785198938 20.87505176631296 0
1.812646213383534 21.24848359568249 0
2.675585467641586 21.74575972048482 0
3.594496233857373 22.06760995687759 0
4.481493648581559 21.62480697212389 0
5.380547514331365 21.19751583198133 0
6.331078099262068 20.90213441634797 0
7.32106758511831 20.8373805669666 0
8.293938311072491 21.04587977641005 0
9.248375077443365 21.33183717884524 0
10.23056597458815 21.46837992095475 0
11.21651881319193 21.32956562126787 0
12.20222912764314 21.18919128303428 0
13.17547255412773 21.36514510526637 0
14.12501349085548 21.65904517432512 0
14.65113686635505 20.96481607978819 0
14.70588752948686 19.97025910210355 0
14.72542664180952 18.97407768805643 0
14.78051643816428 17.9796209706129 0
15.04320248981477 17.02212347776934 0
15.39808184486785 16.0913618679049 0
15.62374703316861 15.12201045434541 0
15.69968751198947 14.1292259272264 0
15.72296448063942 13.1331323764542 0
15.77571237078058 12.13820473571885 0
15.84828207249501 11.14447895568407 0
15.91846150220423 10.15058857257666 0
15.93456832917534 9.154946245251393 0
15.71521161984708 8.187340141397733 0
15.26046335632766 7.301972635991136 0
14.73476991700024 6.45559069574985 0
14.21741161065478 5.60416253930416 0
13.78856888574853 4.705740200011619 0
13.36517674697826 3.806484275141369 0
12.58812677849143 3.208415259024671 0
11.63459816991685 2.922232705847055 0
10.66209770843508 2.705692934325887 0
9.682512990001701 2.523932105984354 0
8.6901879410653 2.476471346016159 0
7.703520942716397 2.613297710463848 0
6.722017357783146 2.784771447133794 0
5.741052991921554 2.959329227820849 0
4.758345816010739 3.123700320830931 0
3.769494375660299 3.243511167283637 0
2.774044596799156 3.239788278057517 0
1.785038162201031 3.120827522284682 0
0.8018244988894103 2.959510152630177 0
-0.1803260194961198 2.7917570036543 0
-1.164803270809939 2.638430419016244 0
-2.154715235536729 2.526221444567609 0
-3.149533981477546 2.47394276049052 0
-4.145427003925418 2.494423629511659 0
-5.099241643744192 2.743931344568729 0
-5.800105444819303 3.444218735979462 0
-6.38249803011505 4.252598374998669 0
-7.029981836404755 5.00758238951597 0
-7.861691883236482 5.548132321140204 0
-8.818599334274447 5.812368435449857 0
-9.807828151779159 5.759262571625987 0
-10.7281336955923 5.381328443447624 0
-11.69256663728948 5.179346164352877 0
-12.58774359945131 5.585648480948191 0
-13.33202064469767 6.247144847109208 0
-14.06209328274094 6.924681260066786 0
-14.91064398406564 7.439152895113678 0
-15.88583801848093 7.595129248626042 0
-16.84796262164627 7.348452888034904 0
-17.71883198533232 6.870129778993063 0
-18.57130473393052 6.369663373758997 0
1 9 0 15
611
612
613
614
615
616
617
618
619
620
621
622
623
624
625
-1.91565348553981 36.68890791268884 0
-2.235423373081256 35.79200072355847 0
-2.899405277721637 35.35721293190118 0
-3.156249062388944 36.24774812045717 0
-3.29234258512674 37.19045477545814 0
-3.461544708562968 38.12785391100235 0
-3.663147099014271 39.05876787478149 0
-3.957505318357079 39.96326335042766 0
-4.240905852885472 40.85847156137078 0
-3.886243665576704 40.79329039780617 0
-3.265089438397962 40.75558190467775 0
-2.490706524027438 40.22070508454232 0
-1.560320571036676 40.04107396000713 0
-1.035325334593836 39.40337125692048 0
-1.299123501903408 38.49110879314809 0
1 10 0 28
626
627
628
629
630
631
632
633
634
635
636
637
638
639
640
641
642
643
644
645
646
647
648
649
650
651
652
653
11.57767923382984 35.91115538555839 0
11.52433677921662 34.92695114206796 0
11.53650384804908 33.94135117004237 0
11.58408922220369 32.95666684573853 0
11.5562970711412 31.97333517665307 0
10.8095340980071 31.48829049682948 0
9.826142917450124 31.54555935424897 0
8.85398552253071 31.70626020586491 0
8.722776048978625 32.0674462879989 0
9.571555371344662 32.22798975237899 0
9.407465959173313 32.87329711862171 0
10.0733389886615 33.59059148636389 0
10.33673230886552 34.52745736019687 0
10.20689734312705 35.50223246884739 0
9.88810607328395 36.43402346363958 0
9.57002906245275 37.36622533764622 0
9.372638684697462 38.33190764065615 0
9.190174890542487 39.30068860902623 0
8.96827814253607 40.26114032121816 0
8.719815033351614 41.21514961522329 0
8.570342548966241 42.1767937900625 0
9.5330748684943 42.25803108840095 0
10.49277742411927 42.04278994769369 0
11.33812866205162 41.54818947498761 0
11.92061766471542 40.76096350249759 0
12.14330895109693 39.80747816951187 0
12.06562940830953 38.82643274490396 0
11.87962249835864 37.85836067222159 0
1 12 0 28
654
655
656
657
658
659
660
661
662
663
664
665
666
667
668
669
670
671
672
673
674
675
676
677
678
679
680
681
18.70893953628362 37.1771248843142 0
18.88116556509881 38.14572703795086 0
19.59694959132498 38.6722875701625 0
20.28259983359228 37.9996647247972 0
20.92487394792794 37.25387772794268 0
21.68272099399997 36.62689965834439 0
22.54357702072723 36.152400877443 0
22.75297550116067 35.36838552464157 0
22.40077677430461 34.4490917336976 0
22.30866979665931 33.47478282327501 0
22.5723389493646 32.52951594583941 0
23.06384771973241 31.67898926021507 0
23.73202905343169 30.956235617892 0
23.86521805607122 30.05514091524461 0
23.11680510163412 29.42067894096636 0
22.40717116708865 28.74277100718935 0
21.91443666363387 27.89202476127421 0
21.47435607260879 27.01174578239293 0
20.56542724233067 26.96948350473175 0
19.76101557905322 27.49658888893549 0
19.68164437698908 28.46350689342808 0
19.78279554655862 29.44306200333584 0
19.77165380383459 30.42717599173353 0
19.62570835632036 31.40066139058303 0
19.38649385864009 32.35588213242672 0
19.05581144951512 33.28303063608168 0
18.82175498588683 34.23422913702208 0
18.70800995063855 35.21244220460763 0
1 13 0 12
682
683
684
685
686
687
688
689
690
691
692
693
26.87069723761358 14.51631314885773 0
26.26507346446924 13.77666785719151 0
25.44167017115154 13.37895508934991 0
24.56565623245235 13.74208238672014 0
24.00960609013274 14.51487601965718 0
23.694286143642 15.42088038909649 0
23.60786723813723 16.37060028652718 0
24.01637105554432 17.22731183569212 0
24.86221005645806 16.95128179530315 0
25.73577645403141 16.55302314889296 0
26.63052390136549 16.20371614372007 0
27.48235779633023 15.77323271671455 0
1 14 0 416
694
695
696
697
698
699
700
701
702
703
704
705
706
707
708
709
710
711
712
713
714
715
716
717
718
719
720
721
722
723
724
725
726
727
728
729
730
731
732
733
734
735
736
737
738
739
740
741
742
743
744
745
746
747
748
749
750
751
752
753
754
755
756
757
758
759
760
761
762
763
764
765
766
767
768
769
770
771
772
773
774
775
776
777
778
779
780
781
782
783
784
785
786
787
788
789
790
791
792
793
794
795
796
797
798
799
800
801
802
803
804
805
806
807
808
809
810
811
812
813
814
815
816
817
818
819
820
821
822
823
824
825
826
827
828
829
830
831
832
833
834
835
836
837
838
839
840
841
842
843
844
845
846
847
848
849
850
851
852
853
854
855
856
857
858
859
860
861
862
863
864
865
866
867
868
869
870
871
872
873
874
875
876
877
878
879
880
881
882
883
884
885
886
887
888
889
890
891
892
893
894
895
896
897
898
899
900
901
902
903
904
905
906
907
908
909
910
911
912
913
914
915
916
917
918
919
920
921
922
923
924
925
926
927
928
929
930
931
932
933
934
935
936
937
938
939
940
941
942
943
944
945
946
947
948
949
950
951
952
953
954
955
956
957
958
959
960
961
962
963
964
965
966
967
968
969
970
971
972
973
974
975
976
977
978
979
980
981
982
983
984
985
986
987
988
989
990
991
992
993
994
995
996
997
998
999
1000
1001
1002
1003
1004
1005
1006
1007
1008
1009
1010
1011
1012
1013
1014
1015
1016
1017
1018
1019
1020
1021
1022
1023
1024
1025
1026
1027
1028
1029
1030
1031
1032
1033
1034
1035
1036
1037
1038
1039
1040
1041
1042
1043
1044
1045
1046
1047
1048
1049
1050
1051
1052
1053
1054
1055
1056
1057
1058
1059
1060
1061
1062
1063
1064
1065
1066
1067
1068
1069
1070
1071
1072
1073
1074
1075
1076
1077
1078
1079
1080
1081
1082
1083
1084
1085
1086
1087
1088
1089
1090
1091
1092
1093
1094
1095
1096
1097
1098
1099
1100
1101
1102
1103
1104
1105
1106
1107
1108
1109
-10.13584901703584 -2.301236405510874 0
-10.9503922529706 -1.730849402826351 0
-11.8693597451521 -1.338467096266389 0
-12.82038213767383 -1.030397645025549 0
-13.78791569151565 -0.7787756856925314 0
-14.77046290386263 -0.5953288859129366 0
-15.76712017228309 -0.5260987033773814 0
-16.75827225699913 -0.6366876494775262 0
-17.50634485439098 -1.228474710299813 0
-17.45857086114422 -2.214236962781572 0
-17.16714723838975 -3.170431127579217 0
-16.8427655121254 -4.116199745313583 0
-16.53118883519616 -5.066150165890603 0
-16.77872100829106 -5.748644771668745 0
-17.45779379081618 -5.036826754356278 0
-17.9070277196254 -4.143851905799818 0
-18.32845746588589 -3.237151884346491 0
-18.75635699554521 -2.333506619690894 0
-19.24143290698405 -1.460105873858496 0
-19.92436905836509 -0.7350342226380883 0
-20.76010522812631 -0.1901843468229693 0
-21.73204766851577 -0.00375839364473135 0
-22.69549073912514 -0.2433732950586981 0
-23.52342962341096 -0.7968205042383631 0
-24.10205771120179 -1.604259151307409 0
-24.30286399796228 -2.576157110326307 0
-24.22248557114671 -3.571563502246847 0
-24.01213181127197 -4.548584981376957 0
-23.73714639418269 -5.509842294764213 0
-23.50174302091782 -6.480142556242676 0
-24.12587975544001 -6.41891609591609 0
-24.52443692608089 -5.507551794961594 0
-24.7711399445132 -4.538745479940893 0
-24.99438806457879 -3.564133230769286 0
-25.2314640310893 -2.592852833997994 0
-25.55510055184716 -1.647998744021059 0
-26.09768684878648 -0.8124869750404382 0
-26.87584987554956 -0.1912339609805835 0
-27.81917817808592 0.09483745528558202 0
-28.79989182800612 -0.08361908832076481 0
-29.7437800079657 -0.4127358981997559 0
-30.67512633614912 -0.7764576842884147 0
-31.60937987464494 -1.132499041561537 0
-32.58927047487627 -1.228384510431534 0
-33.56304856066105 -1.001941122420036 0
-34.53687462355535 -0.7754043289968258 0
-35.51993287944845 -0.5941200600422193 0
-36.51617414289663 -0.5197871244157455 0
-37.50859848298357 -0.624335319386952 0
-38.44613455348904 -0.9631771131731834 0
-39.25503295789719 -1.545481186236106 0
-39.90794723007864 -2.300626955390849 0
-40.4005587700998 -3.168374272744107 0
-40.57613417920513 -4.144452512850779 0
-40.31257237244195 -5.090382456470883 0
-39.53865271693648 -5.713162324706468 0
-38.66264057339739 -6.194982184887863 0
-37.8422567279064 -6.757218423740453 0
-37.85965041412551 -7.687771651389288 0
-38.45923595055378 -8.483915095874208 0
-39.15511476276461 -9.201821622627468 0
-39.77661815631874 -9.983691771785672 0
-40.24934061146947 -10.86255288975594 0
-40.43814755009889 -11.83970760724199 0
-40.42699196945839 -12.83897517639482 0
-40.28518075513212 -13.82725364928679 0
-39.89112411527659 -14.74284308206383 0
-39.35822128371233 -15.58841938875173 0
-38.75450652048371 -16.38510963650031 0
-38.09629670238873 -17.13755007598686 0
-37.39473130116706 -17.84972767884508 0
-36.63924160515926 -18.50397483934644 0
-35.79808670059201 -19.04170172269174 0
-34.85807586958806 -19.37435579569768 0
-33.86438261151209 -19.45811152080627 0
-32.88248662534352 -19.28412305385447 0
-31.94300769895766 -18.94317484614781 0
-31.02314283180625 -18.55135109087918 0
-30.10411444131367 -18.15754563192023 0
-29.17423652602411 -17.79032726211173 0
-28.22193171549279 -17.48658383701125 0
-27.24757897303731 -17.26336725484156 0
-26.26099237786463 -17.10153340276335 0
-25.26932649852877 -16.97411248029092 0
-24.27416637195171 -16.87785946327588 0
-23.27565286851397 -16.83031322267401 0
-22.28212973138473 -16.91957647623364 0
-21.44590681441347 -17.4277024553712 0
-21.17956051291672 -18.37766356887307 0
-21.3177199537421 -19.3622110917323 0
-21.7740728425958 -20.24852760482698 0
-22.41276009403648 -21.01566265640075 0
-23.20180776279215 -21.62549047410758 0
-24.15227006430814 -21.89730587220075 0
-25.14921726117184 -21.83542728278536 0
-26.14105842492269 -21.70913449478116 0
-27.13470929868497 -21.59851027867941 0
-28.13306082287827 -21.54858884439412 0
-29.13166072972338 -21.58902489862979 0
-30.11926027409532 -21.74119180664636 0
-31.08416331489291 -22.00166148830869 0
-32.01775446853895 -22.3581348804821 0
-32.83718336385091 -22.916687095256 0
-33.30435057771038 -23.79174743524424 0
-33.32805011253697 -24.78151596200151 0
-32.91611497854885 -25.68519900648378 0
-32.16823506817494 -26.3368747538134 0
-31.2595527280187 -26.75204120542536 0
-30.35738476091197 -27.17427358598138 0
-29.9340742691422 -28.06931422967955 0
-29.64942742507866 -29.02775997291317 0
-29.37963007130295 -29.99052446542924 0
-29.11362275943543 -30.95434541971839 0
-28.84393470498495 -31.91713807841315 0
-28.53653275104117 -32.86815008205006 0
-28.03183197111025 -33.72799187267548 0
-27.3632451733291 -34.46944083811983 0
-26.57474643306287 -35.0828477098988 0
-25.72888931394333 -35.61564082887656 0
-24.85308351353373 -36.09773240331818 0
-23.9472385806449 -36.52033842777819 0
-23.00575731050422 -36.85566225220662 0
-22.04061152727914 -37.11655301889561 0
-21.07847606341511 -37.38776575982287 0
-20.17440485840554 -37.80892948329216 0
-19.38325595118004 -38.41871884363685 0
-18.63169564863239 -39.07815603419125 0
-17.85923292199661 -39.71280424125349 0
-17.04899995128099 -40.29826796939039 0
-16.18129301588964 -40.79310687978744 0
-15.23818581813634 -41.11947747305712 0
-14.2554212122846 -41.08499020449731 0
-13.3284847979414 -40.71393000562118 0
-12.48722411233991 -40.17589253229653 0
-11.72696503694662 -39.52728456643159 0
-11.03614340901236 -38.80498084600453 0
-10.41270521367656 -38.02366548651763 0
-9.851341086052845 -37.19653248530076 0
-9.35240708226428 -36.33035471445766 0
-8.931329807137534 -35.42389700845259 0
-8.602806073246274 -34.48008066308698 0
-8.401344821527839 -33.50169501987551 0
-8.345504424953617 -32.50440241321677 0
-8.408119636950227 -31.50672000982965 0
-8.503282723707423 -30.51140639703438 0
-8.361976977297081 -29.60602123964103 0
-7.993978334122407 -30.51333466269566 0
-7.940769451985545 -31.51079822427871 0
-7.971084492355576 -32.51012665842956 0
-8.028604507168426 -33.50830970708282 0
-8.105784504337297 -34.5051623486439 0
-8.221723572876192 -35.49805815489877 0
-8.472379991124241 -36.46424177204979 0
-8.915029876034192 -37.35877149509386 0
-9.52520753957392 -38.1491008343834 0
-10.23797738656191 -38.84987517388951 0
-10.98116393626164 -39.51873358745758 0
-11.69299928713344 -40.22022920083848 0
-12.23311103251374 -41.05383471993295 0
-12.31421329066315 -42.04255797390685 0
-11.89492476384252 -42.93508516740364 0
-11.11189545558896 -43.54586908380963 0
-10.16832469270168 -43.86748303812016 0
-9.17151217914966 -43.91051281521063 0
-8.171998274361432 -43.90526167845027 0
-7.187516980355042 -44.06421974592302 0
-6.281078374194411 -44.4810068561154 0
-5.43293041357153 -45.01037290390835 0
-4.52920834113902 -45.43244947487408 0
-3.545447941347081 -45.59358800456675 0
-2.548513603578556 -45.53461711771986 0
-1.56441204059415 -45.35898439380082 0
-0.5871351474192152 -45.14772895262199 0
0.3920190878227818 -44.94553543797093 0
1.378534231513213 -44.78303066399362 0
2.361786271156746 -44.60342558851412 0
3.295759858723308 -44.25398881803365 0
4.095208840109881 -43.65934453608693 0
4.695084951608086 -42.86390438301051 0
5.040954886977656 -41.92854028568051 0
5.241373340101542 -40.94922698707275 0
5.391500915985571 -39.96075965528797 0
5.510306766636375 -38.96802754119535 0
5.590418067899122 -37.97149220996364 0
5.582171152009302 -36.97273333588865 0
5.371383953471231 -35.99684442939797 0
5.047406929321247 -35.05114207422123 0
4.671273864593264 -34.12483365990954 0
4.252618735946089 -33.21694709774003 0
3.791586346933108 -32.32983699997183 0
3.283226355059117 -31.46904903314821 0
2.705631949150191 -30.65350939895109 0
2.025685556250004 -29.92171185232957 0
1.257932138329859 -29.28171512965898 0
0.4708392681191325 -28.66520451533526 0
-0.2461533591657631 -27.96996944698731 0
-0.8463496939113683 -27.17115149462741 0
-1.358756154286873 -26.31312384801884 0
-1.513147584700113 -25.37904715355322 0
-0.5735762236730247 -25.41560952209274 0
0.2665981338656519 -25.95483284049435 0
1.032690253744416 -26.59682742967305 0
1.773898106542859 -27.26784820747059 0
2.577211516989922 -27.86073994445703 0
3.510728445517338 -28.19638611343108 0
4.486131579569271 -28.02880739907602 0
5.321097021365448 -27.48624748480402 0
6.03084041872548 -26.78260540797657 0
6.713655252884319 -26.0522931937108 0
7.57030742241604 -25.59109466160883 0
8.560537170904986 -25.70168392967864 0
9.5316727428551 -25.93938244351643 0
10.50134242462148 -26.1831636439296 0
11.48007671834024 -26.38651420221124 0
12.47153640822768 -26.51450312734582 0
13.05247726654287 -27.09352300870964 0
12.30145113453402 -27.61857304162467 0
11.30380454255492 -27.55977365960542 0
10.30565829769887 -27.50559682832165 0
9.308260276749639 -27.56448713793138 0
8.331244356386348 -27.77002825949442 0
7.442885207585652 -28.22235014359797 0
6.638048889180652 -28.81467788381423 0
5.912320355569113 -29.50133506946576 0
5.302530856367552 -30.29181434984707 0
4.919543060208792 -31.21091153282423 0
4.791101429573946 -32.20035828368737 0
4.942688597806869 -33.18469348379874 0
5.326589105474499 -34.10606758567055 0
5.957897352762501 -34.87226172462923 0
6.848349374072079 -35.31071095769321 0
7.839245376461901 -35.37356080366651 0
8.649930857382662 -35.3942148686363 0
7.989950489741434 -36.14406503407705 0
7.373151688473222 -36.92976639555594 0
6.907390087191627 -37.81257140421722 0
6.599342059256493 -38.7631524592032 0
6.370371038591201 -39.73628576713103 0
6.198772886123662 -40.72114536797026 0
6.096304367440502 -41.7154566438444 0
6.11391842236295 -42.71384869693554 0
6.372033410285987 -43.6759832883716 0
6.923680019466167 -44.50441341105952 0
7.7149111955119 -45.1080920651023 0
8.650198858181467 -45.44815734278995 0
9.631591204829084 -45.29500522510563 0
10.53996553540973 -44.88629526836624 0
11.25383952429413 -44.19307090095473 0
11.74831565292307 -43.3261185728235 0
12.14905560890558 -42.41014134208586 0
12.54222758093352 -41.49083854652508 0
12.9550554847979 -40.58023823335479 0
13.3888639853083 -39.67939640011637 0
13.8058450709595 -38.77070459468301 0
14.18136508098694 -37.84415141783735 0
14.52418748133749 -36.90492597094949 0
14.8560932373121 -35.96176724066702 0
15.19483303551847 -35.02105616189878 0
15.56385007371206 -34.09187593188104 0
15.98065415554077 -33.18321301470414 0
16.47130633234342 -32.31274201515527 0
16.67042540906105 -32.57394453556849 0
16.3075722504185 -33.50550946875813 0
15.93021346099835 -34.43141910395105 0
15.56356667191365 -35.36161083200096 0
15.21636850045824 -36.299221839344 0
14.89038399333944 -37.24443067558804 0
14.57430113283912 -38.1930089617907 0
14.25633520552022 -39.14095556685695 0
13.92448022984246 -40.08411150979915 0
13.56414342930534 -41.0167113579419 0
13.16991495452625 -41.93552137064945 0
12.75477898847923 -42.84511385102424 0
12.34723940336596 -43.75807223029265 0
12.05537064206685 -44.71183206726185 0
12.29721846266818 -45.64357232766901 0
13.14677117675669 -46.1614086431213 0
14.09545048365537 -46.47338948444651 0
15.0764859970313 -46.66459208915708 0
16.07157943359003 -46.75404869117448 0
17.0683483297599 -46.68837002560924 0
18.04727157810552 -46.4883220778994 0
18.99716782654908 -46.17717302305062 0
19.94205305300408 -45.85048528710201 0
20.91269274659764 -45.61350868532245 0
21.90142076959637 -45.46527717307802 0
22.8797055594749 -45.26518357222328 0
23.71980825367934 -44.74625668972057 0
24.10637598787039 -43.83911151289045 0
24.04704324348178 -42.84557532230399 0
23.78180580087059 -41.88211754145006 0
23.45172524658986 -40.93837888109972 0
23.10068000984205 -40.00217842098327 0
22.8076980458732 -39.04993341886577 0
23.39287924114179 -39.39898353590634 0
23.89667498864559 -40.26262565649333 0
24.39797369091984 -41.12772944788736 0
24.94727633129445 -41.96140540425386 0
25.78783393781155 -42.49217970900479 0
26.75559075735871 -42.70879937615846 0
27.74131423665787 -42.55943608918126 0
28.66267560282247 -42.17698928316835 0
29.46402391702557 -41.58401795060596 0
30.03367429350604 -40.76940261639059 0
30.36526450255914 -39.82716686488404 0
30.61298938295769 -38.85857305489577 0
30.83228771596779 -37.88307871028591 0
31.03649786750002 -36.9043065822049 0
31.22844218720151 -35.92305474014194 0
31.406470997797 -34.93918827584126 0
31.55824485716591 -33.95100496826841 0
31.58886412337803 -32.95383775053966 0
31.37620342133341 -31.97821840206985 0
31.08670906657965 -31.0212216378542 0
30.77344848058808 -30.0717342234497 0
30.432007474458 -29.13204482739057 0
30.03842475585041 -28.21325801861781 0
29.47409466861771 -27.39529125786818 0
28.53889445567817 -27.28088958389699 0
27.65054531095029 -27.73911148840299 0
26.7729939370342 -28.21829055635067 0
25.88371492700758 -28.67495514491771 0
24.91839774071948 -28.82783012452947 0
24.14500133348772 -28.25680897594071 0
25.0937684258688 -28.13267431145699 0
26.08210508095681 -28.00242346882851 0
27.01017750151294 -27.63454531292164 0
27.8832283390874 -27.14788815828383 0
28.71371520204272 -26.59161538153889 0
29.4854373085774 -25.9567388025983 0
30.16277614931325 -25.22289789918757 0
30.60821245444156 -24.33438282555481 0
30.82467954489707 -23.35898503421202 0
30.93675571249447 -22.36574990285326 0
30.97288398859836 -21.3667270267699 0
30.95813172480525 -20.36704133151205 0
30.91146438298522 -19.36830675275773 0
30.83880889309873 -18.37112284505786 0
30.73324831558849 -17.37693714901032 0
30.56491582923985 -16.39166247860137 0
30.29396940587803 -15.42988819444126 0
29.89422952865606 -14.51436561143447 0
29.36693775851258 -13.66583695079589 0
28.73033125592256 -12.89579385051939 0
27.99534793628916 -12.21905405218737 0
27.1750656361824 -11.64899217240858 0
26.24807467409001 -11.28805351921446 0
25.25190431824923 -11.23732298305516 0
24.26517359707303 -11.38933528310061 0
23.32387954846057 -11.72236925286917 0
22.47253944808787 -12.2415625838541 0
21.80572981929268 -12.98163297768241 0
21.38425206502498 -13.88355058130298 0
21.1761398985878 -14.8607694407777 0
21.07235265442669 -15.85487839077524 0
21.0503310593289 -16.85429354264727 0
21.08451124067657 -17.85347352605763 0
21.16164192089208 -18.85027811346371 0
21.28357034753643 -19.84256330602283 0
21.47700306166523 -20.82298050171558 0
21.83630209432049 -21.75432278606771 0
22.12069543702132 -22.68244949451846 0
21.16409449831803 -22.94045447482638 0
20.22732023616643 -23.28969662193941 0
19.36877078643139 -23.10474701884206 0
19.01309533224018 -22.1719206355834 0
18.79348029511891 -21.19710527757517 0
18.68908736671069 -20.20321364539674 0
18.67632447911394 -19.20367226734279 0
18.72384498515644 -18.20504053393207 0
18.81065359465292 -17.20900782169969 0
18.92864248732577 -16.21617627935505 0
19.07677922602691 -15.22739739302247 0
19.25727256860931 -14.24401202565548 0
19.46186430140829 -13.26532402249659 0
19.67146479428104 -12.28768866974344 0
19.84367341436771 -11.3030699674159 0
19.83343520672042 -10.30725372811917 0
19.5218918319913 -9.358927408285171 0
19.14097683056087 -8.434499875624031 0
18.94358025905157 -7.462613295237038 0
19.0730463109568 -6.472171286243416 0
19.2732648480557 -5.492595552722152 0
19.4842560125406 -4.515255982283191 0
19.67428422606683 -3.533752704908705 0
19.64571435678491 -2.54598918034074 0
19.05614504907141 -1.756294775401155 0
18.16907860885611 -1.311214353545664 0
17.17401951537577 -1.257058696082624 0
16.17772554464026 -1.34070337930902 0
15.18069618328325 -1.415050964708943 0
14.18131489557913 -1.440940163579645 0
13.18228279324789 -1.404739087059819 0
12.18621958111052 -1.318399179258286 0
11.19280405116742 -1.205220368379363 0
10.20046493150911 -1.082855091928935 0
9.20664022899969 -0.9735636117455257 0
8.208459701184616 -0.9212866306578096 0
7.211499618308203 -0.9853003167398457 0
6.228986167747952 -1.169160836860852 0
5.256311785459157 -1.400607955633849 0
4.284168668015322 -1.634256086503903 0
3.296091393957096 -1.77755345695602 0
2.303727404382414 -1.678392830296127 0
1.333233164827936 -1.438400344256953 0
0.3650726761910852 -1.188720323531482 0
-0.6106956912460337 -0.9709368467224715 0
-1.596255660384282 -0.8032541732019349 0
-2.58892982741717 -0.6842459372114662 0
-3.585415234910993 -0.6028530727239629 0
-4.584224812598166 -0.5589365060858438 0
-5.580737967510999 -0.6163542020490327 0
-6.538906815670392 -0.8973992359915992 0
-7.423059357415798 -1.358355828121705 0
-8.15610175823328 -2.035850600738571 0
-8.826530241446706 -2.777614645031473 0
1 15 0 255
1110
1111
1112
1113
1114
1115
1116
1117
1118
1119
1120
1121
1122
1123
1124
1125
1126
1127
1128
1129
1130
1131
1132
1133
1134
1135
1136
1137
1138
1139
1140
1141
1142
1143
1144
1145
1146
1147
1148
1149
1150
1151
1152
1153
1154
1155
1156
1157
1158
1159
1160
1161
1162
1163
1164
1165
1166
1167
1168
1169
1170
1171
1172
1173
1174
1175
1176
1177
1178
1179
1180
1181
1182
1183
1184
1185
1186
1187
1188
1189
1190
1191
1192
1193
1194
1195
1196
1197
1198
1199
1200
1201
1202
1203
1204
1205
1206
1207
1208
1209
1210
1211
1212
1213
1214
1215
1216
1217
1218
1219
1220
1221
1222
1223
1224
1225
1226
1227
1228
1229
1230
1231
1232
1233
1234
1235
1236
1237
1238
1239
1240
1241
1242
1243
1244
1245
1246
1247
1248
1249
1250
1251
1252
1253
1254
1255
1256
1257
1258
1259
1260
1261
1262
1263
1264
1265
1266
1267
1268
1269
1270
1271
1272
1273
1274
1275
1276
1277
1278
1279
1280
1281
1282
1283
1284
1285
1286
1287
1288
1289
1290
1291
1292
1293
1294
1295
1296
1297
1298
1299
1300
1301
1302
1303
1304
1305
1306
1307
1308
1309
1310
1311
1312
1313
1314
1315
1316
1317
1318
1319
1320
1321
1322
1323
1324
1325
1326
1327
1328
1329
1330
1331
1332
1333
1334
1335
1336
1337
1338
1339
1340
1341
1342
1343
1344
1345
1346
1347
1348
1349
1350
1351
1352
1353
1354
1355
1356
1357
1358
1359
1360
1361
1362
1363
1364
-20.88014217044336 -31.37274013053988 0
-20.54144908867026 -30.46378072340184 0
-20.32901197162075 -29.49644604437368 0
-20.39524758205542 -28.56494715628905 0
-20.80794261485826 -27.74361413781543 0
-20.1729620228172 -26.97654977238774 0
-19.56274426225181 -26.18883587019281 0
-18.97538692658594 -25.38387987076789 0
-18.4141586062021 -24.56062189487266 0
-17.95380129463183 -23.67806467802622 0
-17.58602520184689 -22.75203579158749 0
-17.25204553851684 -21.81322693712784 0
-16.97784569973615 -20.85602522633239 0
-16.94027667960408 -19.86265479425491 0
-17.08751873559217 -18.8781798494886 0
-17.36530704938265 -17.92166868044815 0
-17.73285212218287 -16.99584581057066 0
-18.20499308853231 -16.11922495726157 0
-18.81729865315975 -15.33529632063645 0
-19.60080058162079 -14.72344089656518 0
-20.46287148476062 -14.22394401614949 0
-21.34814854121991 -13.76665563689111 0
-22.26388678050336 -13.37516147591502 0
-23.21984399892527 -13.09453665799195 0
-24.15769676802173 -12.75910323477822 0
-25.0698534772458 -12.35802943175138 0
-25.97660441400851 -11.94476568884267 0
-26.89506708877856 -11.5586819067555 0
-27.85264412070186 -11.28827897230257 0
-28.84428053009754 -11.20567525724523 0
-29.83151927082439 -11.3253000599003 0
-30.7752350871317 -11.64104878849684 0
-31.72437205652887 -11.83781204232296 0
-32.13752860620937 -10.99279824443482 0
-32.08231408106171 -9.998739875982974 0
-32.2809084322634 -9.025341024025098 0
-32.65081059881619 -8.100520657473403 0
-33.07263151356242 -7.197747908438441 0
-33.49681837146478 -6.296101061826904 0
-33.37154280926291 -5.500760076473798 0
-32.38167569808254 -5.574723050262159 0
-31.39595412145927 -5.494584937711463 0
-30.47485024595342 -5.120722779223543 0
-29.63593879231161 -4.585364337601883 0
-28.67266459593995 -4.628829566426267 0
-27.96479460924602 -5.306563652747741 0
-27.56632729289144 -6.219029446385757 0
-27.13918245915736 -7.118430620903049 0
-26.60040114900713 -7.956021944898279 0
-25.9529323666444 -8.711885187809234 0
-25.15688251923563 -9.306560847886914 0
-24.22418673796954 -9.645570318876164 0
-23.23351122789825 -9.660777959845639 0
-22.30194025429027 -9.317923770755081 0
-21.49495666990719 -8.738926350382943 0
-20.87231062735248 -7.963544766476281 0
-20.24085836595573 -7.203761953446074 0
-19.34921057179464 -7.537633854590936 0
-18.52210160194483 -8.093208004239401 0
-17.63501258019183 -8.544219720167924 0
-16.69167352942546 -8.864151138600725 0
-15.71336152945897 -9.043505835794067 0
-14.71793240663702 -9.038839669230994 0
-13.79298719557434 -8.716804760043326 0
-13.12789996920011 -7.98006584672317 0
-12.70623128479723 -7.080440714922122 0
-12.52125582885631 -6.103568447094553 0
-12.09942680734187 -5.258850641748551 0
-11.22472385631087 -5.632554152267566 0
-10.36465020922338 -6.12938037563951 0
-9.399387303342987 -6.357454460350734 0
-8.41391079885638 -6.250153344068035 0
-7.55584363156449 -5.757385153361314 0
-6.830199666303616 -5.07497146414154 0
-6.128114257996288 -4.367830223476962 0
-5.359650935548599 -3.738825575671765 0
-4.3936958011787 -3.52333482713416 0
-3.397900539325215 -3.498792959556585 0
-2.404242898619272 -3.567365141666929 0
-1.422467847340239 -3.736150641178349 0
-0.4525324465783122 -3.964436584537524 0
0.5138276281130258 -4.207612552779289 0
1.483551196829202 -4.436821942055213 0
2.465272671931329 -4.605578028052636 0
3.459824711559836 -4.64981746822084 0
4.451303931461874 -4.556243964902071 0
5.430218148983491 -4.370870508934022 0
6.401073451944499 -4.14637299397449 0
7.371696652729625 -3.920880461196039 0
8.356537149464582 -3.780078999647035 0
9.349760742939424 -3.849999505817867 0
10.33404181094252 -4.004649644655018 0
11.31006866238616 -4.205122698549509 0
12.26729326076543 -4.480072326364801 0
13.15644867104183 -4.92305107813494 0
13.77257281306739 -5.689519795036777 0
14.00274000779415 -6.655335774290995 0
14.12681956532905 -7.643512037293108 0
14.48676714303741 -8.56834382467534 0
15.05184459462447 -9.387922519430825 0
15.67295101815579 -10.16715474801612 0
16.23890969488333 -10.98516424236928 0
16.37384883146317 -11.96282431193538 0
16.29965070356054 -12.95637898227866 0
16.19279164450344 -13.94711008826281 0
16.07615329099783 -14.93674639333229 0
15.95688227011742 -15.92607016419075 0
15.84111914139829 -16.91580787188835 0
15.74194622799737 -17.90731515592317 0
15.69148848557255 -18.90229142278119 0
15.72310631848758 -19.89806185109171 0
15.80624612410781 -20.89100755271415 0
15.92872646408106 -21.87986542912219 0
16.10087536329454 -22.86121993009118 0
16.34975973964424 -23.82562620516137 0
16.77240133270676 -24.72452493523506 0
17.46146687728779 -25.43832994218241 0
18.29945259019359 -25.97489544197465 0
19.21823746784157 -26.35825226004949 0
20.1512551037733 -26.70710148854444 0
20.84043373298092 -27.38315268812566 0
21.05407201396412 -28.3557023049001 0
21.34234650962443 -29.30860470228674 0
21.82991213137379 -30.1739323062272 0
22.52928438346174 -30.88053727461372 0
23.34806894898437 -31.44702209610746 0
24.26498544346955 -31.82842306179511 0
25.25151313897747 -31.93862995342036 0
26.23096533357748 -31.76336135299557 0
27.21527574819859 -31.66555799901979 0
27.90165729661819 -32.33643478767347 0
28.18897499959474 -33.28670310886269 0
28.25358408956713 -34.27988259373028 0
27.89981346621317 -35.02486449336419 0
27.05963366940873 -34.494829154254 0
26.10024539695987 -34.23832963592354 0
25.1085070266584 -34.26666399832403 0
24.18983654358127 -34.63954631731303 0
23.38605149958675 -35.2275418010185 0
22.52876221793077 -35.72275352744591 0
21.61241640077454 -36.10500899373526 0
20.83078509817202 -36.71984707749409 0
20.23514105604799 -37.51209594190707 0
20.00482197317654 -38.4760061557906 0
20.01724208501065 -39.47105483670398 0
20.19774613275539 -40.45008539190876 0
20.45495506142509 -41.41277292776146 0
20.29949660818249 -42.32640588318602 0
19.37677483843907 -42.69327530565285 0
18.43920795802745 -43.02964367029094 0
17.51588899342238 -43.40404328661698 0
16.54315548002792 -43.48921666632075 0
16.35483814077668 -42.60659617928859 0
16.63314801603429 -41.6499755066484 0
16.94562963835288 -40.70377013650337 0
17.27773310002874 -39.7642724723984 0
17.63393390521787 -38.83366799482353 0
18.03313153456514 -37.92084041487799 0
18.50694519249049 -37.0446203879534 0
19.03100295897454 -36.19710980448444 0
19.49162224945842 -35.31390235123119 0
19.87282892370102 -34.39351312425922 0
20.17438597467353 -33.44414996790443 0
20.32226172147783 -32.46151258041009 0
20.13075263873454 -31.49139624821622 0
19.60262696080067 -30.64877558561548 0
18.96425976623255 -29.8841370687253 0
18.2074648817866 -29.24168940802733 0
17.29872008719205 -28.83482800046037 0
16.51512039208433 -28.25353346626482 0
16.2952569327122 -27.28883116758108 0
16.2183510292592 -26.29538453414298 0
15.96685513248834 -25.33645102656982 0
15.30564216383543 -24.60789398292071 0
14.43555847751878 -24.1238526960199 0
13.53011002152608 -23.70788668859691 0
12.61341688182541 -23.31721314409106 0
11.68965984790928 -22.94353792432177 0
10.75424740532029 -22.60045272794876 0
9.791517820343694 -22.34533209362943 0
8.805588514095364 -22.20537978088542 0
7.809965377677115 -22.19864633474547 0
6.82426117329989 -22.33852167931905 0
5.865367548426343 -22.60789135437657 0
4.925302490139379 -22.93834328943424 0
3.975339047096595 -23.23636642285508 0
3.021144812495393 -23.05025699186213 0
2.219980873543265 -22.46002264071016 0
1.362030765714345 -21.96771544094385 0
0.3726593422401975 -21.88262978230677 0
-0.6170278996720469 -21.98972157304317 0
-1.57743241931907 -22.25148824091228 0
-2.483130922493437 -22.66419359816957 0
-3.296314165704503 -23.23732442364816 0
-3.980440917113118 -23.95937902345643 0
-4.448212746901273 -24.83379149165985 0
-4.570573776502752 -25.81734286624455 0
-4.379551762539267 -26.79236480569595 0
-3.979997659658915 -27.7041742503053 0
-3.484451814659299 -28.56834656098047 0
-2.908750868662696 -29.38125224842638 0
-2.321637231976763 -30.18619259074993 0
-1.801843800336248 -31.03612979504216 0
-1.312207269824427 -31.90402126210898 0
-0.8095790663427912 -32.76439467517512 0
-0.4049195679265348 -33.66674504354336 0
-0.9729292187492344 -34.41387713706607 0
-1.860349214044237 -34.8666966940872 0
-2.669698634565933 -35.44061986899689 0
-3.256557514091059 -36.24392803864553 0
-3.751490850109374 -37.00357159750756 0
-3.771662376549438 -37.99916572762655 0
-3.59890654603193 -38.97718267627709 0
-3.037892853398049 -39.79233116183896 0
-2.587764159142953 -40.67913712645534 0
-2.318283847546987 -41.6355260725069 0
-2.77989269066401 -42.31959703332031 0
-3.767600440150734 -42.3189772505406 0
-4.53315355819954 -41.68461503092283 0
-5.118656833005321 -40.88318947243783 0
-5.71509636619203 -40.08512868173157 0
-5.929288393773056 -39.16136262838589 0
-5.720622783028557 -38.2015011692104 0
-5.387803598547079 -37.27340371069941 0
-5.256872733597876 -36.28571733040783 0
-5.14413876481207 -35.29563287892115 0
-4.997855826052366 -34.3101037572087 0
-4.805854285591899 -33.33230835506364 0
-4.701000572923451 -32.34248533401855 0
-4.743063472484518 -31.3474870140147 0
-4.892278371965646 -30.36268056579222 0
-5.150011757088983 -29.40075117660362 0
-5.550184917400669 -28.48983574620991 0
-6.142223371339809 -27.69090288838325 0
-6.895758123042254 -27.04310892946808 0
-7.811023533151184 -26.66054808071672 0
-8.799102203896522 -26.56734320322271 0
-9.764337814213256 -26.80169129487979 0
-10.62714097416181 -27.29306824679967 0
-11.33429702969309 -27.99158132835802 0
-11.79449586822746 -28.86950026119877 0
-11.91504727690986 -29.8537105777258 0
-11.89983037728538 -30.85006574023226 0
-11.94296315144768 -31.84504239487704 0
-12.25182835714199 -32.78022096267078 0
-13.11423136627338 -33.09220653121076 0
-14.01407905888693 -32.73069717677566 0
-14.90212029551086 -33.06466122229095 0
-15.66242871855186 -33.70874830180762 0
-16.43070243032235 -34.3432077870502 0
-17.28115349968242 -34.85464121731207 0
-18.26504720473993 -34.8732718135872 0
-19.20818791757494 -34.55737876787356 0
-20.06629595184542 -34.05580655577528 0
-20.70338070610196 -33.29921486185163 0
1 16 0 5
1365
1366
1367
1368
1369
11.51440698122389 -32.31735149203938 0
11.74949170695843 -31.54800592644433 0
12.59787488293478 -31.36990658011077 0
13.04149969094325 -32.016538806905 0
12.74673338536312 -32.81825836029983 0
1 18 0 2
1370
1371
25.22182329602222 -24.06488641044881 0
25.72689856968592 -23.97844300529752 0
1 19 0 15
1372
1373
1374
1375
1376
1377
1378
1379
1380
1381
1382
1383
1384
1385
1386
24.32358934273756 -19.99232144227558 0
24.16012473756773 -19.02885526109095 0
24.19563543098968 -18.05159088310842 0
24.3543877565273 -17.08521448017738 0
24.40587851515292 -16.10789841048718 0
24.4543971250167 -15.13065516693 0
24.97742389149844 -14.35228352961166 0
25.91503528966552 -14.4240043137014 0
26.65438300962153 -15.05998575717526 0
27.15771802192901 -15.89300571999904 0
27.35654163161955 -16.84918669438137 0
27.28382616724494 -17.82069976722757 0
26.80514087835644 -18.66839186863599 0
26.24793670542342 -19.47320661983824 0
25.6961958445056 -20.28136077107342 0
2 1 0 7
1387
1388
1389
1390
1391
1392
1393
-34.80476552757372 5.966919437859247 0
-33.92371250179765 6.334851010431053 0
-35.43255425031539 6.497997059892988 0
-33.48563825837755 7.105389614931552 0
-34.729487166745 6.711035986156268 0
-34.18461597798368 5.568111842039394 0
-34.20371223092749 7.027650131327931 0
2 2 0 0
2 3 0 0
2 4 0 1
1394
-22.51761591342556 4.670684910004597 -2.989168180673787e-18
2 5 0 0
2 6 0 0
2 7 0 774
1395
1396
1397
1398
1399
1400
1401
1402
1403
1404
1405
1406
1407
1408
1409
1410
1411
1412
1413
1414
1415
1416
1417
1418
1419
1420
1421
1422
1423
1424
1425
1426
1427
1428
1429
1430
1431
1432
1433
1434
1435
1436
1437
1438
1439
1440
1441
1442
1443
1444
1445
1446
1447
1448
1449
1450
1451
1452
1453
1454
1455
1456
1457
1458
1459
1460
1461
1462
1463
1464
1465
1466
1467
1468
1469
1470
1471
1472
1473
1474
1475
1476
1477
1478
1479
1480
1481
1482
1483
1484
1485
1486
1487
1488
1489
1490
1491
1492
1493
1494
1495
1496
1497
1498
1499
1500
1501
1502
1503
1504
1505
1506
1507
1508
1509
1510
1511
1512
1513
1514
1515
1516
1517
1518
1519
1520
1521
1522
1523
1524
1525
1526
1527
1528
1529
1530
1531
1532
1533
1534
1535
1536
1537
1538
1539
1540
1541
1542
1543
1544
1545
1546
1547
1548
1549
1550
1551
1552
1553
1554
1555
1556
1557
1558
1559
1560
1561
1562
1563
1564
1565
1566
1567
1568
1569
1570
1571
1572
1573
1574
1575
1576
1577
1578
1579
1580
1581
1582
1583
1584
1585
1586
1587
1588
1589
1590
1591
1592
1593
1594
1595
1596
1597
1598
1599
1600
1601
1602
1603
1604
1605
1606
1607
1608
1609
1610
1611
1612
1613
1614
1615
1616
1617
1618
1619
1620
1621
1622
1623
1624
1625
1626
1627
1628
1629
1630
1631
1632
1633
1634
1635
1636
1637
1638
1639
1640
1641
1642
1643
1644
1645
1646
1647
1648
1649
1650
1651
1652
1653
1654
1655
1656
1657
1658
1659
1660
1661
1662
1663
1664
1665
1666
1667
1668
1669
1670
1671
1672
1673
1674
1675
1676
1677
1678
1679
1680
1681
1682
1683
1684
1685
1686
1687
1688
1689
1690
1691
1692
1693
1694
1695
1696
1697
1698
1699
1700
1701
1702
1703
1704
1705
1706
1707
1708
1709
1710
1711
1712
1713
1714
1715
1716
1717
1718
1719
1720
1721
1722
1723
1724
1725
1726
1727
1728
1729
1730
1731
1732
1733
1734
1735
1736
1737
1738
1739
1740
1741
1742
1743
1744
1745
1746
1747
1748
1749
1750
1751
1752
1753
1754
1755
1756
1757
1758
1759
1760
1761
1762
1763
1764
1765
1766
1767
1768
1769
1770
1771
1772
1773
1774
1775
1776
1777
1778
1779
1780
1781
1782
1783
1784
1785
1786
1787
1788
1789
1790
1791
1792
1793
1794
1795
1796
1797
1798
1799
1800
1801
1802
1803
1804
1805
1806
1807
1808
1809
1810
1811
1812
1813
1814
1815
1816
1817
1818
1819
1820
1821
1822
1823
1824
1825
1826
1827
1828
1829
1830
1831
1832
1833
1834
1835
1836
1837
1838
1839
1840
1841
1842
1843
1844
1845
1846
1847
1848
1849
1850
1851
1852
1853
1854
1855
1856
1857
1858
1859
1860
1861
1862
1863
1864
1865
1866
1867
1868
1869
1870
1871
1872
1873
1874
1875
1876
1877
1878
1879
1880
1881
1882
1883
1884
1885
1886
1887
1888
1889
1890
1891
1892
1893
1894
1895
1896
1897
1898
1899
1900
1901
1902
1903
1904
1905
1906
1907
1908
1909
1910
1911
1912
1913
1914
1915
1916
1917
1918
1919
1920
1921
1922
1923
1924
1925
1926
1927
1928
1929
1930
1931
1932
1933
1934
1935
1936
1937
1938
1939
1940
1941
1942
1943
1944
1945
1946
1947
1948
1949
1950
1951
1952
1953
1954
1955
1956
1957
1958
1959
1960
1961
1962
1963
1964
1965
1966
1967
1968
1969
1970
1971
1972
1973
1974
1975
1976
1977
1978
1979
1980
1981
1982
1983
1984
1985
1986
1987
1988
1989
1990
1991
1992
1993
1994
1995
1996
1997
1998
1999
2000
2001
2002
2003
2004
2005
2006
2007
2008
2009
2010
2011
2012
2013
2014
2015
2016
2017
2018
2019
2020
2021
2022
2023
2024
2025
2026
2027
2028
2029
2030
2031
2032
2033
2034
2035
2036
2037
2038
2039
2040
2041
2042
2043
2044
2045
2046
2047
2048
2049
2050
2051
2052
2053
2054
2055
2056
2057
2058
2059
2060
2061
2062
2063
2064
2065
2066
2067
2068
2069
2070
2071
2072
2073
2074
2075
2076
2077
2078
2079
2080
2081
2082
2083
2084
2085
2086
2087
2088
2089
2090
2091
2092
2093
2094
2095
2096
2097
2098
2099
2100
2101
2102
2103
2104
2105
2106
2107
2108
2109
2110
2111
2112
2113
2114
2115
2116
2117
2118
2119
2120
2121
2122
2123
2124
2125
2126
2127
2128
2129
2130
2131
2132
2133
2134
2135
2136
2137
2138
2139
2140
2141
2142
2143
2144
2145
2146
2147
2148
2149
2150
2151
2152
2153
2154
2155
2156
2157
2158
2159
2160
2161
2162
2163
2164
2165
2166
2167
2168
0.2199272214174051 20.13663506983093 2.03100338514418e-16
-2.825479765942315 21.58701947012486 3.757388751055522e-16
5.392029247141461 3.892446380810139 -1.465361500303018e-15
0.3012768166950227 3.750002885463472 -1.432941741829081e-15
6.770852481371673 20.02552963158768 1.320015717750182e-16
-9.381382012027506 6.626841994773054 -1.057148916002988e-15
-6.940119819447174 5.996086175390554 -1.142458585381042e-15
-16.78366229809576 17.50768545010288 9.651019768805737e-17
14.88490992677042 12.57965592359503 -6.853865993443346e-16
13.82418015490731 6.423134544811377 -1.290056958701313e-15
-10.09710004319256 23.7177863044074 6.54990945457123e-16
-14.19999842379908 8.051335183164596 -8.708503457356823e-16
13.99450805753871 17.19423321671729 -2.167201545106008e-16
8.285793518080327 3.320979816614108 -1.548899659005083e-15
-18.3711207399122 15.46839217285742 -9.245796432579381e-17
-16.62153423952387 8.335298553877188 -8.203293859460866e-16
-2.63680211670132 3.344617971708459 -1.446482100026087e-15
8.90425848931624 20.36284167053783 1.461199925405846e-16
-20.81419872066367 13.92802548090508 -2.237978916978269e-16
-4.464126470438886 22.85314424341228 5.171023959773222e-16
-16.40082731165466 19.78039776667149 3.198075032580752e-16
3.243399393332068 4.109789640141448 -1.423988874761546e-15
10.97164476462957 3.651941024261892 -1.540475800667894e-15
15.07194503821271 9.677262858674681 -9.767430303036582e-16
4.651789675354081 20.46366019432624 1.951367158357406e-16
-21.79554164818678 9.088427296589899 -6.977737101666157e-16
11.66534093289247 20.35366220699251 1.199104896487052e-16
-13.01193907493104 23.17291252107319 6.273174622178199e-16
-7.75876262895925 24.25011137248285 6.866932922828001e-16
-19.6000131226816 7.657170708815946 -8.607179151019487e-16
-23.09614956407464 13.16145188981721 -2.79393508761314e-16
14.84850428480543 14.66278530880386 -4.771681035263885e-16
-5.445308306387933 4.385482235353401 -1.316881624749301e-15
-12.33268604269602 6.549564519084707 -1.037824783410225e-15
-24.64188116846113 10.50444262821141 -5.303886168365916e-16
1.801536579574121 20.3620089077069 2.111027774308028e-16
-13.80857222197577 22.60538026846434 5.779785425283906e-16
-12.94354197875719 22.19713164464401 5.293132671567517e-16
-13.77040125128016 21.65022832501123 4.823098953045805e-16
-12.88679975753767 21.21671736611883 4.309534505295822e-16
-13.71188030738358 20.67853588131572 3.84804176065342e-16
-12.85041177423958 20.25423117553598 3.345692186991672e-16
-12.0057906368801 20.77958902449715 3.79259758558745e-16
-11.9957530768336 19.66148506328223 2.675871069795405e-16
-11.12494063958096 20.31510700042489 3.248377753765174e-16
-11.06403706580977 19.33411287541855 2.26381972327088e-16
-10.23241564681231 19.88651179996423 2.738901511057366e-16
-10.17783823496224 18.89010602225724 1.739543009089117e-16
-10.96344841676285 18.34723708521816 1.269756680591039e-16
-10.11387735843419 17.89971885134369 7.453311588447349e-17
-10.94102895466913 17.35545069280526 2.779539668157399e-17
-10.06149816506625 16.90970894835161 -2.474432354986983e-17
-10.89075066013713 16.36544184748432 -7.146269150325994e-17
-10.00634832393036 15.92003668776516 -1.24013449173939e-16
-9.178061578815878 16.46417065894219 -7.729951989667143e-17
-9.121343934614695 15.47464185160734 -1.765686918359703e-16
-8.293106298026592 16.01866474376362 -1.298653977730907e-16
-8.236036535532236 15.02967030276685 -2.290844685044605e-16
-7.408124645631099 15.57307426795849 -1.824399559229289e-16
-7.351178107881331 14.58485804858734 -2.815802355395758e-16
-6.52381545057372 15.12779144955961 -2.349776513566029e-16
-6.46706622937122 14.14012776494425 -3.340609834493248e-16
-5.640268184086873 14.6830544543294 -2.874538968060724e-16
-5.584389314945025 13.69353904160885 -3.867140482706646e-16
-4.757139660572562 14.23822998101116 -3.399350361155539e-16
-4.701140948200335 13.24878040359604 -4.391897154219925e-16
-3.873229658802291 13.79460492542385 -3.923036389383467e-16
-3.816865774309312 12.80705735751317 -4.913718532616105e-16
-2.988940865428409 13.35138044390695 -4.44635736640754e-16
-2.933096120826875 12.36265427860496 -5.438168128964529e-16
-2.105198549446687 12.90630280297482 -4.971477634700114e-16
-2.049717256795533 11.91742544681805 -5.963405982780382e-16
-1.221029705380102 12.46066350749731 -5.497197476663118e-16
-1.164923217965357 11.47143483032326 -6.489533696234836e-16
-0.3354139579593589 12.01570717497094 -6.022368305153172e-16
-9.065663328874592 14.48517931098922 -2.75821750720862e-16
-0.2785799252840846 11.0258691284039 -7.015379290495075e-16
0.5502810892972774 11.57035194292045 -6.547944478114018e-16
0.4934112225841019 12.56015768405704 -5.55496244918853e-16
1.379041873216712 12.11476235150307 -6.080572741092902e-16
1.321674946164987 13.10436831645082 -5.087744543753485e-16
2.2075249388821 12.65919681554045 -5.613151557104474e-16
2.264946373600937 11.66921824277113 -6.606356590088296e-16
3.093853361915558 12.21408078007911 -6.13854704650707e-16
3.151236285398393 11.22359291898385 -7.132256793671854e-16
3.980371842525027 11.76857861645732 -6.664345281435423e-16
3.922827032218625 12.75920872162855 -5.670478752448177e-16
4.809615032735238 12.31378866592037 -6.196219738044413e-16
4.867211835572879 11.32276418436914 -7.190484596110648e-16
5.696803911108266 11.86818985488415 -6.722175834955619e-16
5.754432994123924 10.87675316060521 -7.716855016017664e-16
6.584440072841487 11.4224007710087 -7.248362788100253e-16
6.527218230309995 12.41521922117734 -6.252341995803616e-16
6.642058542912604 10.43062922785172 -8.243375157930006e-16
7.472426056780705 10.97660082343097 -7.774592628785209e-16
-1.108689287531614 10.48162902415671 -7.482457533854921e-16
7.529951535678617 9.984252955878089 -8.770171620409103e-16
-6.411990986693016 13.15145485302108 -4.332296961324518e-16
-7.463986815839704 16.56184379489277 -8.325439278119472e-17
-3.929098788426317 14.78266211908963 -2.931890990335057e-16
-0.2219068947196753 10.03567275997929 -8.008733112665652e-16
8.36071326856422 10.5305383487002 -8.301112051878422e-16
-3.760422757907611 11.81906411031487 -5.904852688598602e-16
8.418210141479339 9.537729456636429 -9.297148500408442e-16
-1.050974024753472 9.491257887713505 -8.476081240757805e-16
5.811770984833523 9.884850380516479 -8.711972659307889e-16
-0.1646400731847913 9.044982532807579 -9.002634174431154e-16
9.249204987764802 10.08405002376749 -8.828075184642966e-16
9.191497233541082 11.07690598643238 -7.831972444010703e-16
9.306922063761567 9.091198485882016 -9.824174363525241e-16
8.475674528095768 8.544798802279606 -1.029330348511972e-15
-0.9941577249901349 8.500353661575392 -9.4701545909262e-16
10.08010136364703 10.63041165715962 -8.358951866403896e-16
10.02235190447091 11.62321165457536 -7.362901155584912e-16
-9.349267199541851 19.43472863840395 2.207143900016558e-16
-11.75610226219493 16.78026121954537 -2.213874728567461e-17
-11.71710320590851 15.81605913256649 -1.187181355047162e-16
-1.8809313532882 8.946735960574324 -8.943454655401272e-16
9.364588078598672 8.098155128823851 -1.082046028996146e-15
-1.823943552064541 7.955776915271464 -9.937598422848463e-16
-2.710480761481522 8.40215407771173 -9.410925270949621e-16
-0.1073018753816888 8.054029983575161 -9.996803557925282e-16
-12.5822348010326 16.23002028412329 -6.948185244769868e-17
-12.54482639590809 15.26993904881187 -1.65635430584606e-16
8.533270513374017 7.551721014799961 -1.128961735604956e-15
0.4366624689185747 13.54950525671899 -4.56244874230831e-16
1.264089010506999 14.09327246424264 -4.095596659088119e-16
0.3802673881751975 14.53801220620326 -3.570806330595426e-16
1.206713326871358 15.08126495985494 -3.104377814319363e-16
0.3236992914661876 15.52554316792183 -2.580122052175967e-16
1.149618896570451 16.06832309926394 -2.114117171045209e-16
2.032769812153957 15.62449422578655 -2.637937060860921e-16
-5.696741949089668 15.67029362700449 -1.884154520696068e-16
10.1959070891494 8.644648801464012 -1.035124392001218e-15
4.751791689171332 13.30448226608153 -5.202264328916547e-16
0.721989945321357 8.598866294277194 -9.529055440404613e-16
10.91109453864607 11.17681920477179 -7.889791595742539e-16
10.85325135054742 12.16968744087713 -6.893664200195324e-16
9.964627960542822 12.61596041666767 -6.366903912209822e-16
10.79532571440432 13.16240606711601 -5.897678554350023e-16
9.906839036811061 13.6086248835561 -5.370984838264791e-16
10.73734854604443 14.1548963744262 -4.901916037679948e-16
9.849079226565136 14.60084516650953 -4.375511702752286e-16
10.67943224489797 15.14709830730282 -3.906446878888391e-16
9.79133396667209 15.59304054463006 -3.380064753823796e-16
10.62156449155848 16.13915694607393 -2.911125167146742e-16
8.961072433032935 15.04703302887978 -3.848892837876365e-16
8.903364574281241 16.0389688152852 -2.853708373581184e-16
8.073302542671032 15.49318350301535 -3.322332986411179e-16
0.7798103530830165 7.607415364939239 -1.052376635396424e-15
1.609556670893051 8.152439576830329 -1.005587235637302e-15
10.25362957764655 7.651323663553955 -1.134781622181049e-15
-2.653781968455355 7.411233814010405 -1.040500386129749e-15
-3.54010738228367 7.857747552790411 -9.878213815586121e-16
-13.43027735588107 15.71499211328256 -1.13110203981151e-16
-13.37637561736307 14.73020044404353 -2.118808396145386e-16
-12.49132759232918 14.28582545155575 -2.643347071528795e-16
-13.32027134363369 13.74244084443718 -3.109678353332423e-16
-12.435040044031 13.2976514519897 -3.634647366590395e-16
-13.26348455168564 12.75370268711882 -4.101587381382239e-16
-12.37970626570073 12.30858343320245 -4.626752472275544e-16
-14.14866293142853 13.19875913482822 -3.576356709310845e-16
-14.09164894298372 12.20975167533618 -4.568555299083291e-16
-14.97676284015894 12.65483795274268 -4.043300765648133e-16
-14.26200294900433 15.17625701908773 -1.592538524204703e-16
1.975223228806119 16.61143000564644 -1.647757105393875e-16
2.858660009364858 16.16781948333011 -2.171385279841118e-16
-13.3978781023937 16.82270212993463 -2.863562428743733e-18
0.2674661326178682 16.51200304137415 -1.590537344298366e-16
2.800882548825718 17.1549388397455 -1.181000974983484e-16
3.685172841571867 16.71136067520255 -1.704675045804458e-16
8.02450630453415 16.47136762583782 -2.341688301873515e-16
-1.767056477256658 6.964517422621014 -1.093203279318213e-15
-14.91958861850801 11.66581206298761 -5.035532426301785e-16
-15.80493995818414 12.11079504657144 -4.510359223099229e-16
-9.407498222241264 20.4229892133547 3.198708628428126e-16
-8.521205775240981 19.97811342958678 2.673556192818116e-16
-0.5577879057309505 15.96966546298936 -2.056161751771518e-16
-0.613996039692977 16.95535625023188 -1.067346842600082e-16
-14.03471263633543 11.2208420420791 -5.560649147393526e-16
7.186521397500447 15.93504175082083 -2.800147119581679e-16
11.08496346631579 8.197981535359315 -1.087843735295499e-15
-15.86211563856961 13.10023023961468 -3.517718966371702e-16
-16.69061691092593 12.55597518064805 -3.984959445986873e-16
8.845505535396834 17.03072180935511 -1.858692476950152e-16
-16.63330536956306 11.56627430935448 -4.977877280987359e-16
-17.51921950658243 12.0114830113333 -4.452427266925453e-16
1.66728861022489 7.16073427760467 -1.105082901293468e-15
2.497826723548838 7.705940378261787 -1.058282603423269e-15
-17.46623423991908 11.0281869288439 -5.43855715372191e-16
-18.34838567948323 11.46803153679144 -4.918804903413897e-16
-8.584105349433711 20.98446423428959 3.683601659557597e-16
-7.693153507065913 20.52548391423056 3.143946829910765e-16
11.62585143685533 13.70887213816352 -5.428417058563819e-16
7.12823924037226 16.93035563583707 -1.801538886669784e-16
11.74213224952354 11.72328193222312 -7.420580338396992e-16
-1.439542569828199 16.4133567648001 -1.532607057386055e-16
-1.49556919044802 17.39857173732866 -5.442836133365483e-17
-2.321869876420871 16.85711955138551 -1.008928567029951e-16
-2.377917864555089 17.84356482575309 -1.937539117555971e-18
11.50959076224786 15.69333955281278 -3.437376108223397e-16
11.45168999310158 16.68528599847803 -2.442163334627459e-16
-3.204890586351565 17.3014752280991 -4.845948839529964e-17
-3.261193414879274 18.28931707855516 5.063753441186043e-17
-2.597393824898978 6.419758017906951 -1.139960838514023e-15
-4.089125523043338 17.74621893620036 4.02372650127146e-18
-4.145627021449579 18.73509434871614 1.032257131412633e-16
-3.596644433587313 8.848066766171414 -8.884749857472756e-16
-4.425844235549773 8.304038514249859 -9.351700005792296e-16
-4.482514935058069 9.293809904865174 -8.358770501926799e-16
-5.311195546584773 8.750077031712422 -8.825473439751036e-16
-5.367810807631046 9.739372245753284 -7.833024212785606e-16
-6.196112282993465 9.195895001460004 -8.299506778415603e-16
-6.25262542552907 10.18492489744262 -7.307331679225539e-16
-7.080776904233626 9.641530105409215 -7.773745702720699e-16
-7.137288084016944 10.63034780871924 -6.781782540090986e-16
-7.965392708863604 10.08700899747318 -7.248144989942286e-16
-8.021881784163673 11.0759423382049 -6.256068452373396e-16
-8.850023377778955 10.53251902168523 -6.72251184729925e-16
-4.974070543551694 18.19156336517099 5.657339494017775e-17
-5.030886894198011 19.18200091591925 1.559341587547434e-16
-11.55241528331274 12.8526537832134 -4.159585451154246e-16
-7.63439672653686 19.53233629905391 2.147456937786305e-16
-13.60052152420034 19.73639921522031 2.897639313636966e-16
7.644315582932693 7.998446139141769 -1.07623754769577e-15
7.701859878961473 7.005312553752943 -1.175874029607331e-15
6.8135475320343 7.452231340855753 -1.123136401720277e-15
8.590777792895025 6.558323673373666 -1.228624199838988e-15
11.80010224703009 10.73032821638868 -8.416804654696452e-16
-8.906458475452913 11.52139417471221 -5.73049832262557e-16
-9.73468425087856 10.97803350939167 -6.196871483417228e-16
-9.678206046203826 9.989121210553678 -7.188926026494249e-16
-10.56182515068627 10.43469446834464 -6.663322446537371e-16
-10.50643539048758 9.445599942125471 -7.655459133529268e-16
-11.38808655315331 9.890294036473851 -7.130913188127802e-16
-4.364631263194498 7.324178665434643 -1.033515443334434e-15
-18.29566933883835 10.4851929163702 -5.904453632420562e-16
-19.17691759151011 10.9241545821209 -5.385665248676793e-16
3.627260676423434 17.69919198712973 -7.13567908145139e-17
11.14285687466141 7.204432516987095 -1.187524873274189e-15
0.8367278477884521 6.615492973161181 -1.151886504828602e-15
7.759066368323122 6.011697400172387 -1.275555474863157e-15
-18.40002009330905 12.4490444945691 -3.93507719858289e-16
-14.86207268135766 10.67764731334241 -6.026936019437441e-16
-2.432924594163144 18.83200414006782 9.720723416587343e-17
-1.710173941566302 5.972844525840205 -1.192687930256226e-15
1.917249957237272 17.59781425507422 -6.580884597135479e-17
-7.889812063767052 9.136151404713141 -8.203972920785429e-16
-7.763446330655412 21.49142490945147 4.114342775551939e-16
-6.865425443791787 21.06457007259833 3.60609985891004e-16
2.604975006480772 6.607770621657113 -1.168855531688382e-15
3.386078625232772 7.259530550948865 -1.110968886167921e-15
3.32828206968571 8.251354420313435 -1.011460795926467e-15
12.5978542861843 11.27487373214199 -7.946457470610977e-16
12.68376530904466 10.28314962194235 -8.944014300232087e-16
-6.951141932080498 21.99678145199796 4.54424839587314e-16
4.511740538144043 17.25640826271999 -1.236466536717323e-16
4.572463333381562 16.27178302850247 -2.22463165634599e-16
-1.385800089707866 15.42658552789786 -2.522274325514519e-16
7.243657795694252 14.94713366280792 -3.791259809935633e-16
9.076173096776142 13.06216320190514 -5.84022910876237e-16
2.917886713510791 15.18117477859621 -3.161428668938564e-16
2.322057834289349 10.67870437559403 -7.600067422023149e-16
4.216053226769785 7.805169957428861 -1.06412018456953e-15
4.288293379855715 6.847640805114807 -1.160338161811533e-15
-15.4856564300628 22.86895033436279 6.196446649749764e-16
-11.18388219083575 21.34438704157364 4.280942770175676e-16
-16.74786423213006 13.54586081842421 -2.991863107090131e-16
-11.33316118059301 8.901650102569137 -8.122557667322235e-16
-25.85569522060754 12.28477432452305 -3.416018024118031e-16
13.85324247117233 19.45525298611599 1.021142542621638e-17
-13.95108819307433 10.28508123124589 -6.50214817815593e-16
13.00197348625048 4.601028614892354 -1.464361243815299e-15
4.39325908309781 18.46114898880671 -2.334701899756646e-18
3.528825844166832 18.69269463781781 2.869110766046365e-17
8.64846999261345 5.564710850916428 -1.328309861907246e-15
-0.6934872469344415 17.89516332427895 -1.221884942566927e-17
11.97420638410071 7.750950334366955 -1.140601106156527e-15
-6.131385986773212 8.223353558887991 -9.275979679143132e-16
-19.12906614991553 9.962325094742017 -6.349902345653048e-16
-20.02822157983252 10.35500045564363 -5.875664756932571e-16
-20.06595014965211 11.36456316354382 -4.864719824992699e-16
-20.93895361876457 10.76910996700735 -5.378976552410829e-16
-14.5899536279811 21.04669234899189 4.295879557720636e-16
-4.258627839902452 19.69496680654635 2.000509356862948e-16
-14.8050851576747 9.688517216150855 -7.019254570614038e-16
-20.93460074202694 11.80553360446836 -4.345080826374438e-16
-21.73482152608686 11.21322199693431 -4.862869820598342e-16
-6.047788271878624 21.61121959198527 4.076725107357967e-16
-8.639269604400724 21.94795499696358 4.650166523764388e-16
13.4580570466791 10.80457710748253 -8.494588526904016e-16
-2.540959342551602 5.427766076295945 -1.239473223911334e-15
-1.653326493802219 4.980541774709175 -1.292235115806416e-15
-10.49185320013686 8.276548154868619 -8.823445131504253e-16
12.33967328828363 16.23946091598573 -2.968418012282609e-16
12.26721502338028 17.23054943661668 -1.972727833042122e-16
11.39129568324634 17.67729472029582 -1.446659987082016e-16
12.21032076930354 18.23831185506482 -9.618237817168872e-17
-8.07836603874958 12.06479741125441 -5.264070463310037e-16
-5.424917974100217 10.72747662656502 -6.841718310713276e-16
-5.859352906110685 18.63722382173286 1.091576915043053e-16
-12.14473021225528 22.74430983807267 5.766010046514652e-16
-18.22269368273422 9.440108931759999 -6.954075747712939e-16
-1.277064977322824 13.45021260039227 -4.504548023444833e-16
-3.653699153423522 9.8379409857989 -7.891682556897611e-16
12.39757521186782 15.24770069142662 -3.963445053086839e-16
-16.56718258221077 10.62187331076283 -5.926395475864436e-16
6.355662595855322 15.39095670645506 -3.267001967724881e-16
6.413167210674537 14.4005863911516 -4.26060555835164e-16
7.300885299883693 13.95672925278955 -4.784872039967655e-16
12.55425038803356 12.26908950700739 -6.950289722938302e-16
-3.428219313005795 5.874878423964093 -1.186725920234507e-15
5.329457953450957 17.8372808314179 -7.316958952952576e-17
10.31126828731955 6.657771539745614 -1.234460736847781e-15
11.20055009747018 6.210601365130601 -1.287232332802503e-15
-4.033702529221738 16.75780086342912 -9.512274026225676e-17
10.36882902631307 5.664032689527771 -1.334157771529828e-15
-8.961175490690882 12.50936262261929 -4.73954702874171e-16
-5.803486809699378 17.64740239454946 9.867118466064335e-18
-6.688476052123018 18.09428217557872 6.257041180226207e-17
3.209048061576074 10.23326425708556 -8.125846954587633e-16
-15.91920256545021 14.08995777702891 -2.524795096285899e-16
-0.8226153690916739 5.525889978780881 -1.245422221692563e-15
4.156712031734546 8.79722802582798 -9.645745725610564e-16
5.042956110555951 8.350354434505023 -1.017288743375421e-15
-13.14671702232747 10.78465921388279 -6.077282507628074e-16
-13.07385199821861 9.827538066456357 -7.039112355884743e-16
5.526098237895485 14.84616961770989 -3.734675998091982e-16
14.63116435326946 8.176275080434726 -1.122495596787431e-15
13.1636198014976 15.78991087988058 -3.492523775083517e-16
5.282868211766272 18.78929915153027 2.226346092847574e-17
6.191762520372166 18.37642917438366 -2.726482585093784e-17
-6.103101451588813 22.60344638269175 5.071980608820905e-16
-10.5441989940599 6.425828963769321 -1.066556709213863e-15
11.32556526128025 18.65727310619447 -4.626734360467145e-17
10.50331034749216 18.12132307776014 -9.221981564557002e-17
10.41850626123815 19.05503366723066 1.736292830953361e-18
9.621877449113025 18.55710158591357 -4.065694762133204e-17
-20.06576616913079 12.35602687284021 -3.875309764542008e-16
-19.89412158305259 9.405240516360863 -6.835758070297167e-16
-16.79945449882966 14.52749349710849 -2.007520998649462e-16
-17.58996114182867 13.96332429918475 -2.498115280218223e-16
-15.95608341933333 15.04913624975976 -1.564208550299753e-16
-3.405441647131007 4.862204534174143 -1.287993931762391e-15
7.82899323736627 5.042673958567002 -1.372899328430043e-15
6.929135569725184 5.46921735827533 -1.322089290306909e-15
-8.412852363471 6.603198402486195 -1.068380825628458e-15
-9.002675140428652 7.483146293215985 -9.751636186976648e-16
-22.73162277598404 9.67207329609445 -6.309538539654131e-16
-11.39665189398551 8.042440497582424 -8.97418597862576e-16
-12.22406225937284 8.412092583339396 -8.529496716276295e-16
-7.897991762116215 7.474184741193438 -9.861776036683884e-16
-5.917268500747169 19.62960944621112 2.087229323351595e-16
7.08832339393586 4.477712338801184 -1.422494375849478e-15
-8.131121681590463 13.05267993189791 -4.273384595567823e-16
3.86486112340731 13.74924505608992 -4.677166198806892e-16
6.756931874140203 8.446038785429606 -1.023441179296681e-15
11.24318091712913 5.257780294067299 -1.382709226955038e-15
11.02697757517061 9.191239601962051 -9.881907855156319e-16
2.380434466608801 9.688281184056315 -8.5938036631482e-16
1.493307235672378 10.13443556356 -8.067298786426696e-16
-10.61873057383656 11.42314839340743 -5.671686199389784e-16
13.23850562145953 14.79919033310149 -4.488069117399042e-16
-5.507537662060097 25.03683851470422 7.445815947267422e-16
13.53605521645805 9.878933220985896 -9.425476010924321e-16
12.73920805195802 9.297355564911459 -9.932862151879371e-16
-5.473515712551319 24.08949133917746 6.497298288675669e-16
-22.08951379350123 13.03935901106644 -3.007992009621157e-16
-16.35414987917555 20.99821261196372 4.4091121040962e-16
-17.72439422095087 7.831435157317411 -8.605092481866151e-16
-0.7047295803467255 20.29949960195471 2.278238356319055e-16
-17.26129914852597 16.59454568235751 9.759296996015023e-18
-16.30406001604947 16.63863631251486 5.390323769139753e-18
-15.78643360396261 17.55996047040032 9.259164983447755e-17
-15.2212870659223 16.64778765221251 -3.615378202890342e-18
-14.80769982238654 17.66020700115929 9.362982439713232e-17
-15.37043450585596 18.46089138254762 1.786888179020078e-16
-4.25944717119516 5.329969757932048 -1.233490217200745e-15
-17.46306520024935 23.03390686169214 6.54220874655512e-16
-8.606900536752024 23.80753476421956 6.502960865552308e-16
12.57045553355379 20.26775637734819 1.030460731136568e-16
-4.284045531298378 3.338476173414032 -1.432005118741916e-15
12.0971781602902 5.868802010996299 -1.329555790168603e-15
-1.714109029731885 20.4801723910375 2.551006186243749e-16
-26.21698457888883 10.97858405945061 -4.686428314758137e-16
-0.3239823724882225 19.38727906499727 1.333012720880807e-16
0.5976187239760913 19.35785295250228 1.219221966543638e-16
-16.8326615659515 22.23699001781941 5.689179661054779e-16
-6.198259809237712 24.46477561868735 6.938203227605401e-16
-6.029944192181995 5.300467712976022 -1.220215372553714e-15
-6.058614583216423 6.392614810912834 -1.110962385165826e-15
-7.805703687845303 23.22503887705339 5.848266394549132e-16
5.774564934318878 20.23040394711584 1.615736046536937e-16
7.924549405915136 20.00846801298754 1.197302458756948e-16
-15.35519950357875 8.287221604847165 -8.367277142808656e-16
-15.80776152283664 9.203981010454145 -7.410943225099321e-16
-24.28246695937613 13.1565504928092 -2.690151462118632e-16
-23.60298129975593 12.29204879061497 -3.615122820341143e-16
7.119610419298946 18.97930059942922 2.439873253565296e-17
8.172187589053925 18.9777871911559 1.460536108270025e-17
7.730899005134402 18.26740833827223 -5.224407742366952e-17
-14.43020498869382 18.5202273321342 1.759970646726257e-16
-14.95459001739125 19.36096681680438 2.64702030256219e-16
-16.97277176890863 9.23748482945048 -7.270785164222794e-16
-24.42831473427679 12.19824881723837 -3.633123794410587e-16
3.413771331679647 21.11088477132731 2.710673242773131e-16
3.676155739773585 20.08938595076401 1.667236676110403e-16
-25.31020434092098 13.65673068829637 -2.096850885143433e-16
-1.405071080283236 19.41251153447606 1.457228625688685e-16
6.023278925593713 4.775358702975744 -1.383034335170164e-15
6.027246729272916 5.889348016377006 -1.271900601994226e-15
5.189472188536638 5.409283341228959 -1.312133848794731e-15
13.68959666864374 8.861004030726205 -1.045537950604723e-15
8.734964517520737 4.648887094500136 -1.420496447224393e-15
13.86544513260024 18.30348113682322 -1.048409323008984e-16
-24.04462203236699 11.45452910247721 -4.410464591981627e-16
-23.12422304131902 11.53850121987056 -4.410979952718868e-16
-21.15596321737869 8.491213385104446 -7.632313986163529e-16
-15.81369198955001 21.84093328132384 5.200591831135482e-16
-9.992845036814002 7.358334497006283 -9.785485104924018e-16
-0.8075162786617442 4.583371145700408 -1.339618798612092e-15
0.006733219057886541 5.164189161069507 -1.289115410050144e-15
-1.679150035109891 4.013984082541662 -1.388455760387545e-15
2.219989761479842 4.055281350680089 -1.420053359374174e-15
2.701123357573974 4.927576996229125 -1.337410512796702e-15
1.697636357158628 5.034402271862157 -1.317557289368513e-15
3.667161379641034 5.022847082759367 -1.336752658312187e-15
-3.620152898014091 22.13526201288392 4.377302627374768e-16
-3.651550565123233 21.11044796977363 3.357470137295219e-16
-4.461786825981015 21.65986008727666 3.979976876885332e-16
-2.784217876345005 20.53677483916291 2.705521793449658e-16
-13.11750786121167 7.348694923725339 -9.508863951772484e-16
-21.79572529328815 10.1756300110966 -5.89275103856872e-16
-15.41691770698689 20.25102694002004 3.57760439061534e-16
-19.94412607340352 14.42045556668581 -1.826265172975696e-16
14.51843219913545 16.23898820309746 -3.168479277122495e-16
10.43601921521103 4.508995586451912 -1.450039707974563e-15
4.348662189634518 4.14319678883284 -1.43078000146894e-15
-6.925289921790934 6.98841742111503 -1.043565170737083e-15
-5.203753429866544 5.893798560086567 -1.168572661686032e-15
4.558299493125435 19.62651730510294 1.124508391201218e-16
12.1665011300476 19.32840965804523 1.300487840089012e-17
-19.9698317455174 13.40215221937218 -2.840121768854141e-16
-19.10956916000808 13.9136726869411 -2.408458190905997e-16
-23.6265300394764 10.06480732934063 -5.835631560816442e-16
13.1163567316943 5.509058445119742 -1.374792630567081e-15
-13.82199424499966 17.74240230803338 9.280271837510091e-17
-13.4590690845282 18.74600927464986 1.896325931382766e-16
-12.9107325884493 17.81940516539828 9.213939237691962e-17
-12.45329764060803 18.70574643982047 1.764010125628451e-16
-16.80228229993615 15.61114765454339 -9.258339795667394e-17
-21.01572192022832 12.92182967819483 -3.223646728514027e-16
-20.86024475419318 9.584037656309899 -6.568824613299417e-16
8.691303118298556 18.11686518858881 -7.606543783985361e-17
2.763334665657975 20.32360221085904 1.984592559906324e-16
2.285860923975136 19.54461965587527 1.250950220484486e-16
-18.64756807902729 7.290462632052497 -9.06038450156434e-16
-18.67844273214577 8.374471469635012 -7.975774243564937e-16
1.247843936530214 3.97438364778876 -1.419220976321181e-15
-4.703467728201693 30.01082880004934 1.233592959059467e-15
-16.40785139106919 18.60163545838835 2.022377747320144e-16
-12.22223099690648 23.67245870841099 6.69935180436065e-16
-11.42925101539475 23.29225999408342 6.247291643182624e-16
-11.27815622344004 22.31778694745247 5.260979149525595e-16
13.55918894540431 20.28502907008072 9.57123058564096e-17
-12.07381683328434 21.76665364372646 4.783866121444451e-16
-10.36206368293903 21.90367746167333 4.763799911178089e-16
-19.16557961981771 14.94826923771251 -1.370856095179216e-16
15.00013270195737 11.62175261928398 -7.820356657413399e-16
14.09222809722661 12.18019851728088 -7.179887593724595e-16
14.03515216725495 13.16113692674145 -6.195735803205263e-16
3.194111151315024 5.750510065980142 -1.259802375814687e-15
-13.18442689252096 8.272731313489903 -8.580595588564947e-16
-14.02098282030211 8.904104357794248 -7.873885231881609e-16
-12.21206954509054 24.37887065163586 7.403381683500138e-16
-7.248123323917802 12.60802437384339 -4.798015496307229e-16
-10.2921777622087 20.90512887434553 3.760900635369515e-16
4.693952108221779 14.29473066600098 -4.208751717983744e-16
5.582493125276804 13.85267377846903 -4.731297033015698e-16
-5.989727282434883 20.59871679173961 3.06098353144704e-16
5.464443616896216 15.83274066108185 -2.74448370490202e-16
-0.4476469829637227 13.9945737024155 -4.037285696754427e-16
3.805652823884932 14.73797726532404 -3.685041279627056e-16
-6.634740434684772 17.10445999037736 -3.670072020767439e-17
6.227008373343068 17.35412550340134 -1.296080545180258e-16
-14.77270407339087 22.01442336095104 5.278363745878543e-16
1.092660678291151 17.05468319449043 -1.12456561591141e-16
1.059382039994789 17.9832742644993 -1.948336240776861e-17
1.916325530737551 18.6247066787426 3.667790706110897e-17
0.2051852900163449 17.46913553147769 -6.296657615654379e-17
2.769136292792658 18.11426573183777 -2.20736679538878e-17
2.149356625678115 13.64884831804471 -4.620204503192892e-16
-0.3917600671787952 13.00546252651937 -5.029484542140976e-16
-1.332050924233166 14.43902007487466 -3.51273479060601e-16
-2.160490596726512 13.89556671041093 -3.97918086564179e-16
-2.214439037613167 14.88391871612677 -2.987917208678886e-16
-3.043923704270162 14.34038290369653 -3.454349833546725e-16
-3.097764124472476 15.32704818550638 -2.464779330848696e-16
-3.983303266956164 15.76979442964678 -1.941821068037738e-16
3.035802336106722 13.20386681856747 -5.145476477336879e-16
-4.920032669574171 17.20208583275081 -4.266611147560285e-17
-7.193926517951639 11.61967238042754 -5.789301892970175e-16
-6.363175968419632 12.15995723256453 -5.326229513552743e-16
-5.531451761866828 12.70218776257554 -4.861304647107093e-16
-6.309312168660419 11.17232337358831 -6.316768745369325e-16
-2.767676494595451 9.392596696057165 -8.41727782153536e-16
-2.824408353485361 10.38322425078571 -7.423488309775161e-16
-3.708694901987219 10.82857988695103 -6.898040761846347e-16
-1.93855594809538 9.937418201253577 -7.94952878919248e-16
-8.349773375642309 17.00796647040047 -3.061935047890938e-17
-7.520336501802467 17.5515567802817 1.602978837295429e-17
-8.405739453904342 17.99772172944109 6.866553524171842e-17
-7.574970976401334 18.54148663226286 1.153198991015033e-16
-4.315678446747912 6.321822257557128 -1.133993608872092e-15
-4.812533517182699 15.22623640170841 -2.408299169096445e-16
-4.866932559464734 16.21362832268228 -1.417952346310538e-16
-13.2064231119198 11.76613234562168 -5.092356152348476e-16
-12.32435899779519 11.32234949162891 -5.616030558619792e-16
-11.6627470808035 14.83000575468905 -2.176188453034677e-16
-4.538981908766559 10.28323443052299 -7.36620581314844e-16
-4.594129649762391 11.27232488884101 -6.374095356349056e-16
10.7325057988901 20.54618895466089 1.476690339502617e-16
9.133846899400201 12.06968211592335 -6.835954632628939e-16
8.245502913948462 12.51577236470823 -6.309402291674452e-16
8.30307387770522 11.52295335159874 -7.305455627696419e-16
8.188271329801358 13.50886828821619 -5.31310370366068e-16
7.357937244369669 12.96256654682634 -5.7822187626653e-16
9.01875057056678 14.05487528428916 -4.844296081710102e-16
6.470060302989089 13.40787653943576 -5.256487859478266e-16
-9.949962611621588 14.93051891730859 -2.232784789649402e-16
-9.895144876750891 13.94141333081144 -3.22488011268526e-16
-10.77846258062 14.38618322792239 -2.700105853439224e-16
-10.72420186110129 13.39758667948005 -3.691642157659113e-16
-10.83422907717018 15.37470759462267 -1.708503642990406e-16
-11.60736574036628 13.84165105814173 -3.167586058901074e-16
-8.463306840729166 18.98789901932435 1.680072064515753e-16
-6.807189507807754 20.07230914444853 2.610542545259106e-16
-5.12464817576741 20.11558882858123 2.499600789131297e-16
12.02431271769073 6.783340833439478 -1.237622286187227e-15
12.83010190801611 7.356670953631256 -1.187788646560585e-15
-2.266296271231143 15.87070837850278 -1.998404254666537e-16
11.56746234124538 14.70138275911423 -4.432596534572988e-16
-14.205300546715 14.18743958250166 -2.584518937974598e-16
7.587437447216304 8.991667440547765 -9.765984146956812e-16
5.639663715265122 12.86037172099469 -5.726797798369029e-16
-9.290934830428776 18.44396149537615 1.213068468810378e-16
11.68090927091579 12.71604181668011 -6.424251459507785e-16
9.733467167324962 16.58501098463574 -2.38483114705045e-16
-15.7458594516614 11.12987516660211 -5.494676155396216e-16
-9.788970936679874 11.96582750697561 -5.206133702657652e-16
-3.483302033097702 6.868269788610604 -1.087086263107236e-15
13.08281863897816 16.75760246224737 -2.519418201392663e-16
6.868628071100775 6.455693222380538 -1.22309006780321e-15
5.980912348287653 6.90635266484981 -1.16998460832736e-15
-5.237898697505209 7.794166764918074 -9.786134453106898e-16
-8.790348698377919 9.549968716560381 -7.708510285701029e-16
-8.651181459189491 8.439190664817444 -8.829755121746915e-16
-7.295151900588051 13.59656327359976 -3.807199237106061e-16
-6.987074126467612 8.726665665034755 -8.695314536875775e-16
-6.57976177563054 16.11560146129646 -1.358870717012541e-16
4.924849892857374 10.33219899400182 -8.184294885724519e-16
10.13784431066403 9.6376123714321 -9.35500127043749e-16
10.56279898165418 17.13082994723322 -1.916106060022187e-16
-1.993977006697707 10.9278451289919 -6.95605957072337e-16
8.131068300414061 14.50171713666824 -4.317054298944099e-16
-9.621591709251215 9.000286393538145 -8.180915717588951e-16
9.42219786908629 7.104780246767012 -1.181707190979134e-15
-0.8799749149118798 6.517919475015616 -1.145897614320777e-15
7.415099732659257 11.96925217979172 -6.778729015787544e-16
12.47616278753137 13.26098654581593 -5.953277000053173e-16
-9.233314127048624 17.4538746923092 2.197371734696331e-17
9.659710433213286 17.5903087655811 -1.374841949181725e-16
-2.530761998632439 4.413853223365598 -1.340749632699528e-15
-17.5571247455653 12.97838631275424 -3.484037920781785e-16
-14.28903158441911 16.16428870167348 -6.04060574392268e-17
1.685522184195085 6.129855908052466 -1.208125993940861e-15
4.03799289634256 10.77824319891652 -7.657924712616025e-16
-0.9370936084951131 7.509279506771902 -1.046442022241247e-15
1.436138295334566 11.12466090934428 -7.073870617629053e-16
6.69998593619893 9.439214038300422 -9.238060205745121e-16
10.96904369518269 10.18400691952457 -8.885872862821761e-16
-22.66492706043534 12.32302380104087 -3.670143758397389e-16
-15.03379818759694 13.64407615283222 -3.050869952662969e-16
12.44136597034961 14.25478837222689 -4.958329140534159e-16
9.479724264897067 6.111293190715019 -1.281378783363936e-15
-0.5022429904559238 14.98280192509234 -3.046086246918349e-16
9.543785158619089 5.103848787686161 -1.382503103706601e-15
2.090925920030339 14.6370203682462 -3.628709825319638e-16
0.607159526727661 10.5801174701193 -7.5413551430847e-16
2.977414257103034 14.19302210081143 -4.153004492203654e-16
2.439653008086881 8.697265098305698 -9.588208705240108e-16
-3.256077347789367 19.44516500524387 1.659380108762537e-16
11.8557488777673 9.738468231207195 -9.411724650615895e-16
-0.05020846030065973 7.062620751336295 -1.099140626244183e-15
-19.22084242715525 11.90152170120603 -4.406282143948697e-16
-3.150350795768967 16.31439314865364 -1.474645395254341e-16
-8.181264021159183 14.04079807305605 -3.282702988173055e-16
3.268228182969604 9.242742201365072 -9.119755462002875e-16
-1.55191043247784 18.38337151415411 4.436543094764835e-17
11.91539638821776 8.744729462514059 -1.040888607890939e-15
-4.647991655665249 12.26016263644192 -5.383352819092334e-16
-15.08736734486669 14.62839384496931 -2.063667066488649e-16
-11.8604366480752 17.8210227504945 8.26793747044794e-17
0.6643495002034252 9.589748182746202 -8.534928884549677e-16
12.80612000800669 8.303887291570177 -1.093041911442767e-15
-6.746942444954469 19.08454125321466 1.619284805079619e-16
13.22989805529706 13.77109315985469 -5.51326572529013e-16
9.527232195624578 4.12169883553358 -1.480364696087265e-15
-0.002471976472040893 6.0851706826517 -1.197122131994074e-15
1.551548471130982 9.143505983295954 -9.061527972690387e-16
-15.12214969423171 15.59331650451898 -1.097540371807083e-16
14.37914985012029 10.36460538512908 -9.018034931208422e-16
-5.750282699690544 16.65891193811014 -8.926624526985497e-17
3.745680204649634 15.72512811935871 -2.694424449998841e-16
0.8815808953136187 5.627969164561878 -1.25084690080097e-15
-2.878386066283384 11.37313218374442 -6.430669240448066e-16
4.096784237206777 9.787972194709331 -8.651547069250942e-16
13.6467801424676 7.854399716375696 -1.145599362899362e-15
4.634715054154935 15.28475489299632 -3.215334801158273e-16
-15.69632311070386 10.16303529746734 -6.46406768968576e-16
5.927713624271178 7.901871958240092 -1.070149854191779e-15
5.10181438619083 7.362003885462999 -1.116459941216732e-15
-5.478496529745789 11.71573875342938 -5.850578232030641e-16
4.983874357760504 9.34415649105904 -9.175714674964026e-16
5.151480627572703 6.372484269735137 -1.215663600112183e-15
4.217306604012126 5.840963716969353 -1.260148777386908e-15
5.871139509052321 8.896094882655184 -9.704135496972834e-16
-9.012499427732243 13.49757712789529 -3.748661012617363e-16
-10.67087583082027 12.40977571491004 -4.682308867798305e-16
-11.4442589388825 10.87742954522085 -6.140659800176142e-16
-11.49893903342153 11.86501435591778 -5.150094737578209e-16
-9.841711145876346 12.9542873545103 -4.21487310787451e-16
-12.26493845803808 10.34178147224383 -6.600027502588308e-16
-12.19700683698649 9.408217888916024 -7.537896247634851e-16
14.86358512253358 13.66851029855752 -5.765294985214652e-16
5.392614269846514 16.81830805390751 -1.754360924506047e-16
6.293392103721501 16.37396082257136 -2.280312856045775e-16
9.528043276211651 19.57265051883257 6.154890478917947e-17
6.38595279370229 3.741879454635367 -1.489492294888935e-15
7.355703820755183 3.518503217980808 -1.520667625928074e-15
13.05494501134583 18.82757654775499 -4.511431096330455e-17
-9.469179157759822 21.46281443630806 4.242048110064343e-16
-9.483067796591437 22.38253508290267 5.161151641987333e-16
-6.976410106491198 23.89843311065924 6.444308173118862e-16
-18.24268158300354 23.9119488526288 7.489865250390547e-16
-2.318479985662528 19.74132558199763 1.869041811160674e-16
14.05038070421709 15.37376999587851 -3.989043255745614e-16
-25.03312943306955 11.50758639869621 -4.26696211575494e-16
-4.441340758247187 4.346819535913357 -1.329936995562239e-15
-17.40360032261906 10.07944118300234 -6.39109156545092e-16
-16.54392924514584 23.24662465396143 6.670290277330219e-16
-0.7622810452599293 3.623909883125453 -1.435782206048112e-15
11.85478958691413 3.841478280046635 -1.52965123529171e-15
-17.57983481105791 14.98014733107802 -1.484308782297494e-16
-10.41216417696376 22.96883699010765 5.831360803970697e-16
-5.239415622712453 22.25046615600036 4.640605870371696e-16
-14.41943732916675 20.05505562438841 3.290659500389875e-16
-5.184684946702109 6.838276549763459 -1.074493570404199e-15
-12.07515562482194 7.431907940740345 -9.521308621900362e-16
-11.46386670227182 6.71710145264574 -1.029064499248896e-15
0.1674121911087709 18.50938290648311 4.119048801823951e-17
-4.756356232591056 29.1279626100873 1.145972205643547e-15
6.071444891928341 19.32128750971863 6.81290959291152e-17
13.02417377816949 17.77218063720615 -1.501552027583675e-16
-5.499405831863563 26.02780302860613 8.43399975933345e-16
-3.502519853158526 3.841293557849646 -1.388985996332235e-15
7.883117951538133 17.45094043440873 -1.351175700432684e-16
-19.20633638068428 12.87368918653158 -3.437440667834699e-16
-9.570917115722047 8.106320786982504 -9.077686969059138e-16
-22.65715352927993 10.69543290897627 -5.295103149234017e-16
11.16283997499594 19.60355474204908 4.965709957885382e-17
-17.70358356815253 8.725704803671022 -7.714566362697211e-16
10.07518960386022 3.457258361183535 -1.551691917745724e-15
-8.620070872070279 22.83665780900791 5.535284907911494e-16
14.27539005026146 7.228422884110804 -1.213826955243775e-15
-18.38282533529735 13.39058757978021 -2.997043514662375e-16
-19.68582779500416 8.542561596062923 -7.715745927063037e-16
-6.070752908126313 7.343777612258344 -1.015930309855917e-15
-21.80259035534912 12.15709318553303 -3.914729558381289e-16
-5.37302617490255 23.1664794148577 5.566976993632691e-16
12.90785200836586 6.516695236550032 -1.272325904612275e-15
1.457132725936622 19.44341653104549 1.22587228751998e-16
9.171630749259368 3.231289680543588 -1.565965134601575e-15
14.51970188497007 8.994400089723777 -1.039830091835389e-15
-5.213839918344337 21.03355083498686 3.423847583582181e-16
8.024261699824697 4.146589903102874 -1.464112444028185e-15
-18.36648180132032 14.444065551259 -1.947226917753544e-16
-7.829653743217482 22.38100718281216 5.008162613281822e-16
-4.824201480691626 28.27277068077958 1.061250207294607e-15
6.964233287559216 17.8910511883542 -8.277928311398451e-17
-5.488675689401249 26.82840156229189 9.231970642439145e-16
-4.390420740929941 20.64308068728666 2.958748647161202e-16
-6.958368152257101 7.848937725045841 -9.573869000464778e-16
14.00436079760254 14.31760789012146 -5.038819909969337e-16
-20.4208876616538 7.936791972039583 -8.252934485382264e-16
-26.16065159451682 14.09309898502558 -1.583472129275407e-16
-14.27492763221294 17.00049700691789 2.291378614829149e-17
9.81835918729591 20.52358063083799 1.537870670650594e-16
15.11328943296809 10.67110642971537 -8.77941585109242e-16
-19.12203038857045 9.144941521712161 -7.166251266858226e-16
0.6765903274106638 4.656581739551799 -1.345908231464505e-15
-5.055911595956315 5.106120528500109 -1.248532984066062e-15
12.17287305868877 4.772525616841802 -1.439651636192602e-15
-12.87181062008195 19.42077423370177 2.515907725487051e-16
13.29481569942553 11.79372195143906 -7.492521667410842e-16
-6.966341406452489 24.83705853941614 7.380082991065415e-16
13.24000556652151 12.77167821222758 -6.511553462067872e-16
-11.49668429004089 5.956019178103685 -1.104715743178833e-15
-17.35157545403513 23.84646499617056 7.342884378507463e-16
11.29999795073554 4.400062996313361 -1.468825236863749e-15
-15.91712580184454 15.89403555941112 -7.246137334282111e-17
-6.199093276835973 23.51277104332434 5.98823073650298e-16
14.88782921323889 15.49778316600603 -3.942000978223908e-16
4.495309570673324 5.003527060468613 -1.346267107011258e-15
-12.54338239403567 17.07287018542045 1.427407322194912e-17
-6.977517366343211 22.93624634142314 5.484199487024472e-16
14.22294547139617 11.23932700172181 -8.130800871292282e-16
-7.583701103681739 6.526741880399759 -1.083606375386934e-15
-15.71012418659159 19.29098367288637 2.646393130419699e-16
-0.8049786774196986 18.71994674475085 7.111139410023416e-17
-9.360478492674671 23.32760936931674 6.093054396838818e-16
-10.80134096178939 23.75199852188607 6.648564772270874e-16
-1.729919269145449 3.20128033893706 -1.469094096854394e-15
13.04086661830477 19.63280492786902 3.53720743667735e-17
8.731540897925615 19.58299375380038 6.987762115327707e-17
3.547920187693713 6.476477670159678 -1.190595890912185e-15
2.376673611344696 5.690023172756201 -1.258350340721829e-15
-5.140698740896406 27.55673757990605 9.926933299347692e-16
-19.08871507288434 24.36535893156106 8.01984644743225e-16
-25.16334142760077 12.6915473354743 -3.073505099480828e-16
-16.48952786145579 9.861163126227428 -6.692656624064647e-16
-14.57247578132369 22.87806481843475 6.121888688607949e-16
2.707641283969092 18.92428839276274 5.932552984854831e-17
-7.737714208268327 8.337227351785499 -9.015188944155859e-16
-6.236295788424837 25.4631884608896 7.938049360209251e-16
-11.63389396252876 18.80479540094934 1.78779251136752e-16
-17.64600011781515 15.86158363653198 -5.986220351429837e-17
-15.37372340165375 21.2158014987205 4.536440082881104e-16
15.21055399562159 8.820343083624042 -1.063528722889001e-15
-3.668178874017999 20.28608706160268 2.536326008706311e-16
10.28349428127441 19.85974593309734 8.327900882606278e-17
3.137463050887177 19.49059582826242 1.119024677060454e-16
-26.0173332185541 13.27057264070672 -2.417437695508147e-16
5.101517455291429 4.634238129505262 -1.388673423256938e-15
-10.994095242015 7.375360251102121 -9.676772820263664e-16
-14.79734355374478 8.895872173066149 -7.810980443118082e-16
-20.40340900225648 8.791969025175545 -7.40111541644108e-16
8.943128236168201 18.936026387489 3.375505356767954e-18
14.04333987724589 20.84885890631279 1.475442996979369e-16
3.858800642210168 19.27206854215078 8.34866760395829e-17
0.9934999858848264 20.03499304547971 1.858705502746765e-16
-13.07694041760806 9.06416956793794 -7.800629721819713e-16
5.283487735935368 19.56827418152815 9.999526137468885e-17
-23.61888196218069 10.85154263777522 -5.051213084623375e-16
-21.64573633012123 13.65952363043705 -2.429754526875468e-16
-5.039532763863733 3.658812629542636 -1.393116490501569e-15
-25.7711007263943 11.52254630893126 -4.184429616932251e-16
-4.819743807821354 23.69130287378544 6.040037764789549e-16
1.073161855578191 18.77456173492723 5.935659524356678e-17
-3.543665697312238 3.098550818594864 -1.462730761640352e-15
12.59658793146462 4.045986409189366 -1.516037825703147e-15
14.2830393951258 9.670557427517029 -9.701852695878641e-16
-14.21725197099128 19.26655915792176 2.485261276928012e-16
-16.16898480767754 22.54837457186687 5.939127104817559e-16
8.778209443269903 3.887287330657472 -1.496896119487226e-15
13.72183839772158 16.30668630528024 -3.027946697169737e-16
2.492337077436269 21.02759014385179 2.711959538973847e-16
-2.050301985618649 21.23772146231451 3.337796621986407e-16
-13.76131169824735 9.560333197631723 -7.242792190675815e-16
-12.65028815948185 7.866356690323745 -9.035066219628524e-16
-22.39674310249406 11.58545462247101 -4.430765247865981e-16
13.53380106389649 7.128807501489281 -1.216974556492711e-15
-0.11703939215162 4.355610962982127 -1.368673277600787e-15
-25.56647893471334 10.61131935222315 -5.112529395860547e-16
2 8 0 8
2169
2170
2171
2172
2173
2174
2175
2176
-2.695045650466599 38.69110239385608 -8.167759843780989e-17
-1.870020586904515 39.08556787433385 -5.845293335069168e-17
-2.530840524245757 37.67184468568486 -1.783742435036036e-16
-3.209400884542897 40.00820087092694 4.810330075942252e-17
-3.601142869294588 40.35477678870929 8.635016753716154e-17
-2.004256059237354 38.34772139122706 -1.244079407553883e-16
-2.559645651536059 39.48251676011989 -1.079712483692808e-17
-2.654384395467189 36.80137651572463 -2.567404700301469e-16
2 9 0 21
2177
2178
2179
2180
2181
2182
2183
2184
2185
2186
2187
2188
2189
2190
2191
2192
2193
2194
2195
2196
2197
11.3789172127455 40.07671176492641 -7.066481308785892e-17
11.13139499508053 38.58600470689738 -5.633740432647985e-17
9.76459757279126 40.76764340458009 2.266618568073463e-17
10.17379883521668 32.74561279533128 -9.077732394688998e-19
10.53699921913046 37.13377014163627 -2.195451785903117e-17
10.13033908486822 38.92162464887675 1.539081714622299e-18
9.912158912742202 39.82720724534765 1.414437553768293e-17
10.30790149418069 38.00951467955922 -8.717663253461165e-18
10.53587417883547 41.18775271397829 -2.193275603561821e-17
10.79348868424642 36.24938362527372 -3.677504370578798e-17
10.2598850899011 32.07706369211205 -5.878057430352618e-18
10.90151222877693 32.39580262704939 -4.297971187955016e-17
10.84881582169062 33.32153497469972 -3.994274199304476e-17
10.81194134513511 39.46601112962802 -3.787630437641306e-17
11.10600791885471 37.71755560164256 -5.486027553688238e-17
10.88782686985709 35.42343599638887 -4.22207657969338e-17
10.59921556492058 40.35799455622259 -2.558623293049261e-17
11.15455065665372 40.7863224025225 -5.769973610420093e-17
9.809227815518383 41.49427335397527 2.007795019296178e-17
10.86394554929667 34.06157722667416 -4.082542987834044e-17
11.53251561824439 39.35381731663516 -7.953800326092633e-17
2 10 0 0
2 11 0 35
2198
2199
2200
2201
2202
2203
2204
2205
2206
2207
2208
2209
2210
2211
2212
2213
2214
2215
2216
2217
2218
2219
2220
2221
2222
2223
2224
2225
2226
2227
2228
2229
2230
2231
2232
19.65747257273906 34.7848221219872 1.327842923682521e-16
22.28922399046962 29.59184154082633 -1.617603754556331e-16
22.11257595685466 31.47450382712853 -1.365279531785038e-16
19.98440556647466 33.13571678434959 9.261940882600815e-17
21.5032125069852 34.03889005882045 -6.347896706708949e-17
20.79782422351479 36.27633191291238 1.84784089267257e-17
20.71491565975365 28.86793884830092 7.98053206254437e-19
20.51895453127195 31.06751151653555 2.918464103835411e-17
21.75893946617069 35.03757900890673 -8.674749276123971e-17
21.49586507725339 32.42141496024554 -6.846715341124304e-17
20.82809911684502 34.81324187982575 1.009353432879009e-17
20.06372133901353 37.02651837106485 9.815252779946754e-17
22.8281081089719 30.88532945058865 -2.136808393006072e-16
20.60912121312252 30.04660502523521 1.609182342324365e-17
21.32642344489603 30.75427946873047 -5.662940854810387e-17
19.71932230124218 36.1286851949623 1.310813297744153e-16
20.44210899048653 32.17440226183073 4.118628808751132e-17
20.98329145139336 27.77777010081526 -3.123447050755814e-17
20.49667429594354 33.94939750480943 4.178243047502957e-17
21.57492802170471 29.04854062496737 -8.876924442134863e-17
21.1749197114991 31.6175588117411 -3.766390818870475e-17
19.60322377411184 33.87743923684999 1.352440138215048e-16
20.92491300894453 33.16107702316832 -5.944081455937374e-18
20.24789759014359 35.47751137951962 7.331839177826768e-17
19.49390228533566 37.65260489437735 1.601523765665476e-16
21.09701822850158 35.50422535591031 -1.565433218548251e-17
21.79507728858049 35.85301578265325 -8.763484439416047e-17
21.40936221387394 29.79401979801976 -6.874813187060627e-17
19.30917533880987 36.77783897715342 1.76414630087928e-16
20.28267718877027 28.02612708578305 4.314016267368125e-17
23.09517195882064 30.16873405135987 -2.442456702504392e-16
22.14427176438751 30.42763682160542 -1.435799450466381e-16
21.76099986784141 33.12513616226974 -9.37727149217622e-17
19.36339137476606 35.48895931466369 1.661387302176256e-16
21.43472607885221 28.38819475343166 -7.641398068234582e-17
2 12 0 11
2233
2234
2235
2236
2237
2238
2239
2240
2241
2242
2243
26.22446356993184 15.07960703532203 3.897744958915765e-18
24.49645930155148 15.26210310042879 4.129567487588219e-18
25.38612817808259 14.15459268888862 1.42316785361316e-17
24.98484757853405 16.06308492870371 -4.533859122732111e-18
25.78148006154092 15.73126908204171 -2.142901106886523e-18
25.36427889595808 15.03703285063646 5.35864848460207e-18
24.23654444669939 15.94901444821246 -2.486100463025709e-18
26.36642571430234 15.64715695351636 -1.996126178931166e-18
24.31368618114999 16.56278118781022 -8.768324993776502e-18
26.00227907107267 14.44435720073723 1.05705605057718e-17
24.76442573963545 14.54213740926624 1.106892623961499e-17
2 13 0 2021
2244
2245
2246
2247
2248
2249
2250
2251
2252
2253
2254
2255
2256
2257
2258
2259
2260
2261
2262
2263
2264
2265
2266
2267
2268
2269
2270
2271
2272
2273
2274
2275
2276
2277
2278
2279
2280
2281
2282
2283
2284
2285
2286
2287
2288
2289
2290
2291
2292
2293
2294
2295
2296
2297
2298
2299
2300
2301
2302
2303
2304
2305
2306
2307
2308
2309
2310
2311
2312
2313
2314
2315
2316
2317
2318
2319
2320
2321
2322
2323
2324
2325
2326
2327
2328
2329
2330
2331
2332
2333
2334
2335
2336
2337
2338
2339
2340
2341
2342
2343
2344
2345
2346
2347
2348
2349
2350
2351
2352
2353
2354
2355
2356
2357
2358
2359
2360
2361
2362
2363
2364
2365
2366
2367
2368
2369
2370
2371
2372
2373
2374
2375
2376
2377
2378
2379
2380
2381
2382
2383
2384
2385
2386
2387
2388
2389
2390
2391
2392
2393
2394
2395
2396
2397
2398
2399
2400
2401
2402
2403
2404
2405
2406
2407
2408
2409
2410
2411
2412
2413
2414
2415
2416
2417
2418
2419
2420
2421
2422
2423
2424
2425
2426
2427
2428
2429
2430
2431
2432
2433
2434
2435
2436
2437
2438
2439
2440
2441
2442
2443
2444
2445
2446
2447
2448
2449
2450
2451
2452
2453
2454
2455
2456
2457
2458
2459
2460
2461
2462
2463
2464
2465
2466
2467
2468
2469
2470
2471
2472
2473
2474
2475
2476
2477
2478
2479
2480
2481
2482
2483
2484
2485
2486
2487
2488
2489
2490
2491
2492
2493
2494
2495
2496
2497
2498
2499
2500
2501
2502
2503
2504
2505
2506
2507
2508
2509
2510
2511
2512
2513
2514
2515
2516
2517
2518
2519
2520
2521
2522
2523
2524
2525
2526
2527
2528
2529
2530
2531
2532
2533
2534
2535
2536
2537
2538
2539
2540
2541
2542
2543
2544
2545
2546
2547
2548
2549
2550
2551
2552
2553
2554
2555
2556
2557
2558
2559
2560
2561
2562
2563
2564
2565
2566
2567
2568
2569
2570
2571
2572
2573
2574
2575
2576
2577
2578
2579
2580
2581
2582
2583
2584
2585
2586
2587
2588
2589
2590
2591
2592
2593
2594
2595
2596
2597
2598
2599
2600
2601
2602
2603
2604
2605
2606
2607
2608
2609
2610
2611
2612
2613
2614
2615
2616
2617
2618
2619
2620
2621
2622
2623
2624
2625
2626
2627
2628
2629
2630
2631
2632
2633
2634
2635
2636
2637
2638
2639
2640
2641
2642
2643
2644
2645
2646
2647
2648
2649
2650
2651
2652
2653
2654
2655
2656
2657
2658
2659
2660
2661
2662
2663
2664
2665
2666
2667
2668
2669
2670
2671
2672
2673
2674
2675
2676
2677
2678
2679
2680
2681
2682
2683
2684
2685
2686
2687
2688
2689
2690
2691
2692
2693
2694
2695
2696
2697
2698
2699
2700
2701
2702
2703
2704
2705
2706
2707
2708
2709
2710
2711
2712
2713
2714
2715
2716
2717
2718
2719
2720
2721
2722
2723
2724
2725
2726
2727
2728
2729
2730
2731
2732
2733
2734
2735
2736
2737
2738
2739
2740
2741
2742
2743
2744
2745
2746
2747
2748
2749
2750
2751
2752
2753
2754
2755
2756
2757
2758
2759
2760
2761
2762
2763
2764
2765
2766
2767
2768
2769
2770
2771
2772
2773
2774
2775
2776
2777
2778
2779
2780
2781
2782
2783
2784
2785
2786
2787
2788
2789
2790
2791
2792
2793
2794
2795
2796
2797
2798
2799
2800
2801
2802
2803
2804
2805
2806
2807
2808
2809
2810
2811
2812
2813
2814
2815
2816
2817
2818
2819
2820
2821
2822
2823
2824
2825
2826
2827
2828
2829
2830
2831
2832
2833
2834
2835
2836
2837
2838
2839
2840
2841
2842
2843
2844
2845
2846
2847
2848
2849
2850
2851
2852
2853
2854
2855
2856
2857
2858
2859
2860
2861
2862
2863
2864
2865
2866
2867
2868
2869
2870
2871
2872
2873
2874
2875
2876
2877
2878
2879
2880
2881
2882
2883
2884
2885
2886
2887
2888
2889
2890
2891
2892
2893
2894
2895
2896
2897
2898
2899
2900
2901
2902
2903
2904
2905
2906
2907
2908
2909
2910
2911
2912
2913
2914
2915
2916
2917
2918
2919
2920
2921
2922
2923
2924
2925
2926
2927
2928
2929
2930
2931
2932
2933
2934
2935
2936
2937
2938
2939
2940
2941
2942
2943
2944
2945
2946
2947
2948
2949
2950
2951
2952
2953
2954
2955
2956
2957
2958
2959
2960
2961
2962
2963
2964
2965
2966
2967
2968
2969
2970
2971
2972
2973
2974
2975
2976
2977
2978
2979
2980
2981
2982
2983
2984
2985
2986
2987
2988
2989
2990
2991
2992
2993
2994
2995
2996
2997
2998
2999
3000
3001
3002
3003
3004
3005
3006
3007
3008
3009
3010
3011
3012
3013
3014
3015
3016
3017
3018
3019
3020
3021
3022
3023
3024
3025
3026
3027
3028
3029
3030
3031
3032
3033
3034
3035
3036
3037
3038
3039
3040
3041
3042
3043
3044
3045
3046
3047
3048
3049
3050
3051
3052
3053
3054
3055
3056
3057
3058
3059
3060
3061
3062
3063
3064
3065
3066
3067
3068
3069
3070
3071
3072
3073
3074
3075
3076
3077
3078
3079
3080
3081
3082
3083
3084
3085
3086
3087
3088
3089
3090
3091
3092
3093
3094
3095
3096
3097
3098
3099
3100
3101
3102
3103
3104
3105
3106
3107
3108
3109
3110
3111
3112
3113
3114
3115
3116
3117
3118
3119
3120
3121
3122
3123
3124
3125
3126
3127
3128
3129
3130
3131
3132
3133
3134
3135
3136
3137
3138
3139
3140
3141
3142
3143
3144
3145
3146
3147
3148
3149
3150
3151
3152
3153
3154
3155
3156
3157
3158
3159
3160
3161
3162
3163
3164
3165
3166
3167
3168
3169
3170
3171
3172
3173
3174
3175
3176
3177
3178
3179
3180
3181
3182
3183
3184
3185
3186
3187
3188
3189
3190
3191
3192
3193
3194
3195
3196
3197
3198
3199
3200
3201
3202
3203
3204
3205
3206
3207
3208
3209
3210
3211
3212
3213
3214
3215
3216
3217
3218
3219
3220
3221
3222
3223
3224
3225
3226
3227
3228
3229
3230
3231
3232
3233
3234
3235
3236
3237
3238
3239
3240
3241
3242
3243
3244
3245
3246
3247
3248
3249
3250
3251
3252
3253
3254
3255
3256
3257
3258
3259
3260
3261
3262
3263
3264
3265
3266
3267
3268
3269
3270
3271
3272
3273
3274
3275
3276
3277
3278
3279
3280
3281
3282
3283
3284
3285
3286
3287
3288
3289
3290
3291
3292
3293
3294
3295
3296
3297
3298
3299
3300
3301
3302
3303
3304
3305
3306
3307
3308
3309
3310
3311
3312
3313
3314
3315
3316
3317
3318
3319
3320
3321
3322
3323
3324
3325
3326
3327
3328
3329
3330
3331
3332
3333
3334
3335
3336
3337
3338
3339
3340
3341
3342
3343
3344
3345
3346
3347
3348
3349
3350
3351
3352
3353
3354
3355
3356
3357
3358
3359
3360
3361
3362
3363
3364
3365
3366
3367
3368
3369
3370
3371
3372
3373
3374
3375
3376
3377
3378
3379
3380
3381
3382
3383
3384
3385
3386
3387
3388
3389
3390
3391
3392
3393
3394
3395
3396
3397
3398
3399
3400
3401
3402
3403
3404
3405
3406
3407
3408
3409
3410
3411
3412
3413
3414
3415
3416
3417
3418
3419
3420
3421
3422
3423
3424
3425
3426
3427
3428
3429
3430
3431
3432
3433
3434
3435
3436
3437
3438
3439
3440
3441
3442
3443
3444
3445
3446
3447
3448
3449
3450
3451
3452
3453
3454
3455
3456
3457
3458
3459
3460
3461
3462
3463
3464
3465
3466
3467
3468
3469
3470
3471
3472
3473
3474
3475
3476
3477
3478
3479
3480
3481
3482
3483
3484
3485
3486
3487
3488
3489
3490
3491
3492
3493
3494
3495
3496
3497
3498
3499
3500
3501
3502
3503
3504
3505
3506
3507
3508
3509
3510
3511
3512
3513
3514
3515
3516
3517
3518
3519
3520
3521
3522
3523
3524
3525
3526
3527
3528
3529
3530
3531
3532
3533
3534
3535
3536
3537
3538
3539
3540
3541
3542
3543
3544
3545
3546
3547
3548
3549
3550
3551
3552
3553
3554
3555
3556
3557
3558
3559
3560
3561
3562
3563
3564
3565
3566
3567
3568
3569
3570
3571
3572
3573
3574
3575
3576
3577
3578
3579
3580
3581
3582
3583
3584
3585
3586
3587
3588
3589
3590
3591
3592
3593
3594
3595
3596
3597
3598
3599
3600
3601
3602
3603
3604
3605
3606
3607
3608
3609
3610
3611
3612
3613
3614
3615
3616
3617
3618
3619
3620
3621
3622
3623
3624
3625
3626
3627
3628
3629
3630
3631
3632
3633
3634
3635
3636
3637
3638
3639
3640
3641
3642
3643
3644
3645
3646
3647
3648
3649
3650
3651
3652
3653
3654
3655
3656
3657
3658
3659
3660
3661
3662
3663
3664
3665
3666
3667
3668
3669
3670
3671
3672
3673
3674
3675
3676
3677
3678
3679
3680
3681
3682
3683
3684
3685
3686
3687
3688
3689
3690
3691
3692
3693
3694
3695
3696
3697
3698
3699
3700
3701
3702
3703
3704
3705
3706
3707
3708
3709
3710
3711
3712
3713
3714
3715
3716
3717
3718
3719
3720
3721
3722
3723
3724
3725
3726
3727
3728
3729
3730
3731
3732
3733
3734
3735
3736
3737
3738
3739
3740
3741
3742
3743
3744
3745
3746
3747
3748
3749
3750
3751
3752
3753
3754
3755
3756
3757
3758
3759
3760
3761
3762
3763
3764
3765
3766
3767
3768
3769
3770
3771
3772
3773
3774
3775
3776
3777
3778
3779
3780
3781
3782
3783
3784
3785
3786
3787
3788
3789
3790
3791
3792
3793
3794
3795
3796
3797
3798
3799
3800
3801
3802
3803
3804
3805
3806
3807
3808
3809
3810
3811
3812
3813
3814
3815
3816
3817
3818
3819
3820
3821
3822
3823
3824
3825
3826
3827
3828
3829
3830
3831
3832
3833
3834
3835
3836
3837
3838
3839
3840
3841
3842
3843
3844
3845
3846
3847
3848
3849
3850
3851
3852
3853
3854
3855
3856
3857
3858
3859
3860
3861
3862
3863
3864
3865
3866
3867
3868
3869
3870
3871
3872
3873
3874
3875
3876
3877
3878
3879
3880
3881
3882
3883
3884
3885
3886
3887
3888
3889
3890
3891
3892
3893
3894
3895
3896
3897
3898
3899
3900
3901
3902
3903
3904
3905
3906
3907
3908
3909
3910
3911
3912
3913
3914
3915
3916
3917
3918
3919
3920
3921
3922
3923
3924
3925
3926
3927
3928
3929
3930
3931
3932
3933
3934
3935
3936
3937
3938
3939
3940
3941
3942
3943
3944
3945
3946
3947
3948
3949
3950
3951
3952
3953
3954
3955
3956
3957
3958
3959
3960
3961
3962
3963
3964
3965
3966
3967
3968
3969
3970
3971
3972
3973
3974
3975
3976
3977
3978
3979
3980
3981
3982
3983
3984
3985
3986
3987
3988
3989
3990
3991
3992
3993
3994
3995
3996
3997
3998
3999
4000
4001
4002
4003
4004
4005
4006
4007
4008
4009
4010
4011
4012
4013
4014
4015
4016
4017
4018
4019
4020
4021
4022
4023
4024
4025
4026
4027
4028
4029
4030
4031
4032
4033
4034
4035
4036
4037
4038
4039
4040
4041
4042
4043
4044
4045
4046
4047
4048
4049
4050
4051
4052
4053
4054
4055
4056
4057
4058
4059
4060
4061
4062
4063
4064
4065
4066
4067
4068
4069
4070
4071
4072
4073
4074
4075
4076
4077
4078
4079
4080
4081
4082
4083
4084
4085
4086
4087
4088
4089
4090
4091
4092
4093
4094
4095
4096
4097
4098
4099
4100
4101
4102
4103
4104
4105
4106
4107
4108
4109
4110
4111
4112
4113
4114
4115
4116
4117
4118
4119
4120
4121
4122
4123
4124
4125
4126
4127
4128
4129
4130
4131
4132
4133
4134
4135
4136
4137
4138
4139
4140
4141
4142
4143
4144
4145
4146
4147
4148
4149
4150
4151
4152
4153
4154
4155
4156
4157
4158
4159
4160
4161
4162
4163
4164
4165
4166
4167
4168
4169
4170
4171
4172
4173
4174
4175
4176
4177
4178
4179
4180
4181
4182
4183
4184
4185
4186
4187
4188
4189
4190
4191
4192
4193
4194
4195
4196
4197
4198
4199
4200
4201
4202
4203
4204
4205
4206
4207
4208
4209
4210
4211
4212
4213
4214
4215
4216
4217
4218
4219
4220
4221
4222
4223
4224
4225
4226
4227
4228
4229
4230
4231
4232
4233
4234
4235
4236
4237
4238
4239
4240
4241
4242
4243
4244
4245
4246
4247
4248
4249
4250
4251
4252
4253
4254
4255
4256
4257
4258
4259
4260
4261
4262
4263
4264
-4.74409902449451 40.1516353577261 0
-11.27561092195413 41.3332391708877 0
-23.78500952785414 26.6540452672319 0
-14.00097415082767 32.06519662861331 0
-29.18474234133166 4.325616044467999 0
-12.20676531789167 25.56659375969905 0
-4.107971075974298 37.68863448747426 0
26.18576744379607 42.45951308825702 0
25.96254671014929 33.59810662375473 0
-16.90215999508263 25.32800390013599 0
-36.62306623683663 18.3379959452474 0
-10.36139713360327 34.46081229488239 0
-25.24234359782245 20.51903602162795 0
30.32028696010745 29.91334344724405 0
13.00218996424246 24.9920667967085 0
22.48823583031068 37.07014885941081 0
-35.06395148945877 20.71626761166407 0
-2.175397926837841 35.0071239981398 0
-33.71147296098044 14.01605040177462 0
-13.28286016029054 34.82442041725828 0
25.46082444885618 25.58100119706658 0
23.42411961240333 43.06055424067671 0
-8.939314286554826 33.66121262307966 0
-22.63409315380791 18.53333312678981 0
-10.21010748640623 28.69298902895423 0
-23.95650561747756 5.291813206118268 0
-24.47284944161014 4.776387447043104 0
-3.753780249229167 35.63534530219702 0
27.46237169182799 37.07671710106231 0
-19.40907089313967 30.62625900129937 0
-20.79928504921234 24.18891929994081 0
8.412082230803293 31.75015380657178 0
8.618114142056958 31.26462702697927 0
-24.67155892526278 5.483924941489381 0
-30.46230252416061 21.2451621550779 0
-12.89905225020277 25.56706153413061 0
19.53111499671714 43.98010465654037 0
8.241786085665684 32.19238952794126 0
24.57899445845968 30.62103332635886 0
-5.023944264829161 40.90799014871556 0
-5.579712011053663 40.26312723287052 0
0.2375202350084629 30.29832668609384 0
-9.327017050362839 2.233585402187231 0
17.92310726420579 23.67612482575079 0
-27.69623778081303 22.15156535524043 0
11.60297659927187 31.08409713140155 0
26.07098107559817 21.19988533998755 0
16.3986755300906 0.7272761528444615 0
-3.938052888507235 31.26746401472832 0
-4.590527525526664 31.64678946707917 0
-22.49171430724496 27.30119791468611 0
20.5079415049135 38.90821947370085 0
29.11979691137402 24.89798468031439 0
-18.74151026324383 21.84443288294052 0
-13.9013730162456 39.86898172685129 0
-19.04358285255477 25.8539909212941 0
-29.73941467376723 4.915215792385261 0
-28.96697904545441 5.109067552306125 0
-28.40136799899321 4.551261544268307 0
-28.2041667378438 5.312343708831923 0
-28.76612743027577 5.88365955759186 0
-12.53609692588552 26.18933634281318 0
-13.29540059406026 26.18345287424647 0
-12.89414044425873 26.8618260597386 0
-13.71975185155071 26.85698112983941 0
-0.7455562118802135 40.17688182008911 0
15.24794575439537 29.25185760530153 0
15.64757296120183 28.53151806278517 0
24.6194889071778 25.79438681371418 0
24.8822344026314 24.98063089241269 0
-27.65503728998619 14.10784816984595 0
-13.29339000698356 27.5886387666275 0
-14.16033808817244 27.58235204053407 0
-29.48982089633818 15.87301632044592 0
-27.83501935974155 6.141731191658444 0
-28.53670620731412 6.681796037881303 0
14.78042874053388 4.783857701438007 0
-4.028078873720093 41.21490249983891 0
8.06303017802635 31.34608858815061 0
8.278424693202981 30.81277351011861 0
-21.37546141932349 4.049947330644415 0
21.90405611955917 22.30417752242612 0
30.88766931065383 31.80613621485075 0
-20.46001534025953 29.33748408701664 0
-18.03728194704913 18.97075391600001 0
-27.14688278600598 26.45535178267064 0
-27.39868790635952 10.10187143481732 0
19.84488073155925 39.56155719719061 0
25.72186231004979 24.72946764474698 0
-15.92858489800938 33.26253162911345 0
3.11765390548574 41.33241115045361 0
1.542483811416343 33.95171460804043 0
27.50074181051825 27.91612837129876 0
16.3255051615122 41.10499202826819 0
-25.71498877382243 31.17023513241025 0
-8.757939157621921 43.01853512552172 0
6.472999634128294 35.20618358764904 0
24.07108526743841 25.14625487817355 0
1.96961818400238 26.00822742936976 0
28.16985277642749 40.80369355975274 0
14.81590818589415 28.5515216770197 0
15.22203218333372 27.84506483860864 0
15.99255112812 27.82459662731111 0
15.60783440326391 27.14249546937117 0
-30.73353355691615 12.52410706434684 0
-3.913486723907515 32.01129691132127 0
-4.556898214678712 32.42099716219844 0
-3.268402410670151 31.60807186425719 0
20.74594331081723 39.80580276162249 0
23.31197425591841 36.6366147551316 0
23.26322457537963 37.56384831112287 0
-9.012923771616668 2.676347435640143 0
-9.586381079588314 2.73159086462501 0
-12.61125110359025 1.446005285963553 0
-36.71076646132364 7.018139715547525 0
16.41233980288257 27.11520897006076 0
-30.49761559869596 11.77032443069776 0
21.68698776643034 19.91265483835827 0
-23.20317075158484 26.20552271281117 0
-23.91979690001579 25.92144166056853 0
-10.1144070596995 27.87717677195441 0
24.33108376715138 24.34924058173348 0
-27.67400838861195 4.726371354880034 0
28.53203494365664 35.24107567873063 0
28.27323430442745 20.96501121643987 0
1.749238537189393 22.17493344671244 0
16.0135719837798 26.39723541566034 0
-17.93379350718373 2.440769984385285 0
-35.78374250928554 14.22306211313067 0
-31.72233482240723 13.57138361220953 0
-19.26391057000635 29.7794145397905 0
-18.5868862982682 30.30558513769181 0
-18.47745809493789 29.42507175358359 0
-17.75757750376651 29.96101297967898 0
-17.63937815835318 29.07421428273675 0
-16.90876075849555 29.60305286395163 0
-13.72760127320829 28.33462893650256 0
25.28377096339015 21.06034334224834 0
25.00158266857853 20.27591790866049 0
7.67388587306289 30.89342674873224 0
7.471415672037498 31.44932936310474 0
-24.46757352458336 27.59229362877341 0
-24.62040646867691 28.24022877356548 0
-15.6829199261024 35.8814293966291 0
-27.58479121117044 25.75394210261392 0
18.71451111183783 4.13664766293597 0
-29.65793058469308 17.38361887272775 0
-30.35791451131047 17.65761525404623 0
-30.96485601207293 17.22895894519234 0
-31.04627899703421 18.00095832290113 0
-31.6871083476933 17.53173407919974 0
-31.77975306620665 18.34142054791619 0
-32.44816570519294 17.85055370744804 0
-27.87138388669558 6.942872827175529 0
-18.71991504438678 31.19273471998001 0
-29.35118905029303 6.455693196396862 0
-29.1492392800722 7.261969052524506 0
7.909040851318743 30.30732280491812 0
8.556359137901511 30.24119382789394 0
28.69858480403382 12.53879848144828 0
-9.913918415419181 2.23073321455645 0
-26.75995605303182 25.73710752736295 0
-26.80940315065742 15.30093142289977 0
-23.31337476369288 25.46181539090418 0
-24.0644909288889 25.13647069443266 0
-23.40172932720091 24.62825061609651 0
-24.2004784871603 24.30093965548602 0
-23.51831652570265 23.75002334598413 0
-10.22140218255295 2.780574086451293 0
-24.27640295064436 4.073255751696163 0
11.80896172139119 27.25807848552027 0
-31.56061519860133 16.73597086079618 0
-24.99003359624005 4.249316284797308 0
-4.683411374845483 43.85189466369774 0
-5.849418200212899 41.09188182196684 0
-6.461242084638301 40.41411689534821 0
21.43003355939729 43.43466073970408 0
-6.160695337548764 39.54405093256347 0
-7.081351386966634 39.70060933311953 0
-6.748959079513671 38.78590789247232 0
-7.692043954585313 38.95873495875473 0
-7.364663545854254 38.04375883458258 0
-8.315742946090444 38.22024817350088 0
-7.990201867091125 37.30695751264423 0
-8.94722811282249 37.48104939185949 0
-29.96588633477703 12.38802014902217 0
-10.63463440027336 30.53163061577175 0
-9.268314025054872 38.40820853815457 0
-9.908178692056577 37.65567324100235 0
20.08297588313711 40.45719957207976 0
-32.54454273365187 18.68788520810107 0
15.8242655238451 6.483744611060231 0
-32.69777835353049 22.39450031578008 0
-30.21176862713204 13.11000507133798 0
-33.23250006289088 18.18359958731711 0
-33.12609853510146 17.32798723748044 0
9.216420674829292 33.71272614139374 0
-1.514912059335622 35.4350430589176 0
-1.452205993780644 34.61827211470342 0
14.38206686564033 29.28697950157338 0
16.84003921102409 29.05782546083566 0
5.727046807719544 33.65189057269751 0
10.83678839896846 30.5619206781829 0
-24.12397394975351 6.021320029437594 0
-24.87174556686829 6.225873312775454 0
-8.009275158034352 39.86835220203275 0
25.34278629719145 33.38800407102433 0
25.84741007017189 32.94308774984221 0
26.50981025256085 33.17971066311888 0
26.39475381286288 32.46671480321671 0
27.11125689843465 32.73979219548787 0
26.94958129500983 31.93490908677064 0
-7.040313418559723 37.12987253465656 0
16.87423505711591 26.39308120083215 0
-8.446224538164619 2.662765254189409 0
-5.241178197435409 32.0471669383973 0
-5.2298124574238 32.84225916411808 0
-22.15127729172505 17.83363165946456 0
-21.74950639581679 18.62640786398977 0
-22.23046531407451 19.36778566914008 0
-21.34056077428575 19.46667225409145 0
-21.87802755912151 20.23903991576995 0
-3.232384727850242 32.37683179689162 0
-2.578300191647024 31.95496937990668 0
29.45748475706782 17.98468956108766 0
-17.45759007236415 34.42993310141341 0
23.50461007738626 24.51713727335887 0
15.00235653068331 21.77277837650684 0
24.06837071283419 37.1197933429946 0
24.0515309157382 38.05720059865133 0
-0.630848207591302 24.70682891116491 0
0.4818372011625156 43.42606684119158 0
27.74821721868175 32.23225667593691 0
27.63079941427944 31.40853645399967 0
-24.00714621968169 28.6979523780603 0
14.5048120128429 22.60636402161039 0
24.70530447119016 29.7462997703057 0
-21.76977292686765 3.336143699351236 0
-5.955589277277299 32.46495882974354 0
-5.920427893131682 33.24762037711702 0
-16.83497368067089 28.66935281059986 0
25.54858134999555 21.87692421967878 0
26.36795324276781 21.98122550912618 0
16.10246413988704 43.23150901672366 0
-30.3321785754902 18.46299320532727 0
-11.83369144963275 26.24161130292973 0
11.6365976158123 30.21108252484642 0
-12.37019811312397 4.464336970338615 0
31.54556306654481 33.62192494237458 0
-2.591386968743236 31.18159007698164 0
-24.32640021709872 23.43486435726303 0
-23.51916760883653 22.9448387933316 0
-9.248473793055794 3.233590811404492 0
-15.50422070603202 38.84067095987366 0
4.717251445577194 25.44690352880338 0
24.76168163453422 21.69772599730756 0
-20.89729815922539 3.379498806304305 0
-25.17808915240528 27.74552286260408 0
-25.30786838393692 28.46540203599618 0
-29.71154775510565 11.60498258947037 0
-30.26446086448911 10.99889888520467 0
-10.23149489272663 38.59137805395635 0
-10.8752277582157 37.83215789458924 0
-36.38882179822635 7.766182108318498 0
-37.2041105543866 7.678977613966329 0
14.83230286650828 27.10527543056315 0
-27.15314385177953 25.01633829173217 0
8.167643582882778 29.6792440490125 0
8.872287711271115 29.61453089166357 0
-16.91729741797374 3.909227036264721 0
27.29560092365696 16.68462828893467 0
23.22413215823526 38.49848926940905 0
24.0275469987474 38.99975513811684 0
24.86435119860111 38.54392783015869 0
24.84545906027573 39.49953241518391 0
25.68867314107332 39.03527060638464 0
24.04747824850546 40.02918122668397 0
-27.29188021146868 2.184164474391224 0
1.980978695670152 39.01557768528775 0
-21.17954136883376 29.31054728522618 0
-20.78902665632952 28.71054675312066 0
24.11149864731164 36.19990132145956 0
-2.493147598799474 41.0451766492024 0
19.18141191137545 40.21111700443981 0
-37.26132118504153 16.58388357807781 0
-22.43130156717017 5.999728387853027 0
20.9864686428865 40.70843501392983 0
-14.11421265432568 26.11903255574688 0
-7.663382578958896 36.39907706053988 0
-6.721666362908328 36.2252224864198 0
30.16212063297835 15.59233997594366 0
-32.10262439263442 6.652086529188196 0
18.67952395124456 7.226252576534867 0
14.15980591937903 0.8619873686462398 0
-20.50345229100427 4.188644305426198 0
7.283107999677108 30.40555924912476 0
24.84499910583677 33.82771166574067 0
-28.03324726068417 25.04339358501317 0
18.7641624337061 2.302237816295008 0
-19.29642455407825 16.96325964500014 0
-7.112655900254282 43.73510421891749 0
-3.520584368339366 34.78519797774604 0
29.93951594094007 36.51441817351492 0
-17.02716058456372 30.52162832363446 0
-16.17146860638378 30.16288569000783 0
-12.84824907556036 28.33604502703138 0
-13.29204453838104 29.11012120918195 0
-25.4228710138316 5.67220692454042 0
30.49075840768269 22.54655398720003 0
25.35520534917595 30.28029472673936 0
-33.93404492843526 17.66323114319112 0
-33.82169125480596 16.78082113768363 0
23.8217214434423 25.97749244336914 0
17.32212206246222 29.6441077085233 0
7.033019988277669 44.44755142809826 0
-3.004894912807853 43.26643431138439 0
19.41723122172381 41.11781422442688 0
-25.44065093327289 8.792861559592275 0
20.64929514896509 24.40491645488224 0
15.36323840343234 22.60902919568256 0
14.83286947655141 23.39966458514835 0
-11.20543350407037 38.76259974296137 0
-11.84727935356088 38.00851423972146 0
-26.94374319754048 18.00883063884766 0
12.55040545323083 30.72604620874167 0
-15.52663185463344 6.69396277530224 0
-23.50291638976557 1.492889165287681 0
-15.19727955807484 4.28776490373219 0
16.4684537635766 25.67885549441166 0
15.50770227376674 25.66066657580825 0
21.35678141811245 18.03041004559978 0
11.91478536771784 23.75569429742976 0
-24.78143906573725 3.529192322114167 0
-18.37732549498984 28.64482042426089 0
-11.51544611753675 37.07619219793803 0
-12.49072354992537 37.25355700809445 0
18.78349528556872 27.99214108660017 0
-37.53408765948569 6.897417451613189 0
-9.263968976416775 25.45816338524663 0
23.77178717014599 23.7056672381888 0
19.63142214186093 26.54243428220264 0
10.89920979675346 29.68846449065521 0
9.351543551145063 35.77415263701866 0
-29.15844484468089 12.26987395690766 0
-10.57581688731366 2.208812498663453 0
-10.92082241594873 2.819028418651954 0
23.58758893185032 13.66830423276791 0
24.67617020674345 17.81511614334039 0
23.8302756147976 18.09628451001436 0
-4.522325387253642 35.09459731592318 0
-33.89556010263905 2.132778427614009 0
-1.143137955888017 28.66560817224092 0
-25.63756673794254 6.425533362819258 0
9.317412089491244 24.13434981148818 0
25.24884949890947 32.6698131220355 0
-0.7525349225088009 35.07306418511014 0
-0.6987150006675132 34.21592795375332 0
-25.00878537516787 23.99258686948545 0
-25.14883435868791 23.11357695923409 0
-20.9456683144196 20.32388715619886 0
-21.49040859584087 21.09665777663584 0
16.53010381212308 39.17210801484195 0
13.95625091427679 28.54105850307463 0
-1.871255196405751 31.5122886981813 0
-6.736728201490504 41.30013005775078 0
-24.30396774465529 6.776396541905577 0
24.86064522212778 36.6647757410448 0
18.68244400212367 8.985713454500127 0
-32.84899246830432 8.751567044664162 0
-31.94822055322128 8.914863213373364 0
-31.325481872846 8.239595685165227 0
-0.4122999839860421 38.62879866053297 0
-34.99714147937163 8.360752784930085 0
1.458428221652879 31.64280048264874 0
-31.85615474421978 19.19047105334954 0
-32.64428654209364 19.55036326269988 0
4.416415124485935 22.60653118691664 0
3.550294141506672 23.06037424150533 0
25.48689361085146 29.43805976522251 0
-7.314605032372442 35.50839837808982 0
28.10763077144722 16.3173913048042 0
28.20842852318359 15.5396568769608 0
28.58835524820672 38.22832019424435 0
-31.74704949807417 3.884034982900029 0
22.83952709267017 15.8763301148123 0
28.460634537544 31.77161124985172 0
28.45652034507484 32.68575350264222 0
28.31704171311966 30.87762632448257 0
27.50336211962649 30.5623610748516 0
-24.98388914254387 26.91554412728525 0
-34.01831233497695 18.49479939063018 0
18.01507696032757 16.09630789137467 0
-34.6560217857937 17.12749040431105 0
22.70120009964102 27.84049068667858 0
26.85969423469704 18.9535339512129 0
-2.313198346515034 25.45557391086841 0
6.116712588299199 42.6200802273351 0
-5.280396489602907 41.63717673411217 0
27.47826401960564 25.26321299484011 0
-0.9978656724884212 36.86792224416914 0
11.134486076923 23.61737949150719 0
-6.700849881830809 32.91937470392883 0
-6.595239102556345 32.04878287716737 0
-29.46239614142994 10.82712928102755 0
-30.03146220965131 10.21353111645613 0
-21.22376732392158 2.60455101680157 0
-6.787037903054761 0.778914348434294 0
-22.56496438223033 25.83203416287272 0
28.17799067462461 30.00322925974266 0
-2.572435839934251 32.75288965693328 0
25.85449598293152 22.68590217293896 0
26.72377654335504 22.75917076521316 0
-20.36055491961435 2.663619475667664 0
26.26845740339199 12.91970354535701 0
-22.42284018910097 21.01375266510054 0
2.884354199697746 43.74321731259194 0
-0.1442047457758694 22.19679700143286 0
-22.79498766244998 23.22743284382297 0
-36.4781070195735 5.548211672522879 0
-27.25081850662123 29.71727930114397 0
-28.31197671857611 19.42815458777987 0
18.74342079110085 31.65990194161361 0
-14.60497480532079 28.31829102518593 0
-15.04059849922081 27.5615130013222 0
25.66902167567726 40.0021931915659 0
12.37585760329459 32.59794991596364 0
24.99093048731181 34.37340821397461 0
-22.57510541794918 28.05920033314068 0
-16.48815816698488 4.635484755190664 0
-21.5681656028308 15.44306828897301 0
24.72998277960983 12.75300375040674 0
-26.94674281578772 9.314176397911716 0
-27.94238007919629 9.252257734282862 0
5.366365162249567 31.96455608043971 0
-25.53835432253458 3.690933640629212 0
26.97922487480041 13.2707723603555 0
18.39429247628749 24.48015085064401 0
18.32941812355404 10.90197298154926 0
12.71425210657417 23.90669326016409 0
-24.6346122700466 25.64524772532178 0
-34.64181192104031 4.18169835643992 0
-38.05578473201686 7.583088368584324 0
-20.40242570544433 19.54512106656404 0
-25.04176197618296 16.59938152657125 0
-7.997114970445687 28.20212735365426 0
15.68582081751238 23.42183502198556 0
-34.54170013117798 16.22243543801618 0
18.12925592910035 33.5594145705662 0
-27.8893176616899 14.82404612011345 0
-28.39443297873844 14.24190226599658 0
21.64318455400978 40.09400755911685 0
21.8984164561409 40.96879812426376 0
-12.3938850477841 29.11018827679348 0
-12.8457307751379 29.90826032201429 0
-13.73567280180858 29.88019351516342 0
-19.60957405748384 33.37466251555728 0
26.51906075366215 39.53290005311224 0
-14.46981548576395 3.875239888348143 0
-9.576345559738037 36.73568076240774 0
-24.12007083434422 3.303031663400498 0
-8.238349867978119 27.41271908881521 0
-25.83445242875894 27.96817494472911 0
8.465366431522925 21.87086379254652 0
9.024483599997691 43.02684519359153 0
11.34376392062926 42.52754143901203 0
22.93566851609696 23.88130582156771 0
22.64065242820192 24.67097788496666 0
-6.403950034588571 35.32894951595943 0
-2.561506596280476 26.29620529929944 0
-6.327273867265005 30.08972953345523 0
21.28001685703834 14.28906396455737 0
-33.72471239342987 3.972030024332462 0
12.33138948865272 2.278083418975966 0
-5.853283026782553 36.02430165911096 0
7.242062040020263 37.53181232426618 0
17.76480126749002 44.46593972670783 0
15.45258886497881 21.1806226792983 0
-25.84068435931514 23.67863151026448 0
12.92747951704119 26.02318079116225 0
-30.80692606304334 10.40272649736808 0
-26.19816709384947 5.855599408295857 0
24.85531181574174 28.87038633208335 0
-31.41142617109446 4.663466492816434 0
-22.48169846133371 30.07739213026622 0
-36.86099276402203 8.424460521274092 0
-11.91167452361887 28.33303356310699 0
-4.791299928386636 1.805142793420261 0
12.85770582840767 40.47707714721258 0
-10.52384802425505 3.431158255431436 0
-27.60478559633316 24.3027083504223 0
18.45888693993652 40.87899159968956 0
18.72276614303773 41.77625367105296 0
19.57454646662373 41.99780658215549 0
-16.2912175223057 31.09171190744686 0
6.395412229316946 40.75100785471449 0
31.95584645380038 35.32988294772199 0
-6.678856842805024 3.380858439608798 0
16.66323654436151 8.481089755957306 0
29.26434164913641 28.13340137194675 0
24.37640046220206 34.2817928355438 0
8.457169523881525 29.0201114053606 0
9.320562708454247 28.87678522604325 0
-2.156822476996909 24.55910807027481 0
-17.37039523344109 4.696730539710765 0
-24.02979406045825 14.90918855257364 0
-35.36166124474668 4.310286349674236 0
-7.907737403222708 4.703640273775194 0
-20.3204155968614 6.114289244845789 0
11.80142975500802 29.27207155497438 0
-29.96157270083284 7.031304704432285 0
-29.75711121410838 7.853920307026945 0
13.44702875432857 42.64681753068005 0
17.99680174570019 37.80336201364491 0
7.113471064250708 1.813722835301136 0
29.3475180561076 13.9285494042515 0
16.46969552445491 14.68738264263609 0
16.35740520174953 35.27916770041178 0
24.15084808600053 33.56187727711189 0
-4.46821830375082 33.2176075227402 0
-8.926715659818802 27.14777985326124 0
17.10466345904049 18.08525708601312 0
-1.898650594051152 30.68628612442124 0
-29.94814828156188 24.66150697871379 0
-24.20222487357922 31.03875462064556 0
9.27664746752121 1.692479587199673 0
7.718528330843734 29.09590335076691 0
-18.15297981259791 20.56823939420703 0
6.882151320747297 21.72711353588829 0
-21.23623400239208 17.84616844022844 0
4.981804089216569 2.340432712226598 0
-10.56189108312971 39.51655263831186 0
-33.65618982533614 15.7114169017519 0
13.73110199074558 34.32080143717269 0
16.73759354180967 12.77030179949801 0
11.04310926003233 0.5913243112255677 0
3.429878056185587 1.105298636830148 0
-16.83192193258556 37.66427981752497 0
23.20147032627646 17.45608882913028 0
-25.32609667359573 2.928112063733934 0
22.98031675586845 18.38094646105441 0
23.6007424940275 18.97056484142837 0
-28.19008812533171 13.53829977684465 0
14.0390568760722 38.4020176906572 0
27.32785635316583 29.65157444948565 0
-14.00119582077925 2.605353959734753 0
-11.50146168758793 39.66405088552916 0
8.153578849780075 39.6699725197218 0
12.43369697621273 23.10666899381754 0
-2.703555248645986 1.726493439624158 0
-15.50011712765163 30.72844509485134 0
-8.332964515560487 35.540343647543 0
25.69930571983792 38.08037553905464 0
26.49588820352978 40.50605692517213 0
-27.83440509812457 4.010180405854508 0
12.65659428903157 36.98502835060684 0
14.27934160949927 31.0712019468101 0
15.66898952641406 19.43036609461445 0
-25.98517413592292 22.79069860787859 0
-31.92694969123623 20.06423354210745 0
-32.74434449047308 20.43690816476283 0
-20.00125830688167 20.40651257185426 0
-17.15351618509932 31.44825520706828 0
29.1321506143558 31.19642206009583 0
13.46488152646709 2.832539359842543 0
-3.17219967295126 41.4927463340159 0
-2.388169562981584 41.85384202468354 0
-3.393440356919992 27.82780916881766 0
-0.566847673740261 1.920846357234204 0
-12.82350590776683 38.18852941535496 0
-13.46774057620138 37.4321806029081 0
1.20114560469195 1.028824238069775 0
21.75067865587673 12.83365081637591 0
25.29336990947826 31.11974563832305 0
-9.253683962327589 5.036046373349597 0
-5.814355476460127 38.61702814938329 0
8.023463899781612 42.96042132761313 0
-21.89671658341338 27.74132859688713 0
-21.83119003203332 26.98036839190696 0
-21.16552513658166 27.43498587461437 0
-21.14859630922433 26.63605202036309 0
-20.4058260952548 27.06892683542168 0
-34.49215822353256 10.24858965792781 0
13.50643224050926 29.2892026733242 0
-31.16978420769975 19.70890346878545 0
3.603091214943985 26.71587155799338 0
21.08323257496132 26.18887304697267 0
22.04537461414748 26.35033863371492 0
18.27937593990706 39.94709800600613 0
25.54150313547252 19.67264428214277 0
-27.06896043602691 4.209912453258062 0
-30.13930590528901 6.230710048597268 0
-14.42864145687031 4.721628735752373 0
22.97116638227639 11.93314913834584 0
13.70053014353334 25.60745862858773 0
5.503499645774221 30.24732233475414 0
-1.573516890616784 22.97337307980093 0
-32.48858043130994 9.619914184544347 0
-38.39162858310631 6.771181622219388 0
13.07077184530476 28.51486440366194 0
-22.17658392620198 2.583764967508363 0
-15.15525544139063 24.54951866880088 0
10.71464413243742 44.34940291799576 0
4.357902752832961 23.5853364597515 0
3.483112617149335 24.02342926893982 0
-27.36065454227897 8.534155414958777 0
17.30881235728577 27.16005039092208 0
17.9057275956158 26.42623867796352 0
17.5608714590955 28.90629621282678 0
18.19586888584174 29.44781188064145 0
-26.32630099772826 26.42847849068571 0
-35.39793195538579 16.57638819818881 0
-6.951565432893945 34.65502933240848 0
10.96025049815145 28.77734123719819 0
0.02484228562090966 34.6932874081424 0
-0.02761812958000638 35.5712917619219 0
13.47078356365162 27.81655848202936 0
-11.86362498165776 31.77493078905938 0
13.56913865854659 24.33267266197125 0
-20.00736757513299 28.7098518662002 0
-33.47265551631996 19.90247520390723 0
21.16910047634805 41.75142608418935 0
28.00268388634668 17.17169915344966 0
-1.763083699838674 41.35444063616637 0
-26.00260067392901 28.72074828337565 0
-25.43970836851063 29.24127727297371 0
23.20653827560449 23.09419254572578 0
16.27635881515301 22.69014737762165 0
-11.29530130093943 3.503488834399987 0
-11.70462888552743 2.823690476298172 0
-25.65988871629597 24.52941039758823 0
25.32415059399949 11.19814193912942 0
-27.98034983196113 10.81124756748006 0
16.78745181396161 32.2478618187517 0
5.189452422600347 23.17751969804396 0
-28.91669747852671 17.15998363143946 0
-28.19829311379353 16.80703817857747 0
-29.16071882458999 17.87947855096812 0
-28.94329482941192 8.076210692699197 0
-33.54297758652429 20.98350428306517 0
-25.96724110283365 5.109933330958784 0
-38.18269460977096 5.102159612335979 0
0.6319826303119641 37.02377981022616 0
-3.206123096450463 33.15858111257232 0
17.85771882872467 30.2414671485767 0
-22.90353490652516 7.828952752233815 0
-37.36178982915023 15.02758336107051 0
-29.57106270075307 8.699721090172112 0
-11.15153579613015 0.7574514067980913 0
-29.13047171095971 23.39535240780094 0
9.305348609902897 30.32906168944703 0
24.59684584831026 23.53967043895499 0
-12.15372795780172 36.33647125468585 0
-11.17392321548454 36.17182100879528 0
-30.58910954570908 9.650165020824561 0
0.8964626484880051 37.97183682125803 0
21.03627213172913 16.16855639142288 0
-32.0228822724298 21.0163205038669 0
-1.549367838350412 33.71380169463588 0
-0.6975083304574825 33.3844703277433 0
-8.400526275347378 26.63851307775505 0
8.681083109956367 33.06819711653569 0
8.446935580584281 33.91740794728001 0
7.892843672174622 33.35453875995713 0
7.655936181154424 34.15915716301699 0
-29.1887924511117 10.00185095202836 0
-15.36200546164469 29.87849025016777 0
-15.54416255407893 31.7584561195267 0
27.02817811629309 11.56896668576369 0
-8.311537160331637 32.85714139820602 0
-28.93317296159526 13.6751574880759 0
-29.13764220185883 14.37622140549063 0
-35.31956254299877 2.636546535977694 0
-25.24529979813702 22.26764870031558 0
17.88846587675227 0.874888008424783 0
12.3389727941853 35.41129802269371 0
22.08394225635001 41.77224617794969 0
22.93859357368892 41.32464208765698 0
28.77403860280857 16.76200008651943 0
-7.561191234963474 29.00667938000533 0
7.543769917417809 42.17810140012922 0
-16.898481336602 5.495408933953187 0
-21.37481423081677 24.83294939543409 0
26.20681769830521 23.43034659614707 0
27.06724825639325 23.55895179473754 0
27.61847948266491 22.85576413626541 0
27.96444770289437 23.68927141768948 0
28.53277898823833 22.9639938908983 0
27.20026250393875 33.42731719971553 0
26.03155085878492 30.72816139451697 0
-3.218147449568498 25.76225643056941 0
23.89740855751207 31.9243287226165 0
-21.73817701952938 17.03166293971406 0
-22.02842312050566 21.83794821006818 0
-21.0973735457779 21.94791815434397 0
-38.11922529112605 9.237618550268829 0
-5.707480093892475 1.942360094647081 0
15.99458809001962 16.80385194789477 0
-28.06616945213497 16.01603502376419 0
-27.43247246498047 16.56028321883412 0
2.639831164323428 23.52264569312262 0
2.578944123807497 24.42482633675714 0
1.736374465247627 23.99725072061317 0
-20.68505208924333 1.852483882083442 0
30.04557778081735 21.20994994112784 0
19.41258708353978 25.10846845340571 0
-3.71370246779977 0.4367211170313172 0
-26.4035625847892 6.617720489245233 0
-25.84482548335535 7.226989689529241 0
25.64863181829476 28.59659511222512 0
21.38690939759172 23.83608519428362 0
14.3133592047459 3.381668970289253 0
14.36869671602229 2.461184076821692 0
15.19638214240411 3.047242713825613 0
2.382529330619677 2.32409489377555 0
-1.157011167048894 31.04434061120104 0
-1.109383347235933 32.03600941701888 0
30.19282436520758 24.06994778960394 0
25.64274002277861 40.97357286164152 0
0.2052844547859403 25.11230304461422 0
0.1261932972953717 24.114508952653 0
-17.88976835921737 3.90726807380635 0
-18.28898601878163 4.694899275182011 0
-18.812152253552 3.875588519765273 0
15.15965866880691 24.1788999643402 0
23.10421439634614 14.4171997213 0
-7.512423709575613 27.56918685838085 0
-13.22456994317107 30.82392063942659 0
16.59773158037499 36.98275519924086 0
-19.27447620906088 4.775194861702736 0
-21.33549349423405 5.304734082984641 0
8.24706163399321 0.40116384710361 0
-11.74203644391033 35.44948309725962 0
-10.21334337054872 1.631558741673409 0
27.30065127275669 17.46753274829391 0
-28.79400357187854 15.5375471107174 0
-13.76675871102284 38.32052587376887 0
-14.42310325464206 37.5878268141575 0
-14.10346225127291 36.67171913719395 0
-15.14128239770974 5.070921166026611 0
17.58590756607687 24.6532211157047 0
7.131995151161805 33.55999830638576 0
7.34822263616372 32.71993824129799 0
-7.88345799997365 30.49346423865673 0
8.451115071148219 43.81778724661445 0
-19.79002961955382 1.969840409036212 0
15.32133531391475 2.075467633824405 0
16.11295677091967 2.686817279491974 0
15.98968295989631 3.65007336092224 0
16.89596645082477 3.278687432154128 0
16.84881846616537 4.209608398042585 0
17.03059721855226 2.316451830585354 0
24.8517645618667 35.812006569504 0
25.6464666143823 36.22963812251817 0
28.94926364682765 39.61946741941664 0
13.26262655873731 23.29441702524912 0
17.81509067848074 41.53851398794495 0
18.04193162232875 42.45083693068683 0
-36.3372069369397 9.907329967551913 0
-11.52307342498364 29.06046676671446 0
-32.28505517824735 4.599874331213138 0
16.74385022160684 10.70829286475115 0
-23.58358952999195 6.545232361508602 0
-5.45254002218086 0.3883672805547589 0
16.08491975713727 24.29153557109967 0
-26.04863429523477 21.91551190562679 0
8.21066862259166 34.69617169775595 0
-38.89425651756918 7.464048640162024 0
7.712559487082481 23.33657961240025 0
-34.56711732987067 15.23115612100097 0
21.54249997219951 25.61481758944319 0
-28.3639679470048 17.63222942970679 0
27.65819848971093 15.1072324523671 0
27.71213582694013 14.27503551139461 0
-3.132652994072812 30.05704037896547 0
6.303095345963868 28.98800401017515 0
-19.47526056083384 19.61653839824591 0
-19.88289230232204 18.7460878464657 0
12.3205903627964 43.69896090337759 0
-30.79281019048208 6.836609235615378 0
-30.8897848526094 6.107920548244842 0
-32.63759468713191 2.620331187534551 0
-1.20445349391314 30.16227253432049 0
-2.197456886140517 29.8095227677157 0
-26.65203239057435 23.31594203718383 0
-25.88383229600534 25.85554927896587 0
14.39878146557169 40.25905511621878 0
-21.59235269674065 22.64042132406909 0
-20.66567104141254 22.7461184781144 0
-1.616921133706178 0.6249873527541551 0
7.106717528330547 36.60022844679399 0
8.108503277164182 36.86758708419469 0
10.84351389544488 22.25109134085789 0
9.845119682536676 22.48856862089865 0
-21.94998185060054 0.9843167457149523 0
31.45679188366552 36.75452442049058 0
12.31107886961062 41.65898829781244 0
5.595372874255516 0.8002210008592244 0
-15.48601960453575 28.31678638031498 0
-15.91103597550411 27.52751924494424 0
-15.47110809471931 26.76694492401103 0
-16.38629553984099 26.77118854755648 0
-22.81961443216238 3.444447217071922 0
-0.4074922134752664 31.47243300605684 0
16.80915214611355 20.46748294623513 0
12.91728854628724 39.43487888851283 0
27.89701870349922 17.99058208566063 0
-20.0396639294561 25.79650062452496 0
-26.60912764571035 7.390596699332173 0
17.88096002331963 14.17019640800491 0
-20.71817934861496 17.0546980429352 0
21.95356674219635 21.29993057955705 0
22.75249903768743 21.80843385788297 0
22.80670427935506 20.9846040203613 0
-21.97560702356522 28.46142045580871 0
-22.62986389523463 28.79983855560992 0
-1.617087690034827 42.19483888426389 0
-0.990662868338467 41.61432430903096 0
3.423874037483233 25.00085713869753 0
-36.00428534346257 8.490543733633706 0
-22.95595633572099 21.73888360594062 0
-23.35781884216789 20.97235068652283 0
-23.88471162649891 21.7007762244871 0
-8.045415372109524 31.97269851232356 0
-24.06434083148291 16.33153587808084 0
-23.13985988158035 16.1123217583008 0
-24.68977757416655 15.65866794344507 0
-25.79804001471153 15.96721513667443 0
-25.95799971457763 16.83572815082914 0
-27.48553020718506 12.47778152584306 0
-3.081407626270579 29.18719743577201 0
17.82671076578934 35.65006607560921 0
-36.82146318737314 3.713415391795218 0
-21.73111305758825 24.0779252972383 0
28.1406976969176 29.14807706190803 0
28.91712536336851 29.45486796221596 0
17.11100061234443 28.36581504430212 0
30.27743034347851 17.01973130345912 0
17.17380837984573 42.23899800371156 0
8.029872226075971 28.43472642178614 0
7.3417695271533 38.51722044776619 0
24.41484035752442 26.58816707091941 0
24.37083583901866 27.45243086655914 0
23.58478951420777 26.75716553477231 0
-23.5930407038251 19.53065184857691 0
7.834299007575462 36.08281637750495 0
-25.97109587564954 3.155715835290329 0
-20.18942340562106 22.04739862774155 0
10.13616055289182 42.9867987825021 0
16.42698816826783 7.459657427764187 0
16.80790729675264 6.496192518679364 0
16.33762311337102 5.640751627114032 0
17.3289036578953 5.69056341037553 0
17.35674301387412 7.865420560262614 0
-35.49114560818861 17.45250496837237 0
13.52860631234439 1.735725288756884 0
12.54110712651454 1.194400596351858 0
-4.537103727620845 35.96544997995163 0
16.88594075957894 21.428743087503 0
-25.8993026145144 2.387209755058122 0
6.423163803973258 33.02150671589717 0
6.703376690144119 32.22788109003433 0
-32.67473904790337 13.98771927250483 0
-31.82042420497337 14.48952455638902 0
-31.06741506400883 14.13500484116867 0
-31.14995961060831 15.00461071345734 0
-31.9383125073005 15.35727389598256 0
-30.32068779040067 14.78816717349214 0
-30.57579243443389 15.60597951633758 0
-33.13537775595896 14.80905153833574 0
-31.92217083846895 5.310205248223738 0
9.400630677877812 43.8080146293823 0
-19.46254371309661 2.991742722577857 0
-2.497788190838135 33.61074763563882 0
-34.01011334659391 21.91815699886172 0
-23.08270620438945 2.469341387586764 0
0.04772707156182017 37.75148222712198 0
13.60246964278015 26.38713439287982 0
-3.276779652148254 26.50280559512327 0
17.48465522133137 42.95373014722617 0
1.722451134241042 24.89442132639335 0
-8.064753285108104 33.89150856135008 0
17.85089640755735 2.805697307092326 0
-26.98619234107765 27.96084850314451 0
13.35501149558859 41.39390712206441 0
17.27066928050275 17.29356585039018 0
22.82621688682305 19.23282998037121 0
-19.62759613068552 26.65390423665703 0
-18.46269236127108 26.84633993312912 0
-19.12707068867871 27.49068012138858 0
23.49322152097447 19.85934958422483 0
-18.77069567156694 34.8940943121039 0
16.91084298059452 9.527379937847282 0
-13.74579621538812 4.223391791325763 0
13.67322895031192 36.63128514898239 0
-10.8385895858644 4.138236753141312 0
24.10916316321574 35.34198468962768 0
23.60850433174227 34.14098079763534 0
-0.7780303275126716 23.70660807301991 0
-16.85332952330888 27.6752580791131 0
-17.37687281626549 26.80478229247553 0
-33.37865218546428 9.572939871691794 0
18.13590378581496 38.83857235826116 0
23.74936275663846 21.51037552439762 0
-6.042603660149529 34.52978214800015 0
-10.08183989925895 3.923275319624115 0
13.92726114486992 30.0696582540554 0
16.44555276409318 15.68416770861163 0
-26.44888144054615 8.633713627520882 0
-26.69621610359423 5.316697799022489 0
-26.94120627543569 30.79353326128045 0
-15.98670288811581 25.89373777769018 0
18.2234249585196 43.41923826174677 0
27.32566424086775 40.07800246683043 0
27.31912872882284 39.10671394923609 0
-26.23989763308392 29.49474819075881 0
-25.57453688757948 30.09006197512817 0
-24.82257693829182 29.75089981319821 0
14.48493838761887 26.17029095384496 0
-3.157692197829551 24.07633736649479 0
14.57443065217399 25.15945718658089 0
10.27747577576928 1.897379031672536 0
9.966216477704995 0.9782132371271505 0
-12.10006933133075 3.571578248283978 0
-12.53483480783296 2.80685652572795 0
-21.80190297133285 6.53865604739274 0
-22.48085419573211 6.648771880859936 0
-22.09630556060616 24.69614375228929 0
-0.224862259483417 32.33132279426883 0
-14.46461791389427 5.429149438200047 0
25.52044973265543 17.54499724450616 0
25.3407860387881 18.36065956722511 0
-10.973445951964 28.27644322908368 0
-10.76598702667273 27.43102093975641 0
-10.07873598660526 27.14478542564051 0
-10.65678809966595 26.68588154985968 0
-11.34327074202547 26.91390047657596 0
-9.912644182844428 26.26978716695498 0
-10.57008906868624 25.99509232649806 0
-25.0460539212953 2.101525748294988 0
6.848997624571862 34.38254771981364 0
17.69103426450234 36.7459969641499 0
24.74683484654013 19.55105575732621 0
28.80825092837699 23.90107353864161 0
-34.42419094354564 3.092383472281231 0
26.4126523844193 29.28273102840669 0
-14.22483391083091 30.65870394749937 0
8.192658744355146 1.55027410626709 0
18.71114671734617 30.23775526954704 0
27.25375874520456 12.32907320202676 0
-6.521938268717286 29.01065524983198 0
22.328043446801 23.22425030322917 0
-17.74925484702186 27.49637697488244 0
13.76040015258145 35.43345195464691 0
6.73471361992583 22.87566310445262 0
-29.37150671842669 25.60701525925232 0
17.85551879165048 28.16299738075203 0
-3.032708893119292 42.28477279985805 0
-3.684694888799482 42.00800959067408 0
-13.78932574095847 24.63104111833064 0
13.86477303716507 33.2710896670218 0
12.9571466413302 33.65132454738015 0
17.85768594011216 12.98638683377 0
18.1072574015013 11.90729204286808 0
-12.309188383053 30.74640133691013 0
-1.827048980866889 27.73307025111547 0
26.51458670185986 24.24670477633987 0
16.45051470475289 44.17321519002036 0
-17.84084116196101 25.7929951920561 0
12.94271547778274 26.99925934024851 0
-4.181012747191456 34.11992945166449 0
-5.076800799842472 34.38736100110782 0
-38.54510279562485 8.314057640627109 0
12.96597191361366 38.56041275158075 0
-3.85031733922386 1.545632923526077 0
21.12365418964673 38.20716562032928 0
-32.66595529277149 3.71469237583156 0
16.7041136928481 19.58143962720638 0
-27.31060867235083 3.516997298799412 0
-8.585271469687545 34.56267121225912 0
-0.2691891536295137 42.9488206393804 0
0.5521253927306988 42.45075895459122 0
1.416442685956242 43.04512951642598 0
1.365745221734785 41.9850001371605 0
0.5634437806284041 41.49238729418391 0
1.354409811323224 41.01930528539507 0
0.5746532567803673 40.56706330641329 0
2.193493434273313 42.4338457890168 0
1.428129468306488 39.95419998104332 0
0.4800466280789966 39.7036364034 0
2.285571679948207 40.66504375223201 0
-1.396441824370006 32.88296124625806 0
26.07032653554271 31.65394199798627 0
7.173206630853252 39.54226687203617 0
-28.51235596407055 24.28615451446886 0
-28.07956620409563 23.54772805715408 0
11.63970468747001 1.458830514886136 0
28.31774441812438 14.78550079863142 0
28.91008242387594 15.23537644847615 0
-31.50819719431606 9.81625493355982 0
-32.14186392816679 10.57972006198144 0
0.08060587549935072 23.15577198666595 0
17.99333690944394 34.5896123818444 0
17.30817033980103 33.9122293118397 0
-30.44563241673614 8.411604869736973 0
18.10383097614972 25.3717722803178 0
-15.06701176233378 36.81693917472063 0
28.13701848436834 21.95656252509588 0
28.96922082849638 22.29548559886359 0
-27.54655460965313 15.38534422707182 0
-29.65238456105169 13.75381314810133 0
-26.61617313038779 16.29054110773655 0
-3.668532059387426 42.71276732007047 0
-4.372795812559247 42.43562012127101 0
22.97579201530363 26.13471063534651 0
26.51570179496505 28.09466409792359 0
23.27568533334168 33.23236721338447 0
26.16747991030408 18.20297647346185 0
-23.31260236392149 28.37306624888435 0
-23.34006691974459 29.12668708113737 0
-25.59291050882867 26.46673445133244 0
5.202154680079659 24.06075356643344 0
-13.17448272542184 31.84873102353807 0
-6.27030011828661 31.10305630319888 0
12.96432863998377 22.47370921584891 0
12.1295113812705 22.28640901999441 0
2.220063878969128 1.148635247478429 0
17.34118822629598 15.22262448934054 0
-19.39545936970107 5.765025041266629 0
-20.15514106526461 5.14734973784356 0
18.81115412823264 26.0329464891029 0
18.85768655230873 27.00702634171358 0
18.82069981890425 28.85502844338614 0
7.105027931044628 42.87372540392531 0
20.4597814854754 43.68725259883696 0
20.7977834592636 42.75978738626993 0
16.45622916286004 40.15240840640188 0
17.85793877192442 6.54818906469615 0
18.3243665486292 5.664481823975779 0
17.81424672756562 4.789828996304678 0
17.29480589947672 22.89152421958856 0
16.51668504605453 38.12296843853029 0
24.36878427133523 42.8831252924961 0
23.71831459770405 42.12283393797757 0
24.62915756623194 42.03352926405454 0
24.06846868564207 41.10643623674226 0
-24.40511652178208 20.01197839326875 0
22.83751862293956 26.97787641614621 0
-15.22336017413968 32.71245423491304 0
22.68993918267167 13.56079742057996 0
14.06794932487975 32.22892236312519 0
13.37108334380866 31.49451798948786 0
-37.83149913739199 6.079654417645269 0
-38.77169619528452 5.837469847161801 0
26.44564328775358 25.2829366447552 0
-25.87173675895734 27.1444010705708 0
-21.03360902245155 25.76637677566838 0
29.85623253018063 28.92731533575585 0
-22.58348239187219 1.731018479603884 0
-24.04066680080537 2.375175890318901 0
4.475203695133532 0.920150849015649 0
4.042549622746953 1.798257874984658 0
-3.774694531250716 43.61379268305148 0
11.73636374902024 28.26555109434157 0
24.98266642129752 28.04475642308532 0
-28.76220789579099 8.8467020061887 0
7.083545349430315 28.42402836304293 0
-1.631037744171226 1.677951637595301 0
30.61237118358406 30.86342931562506 0
-30.55455120106901 4.753683044116695 0
16.99835071646817 35.96925200047303 0
0.785525344050925 35.18526103776073 0
15.90076751059913 4.687448806491264 0
10.16015699973319 29.21460552311784 0
10.17389111116034 28.39137580190325 0
24.07481406268342 29.19423692218366 0
24.22298082997903 28.29809587545343 0
-4.45539286041822 39.25360713040275 0
9.399880190438527 27.92481021103606 0
-36.2600768578282 16.94782096160569 0
-36.20966803990211 16.11326321501083 0
22.1475453103524 18.63352652778991 0
-2.307375322137343 42.7694287571805 0
-5.495213018856124 35.14653469958239 0
-20.43213386388296 27.92274967748009 0
-27.59393061996472 18.78912613651011 0
15.31862491352866 1.005092584136955 0
12.38049096002758 42.69264682312701 0
-13.15045819469615 39.21988757069536 0
-27.5874568549959 17.35017450615367 0
27.88331532071583 12.62677689064864 0
1.948082873556231 43.92494449993916 0
-12.23548678632785 40.84570636944457 0
20.65640614271942 25.38745915783116 0
-33.08540670652906 10.36368204050647 0
-15.31922984515627 37.84272905544383 0
-13.09665052526761 40.31989004224909 0
27.4301018783819 21.19427844126394 0
-26.07566022570427 15.23022057054734 0
7.304760026828093 0.8735094171568442 0
-10.85373542723986 40.4149073841505 0
-10.2590071000205 41.21709307904921 0
-9.912048455113567 40.30999087203926 0
-9.30174645164762 41.11825428633554 0
-9.767637929918173 42.01493888249053 0
-8.738130020181176 41.99413424690439 0
-7.896759282228214 42.52267648433197 0
-8.334810672902568 40.89283116765561 0
-9.589606252107778 39.36135546361648 0
14.09340924544484 37.49379240263607 0
-21.99519082396378 29.24285548057907 0
-28.68486259586806 12.92034999219375 0
-12.98865824230591 3.67544147952191 0
-29.42692691434415 15.06147847832604 0
-4.585081879596022 0.8556647392704024 0
6.178182303227759 44.04796447122055 0
-4.564931309193124 41.36691871898111 0
-12.41817940099249 27.61134651453671 0
22.49805134743139 37.99791268991306 0
22.39245024560561 38.91428905088043 0
-31.34459122977786 15.89346697186317 0
-21.11070501171869 16.30515672744018 0
27.82547139269814 34.62892055690985 0
28.77396071039814 34.31367651187522 0
29.4767702210484 34.95548718451005 0
29.69606646879068 34.0099040309543 0
30.32373414382959 34.59073778032916 0
17.0275761007751 23.97836463010617 0
-10.44194143918694 29.60501297894728 0
-6.11190849544834 36.9403815896997 0
-5.158080595280074 36.65334828786665 0
-5.540399650888961 37.63379845045453 0
-6.10919221854125 41.94187940785595 0
-5.317576245395409 42.47601684146537 0
-6.376458597628994 42.93765214524041 0
-5.537814000255668 43.45185025088917 0
-35.41506134297464 10.06844780401763 0
-9.082880341800237 26.36718459009026 0
-6.436766611120845 37.8584579085415 0
-21.81709509352466 26.20420782751415 0
-28.30430235340439 10.06534708156236 0
9.262048213486787 31.15395311721458 0
-16.0051789101033 29.12487216210326 0
0.4590795696725465 2.007547676229872 0
0.07862028286331009 1.059056256707438 0
19.81463889231286 42.92761177969154 0
-18.84276562619719 2.048874063369316 0
-34.78271667761631 9.309614054783689 0
16.511190468981 13.746124903875 0
23.13039278307394 39.56194947439471 0
-34.71552564700973 14.24348289663468 0
8.146148721095765 37.94041327777494 0
-33.91848100740014 8.735973968596843 0
6.48866409258645 1.091415268543173 0
-26.65195290413488 24.22372426290763 0
23.29099025264903 12.88700290479271 0
17.69277032414266 10.3027247037568 0
-26.73203476399319 28.81414591917434 0
-22.86069956958821 20.07709937260183 0
-24.46272725647579 8.539668122379323 0
-25.13806120150331 7.868006411696728 0
1.459140320890189 1.991244971580581 0
-0.2934657398580823 40.96406990430386 0
-26.95158781975571 6.021795364735124 0
18.42077216940729 32.60160137711599 0
17.78306390290189 31.78396003346101 0
-6.99248649242409 42.19732036241409 0
-3.343498850617368 33.96420784693662 0
22.41961365629559 43.24520751926296 0
10.11338586838228 30.03304637696149 0
5.962146552014735 1.888154987421147 0
5.367143086244359 22.19479058059715 0
-37.52440069108695 4.405413264327082 0
-30.9555697782198 13.2827815437391 0
-13.12874715968334 36.51579728760148 0
-13.68807692221653 35.75836761950793 0
0.5202078949396006 31.80211491870443 0
0.4527245387497318 32.65773626229894 0
-12.17865437194246 38.94057052401568 0
-24.81477252092022 24.83292281847121 0
-16.70686130501691 33.85704052705803 0
-17.60396061317597 33.46014510059472 0
-8.953726582298504 40.14145020248346 0
17.61051277866521 8.775009083082642 0
24.82293684387943 40.46573647722548 0
26.81541300985136 31.0958720684591 0
26.34427845044116 41.5183025625054 0
-22.48249323203279 16.57995508427956 0
-8.624857115324012 36.54768960172626 0
-9.279417480855399 35.84937368043024 0
-10.20235450317537 36.0087365860694 0
-10.54191264103449 36.913376948467 0
22.54301495057182 40.35856577777986 0
4.396498777848599 24.49770432201794 0
-10.95407698537273 1.583547659027102 0
25.2172616086816 31.9223271882673 0
-32.99190592554479 16.44825826400038 0
-20.81724802667501 18.68824608576644 0
-7.388228521083949 40.62282942618079 0
-23.64715512836016 7.348685162731713 0
24.87104993047259 37.60213797287864 0
16.63650793101743 11.69687293873746 0
-8.163798382187174 2.146672671767158 0
-7.781802714524733 2.614469710200755 0
-8.125027215484955 3.228124032074169 0
-7.510666856388843 1.913614299128986 0
-30.12219876792782 16.17439899776561 0
-32.33428474466248 17.02957081273705 0
17.3335005001102 39.5864947060043 0
17.30641008688265 40.68737281322769 0
-14.98387873355261 26.0350879723933 0
-28.59875979675227 3.735505261501114 0
26.52549998281628 38.5720184681562 0
26.54752124988978 37.59066951590336 0
18.96375123280524 39.28862623272008 0
-20.33484695461476 17.92017503952199 0
24.03337495995121 22.92485423214438 0
24.91621863535922 22.61047784902957 0
9.050459530725394 36.64051341526257 0
-8.635369595993566 39.13100622927655 0
23.99685865929352 32.76571695538322 0
-20.55291018234858 21.17837558803526 0
-29.02266772317878 20.0802376090211 0
-29.21967905842315 19.23876738586081 0
-29.85539440188168 19.79385726146893 0
-30.65688936870249 7.62965356526872 0
-16.4805434795808 32.03166214313705 0
-17.37063888091196 32.4080705535856 0
-18.04277166864763 31.78639106825343 0
-23.3789210383284 30.62909368849467 0
-29.71224298111376 20.69629544037029 0
-19.75123649724472 22.90066542506097 0
27.5252890857018 38.13760312902224 0
26.60645512429338 36.46537023790427 0
-35.32363597813978 15.67535930589039 0
-7.054580778944672 2.604526038091719 0
-6.674445422907223 1.746726112607365 0
-7.227339954167102 26.73046223058052 0
22.32118197958379 17.78394739915074 0
22.47909145307271 16.73003541796361 0
0.02248715927303002 33.88324034059281 0
-24.43886453935731 26.37821213173512 0
-31.19472765265903 20.58179634514934 0
20.30023196350733 41.35426426772399 0
-11.33401313025578 34.54408255039263 0
-6.586419285589098 33.81473399803865 0
2.173275241698617 41.486514233972 0
29.61002455775061 23.16790878162598 0
-4.818491257086461 43.05384369757056 0
-28.56344397620064 18.54442154123243 0
-24.31137257172033 22.50614173717483 0
7.672206358241068 22.37075896770389 0
-26.84182995013831 17.06371748232588 0
-26.41046469200352 3.795050345548566 0
-31.64778121446447 7.3922208185221 0
-28.36197034697591 7.489251511257898 0
13.06051698807218 30.04472378653618 0
12.69596516421002 29.285997109534 0
-32.78357977851381 21.38793592350038 0
-11.58919565714576 27.57025119114438 0
31.21471059592703 32.72053491198605 0
30.30089121324184 32.52377939296498 0
30.01279328815285 31.5631063375186 0
-11.95699656657109 29.90589276061792 0
8.043732391430936 40.52971035983739 0
6.020497038293794 34.45169878296633 0
7.383721672723849 34.92960127441575 0
-4.122619276164682 36.67708481523164 0
-24.04849373296651 29.47545962910166 0
-25.19688919303807 4.953006524179307 0
-14.58423172569409 26.8265229053035 0
25.12636563847675 24.16629365044253 0
-19.35964334936708 17.88285762861848 0
-0.8125422224384946 35.92338144782114 0
-0.1412438484177613 36.43065211067144 0
-31.31051248420566 21.83816535007657 0
-34.24374038184447 20.29726437082405 0
-29.43441998751749 13.01953663427313 0
-28.30983894459657 12.27671215324309 0
-28.74201238258582 11.44436884488621 0
18.8175850474353 3.14124004503218 0
-17.89112471275692 5.480244872573953 0
-19.67294535963355 3.925273516633215 0
26.68884159617832 30.21165448161844 0
17.89161087180121 1.872660042342969 0
17.16795249655948 1.336493314769675 0
23.234840691611 25.32674385615858 0
27.18198030265125 41.11813787431446 0
-12.10242910332345 26.89804531462309 0
28.99446852547568 30.32525160280085 0
3.847680262967612 25.87016100954398 0
2.97957694014405 25.90640984611518 0
-31.02852950789271 11.18216037416076 0
-3.870640787218531 32.78074666088739 0
-4.892206412040906 38.35985352262861 0
-36.15108789558496 19.15912222508835 0
-35.67324178217268 19.9752824795023 0
-35.20019672438774 19.17732844366104 0
-16.00564263293716 24.99991632146282 0
-17.88130454745536 30.86926790605116 0
-18.8839493430604 32.1114276178328 0
-27.51922127756204 7.684513021989298 0
-19.11450389669531 20.46063548338067 0
-19.5761691423257 21.31604296279432 0
-34.74515923411484 17.96943825889913 0
-33.42598993266017 2.976687887125009 0
27.38925466757137 24.37025012241727 0
28.19184062830239 24.5811061800089 0
21.50681686445632 39.14390866937288 0
5.492785864272762 32.82962064315513 0
-2.628275373593565 0.4183145593457275 0
-16.06751502538885 37.06708570776429 0
28.99967902113357 33.39830411986701 0
28.08808729418581 33.6466720540433 0
15.59261456554696 18.45587435656234 0
-33.31957505086307 19.02838583456481 0
-26.80294717912232 22.46087322812058 0
-14.61004797822144 35.87966153952225 0
-3.247620630821214 30.85213787776033 0
8.569825997982671 32.48433148353811 0
8.06733254328627 32.68253866893627 0
7.695116981274458 32.27674179572666 0
-2.175258030672991 28.74950095622099 0
-19.19394154738914 28.9487735290084 0
-14.15741694969819 29.07087836806486 0
-8.470331307803198 25.75242968495827 0
1.030208314462024 25.54708408143187 0
29.67944044030068 14.82729979117645 0
-2.771591421273286 27.19657536924391 0
-29.52457799763403 5.675608721793113 0
27.16686088601226 22.02243241708969 0
17.1375082175095 30.41428683381726 0
-21.21644376655103 5.943019913037647 0
10.96749700774835 27.88284307381853 0
18.21561920980886 8.052010150264438 0
-24.32104836188728 20.95769872296079 0
-13.67855666375691 5.297441044514136 0
27.32518327982023 28.74651496044707 0
-13.20536839085172 24.97017102086313 0
-25.03911177107434 7.005988757538493 0
30.10811836752131 35.57189201474072 0
15.98659565021975 21.85586374541494 0
-0.5416420454683741 29.59483315741361 0
15.35297634987418 5.555286694766214 0
14.4303653594392 27.85862642574387 0
-30.80664226604256 16.42814377427293 0
24.45838859039646 20.89014773486372 0
-18.24669192331355 32.7135563046922 0
-18.60875221059446 33.53511572306487 0
7.527377563137927 43.71572480664369 0
12.34574425509988 31.56041911499505 0
-28.44137798862887 25.74222902357415 0
-39.3084606293327 6.564674668728856 0
24.48685260470087 18.76799096746645 0
-36.69814743664278 4.640201247751765 0
17.74646641927882 3.788014291783068 0
-26.69346811968705 27.12442596255855 0
-37.69990911419398 8.350508813616246 0
-36.60257427683992 14.31269398746578 0
-37.02487769302559 6.216745996592369 0
-16.90392831464256 6.446603412021576 0
-16.10470910090501 6.11747648774506 0
-5.331461429913999 31.25685708600901 0
22.39518291789349 25.51389002173675 0
16.24533197395934 42.1468632599931 0
25.68209581369632 37.1467547853678 0
26.51433783094005 17.26614313985819 0
0.9034682345008651 23.57319196729976 0
0.9049124211020212 22.62250647222126 0
29.23604706917845 35.89490628989343 0
-20.15268639541987 16.37228804930959 0
-22.4601476049089 26.56018332112271 0
-26.23819219486821 25.12583522117832 0
-32.16275503064139 16.17870608130868 0
-32.72057032143647 15.56232676338714 0
-31.12722832517377 18.82238917976698 0
16.24722390438942 1.724842577968404 0
-23.4749026688236 5.813804685948832 0
-36.09507702633066 3.110408872943272 0
-26.90887432952241 21.55120105261512 0
-9.481042203622668 27.5458168696717 0
-0.7407256142663189 0.5141376449227798 0
-35.2931330269538 3.525115991490897 0
29.23165982289544 20.75626361725438 0
16.40071737255943 28.45787602797825 0
0.7116011109101996 36.07094262904225 0
-36.9773948963319 17.51041873043249 0
-11.56506252890953 25.60536913576501 0
-11.30767540756799 24.97911999498513 0
-14.49760885730718 25.19294772006715 0
-7.681190531718415 41.58832029087293 0
-21.28963678861505 28.16913850520526 0
-1.029458429881083 22.3324819493751 0
-1.636151985865688 23.83873394033221 0
12.25584011668114 34.37623698784184 0
12.57134937327499 27.91471658877184 0
10.54618206826823 23.08307955768352 0
9.547473689827118 23.30873325379322 0
12.2688093947922 36.25046719533969 0
-2.442714013201688 23.51172591381733 0
28.98886544428979 13.37510267492252 0
28.45643975511652 13.91657035992538 0
27.82858302348998 13.40254754348851 0
-20.11874938910717 1.135904606435841 0
5.989591716991443 23.64384635028174 0
-28.40764752013721 22.70707917754298 0
-34.26929876017111 19.34674054918743 0
-33.14096442404035 4.659073196775546 0
30.56024846285139 33.56575894566336 0
-11.60361088057342 4.278307110300496 0
-7.942533850606608 43.43404124427106 0
-17.41028786395624 3.137883322896196 0
-28.14828816186935 8.313848396896121 0
21.08136340856226 17.08593630234422 0
16.95975036902307 31.29136843368186 0
-12.09037251486275 2.164630845709793 0
22.21506171869896 14.31258457506168 0
13.34548658204643 0.7489684718413244 0
-14.74559358231325 39.4134569852697 0
9.003466475355138 34.4431142416219 0
0.9039969448058637 30.9404754272389 0
-37.25823819893153 9.692972464507465 0
5.399448637687311 31.12673338200674 0
6.273641699278532 30.89796728133178 0
6.388853143965643 29.9872286586088 0
23.374491496443 35.76894745067675 0
23.44681483146805 34.940531923873 0
18.67472490773651 44.23149183075978 0
-29.82079285149239 9.472977507455518 0
-27.40345292007213 5.384237208440209 0
25.40138484122698 23.37306491222775 0
28.83097106960665 15.9740581929785 0
29.63225065417308 16.33535542694877 0
21.04178505451994 15.24817346853599 0
21.91042766238414 15.8044286466585 0
10.97974524259948 43.43725346578896 0
14.03962993731057 23.50484730256792 0
8.538433455549461 23.75643373297688 0
-35.58698371919442 18.34878774781181 0
17.28798794691919 25.65008179085427 0
28.34275452567718 28.23193847779669 0
-27.70313110029497 2.784766586427057 0
29.30603027165699 32.33593816473071 0
-12.00243522705994 0.8579035485008766 0
-37.32769994157599 5.346206945662693 0
-26.08408434614177 20.99911532299185 0
-16.20904773004396 38.30999451257919 0
-25.76714260593356 4.403044931263858 0
15.28926998298752 26.49519276904957 0
-7.008155896810529 30.63373066995487 0
-7.207741312134456 29.82506406645324 0
-12.30240209495546 34.6336066496328 0
23.58527616448838 27.57467447088432 0
-7.234932374919228 4.079236871921345 0
7.05156665715575 30.97362735868185 0
7.515703478172669 29.7892210541914 0
25.98770907661394 18.94762137397903 0
-18.58651592840864 19.69006617417125 0
-36.21085257389274 15.14398421822649 0
-3.602013287880991 41.12160399100021 0
-2.106479671722812 34.29017411842013 0
26.57296677023333 33.72887534825622 0
-3.987050513447794 25.32762680901645 0
-34.74316870298044 21.52563793603936 0
-6.006171500697744 1.112851508050716 0
-1.914887404432128 32.3487463514819 0
-7.248021248317627 28.30983659825238 0
11.49762695508164 22.86761164330397 0
10.28192278271855 23.99913991729523 0
-3.107031698263166 24.95620420459612 0
-31.01880745108443 9.01496928293356 0
-5.122985081953184 33.62055506998309 0
23.4553230078 22.33243785142515 0
-19.59092656439876 28.12082644333731 0
-30.27937818310278 5.478953240514846 0
23.7108875092012 20.67402258125805 0
0.8074707142078739 21.71033656545264 0
25.29912849727983 42.76884551041616 0
-6.215778039445974 43.9917176610895 0
-7.388867442791272 32.44155356012659 0
-18.96622008456039 18.79557873381599 0
-18.3530468060515 18.10430985373238 0
-11.29846793794494 2.197296935713571 0
6.182303464085182 22.25752617193682 0
-0.2684426046846259 39.52976753346267 0
3.335388977108686 2.486026456477347 0
6.059738675331843 32.37914238342943 0
6.111284245104631 31.69566910914642 0
-9.859141806008905 3.273014632291247 0
8.901516733620108 44.61436445286922 0
7.94108420797778 44.6199338391333 0
17.50137480718005 32.90042767123873 0
-12.71630845647632 35.58635772099098 0
-0.7706620873829735 37.77468060131166 0
6.162448900146658 41.65637870216906 0
8.717219074336947 22.73995310959413 0
25.63557488556175 35.36953800875742 0
17.45354305637224 11.28986532261899 0
-15.03194303147219 29.06177413214517 0
-24.70770001867741 28.97853665048259 0
14.79609635865685 30.12102694819555 0
-27.69539850749987 11.65819051803134 0
8.990541297487129 32.54425235181468 0
0.9391491079975725 24.47862948305286 0
-21.87685969384098 25.43559776121749 0
28.73830476838382 17.5834733988598 0
18.30540089698492 30.94330876437637 0
15.12599029248588 3.954577787540312 0
2.57278763561386 39.75686625594712 0
-30.46081439445184 19.23678478759481 0
-13.79280793470869 3.413675209070539 0
-24.90516591780111 30.60915700474514 0
0.7556617205765435 34.33290418173781 0
24.69750747534394 33.08430818842667 0
23.36890782192438 40.51720247623361 0
-23.55929188239011 3.805434408580021 0
21.76629596752014 37.59864060993642 0
18.66980177204455 10.0037092805649 0
-9.654803335507061 1.585019384818112 0
22.79067804661136 42.3505059687459 0
9.304722900201494 0.2493553063367 0
22.67855360789833 20.08228681578532 0
7.855844054766798 31.82902882390331 0
-16.54359022952617 36.23752826116991 0
-29.49409298803142 18.52492079611996 0
1.742250268635293 33.05973441971693 0
23.3513745709191 28.51182465055928 0
16.58782416729697 33.25171195556541 0
18.91127672834937 42.6350764842519 0
8.319481856228693 38.81375325473901 0
-28.63214345166653 14.90742990568863 0
-22.39074648652917 14.96106579016826 0
2.64050329739695 22.60696787454918 0
22.16901476866768 24.04816537227592 0
-19.57291333623015 31.59730736735704 0
13.25405203214758 32.53730880432111 0
-11.49626656125695 30.72168418306873 0
-11.02236964109843 31.4340466026684 0
28.1615110810881 37.56774983661864 0
24.62491794840709 31.48562276953431 0
-18.52937001806858 3.070273337010085 0
-25.96894452208961 8.008538787241966 0
-10.7843622619465 35.31750278609165 0
26.51675335676548 12.20093920579253 0
25.64085561797164 12.21700548897651 0
24.75644006889337 11.86583027427195 0
23.96423376115934 12.29705252811275 0
23.81783815363209 11.40795559292079 0
-27.48800743884551 22.97907475449837 0
-24.30181264037319 26.98879103484107 0
-8.740750513548775 3.114516983251403 0
-8.84697930275205 3.725817361380636 0
31.75856559039057 34.55048821663537 0
-13.41675373055317 1.981276439913261 0
3.069751623078647 40.43501133146394 0
-21.59851277755848 1.822801046200919 0
-9.860458287751815 35.18763152697021 0
-9.440199804535265 34.40139967984258 0
21.61128580910713 24.7382952159133 0
-30.33201195587527 13.91985224640154 0
-26.49495734187957 4.603520448594166 0
-1.214144259582818 40.79453072346779 0
-22.39096357985907 15.79834455509519 0
-32.14995638531325 21.83155045591377 0
21.68376783696256 42.57520956259602 0
17.28619378536826 38.52339719692428 0
15.57246680837642 17.56297650985707 0
16.80510886170398 16.4769868582283 0
28.10965157618195 39.73662968460425 0
-11.1627986840745 26.15878768945318 0
11.57506735765549 44.08313377717651 0
-14.63225265056382 38.5186860556606 0
29.76752639724454 30.61286218026039 0
-6.18723688274968 2.680511330892499 0
-22.6604425502232 24.08891135935461 0
-13.63664931411649 25.47329491382983 0
-26.16292026228312 17.58460290549083 0
3.493304318070832 42.10427385932864 0
-39.31729165111827 8.297137595745967 0
-2.808751044211355 34.61162544439762 0
-25.25523908536895 21.4183098404227 0
14.23061378258975 41.12675856642309 0
-29.27993182138378 24.25099891829551 0
14.41814855612055 39.34322878407522 0
24.24304601003616 20.12250105531025 0
1.762388019960047 23.08291602908641 0
-24.4400578164379 1.554016900928943 0
-10.14185534542074 25.37081983972291 0
-24.90921349155535 31.38466400632102 0
-5.446664553715403 44.21774308796638 0
-8.039219847766446 3.903749469692289 0
-8.671463114837723 4.486554951162087 0
14.34433519975477 24.25736981052122 0
-26.33965403735061 30.28206272753846 0
-10.62690916561457 41.99077930042557 0
6.993957735268251 41.41961231127496 0
-0.1977055838515535 41.97808920026534 0
-28.7355706320986 10.62998874539691 0
-35.63958487856038 7.804580354800222 0
-19.67496606507274 32.5012915864988 0
16.48596558611412 34.29334499132771 0
-23.6396203164387 8.20004966806264 0
-21.02670185723387 1.035154288769578 0
-10.25666219162905 0.9734853708898844 0
-22.63113155695007 22.56391288047635 0
-7.757325338870683 26.17636988832979 0
13.98760010272716 27.1019674561406 0
-7.782237528803385 34.73712088146151 0
-18.6842702088462 5.417005484896865 0
28.63940645615432 18.455478932643 0
-18.20337448943169 21.38215896361313 0
25.7584094167074 32.31170206501056 0
24.61380062469128 32.30868615771058 0
-27.47703078002419 13.28842764280913 0
22.56301537776461 15.10494404392863 0
6.997552208073298 29.34390338541664 0
5.691209953113633 29.48764167260051 0
25.99502875988199 29.9881802793008 0
-35.61713107063497 9.230652874303498 0
8.804058959310227 30.76032183433069 0
-3.813898757045727 33.44821451896021 0
26.21402567709712 11.35321050296025 0
-14.18035628806323 35.01432763462085 0
13.43772170789617 30.68122963712624 0
-17.57177417366075 28.24842614479809 0
-15.12519098379354 5.944922582095555 0
21.4378206109333 19.03918442825339 0
-14.66789363706695 31.27834774909629 0
-6.642383660235152 27.75562128512693 0
0.2819016398359537 38.41724085507212 0
0.976956418072499 38.92835867745164 0
27.72086885206316 32.94635832556516 0
15.54646329077375 24.85810050716068 0
24.55252080481698 11.05450802724468 0
-24.37177390308459 7.623132444052413 0
-16.6976500256328 32.95864863884391 0
-24.64462853374791 2.841796263777426 0
-19.004786719905 32.84721074952919 0
-36.95456180154167 15.7707793171021 0
-7.485736629074176 3.301827426931512 0
13.71626473452332 22.63963554282153 0
-12.29324434488806 39.89772983522255 0
14.55767880676518 1.630856080821182 0
21.25874583589735 13.4474089524935 0
28.39102953999199 25.36484432615055 0
-25.32037934796174 25.39288156851311 0
-28.93109467245933 24.93188304655297 0
-35.23702633036915 14.84512772421001 0
-7.335438873313766 31.41178948035024 0
-32.00398780777234 3.122643857761249 0
27.01507912881451 42.06269103340043 0
-38.92438576062096 9.003094980671159 0
13.918397847783 41.93867534788284 0
-24.14204393816585 30.22449793591364 0
19.03146611311738 30.93376067157071 0
10.02554135103294 30.85197195214741 0
9.560008785560864 29.59422168292394 0
-19.19504417624203 34.13216267515436 0
-20.21201423357044 23.53775723707648 0
-28.16844573246651 15.3680250861323 0
-26.17359746215623 9.330056008012198 0
-23.19397663390049 14.70368804544665 0
30.44283252341041 16.27386630516263 0
-14.53526724118954 29.76235766390724 0
7.85054493256854 41.3181280600395 0
18.74526766581286 4.94413889391045 0
18.77368454233421 6.35927125785604 0
13.04555314043949 43.34768020298569 0
28.96043864502835 12.89055314085215 0
28.44589451915041 13.01201111654944 0
30.741926618309 37.06594867361787 0
16.77670961046513 24.8748390892772 0
7.231651968976389 40.38940088370963 0
25.71721431127057 27.83117447136574 0
29.7725830875349 33.16673693083607 0
-0.5402469506864168 30.56177997838425 0
6.810486357419006 31.53399067737066 0
22.16880474193731 12.15067145806579 0
24.77501525844821 34.98410559301889 0
24.18319219885662 22.21517429086085 0
-24.85319808796516 14.88906735970414 0
-23.35672362858895 29.82632962903087 0
2.677767759199918 26.66816582909198 0
-17.07025040609936 36.89016983376286 0
13.0316278101931 34.87060280953419 0
18.06082238439573 16.99727991885759 0
-30.46458924213297 20.28260339028704 0
8.849555855227109 37.42932935110692 0
17.20416782240659 37.61687765026313 0
21.55846887777019 23.07022964266876 0
-21.01971463397911 6.608266769656514 0
27.70369700139766 18.82291708901401 0
15.48527015818675 20.42938199162478 0
-26.54573354759161 1.843000083770086 0
25.80502705838743 24.0035237208914 0
23.36122784384886 32.42618361948772 0
-13.85855087346369 31.33497999763473 0
-5.33500586997464 39.49897622288523 0
-10.16841934971097 4.754995321995212 0
-9.376727853583592 4.256956911564041 0
30.84073778137735 36.21822817025879 0
-32.65653025551158 5.232996022965426 0
-4.160162510822819 41.67342055468887 0
-7.237815654980852 42.95238976096992 0
16.38481807929449 17.63425610304938 0
9.615258686049629 34.93780217541159 0
-3.804237191117465 24.58148559295642 0
-34.695913972752 2.09475046313645 0
9.825466324625808 44.50882926142501 0
16.74026786432459 27.78036761626333 0
16.51339414130429 18.68207692973458 0
6.455473620487123 33.76492942743947 0
17.18576166364094 0.5439839754847864 0
-21.14300638924137 23.43769445276924 0
-19.35286648058201 1.335584329015386 0
-16.89857448025318 26.11814154198286 0
18.08099894310054 27.45889954231329 0
-15.93183681422861 5.280605890810326 0
11.94692295423501 0.6016763942046582 0
-19.83671066858015 27.45141746285694 0
-5.87789886029514 31.76729823994702 0
8.436121350266477 27.7998128145481 0
7.682414619816081 21.56347231629039 0
-7.406194597215823 33.32988999917285 0
5.874994175432715 43.40020523448044 0
1.157265054118215 43.91876289135782 0
-27.12642920997405 6.73411707829243 0
31.13052754312547 35.23642319301694 0
21.67566336972681 16.62516977114516 0
-27.16714466019477 15.90098069667746 0
18.74144782399724 1.271678604938486 0
20.31165671380826 26.18419653042277 0
-31.09763107358147 5.362475337043082 0
2.844542180886214 1.661280708390525 0
-0.9874828362060912 42.52367176546912 0
-2.579328288083746 27.94042447297652 0
16.89435498200476 22.19925000065936 0
18.15205507087153 15.11479456853446 0
-36.57126941143108 9.121277648022939 0
-3.160004484649376 1.084746197106117 0
29.75173042552631 22.07429154381968 0
-11.67682781651024 1.514218616722273 0
-16.21981487650657 28.25164389136297 0
17.93821135224 9.506953861423604 0
28.94224501870502 14.53865936049218 0
13.70324729566929 40.63403278280694 0
30.53734691802323 23.37454062241832 0
-11.15258337523338 29.78207087219887 0
-23.08394986927148 7.067868624831365 0
7.616063183502163 27.80960397446355 0
27.11594936795466 34.17941306424662 0
26.99504681172362 18.17374928082815 0
-22.09217231886558 23.33938302628842 0
-2.037215395406038 26.85888489355573 0
-31.67102223534076 6.056592336689958 0
29.50860699026127 17.18582016107664 0
-20.46422673688132 26.39106857519399 0
-15.30352234664072 25.2919465383106 0
7.123931364125768 35.74666334548662 0
-19.80642264238186 29.36290911534055 0
17.16165658656102 34.94894541025097 0
-22.75893897015541 0.9932552116792259 0
4.433787655257332 26.31321121299678 0
22.70647731599174 22.55681694782415 0
-17.80273689660908 19.74985000747077 0
-25.39688369093959 15.24583582271788 0
19.05006948017159 29.56082193121977 0
-4.122755254583636 38.48933597935095 0
27.7522202712092 41.65682778193758 0
8.901186856508028 0.9562861177893924 0
1.579623110119674 38.31368586864804 0
12.34898299526667 29.90798423692653 0
-30.14839834681185 25.39137242317694 0
1.403860724006117 34.70064196038336 0
26.24189082100116 35.7092667365431 0
-35.88774896106042 4.875882837873579 0
-20.15115516894747 3.386864930059011 0
-39.66938513485273 7.291516303359569 0
-7.411834841171685 1.196105763207201 0
29.87572106137801 24.73104513321564 0
-33.91751799534478 14.80224976505446 0
25.4135982074002 34.69444562755111 0
3.075347355936341 42.81196511393387 0
16.1984308834014 20.95193986222056 0
-23.44581642731776 3.093472103793721 0
-29.77393068470613 14.37990649036233 0
12.26003108501256 26.42474791812743 0
16.17053789023488 20.12903048965223 0
-27.77107500195078 18.05359229080416 0
-37.31559415555657 8.970035807346216 0
29.06807360775521 21.5429274071002 0
-1.998631640975572 33.11482670572357 0
16.97322925613613 41.5433480186291 0
-21.65007917709584 29.82542254784735 0
-32.42880246717151 5.9102928124414 0
-1.488651041845716 36.13908230006425 0
25.50511239398202 41.82715560758451 0
-16.26702360761051 6.844705569909631 0
0.8168506337745174 33.35447477806019 0
1.189565639291074 32.44846980618778 0
2.261320990143084 43.19657219862987 0
-34.904222489072 19.88551121020264 0
8.769484799160566 28.43059448151688 0
-14.77945933663635 6.692141946305724 0
-20.74421634574887 5.49781082402364 0
-3.99906084499481 26.15847278345126 0
-1.904280530657016 40.69118541067721 0
27.43189815738837 12.90827270975074 0
-22.2154575225817 7.298814951590103 0
-15.01050763237633 35.20162254898492 0
-9.49406112669976 26.8751659016593 0
29.56025934285138 29.83784016640471 0
11.74733290673333 43.20510097567219 0
-23.66050632120085 20.27819843562271 0
-22.73802924120103 25.11764490246513 0
-32.43888088383706 14.86925389894361 0
-24.59002411299044 21.85084836901329 0
28.87153631100294 40.37692312923647 0
13.04866931506401 35.97940782217943 0
-14.03460980421646 39.10690664545005 0
-21.42672758380841 28.74684782406975 0
10.21132938608647 43.81805981141882 0
12.14183379919216 33.47711209393785 0
24.93168438292489 41.2459640988453 0
-33.16670966047104 2.087341445044498 0
29.01680527181671 38.84807408423687 0
27.13020131782034 13.8942132994977 0
20.04148840148247 24.89157576771438 0
28.32870225143843 12.42214220496125 0
21.8020613340812 14.95183893974844 0
16.85093187465013 5.036979824006056 0
-31.43154825719822 10.67442508720561 0
6.784383414435308 42.14957960896673 0
-26.48070314215138 31.36883757453064 0
2.53489288393564 25.24694841546659 0
-0.05055293431271159 40.18828379353379 0
-2.613553614765786 30.51731544516888 0
19.63572714549231 25.76044393629051 0
-26.74779186635801 2.852280582675506 0
-37.6722560501269 15.80574669620858 0
-23.00219651028515 6.263290527771189 0
7.332490382587652 0.1455862943561058 0
5.034623374506532 1.514514609233398 0
31.76130384012026 36.06374069866092 0
13.20908495841681 37.67547024624118 0
-33.43746784171645 22.54739299600875 0
-13.2405031272972 2.844370104936144 0
-1.6122379532046 42.90260106572139 0
22.25430475039724 39.64203711628197 0
-9.099662311678102 35.10828394940904 0
1.870244543236383 32.27603708830951 0
-23.7117884018851 15.58549293066715 0
7.251633180793508 31.95946986192482 0
22.92566533564828 33.86643772018232 0
31.06123086952975 34.28084107085985 0
-31.927167926748 22.48594066791149 0
17.86454411087714 7.358653833905878 0
-8.180742134866005 31.23229980594838 0
-14.73761543107517 32.13489996895487 0
-26.36745100567378 28.20747262108282 0
-18.45530554428792 27.80331884479828 0
23.99483691307709 13.02189552144692 0
-12.77874305682727 2.248627840450141 0
-8.502635139579789 5.117348470975386 0
8.778408529720824 35.1662152150901 0
-29.87906973134129 23.87158796691432 0
30.13423764728586 17.7343695269374 0
-4.565497407738467 0.08280888730505287 0
17.31649950623358 12.15639882079928 0
5.207257319670094 24.84806144672749 0
-25.81295974872209 1.682003124644968 0
12.9831484457693 42.05638237286972 0
14.30118417219463 4.154021920031547 0
-15.94346074908177 32.53366751619876 0
-28.02947013060111 12.90031421818674 0
-36.0304936041476 3.975935431058937 0
20.39071367033752 42.07913631437764 0
9.649043426752215 34.24233828099761 0
-1.404057441378387 29.42281165903118 0
13.4392766501819 21.98234236504274 0
17.25033469244182 13.56418379897702 0
-5.278540050331559 1.195552942141448 0
-9.516622145122888 42.76419769641556 0
26.72383568453558 21.38759312557361 0
-20.72969906083456 15.64222645512277 0
-31.42080457710622 6.609085893652095 0
17.10617103301513 43.67560049387123 0
29.44297304418694 15.5928859671047 0
13.60291795965648 39.13078081538837 0
10.19837884141776 0.1682935307302359 0
-10.86172870330709 28.94633072949677 0
12.7074434855164 21.84179048335786 0
18.24329084821214 28.67285500084132 0
-20.01047424225425 17.22715285113001 0
-3.72706645054036 27.0963496697623 0
-22.76070874577313 29.41462057532469 0
-27.29526890679671 23.67383549243324 0
-18.63820258687969 17.35389692488633 0
-36.20718316517723 17.66104130097947 0
-26.33103575648214 27.65031628743811 0
21.87193564271666 38.41271382102823 0
-28.71579980500853 9.534835036226566 0
6.469143612929857 0.3301486697298826 0
22.11983940346776 20.53825932468575 0
19.03563649349028 43.37613690875018 0
-9.482632530931857 3.682531007252907 0
-1.408215237162298 24.51307826473882 0
-14.47237283495013 3.184640220260525 0
-27.58590493528949 30.39948937935901 0
25.183501991993 19.06444776657653 0
-22.96546699675083 15.43218261593561 0
17.09067378709867 14.27810244856671 0
28.16384989055958 38.88486034075379 0
-6.242370821329963 0.2819116962028235 0
18.97769322124269 8.142890409178108 0
-29.94810256340214 15.49697439076731 0
-4.739172473514701 41.91783059410371 0
-7.978794784806746 29.60902648227021 0
-15.79325033301832 4.595811911025097 0
-26.87001694764025 8.0586549343963 0
10.87078076270761 1.378186441253534 0
-21.85299697977583 16.2597478281761 0
-29.81379761741917 17.96305499351691 0
-21.00595127319687 4.762342582800234 0
-17.57555080920205 6.167637821474275 0
12.39849988249943 28.63398772682936 0
16.7947041574378 42.83710356330586 0
30.55238406062048 21.7485657835716 0
5.898753756510716 22.85930389519896 0
-23.46394622214822 22.24618008615612 0
6.674778698190934 43.5273742263994 0
-0.3033076265601205 37.13162335895839 0
2.810614851092969 42.03380202934099 0
-11.10889598738834 4.795909893784617 0
-0.9601982223249571 1.240710526479591 0
6.7556115598845 30.49469356027824 0
6.01900223515235 21.59312162771912 0
-19.90150373124082 4.509115605401427 0
4.183704341803268 2.612911452078224 0
-22.93787525769031 5.697820779814027 0
16.17194657944023 25.01671341632326 0
-0.03612138598927984 33.12859357128044 0
16.21157798614063 36.10345673957401 0
-2.262220336532895 1.052378642571733 0
-33.23590879600319 21.9340388301951 0
-27.06529048742227 4.830529561031635 0
22.15542483648749 19.38009651811162 0
-4.1808588523765 43.05383661052948 0
12.88750224240724 31.98004834294803 0
28.87755165435883 28.73506773155539 0
22.48778762704557 12.83625059202491 0
17.23836941610799 7.123961033735771 0
17.40271966386209 27.78457901817497 0
22.14235286415849 27.23255322817067 0
-18.24812869246044 34.24398042544438 0
-25.01358797259326 26.12999548461799 0
-19.37495222442142 22.215281684521 0
17.25309863663115 16.00837228461066 0
6.595902380448882 40.01106597145609 0
15.82514117714654 43.86649640925879 0
-34.69104717007096 18.68408309243488 0
-3.711064058355264 41.50993637609994 0
-10.88225661155845 25.43225082096962 0
9.239374415598913 22.04773378683953 0
-33.81845144386016 10.54887961080072 0
-12.51182388568413 31.47680262817152 0
26.95693716919761 24.79077613458811 0
-32.64861520780923 10.98792854471668 0
-34.12704508936065 9.628069495638552 0
0.1848047081956604 39.05380473991919 0
-0.6464380826892037 22.91590831357156 0
16.98920245572606 44.64745509779841 0
-27.46310108951873 28.76048216207844 0
0.1834908194424631 31.02243727092446 0
21.78281632581161 17.2510997872407 0
11.48121291973431 21.97295880183744 0
-7.825177610239124 26.94077443055558 0
-28.0353660325827 3.344157742610003 0
-14.85132789931897 30.3656600227551 0
6.988165677954644 30.00412118152397 0
11.24830444620881 2.205079301087449 0
-5.744130911493903 33.90782049827676 0
-22.94500650186839 19.17988392696131 0
-4.829756764078178 37.37004839448966 0
16.45217727972017 23.42812481377765 0
24.09000165090169 19.4724397969235 0
13.64968160861882 39.87984225570245 0
-19.36091854268699 34.86213333986096 0
-31.6113648448115 11.19978237946355 0
-34.28795835616178 21.01577745341692 0
-14.46575618175181 24.24934947045388 0
-10.57458593323035 0.3985560347112124 0
7.721542550707811 39.12582761243428 0
-26.42574800916188 15.70262014023979 0
13.87127546640411 24.93264503947031 0
7.988281658609436 35.37377888113912 0
-18.06999556978264 34.93597338885317 0
-3.053691750151962 28.45325143334271 0
19.19435465421964 24.49048427856119 0
17.50689577931563 16.60462306340639 0
29.47167106546578 24.21535841562947 0
-22.55566352964921 17.26961761457175 0
17.60868844302881 30.93487824278264 0
-18.83002149447177 21.14080880204596 0
-0.7610240338019546 32.73615884684245 0
8.58779775129141 35.9931097681101 0
21.96631815932374 13.60811329190122 0
-14.17989743269945 6.129008007741464 0
-30.29620312367807 9.057331974941411 0
29.92412153254761 28.18122165802046 0
-11.59675450350636 40.39627361940148 0
-7.371216802275677 34.07065470251929 0
10.34679993479162 27.62898215147171 0
26.81249277931102 12.72565173273985 0
-13.16224364551517 4.646713123789688 0
23.99598720438625 34.75219435182935 0
18.75545333577382 25.29352612972335 0
23.02694735486478 34.55308554000597 0
-5.167997190705211 35.7554519788842 0
-29.86095808377773 19.08025737306525 0
-18.94891396794887 28.20168387255869 0
-29.22212998003699 9.283802338956047 0
2 14 0 976
4265
4266
4267
4268
4269
4270
4271
4272
4273
4274
4275
4276
4277
4278
4279
4280
4281
4282
4283
4284
4285
4286
4287
4288
4289
4290
4291
4292
4293
4294
4295
4296
4297
4298
4299
4300
4301
4302
4303
4304
4305
4306
4307
4308
4309
4310
4311
4312
4313
4314
4315
4316
4317
4318
4319
4320
4321
4322
4323
4324
4325
4326
4327
4328
4329
4330
4331
4332
4333
4334
4335
4336
4337
4338
4339
4340
4341
4342
4343
4344
4345
4346
4347
4348
4349
4350
4351
4352
4353
4354
4355
4356
4357
4358
4359
4360
4361
4362
4363
4364
4365
4366
4367
4368
4369
4370
4371
4372
4373
4374
4375
4376
4377
4378
4379
4380
4381
4382
4383
4384
4385
4386
4387
4388
4389
4390
4391
4392
4393
4394
4395
4396
4397
4398
4399
4400
4401
4402
4403
4404
4405
4406
4407
4408
4409
4410
4411
4412
4413
4414
4415
4416
4417
4418
4419
4420
4421
4422
4423
4424
4425
4426
4427
4428
4429
4430
4431
4432
4433
4434
4435
4436
4437
4438
4439
4440
4441
4442
4443
4444
4445
4446
4447
4448
4449
4450
4451
4452
4453
4454
4455
4456
4457
4458
4459
4460
4461
4462
4463
4464
4465
4466
4467
4468
4469
4470
4471
4472
4473
4474
4475
4476
4477
4478
4479
4480
4481
4482
4483
4484
4485
4486
4487
4488
4489
4490
4491
4492
4493
4494
4495
4496
4497
4498
4499
4500
4501
4502
4503
4504
4505
4506
4507
4508
4509
4510
4511
4512
4513
4514
4515
4516
4517
4518
4519
4520
4521
4522
4523
4524
4525
4526
4527
4528
4529
4530
4531
4532
4533
4534
4535
4536
4537
4538
4539
4540
4541
4542
4543
4544
4545
4546
4547
4548
4549
4550
4551
4552
4553
4554
4555
4556
4557
4558
4559
4560
4561
4562
4563
4564
4565
4566
4567
4568
4569
4570
4571
4572
4573
4574
4575
4576
4577
4578
4579
4580
4581
4582
4583
4584
4585
4586
4587
4588
4589
4590
4591
4592
4593
4594
4595
4596
4597
4598
4599
4600
4601
4602
4603
4604
4605
4606
4607
4608
4609
4610
4611
4612
4613
4614
4615
4616
4617
4618
4619
4620
4621
4622
4623
4624
4625
4626
4627
4628
4629
4630
4631
4632
4633
4634
4635
4636
4637
4638
4639
4640
4641
4642
4643
4644
4645
4646
4647
4648
4649
4650
4651
4652
4653
4654
4655
4656
4657
4658
4659
4660
4661
4662
4663
4664
4665
4666
4667
4668
4669
4670
4671
4672
4673
4674
4675
4676
4677
4678
4679
4680
4681
4682
4683
4684
4685
4686
4687
4688
4689
4690
4691
4692
4693
4694
4695
4696
4697
4698
4699
4700
4701
4702
4703
4704
4705
4706
4707
4708
4709
4710
4711
4712
4713
4714
4715
4716
4717
4718
4719
4720
4721
4722
4723
4724
4725
4726
4727
4728
4729
4730
4731
4732
4733
4734
4735
4736
4737
4738
4739
4740
4741
4742
4743
4744
4745
4746
4747
4748
4749
4750
4751
4752
4753
4754
4755
4756
4757
4758
4759
4760
4761
4762
4763
4764
4765
4766
4767
4768
4769
4770
4771
4772
4773
4774
4775
4776
4777
4778
4779
4780
4781
4782
4783
4784
4785
4786
4787
4788
4789
4790
4791
4792
4793
4794
4795
4796
4797
4798
4799
4800
4801
4802
4803
4804
4805
4806
4807
4808
4809
4810
4811
4812
4813
4814
4815
4816
4817
4818
4819
4820
4821
4822
4823
4824
4825
4826
4827
4828
4829
4830
4831
4832
4833
4834
4835
4836
4837
4838
4839
4840
4841
4842
4843
4844
4845
4846
4847
4848
4849
4850
4851
4852
4853
4854
4855
4856
4857
4858
4859
4860
4861
4862
4863
4864
4865
4866
4867
4868
4869
4870
4871
4872
4873
4874
4875
4876
4877
4878
4879
4880
4881
4882
4883
4884
4885
4886
4887
4888
4889
4890
4891
4892
4893
4894
4895
4896
4897
4898
4899
4900
4901
4902
4903
4904
4905
4906
4907
4908
4909
4910
4911
4912
4913
4914
4915
4916
4917
4918
4919
4920
4921
4922
4923
4924
4925
4926
4927
4928
4929
4930
4931
4932
4933
4934
4935
4936
4937
4938
4939
4940
4941
4942
4943
4944
4945
4946
4947
4948
4949
4950
4951
4952
4953
4954
4955
4956
4957
4958
4959
4960
4961
4962
4963
4964
4965
4966
4967
4968
4969
4970
4971
4972
4973
4974
4975
4976
4977
4978
4979
4980
4981
4982
4983
4984
4985
4986
4987
4988
4989
4990
4991
4992
4993
4994
4995
4996
4997
4998
4999
5000
5001
5002
5003
5004
5005
5006
5007
5008
5009
5010
5011
5012
5013
5014
5015
5016
5017
5018
5019
5020
5021
5022
5023
5024
5025
5026
5027
5028
5029
5030
5031
5032
5033
5034
5035
5036
5037
5038
5039
5040
5041
5042
5043
5044
5045
5046
5047
5048
5049
5050
5051
5052
5053
5054
5055
5056
5057
5058
5059
5060
5061
5062
5063
5064
5065
5066
5067
5068
5069
5070
5071
5072
5073
5074
5075
5076
5077
5078
5079
5080
5081
5082
5083
5084
5085
5086
5087
5088
5089
5090
5091
5092
5093
5094
5095
5096
5097
5098
5099
5100
5101
5102
5103
5104
5105
5106
5107
5108
5109
5110
5111
5112
5113
5114
5115
5116
5117
5118
5119
5120
5121
5122
5123
5124
5125
5126
5127
5128
5129
5130
5131
5132
5133
5134
5135
5136
5137
5138
5139
5140
5141
5142
5143
5144
5145
5146
5147
5148
5149
5150
5151
5152
5153
5154
5155
5156
5157
5158
5159
5160
5161
5162
5163
5164
5165
5166
5167
5168
5169
5170
5171
5172
5173
5174
5175
5176
5177
5178
5179
5180
5181
5182
5183
5184
5185
5186
5187
5188
5189
5190
5191
5192
5193
5194
5195
5196
5197
5198
5199
5200
5201
5202
5203
5204
5205
5206
5207
5208
5209
5210
5211
5212
5213
5214
5215
5216
5217
5218
5219
5220
5221
5222
5223
5224
5225
5226
5227
5228
5229
5230
5231
5232
5233
5234
5235
5236
5237
5238
5239
5240
-3.399183203126419 -22.27641358801211 2.226081561956727e-16
4.094499560640378 -5.436510390990438 -1.450871613787376e-15
-0.2009370632703251 -21.08859989323538 6.905073127613799e-17
-0.1799392831977492 -4.922878426896625 -1.442006149180792e-15
7.169032396444573 -21.42734356814721 2.657944041740192e-18
-7.536071581126789 -6.710284768047964 -1.177096783589667e-15
-16.4040611040578 -18.08584776079517 3.993500684197653e-18
14.06063200177711 -9.466744729873772 -1.206813279217796e-15
15.11909822817327 -15.36282296612941 -6.698734963633048e-16
-9.392397333013609 -25.85535246645665 6.368140033030169e-16
7.026216235246214 -4.919032661537457 -1.538236459598626e-15
-14.06199589975415 -9.713282503590733 -8.096286813803223e-16
-16.17790726798545 -20.31660760031265 2.094617877764091e-16
-19.58056285460937 -28.93515485847849 1.060182495503926e-15
9.349176688277048 -21.49426789032245 -2.009230481726104e-17
2.203611939918974 -21.44463245694187 7.033378564143879e-17
-16.53955896878121 -22.51014363591387 4.192714830996908e-16
10.58275116948332 -5.079206202088383 -1.570583585951125e-15
-17.98215081598468 -25.45805682944594 7.139628226314867e-16
-14.78144182357472 -32.17321846159822 1.298950092338539e-15
14.78428067268226 -18.50001648162881 -3.722307082609626e-16
-17.82252384717411 -15.1040458501035 -2.558013766728583e-16
-5.911964435854382 -5.339892280825292 -1.326774831948281e-15
-11.71816825406534 -27.12625097253906 7.865287351740949e-16
-4.875190745073109 -23.94865780348 3.985256236032332e-16
-17.46958794828763 -9.391687179878272 -7.943488683560967e-16
-12.72320208496723 -29.22428507651857 9.959728127689201e-16
11.51942763376208 -21.97786820593687 -3.770218926255409e-18
1.973002256036809 -5.354407136821564 -1.430320162650735e-15
-2.925975089179046 -4.408908504811698 -1.453506186994668e-15
-16.59492110926468 -33.36196851835057 1.434172047154392e-15
-20.41968411268977 -13.13510668448991 -4.052571119999227e-16
15.50244164416303 -12.44336989944186 -9.478128052380419e-16
-10.07948284379115 -7.079131651623601 -1.108788352121795e-15
-28.10382555666381 -7.167890975175808 -8.60696916245901e-16
13.20807590300667 -7.264507716123079 -1.401282274066869e-15
5.232775374293292 -21.82183551777035 6.528545343555191e-17
-19.81754582856838 -31.21936126293365 1.276807250023057e-15
-29.48754632806575 -10.40813407769189 -5.394689262712632e-16
14.89117972849069 -20.37988388621237 -1.979687222382786e-16
-21.35620554997972 -9.814232033781545 -7.031520036745832e-16
-31.6105396783352 -8.254186297435758 -7.125230868129893e-16
21.09723028876504 -33.08058203499898 9.064174233849871e-16
-7.150740825382455 -26.00224745549487 6.207191024091987e-16
-19.19065249622881 -33.69982059752807 1.500279908405933e-15
-4.00869217140562 -32.86241641132363 1.220038540325819e-15
-22.56657360888875 -12.25396206577209 -4.590427486875435e-16
-30.62831756201165 -6.101644319963768 -9.267577438176426e-16
-12.75640358591348 -8.929257488774448 -9.002698633927728e-16
-12.89155785224261 -10.03241021785561 -7.953759446578527e-16
-26.90920837342209 -8.875743188942739 -7.169817500788162e-16
13.38600369928087 -22.72809923458351 4.151010502278836e-17
23.48402650650826 -32.39113955800935 8.102311430061232e-16
8.857868633697791 -4.728781314078674 -1.580384873902373e-15
-19.14419969334489 -26.99021671190155 8.726117066391266e-16
12.23574944398418 -5.371061706627649 -1.565299585758861e-15
20.05104387772833 -27.81492426790732 4.282306054340957e-16
17.85711695048168 -40.6000966703641 1.652264888958188e-15
-13.75914175705453 -31.8081873672618 1.251235175293677e-15
-14.59487676215714 -31.18630587791876 1.20423549777356e-15
-15.52754385664541 -31.57826850628006 1.253274838373558e-15
-15.3441683880512 -30.58723512868566 1.158217566893038e-15
-16.24320370287283 -30.93170165997688 1.202370692112792e-15
-16.0839578845464 -29.97092194188622 1.110461816711113e-15
-16.99516639331384 -30.31541338584352 1.154779222684862e-15
-16.84546189117159 -29.36150857767474 1.063639784200911e-15
-15.93067571255607 -29.01767855766082 1.019336594588566e-15
-16.64786378748756 -28.41967877096481 9.729916446029759e-16
-15.76667295508216 -28.0610659569439 9.277538732690434e-16
-17.13755332380606 -31.26994705732467 1.245880078794206e-15
-16.48679790674352 -27.5093225724025 8.857709163275575e-16
-15.60954067641004 -27.10290665394032 8.361180089773348e-16
-14.85333371447941 -27.71420245805906 8.831864381127871e-16
-14.69762454206582 -26.74228224324833 7.902834723207646e-16
-15.46259049890798 -26.120593508637 7.4236029534294e-16
-14.5406765735935 -25.76578655093656 6.969364214625419e-16
-15.31828540159026 -25.11843065079479 6.467827047362125e-16
-14.39411787012455 -24.76046343293963 6.010335047415064e-16
-13.63809111037141 -25.40490408556651 6.512019036652368e-16
-13.46237825725485 -24.42814569944843 5.57580654024845e-16
-14.22136527832155 -23.79143259625484 5.081738214282952e-16
-13.29232039975327 -23.46801250853154 4.655883565383703e-16
-12.52877578525873 -24.0822670535606 5.128356762980263e-16
-12.3697211913087 -23.10310587834734 4.192114944756939e-16
-13.11526128223523 -22.52779255964345 3.753639184692694e-16
-12.20830230528379 -22.12944249039761 3.260696571613805e-16
-11.44166112801688 -22.74923243412771 3.73793094278677e-16
-11.2835185100137 -21.76848125678848 2.800324507760138e-16
-12.05371466169618 -21.14115920807614 2.316523915990361e-16
-11.12615126015159 -20.7859518600172 1.861159381937407e-16
-11.89618888244873 -20.15894472850091 1.377632007190865e-16
-10.96801884456558 -19.80545290460681 9.237900198111522e-17
-11.73786056779101 -19.17830839708841 4.401081970005295e-17
-10.81000236076824 -18.82521258406159 -1.332220989905616e-18
-11.57948771300466 -18.19821011661362 -4.969186999806836e-17
-10.6521886546153 -17.84512649862141 -9.502633206386657e-17
-9.882404395250271 -18.4719720415287 -4.668532520508335e-17
-9.724774180512135 -17.49197971640336 -1.403682326755686e-16
-8.954985963525532 -18.11869073792777 -9.203985024836284e-17
-8.797460650215159 -17.13925814397872 -1.856690520829928e-16
-8.028028123122457 -17.7654972457225 -1.373800411028988e-16
-7.870102095243489 -16.78610979255812 -2.31010355395745e-16
-7.100819442688127 -17.41412061473644 -1.825537732484536e-16
-6.942408168716224 -16.4328537078918 -2.763661887786929e-16
-7.713700697446613 -15.80702870659516 -3.245917542289444e-16
-6.784538811385883 -15.45280492344193 -3.700575542503508e-16
-6.014709226478769 -16.07923533144167 -3.2175594709414e-16
-5.857037717910074 -15.09908489081311 -4.154541807213586e-16
-5.086902516358616 -15.72573497379436 -3.671361096362115e-16
-4.929268823574014 -14.74529068683272 -4.60861301752439e-16
-4.158912024892659 -15.37210327257753 -4.12530992005386e-16
-4.001408645540035 -14.39133129025394 -5.062850754012181e-16
-3.230176619287294 -15.01938408375567 -4.578505053220787e-16
-3.073275800901434 -14.03741499928147 -5.51708448153242e-16
-2.301620628060012 -14.66566322049623 -5.032612438104689e-16
-2.14476142036396 -13.68345526320546 -5.971409570590259e-16
-1.373559428119705 -14.31079069968833 -5.487730284516586e-16
-1.216050098880907 -13.32938478617304 -6.425864354376238e-16
-0.4449678070948779 -13.95671826320823 -5.942170974532866e-16
-0.2870975464068253 -12.9751813494587 -6.88047548989857e-16
0.4841873519470494 -13.60321055540042 -6.396158867127333e-16
-1.986998086855863 -12.70196441696684 -6.909656807654906e-16
0.6420172437199889 -12.62085935051416 -7.335219012632809e-16
1.413565165197407 -13.24918280084547 -6.850662394615068e-16
-6.626960373092906 -14.47264158405385 -4.637557551294923e-16
1.571393405509818 -12.26660534130055 -7.78993376810421e-16
2.342956387309042 -12.89440275397415 -7.305870765471474e-16
2.185107979339008 -13.87807222181893 -6.365576165742203e-16
3.114485702434228 -13.5221200098217 -6.821878194873567e-16
3.272519436656085 -12.53999774119752 -7.760751505834014e-16
4.044164559258836 -13.16789794292559 -7.276603369089265e-16
4.202222233563496 -12.18560333266893 -8.215640927986741e-16
4.973953270782515 -12.81363238128061 -7.731383806693302e-16
3.886004936803714 -14.15123697762478 -6.336576173640143e-16
5.131975470250295 -11.83125962524159 -8.670489677633744e-16
5.903847828751083 -12.45931286435999 -8.186228750376535e-16
-11.42162687273235 -17.21845302048787 -1.433558622453074e-16
6.061966099663155 -11.47683445309621 -9.125446143435346e-16
6.833759364139059 -12.10497973965977 -8.641088669975384e-16
6.675682460825718 -13.08740247729487 -7.701928810608868e-16
7.605505942457885 -12.73311160237772 -8.15673753071371e-16
7.447429187361105 -13.71554450449214 -7.217568191788779e-16
7.763854579275905 -11.75044186567463 -9.096164376095353e-16
8.377388417661557 -13.36117739770571 -7.672466214902044e-16
8.219235015511492 -14.3437402926216 -6.733165193252103e-16
0.7997810080983623 -11.63878832680436 -8.274008515474428e-16
-0.6024925411044191 -14.93947736118976 -5.002770228282863e-16
-8.185990917314669 -18.74823531310751 -4.343610393996351e-17
9.149191240092108 -13.98935300035062 -7.188081680953307e-16
8.991086591223869 -14.97198024525375 -6.248727006774453e-16
8.061054115628728 -15.32635301920631 -5.793813942800683e-16
-3.387846888891088 -16.00265903785839 -3.638602848335794e-16
4.360191575397858 -11.20345620326965 -9.154528905956835e-16
-10.51407187860093 -22.39455153582985 3.283054966814701e-16
8.832956285431244 -15.95467667036976 -5.309304266393948e-16
7.902836975393804 -16.30900152523839 -4.85442443301787e-16
9.763091741433325 -15.60028372309759 -5.764249884011875e-16
9.604949529871183 -16.58309703524295 -4.824716322186145e-16
10.53510631218601 -16.22864854680319 -5.279716683405538e-16
10.37703529624742 -17.21159107190551 -4.340071836695934e-16
-9.567994912720129 -16.51258001603788 -2.339844350087306e-16
-4.772107528793859 -13.76473234268607 -5.545908683568761e-16
-5.244882259135181 -16.70898032739654 -2.731445382407819e-16
9.462250491548396 -17.54859225439511 -3.903422055818537e-16
10.6930075531476 -15.24523647996062 -6.219777756348347e-16
9.30734113608001 -13.00684859065463 -8.127327578417444e-16
-12.34847630294162 -17.57146904704226 -9.803369884559856e-17
-12.1905486698762 -16.59219388590609 -1.916535401727544e-16
11.30730691159031 -16.85711189459593 -4.795116155808303e-16
11.1492316985639 -17.84019605965817 -3.855338380213939e-16
-13.09240418113565 -16.94892339055846 -1.46316851197009e-16
-12.95486325272047 -15.96670249446665 -2.399407627013646e-16
-12.03221320414876 -15.61363349117252 -2.852120083800309e-16
-12.7998464834817 -14.98796715525598 -3.334714284189033e-16
-11.8750487498559 -14.63561896129644 -3.787038832784236e-16
-12.6171695584823 -13.97106578507797 -4.309369157450302e-16
-11.66933760944016 -13.61573644563063 -4.767544232749806e-16
-13.563310011269 -14.35560471784872 -3.824121112709208e-16
-13.27026368033908 -17.94672270186601 -5.070064980195696e-17
-13.78348000537624 -16.34568241367122 -1.93499018003005e-16
-13.37943609698153 -13.338337375255 -4.799277255563364e-16
-14.3284135968231 -13.72783325254101 -4.30901922602022e-16
7.130979364203006 -15.68069689896975 -5.3389222576818e-16
6.972753483496927 -16.66329827125665 -4.399575634198031e-16
-12.87392367594829 -20.48265129977221 1.810232111471534e-16
-14.17035593578129 -12.75137078041668 -5.242606322291565e-16
-15.10034469317436 -13.11169616628229 -4.782136024219508e-16
-10.94238239455026 -14.27637706068338 -4.246852781396828e-16
-10.79306137739744 -13.30683040876208 -5.172814329369476e-16
-10.02428675150679 -13.93035698062353 -4.692371703826035e-16
-9.868164568904517 -12.95429625235857 -5.62532585126906e-16
-10.61666141126388 -12.3328810227744 -6.106493070995587e-16
-9.708003456799757 -11.97811092370309 -6.55893378513231e-16
-10.47254358679277 -11.35910337788703 -7.035716485421119e-16
-9.551480378899019 -11.00463468804239 -7.489525914210172e-16
-8.785581669914016 -11.62610284072206 -7.010624384259789e-16
-8.627833221118244 -10.65165320082324 -7.942289238004596e-16
-7.861633912381308 -11.27298988445389 -7.463550565147518e-16
-7.690862964138932 -10.33067881122875 -8.36691263919225e-16
-6.934141520008108 -10.92539082588124 -7.911795277994795e-16
-6.754614114014828 -10.0056255640434 -8.795251985860678e-16
-6.006178757257819 -10.57762142737648 -8.360261761293447e-16
-5.839679650708559 -9.622920708543294 -9.274634328422071e-16
-5.081086455510688 -10.22054463940259 -8.817044636179124e-16
-4.923401179167032 -9.241687629617275 -9.75282002030386e-16
-4.15628902674759 -9.861288149164276 -9.275825335346884e-16
-3.998205637755111 -8.882181915270728 -1.021188659842989e-15
-3.228790786287635 -9.506727077629245 -9.730577218616704e-16
-3.070834597336819 -8.527130924421142 -1.06670794161031e-15
-2.300896184387588 -9.151616366687851 -1.018589550284348e-15
-2.142489100573343 -8.172391958704139 -1.112211027070833e-15
-1.371285854957314 -8.800004246966344 -1.063817241783622e-15
-3.824524881423295 -7.91760555447359 -1.113644395677332e-15
-10.40480681357215 -10.43311670075963 -7.910114797321347e-16
-10.19805173765861 -20.43259852648557 1.407456202972808e-16
6.200916487545213 -16.03500472940295 -4.884065842510624e-16
6.042723510891644 -17.01757136685697 -3.944756058245041e-16
6.884353643524962 -17.77877041570014 -3.345343483262371e-16
5.884495441169907 -18.00014610434851 -3.005434035247188e-16
5.112745820709077 -17.37186576592137 -3.489923528676255e-16
4.954644465847906 -18.35421580925341 -2.550828353180485e-16
4.183161397178511 -17.72609615733338 -3.035203138165422e-16
4.024188359220107 -18.68448502154357 -2.118385062249637e-16
3.25109458780583 -18.06969258262845 -2.590090529307033e-16
3.41131837296901 -17.09660216313201 -3.52081443466339e-16
2.482000018229221 -17.45047242018313 -3.06646600782213e-16
2.327020409417105 -18.43561793007036 -2.125173629719956e-16
1.553421949084578 -17.80652972018921 -2.610172154233881e-16
1.711259929585775 -16.8245935890908 -3.548845466083443e-16
0.7822919533882593 -17.17893930109079 -3.094099314333901e-16
1.729250151241288 -11.28436639243113 -8.728892576711377e-16
0.957747429238293 -10.65705555829171 -9.212508861338077e-16
1.887161382270184 -10.30220766739161 -9.667783660380552e-16
1.115590317470547 -9.674871658091716 -1.015141438026411e-15
2.045066325469748 -9.319937563085894 -1.060677799769907e-15
1.273220303137981 -8.692035237944539 -1.109090139113465e-15
2.20293778213281 -8.337447173762119 -1.154597374868886e-15
2.974848075651825 -8.965428881479728 -1.106178471843172e-15
-4.311941820771333 -10.83623990117927 -8.343970036128597e-16
-1.529651105392305 -9.774375984525383 -9.706498308737222e-16
0.6244357175818971 -18.16052053507387 -2.155755245093394e-16
-0.1466719220373323 -17.53306510397545 -2.639559225579829e-16
-1.213540945585065 -7.818390044773329 -1.157653248682071e-15
-8.424225203109197 -9.800949215724298 -8.76440799299328e-16
-14.92049203363528 -12.19020833634414 -5.667245840612717e-16
-15.86349865516224 -12.49637598901891 -5.255657087552346e-16
-15.3075841911757 -14.08798574800418 -3.84216733789177e-16
-1.984974367021183 -7.190983763694511 -1.206024719174408e-15
-0.3012253340498336 -18.52315829980095 -1.693699658245046e-16
-1.075041841967407 -17.88857558983596 -2.183804092774469e-16
-1.229515884092516 -18.87888398796065 -1.237753966189168e-16
-2.00379081257436 -18.24322244022483 -1.728805646843263e-16
-2.16156027348708 -19.22469462459111 -7.905750351554739e-17
-2.933317520073955 -18.5954622423922 -1.275953252413859e-16
-3.075726465367576 -19.55821275534999 -3.572626623032105e-17
-3.859403949513641 -18.94636069886689 -8.248121165113191e-17
-4.019812200446427 -19.93048482457654 1.162479487955268e-17
-4.790002908783604 -19.30290601520846 -3.677933244217009e-17
-4.967301113178119 -20.28100304998005 5.698811299772992e-17
12.07975064913387 -17.4856803990853 -4.310449700536624e-16
11.9215337795044 -18.46884605921189 -3.370576917188897e-16
12.23728039361048 -16.50198210437947 -5.250728845504076e-16
10.9909427268712 -18.82339615078104 -2.915423826685687e-16
5.735148930738982 -18.95714704065309 -2.091193771977732e-16
-5.796806721521334 -8.70999896723786 -1.013351483050112e-15
-10.67231933703231 -23.37486783493492 4.220268931691529e-16
-9.744388167923237 -23.02121904130677 3.766312026444347e-16
3.132811207382304 -7.982865227982054 -1.200106113538716e-15
3.904861212025806 -8.610976355025327 -1.15167697427051e-15
-9.100416622801145 -13.57932379277888 -5.143343896473461e-16
-5.721737543835895 -19.65658270921209 8.66956695066949e-18
-5.880072622531053 -20.63715352482371 1.024159151388503e-16
-6.165055464046139 -11.54399594896459 -7.435993455676052e-16
11.7632667729775 -19.45205087585598 -2.430660869647517e-16
-13.25225397049154 -12.40942802037312 -5.684315601126075e-16
-15.62151351290732 -11.51762344123348 -6.202550124679155e-16
-16.62174887242292 -11.86680142546696 -5.743152071615632e-16
-16.78993820312835 -12.842627490655 -4.808811813122778e-16
-17.55930366592284 -12.21553411226977 -5.292509214710776e-16
1.431016745006875 -7.709469110251488 -1.203015794389719e-15
-13.99010921890663 -27.2941066799729 8.324417629076295e-16
4.076421500093398 -7.670842661847237 -1.241820194672237e-15
4.837209022476851 -8.26353553386479 -1.196551254002691e-15
5.029546954402726 -7.19100541874279 -1.299344090504063e-15
5.765037180257937 -7.901878684376023 -1.242693971888647e-15
5.607428142039637 -8.885805646976484 -1.148643632165754e-15
6.537154135255044 -8.530231430104184 -1.194243142705843e-15
6.70042364334242 -7.561362516435931 -1.286961530182314e-15
7.467985141154369 -8.177796107727955 -1.239564007034903e-15
7.626083038090573 -7.195601194529369 -1.333458980797314e-15
8.388637715853045 -7.832375212020663 -1.284093919625454e-15
8.237757485514543 -8.805582764461146 -1.191134889282284e-15
9.158383161856401 -8.461763024018309 -1.235514807058064e-15
9.008840238817369 -9.433461616443225 -1.142714589084085e-15
9.938005644209953 -9.079261889104597 -1.188178187775711e-15
10.09795354503503 -8.094832543366735 -1.28230659432224e-15
9.781570859250955 -10.05934780071475 -1.094502438154702e-15
10.71087468162552 -9.704907837143914 -1.139990329775944e-15
10.55322823901734 -10.68668467091323 -1.046140434047357e-15
11.48242405190994 -10.33198519632937 -1.091651141469984e-15
11.32466739458335 -11.31402615930554 -9.977750950827504e-16
12.25364016282751 -10.95938233522029 -1.043277634261045e-15
12.09596976966626 -11.94106234523224 -9.494364686178969e-16
11.62886399530457 -9.3405837743821 -1.186251417465192e-15
13.02488753729067 -11.58676380965463 -9.949060069147267e-16
12.86718049807119 -12.56859572957553 -9.010501568966045e-16
11.93838052211152 -12.92352298100476 -8.55523428673666e-16
12.70968733059617 -13.55090769158999 -8.071522896028059e-16
12.69394293032286 -19.09751808843932 -2.885809110803291e-16
12.53565651827511 -20.08083303059846 -1.945787563062711e-16
8.626782725648681 -6.95068393108499 -1.369661213215084e-15
-23.74121817760591 -10.45783332383593 -6.112735687854389e-16
13.04359896309549 -17.13636989788714 -4.765130655056815e-16
0.4927477331378314 -19.19738234542399 -1.169229802118302e-16
13.17290497127698 -16.14759627631682 -5.706398084158945e-16
-17.88483047920542 -30.66009719073126 1.198827978241832e-15
-18.03864172222896 -31.61666962358331 1.290271357444781e-15
18.2568232146113 -26.72813402503423 3.505343130181805e-16
22.52854092342069 -34.73271336792601 1.041776183533022e-15
-19.44136730983491 -8.544641473522862 -8.472774403516948e-16
-1.863557034616075 -32.81583323269101 1.187146140397247e-15
-2.332856525130258 -20.11797554046382 6.703548777445893e-18
-5.129062534102143 -21.26106673292835 1.507326509447366e-16
-6.038699118444398 -21.61755810518828 1.961506047320442e-16
-6.804856990355892 -20.99126561094147 1.478130378149537e-16
-6.96308003305411 -21.97157603503336 2.415335604220141e-16
-7.731948875498753 -21.34485544178173 1.931920520775318e-16
-17.7186118563402 -13.19497666599083 -4.355970693910335e-16
-18.4891221125708 -12.56826234984124 -4.83916153688434e-16
-18.3316552531433 -11.58753543019672 -5.77665539861503e-16
10.83263848807253 -19.80655559370846 -1.975545230040387e-16
13.63901941157377 -13.19633004871409 -8.526534240821634e-16
-1.054878380257395 -6.831442344754822 -1.251999909449005e-15
-1.828057436482689 -6.20793900231142 -1.299983404414757e-15
-19.2108234955539 -11.94886354651723 -5.322009168631262e-16
-19.09414954336388 -10.96083332374272 -6.260901277385293e-16
-20.07195822486172 -11.41964217085969 -5.702030673247677e-16
-8.385659297866496 -7.280603686137603 -1.112494335770408e-15
-7.551492004797525 -7.737308974487036 -1.080910445667658e-15
-0.9175866265612953 -16.9061700975423 -3.122865125860691e-16
-5.561452964679743 -18.67640886437033 -8.506561829869644e-17
-11.39860805041489 -11.65288240771823 -6.637959586273359e-16
-3.703812477065321 -17.96778112780001 -1.760049658283566e-16
0.9401490242963635 -16.19732184786721 -4.032477343592424e-16
1.869262601878351 -15.84320566300803 -4.48702836017945e-16
9.623849697898676 -11.04144245411573 -1.000621846334992e-15
13.48954334526994 -14.1803882493008 -7.586990207261193e-16
8.081061003899082 -9.785717374962541 -1.097451106856284e-15
10.06161094574137 -19.17810498741106 -2.460289913847386e-16
6.359190965404308 -15.05242961178557 -5.823394394909496e-16
-2.756649765415407 -6.563414376820654 -1.254408213551508e-15
5.429137986089732 -15.40702971478758 -5.368266151341921e-16
10.07907200150187 -13.63496381654842 -7.642989896754593e-16
6.379101781395129 -9.51278902960027 -1.100314879776974e-15
12.5533118533809 -14.53366877362667 -7.132273193024265e-16
-14.45365670084833 -30.21751227187178 1.111817494697025e-15
-8.017026754693166 -12.24805026636661 -6.531628329235749e-16
-7.889896205227569 -22.32512350423469 2.869049476580115e-16
-7.120302315460632 -22.95194964773426 3.352466742157696e-16
-8.047731291835595 -23.30534825945226 3.806123026482148e-16
-7.335309459342073 -23.92285683029789 4.288438683832112e-16
-9.257335733405297 -14.55628431382407 -4.20944281857477e-16
-9.586214756846422 -22.04084804590439 2.829056796085176e-16
-17.64836116619889 -28.73102874096432 1.015399695289688e-15
0.02514924875363111 -11.01346800212718 -8.755348269102815e-16
-8.205773347016514 -24.2853965402937 4.743059186320469e-16
-2.772421121750277 -30.93135756105361 1.02312285195673e-15
-5.375809881573019 -24.83256470570251 4.877919428490276e-16
-6.726378160942804 -7.240077794563958 -1.138356832473886e-15
1.540701501107129 -20.9623870898575 3.408462548460781e-17
2.244580190981641 -20.47169244651036 -2.113796923708607e-17
3.070091382194077 -20.959233348791 1.344284331957201e-17
-26.05740959958857 -11.03836913314494 -5.2620455682768e-16
14.03387146763091 -16.76643791496604 -5.242599025190843e-16
-9.889607040539317 -24.05526264104191 4.752003846498103e-16
-10.83088564880547 -24.35781896659131 5.159987716011107e-16
-2.851112694680123 -34.41406856977493 1.349648684172148e-15
3.367200199484309 -7.099682171296942 -1.285762851787849e-15
-28.94949400771052 -5.326155641925309 -1.021566636431025e-15
-22.83562914532927 -10.38553952647796 -6.300778132050052e-16
-16.96743455280662 -13.76455530250082 -3.92360429305638e-16
19.36697599431445 -41.13639685277954 1.682297946598947e-15
-19.8600488700675 -10.39884122755665 -6.684219007696269e-16
14.43686816719787 -13.80052326385183 -8.068027754359649e-16
-5.23353869805185 -22.25813231200526 2.453039869184327e-16
-14.04502383238969 -28.30784332455328 9.279117353421698e-16
21.21016053504286 -32.27871632461223 8.299761388433446e-16
-12.23263121860636 -8.012538415275758 -9.929106957090292e-16
-11.77375482105928 -8.883662190515956 -9.17604187938297e-16
6.760476909421775 -6.632299485133754 -1.374586642357783e-15
15.14529623962936 -22.53007468750746 -4.020808210225541e-19
-31.5311194576803 -6.477143944603399 -8.796542909119025e-16
-12.36486727955068 -28.04396435339167 8.808979109266435e-16
-16.21264566192914 -25.6001754202636 7.037030557823798e-16
-16.07672205528407 -24.60218583780937 6.086269888102549e-16
-4.665837711204087 -4.495225681436299 -1.42229217893262e-15
-15.05717251790321 -10.02812270912812 -7.669652361196731e-16
-14.20882370424751 -10.78069603684366 -7.079194862661326e-16
-7.574437380686421 -20.36448152801783 9.947506245751066e-17
-0.5975208725070379 -9.418838910804933 -1.016277856251822e-15
0.5011855423340377 -8.064041002623757 -1.157508556997735e-15
0.6561536359334363 -7.086010011592746 -1.250972749837199e-15
-8.33227362283516 -14.20472045875146 -4.661069531184198e-16
1.097879052467109 -15.21498725585171 -4.971508677553896e-16
10.2372473339125 -12.65204483020361 -8.582626623466087e-16
-6.489770465926336 -19.0282702941677 -3.983182719531763e-17
-8.502209421441764 -20.71796920282893 1.448535784750247e-16
5.587406707339504 -14.42435188274989 -6.307689930278333e-16
5.448737347902898 -9.867102062692149 -1.054824740121291e-15
2.658794907582902 -10.93000381668505 -9.183731223577076e-16
3.746692892154423 -9.593375737568049 -1.057761954789961e-15
27.23602311650587 -33.05626216774042 8.224739172722545e-16
-15.93271092156117 -10.08283586290415 -7.502037960840745e-16
-30.68270043544442 -7.077282750067679 -8.348553379300116e-16
20.03102802086947 -28.72184322614265 5.132535706741222e-16
-29.80526390285856 -6.697330595236559 -8.820374432800189e-16
-29.72450104631504 -7.749377481482591 -7.847922204477049e-16
-6.226826456019831 -26.40164137904103 6.457529256644691e-16
-10.35316556693844 -26.08054077145147 6.706412044559262e-16
-18.92663122770619 -10.0131524383953 -7.168849011469212e-16
13.43773618773815 -19.72164097325662 -2.401485668780927e-16
13.2871972570621 -20.69109382170506 -1.475449753857213e-16
24.36651948475613 -32.69285741583909 8.266876603514064e-16
-3.521002093361289 -35.25918956818835 1.437542219200734e-15
-11.02952905831867 -6.568882594927522 -1.143834551770307e-15
3.070605748121762 -20.00036735333685 -7.617541609954788e-17
3.90545103937744 -20.51651803736879 -3.904503978366142e-17
13.21944535037254 -8.079542534396168 -1.325263949109953e-15
12.41952486671368 -7.855393587008929 -1.335569762685741e-15
-19.52875462645113 -29.85315488800519 1.145285499423489e-15
25.90992114786996 -32.65378623632281 8.025027785460783e-16
-17.83834548937027 -34.04541310159762 1.514586338562434e-15
15.21130100063695 -11.05302349301511 -1.073875147357282e-15
-4.782809610752043 -40.05712352007979 1.90272323609349e-15
3.633419357417364 -22.26910627664037 1.283632984342213e-16
-11.2838131093345 -8.100090519099034 -9.973515631937995e-16
19.16340016703124 -39.02487795281814 1.48767301698064e-15
-18.64689431648996 -13.51833511062156 -3.930275086313088e-16
21.87499730176856 -32.58344970070068 8.496101778688603e-16
-10.80461632250899 -8.970255800119919 -9.224049751431282e-16
-20.00350719680468 -32.57297678131315 1.405784263222657e-15
-12.6140813675203 -26.98988291764588 7.857036280778338e-16
-12.16991306153781 -26.1548220089259 7.017532649349472e-16
-8.385823600501537 -8.18618034280734 -1.027860921808856e-15
-30.53511689933287 -10.68246666713517 -4.998940947229587e-16
-30.34646653459521 -9.598672327258974 -6.036905768338131e-16
-29.24053736856575 -9.427357069337869 -6.344142642122654e-16
-8.244793117352852 -25.74016181807876 6.107810300480158e-16
-13.15495686562935 -11.08380016075097 -6.936133773738738e-16
20.44451395528702 -35.13148535752934 1.106769622365001e-15
12.27300810748477 -6.925839257175312 -1.420492575861921e-15
11.5436343446635 -7.453726377761296 -1.361454947923673e-15
11.36901417984389 -6.51703410786769 -1.446670953191891e-15
18.78721223574033 -42.08559551525676 1.77871909014e-15
-28.4553970509439 -10.14410594834405 -5.778755827660698e-16
-27.43918371487051 -10.43778838460081 -5.639490402463964e-16
23.5507597921482 -33.33524131268342 8.975749364396069e-16
-7.511839140188598 -8.652183574134412 -9.959378154265887e-16
-24.73324137226718 -10.49622118956577 -5.944881016307676e-16
-3.473519023119983 -40.70161443171266 1.945535693990339e-15
-6.382386252072529 -23.6147041870226 3.87367554005191e-16
-28.48025248185024 -9.106281143218428 -6.745354661992137e-16
13.10990415550445 -10.57643404813831 -1.090458064923658e-15
18.99577354477456 -28.3222259007274 4.896801412679977e-16
-2.524305110408287 -21.76397162555729 1.630781712641498e-16
-3.406968407338995 -21.33373443831275 1.346130662072864e-16
1.550157554271369 -6.774626006579063 -1.29196718920163e-15
0.7581471883574302 -6.189594196858893 -1.33610477092695e-15
17.27518737673676 -27.85402334233186 4.688147090857151e-16
-11.31719712807562 -9.851990777926089 -8.331824960484486e-16
-17.22341638825678 -15.99545985119211 -1.804642713696152e-16
-16.67005640853258 -16.9322908264047 -1.002740687925849e-16
-16.25332859170821 -15.94657620061435 -1.979387994338574e-16
-15.71506222534182 -17.31590162922355 -7.712875361798231e-17
-15.4130208742128 -18.30722907156874 1.149800041714043e-17
-14.81100737532557 -17.4661121423113 -7.511830890561823e-17
-14.27002715385915 -18.35476613105142 7.341841848979818e-19
-15.05369274274731 -19.21725687365918 9.176470116420889e-17
-14.08130212479741 -19.40479381619689 9.635436945146644e-17
-14.73457525720754 -20.05757337091108 1.660514522833553e-16
-24.22454232060881 -11.85911219043505 -4.738860248373925e-16
-20.51942786502977 -8.981084284275395 -7.921468579020022e-16
9.923068728741097 -20.12349941755348 -1.558333989225436e-16
8.952722277057019 -19.54645389300621 -1.968520289563481e-16
10.67430437231687 -20.78971493671192 -1.035662751940623e-16
17.20241795852941 -26.7992800917713 3.712111509186673e-16
-16.13625208786545 -21.38542437298394 3.08794540406487e-16
-15.52683092997625 -22.31334497676177 3.87406179154644e-16
-15.06518727126689 -21.4612470122696 3.016311147988842e-16
-14.57765242936251 -22.20607608297032 3.647533998557773e-16
-14.12736334124469 -21.33128747207597 2.770088286045807e-16
-1.79166045248071 -21.3126358621962 1.11151181808025e-16
-17.3048874712173 -32.17418827635478 1.332612721066572e-15
-18.19102974262467 -32.50079168511365 1.374924907668072e-15
-16.73381250493711 -15.18421570989327 -2.62793299981095e-16
-18.70188834755672 -29.37507899700448 1.089605967576735e-15
-18.78252515311385 -28.42596899413905 1.001979098034734e-15
-17.9559439475066 -27.80335104529805 9.327950911529161e-16
20.8954455867593 -30.04293825437158 6.252170894922292e-16
-26.24187146856578 -9.573631101943388 -6.606384718876565e-16
13.67230616037651 -18.75950347352728 -3.331864493386252e-16
14.04368808672921 -11.11193700716079 -1.052835392282384e-15
-3.925086052540838 -31.87619615342782 1.126758416254356e-15
-3.054833208317942 -32.59014514257741 1.181903092734974e-15
-4.220024802233858 -29.74049664594325 9.310891679332227e-16
19.29055375291025 -40.07050640081576 1.58370121707719e-15
-4.431613030221552 -38.44314819558289 1.747215841684838e-15
-15.97868599095845 -23.48094480736995 5.025364382898611e-16
-15.12909293779926 -16.62569499073233 -1.494281954717275e-16
8.262883959271957 -21.22542110596313 -3.076547780994141e-17
7.524768917334067 -20.46426675883059 -9.207972545117219e-17
6.541407881941598 -20.64013800200635 -6.256090561025985e-17
6.951504583407456 -19.77371580006226 -1.489888682464923e-16
-12.7455414094593 -30.29356507227202 1.096200240944938e-15
-3.901430139664738 -34.37162588437408 1.359655630438089e-15
-27.50278708506817 -7.990024836669178 -7.918601196037467e-16
-28.58659968943157 -8.017538343474174 -7.748697534374968e-16
3.051450376319923 -5.484166488598674 -1.432541127028057e-15
-19.16118121692988 -31.93674283814501 1.335118296213025e-15
-4.336598493471112 -22.97586661280664 3.004473726307991e-16
20.82726482360529 -34.11709495445866 1.006877009482118e-15
-10.18587038828161 -8.137170559761804 -1.008493286803751e-15
-9.813442226497461 -9.161376194264003 -9.177303091005368e-16
-2.582596633457933 -5.460364896502112 -1.35980999474586e-15
-3.43769922906172 -5.860976526922178 -1.310994276637385e-15
-1.675849697565879 -5.313553237019557 -1.385593756968457e-15
-17.50541442188835 -24.47476695583768 6.157263428566189e-16
12.27374268855113 -21.20450946135076 -8.608036939512191e-17
1.254134875995425 -20.00326805646076 -5.17379479208284e-17
-31.34933870168578 -9.242773670282419 -6.236090661455563e-16
-3.840771849435097 -30.8776875140582 1.032320453497903e-15
-7.505154858096613 -24.95319454181349 5.273943463247279e-16
7.939247095168269 -19.56781681063155 -1.813722410251204e-16
7.241085223376909 -18.82237951991208 -2.417491795462462e-16
8.293489228318418 -18.7323353676912 -2.641655250427219e-16
-21.52156834650941 -12.71486340832218 -4.298717081961764e-16
-21.63139680991137 -11.80260967081496 -5.136657859387387e-16
14.35141935001558 -19.47598859685908 -2.752618293565693e-16
5.073888496920776 -5.324189860051292 -1.474398417481192e-15
-15.58013729126791 -15.12384363527455 -2.837839381613436e-16
10.47044476992185 -7.188668948069783 -1.371948309170147e-15
10.46584776905253 -6.095169096198888 -1.47408085736653e-15
14.12954211612137 -15.78117613298937 -6.176109584811613e-16
17.28345287173268 -42.35796356464626 1.824179473309523e-15
-20.78107761882305 -10.6750933547334 -6.303511937089978e-16
-1.901655699029465 -33.90025656337939 1.288998461046696e-15
-17.05229306338351 -23.52605835759368 5.210358527361816e-16
-3.141511099161099 -41.57779656816266 2.023002795897478e-15
19.11434318782748 -37.94944508242857 1.387820426584791e-15
-4.281078476490515 -35.97002688064602 1.5140860393345e-15
-23.35917875788813 -11.359606992908 -5.320804147963424e-16
9.672311358629166 -6.694873750121085 -1.407477855585429e-15
9.553422762316687 -5.652577011607799 -1.50330464636676e-15
6.197989471782719 -21.59328161619275 3.108457046888952e-17
5.576207024379865 -20.87864383947322 -2.743013444740225e-17
-2.652473351921691 -33.45411937166598 1.257293332938788e-15
15.39016002922791 -23.65651064767263 1.016120154763321e-16
21.5201505414614 -35.05985116277787 1.085764703926836e-15
-20.7195918300348 -12.16129079349801 -4.922756990686619e-16
-16.10257699809145 -19.22881184627737 1.067989648523354e-16
-6.430538185592416 -25.19752821345762 5.359319697602853e-16
-4.978864136660873 -27.66250519563568 7.46984808719949e-16
4.689546127955385 -6.240281066708671 -1.383671243592073e-15
5.707294085092373 -6.141074702185658 -1.40648278425633e-15
14.89718244325786 -17.3741555400959 -4.789507892249279e-16
15.01605871743866 -21.50797069530742 -9.420406356234941e-17
21.35742286350853 -30.88820095935768 6.980654807168584e-16
-4.423962085737988 -28.68993865366017 8.356218067585516e-16
-6.59913073306151 -6.18885883526111 -1.238292055737559e-15
-5.608293829295764 -6.286147687133414 -1.242381988655515e-15
-4.925819232425544 -5.53622549593435 -1.321546093956709e-15
-4.72312249413946 -6.547035929644936 -1.229776861269725e-15
-5.291119290811542 -7.211482843527757 -1.160123916994894e-15
-18.55228457868591 -26.22438344767013 7.931654281178831e-16
-17.65896415924498 -26.19272655698828 7.783221529951688e-16
9.112115244899051 -20.58582331339755 -1.01837683839237e-16
14.99765112754307 -16.35885847841872 -5.751726440862389e-16
-12.86272556738072 -32.16182596338496 1.272358742628004e-15
13.28875397623697 -21.72614248395522 -5.083457137007552e-17
-29.99635429696015 -8.680275760759372 -6.941778008966769e-16
6.07552046845644 -5.099997464757898 -1.508676197625728e-15
-9.274501023880482 -7.732608311278425 -1.05842678709754e-15
-10.08756842003038 -25.09794609009534 5.752786969727912e-16
-9.056461984835707 -24.93969674141146 5.467715360266411e-16
12.54214032003451 -8.841127253587077 -1.245078691085437e-15
13.93063465904515 -17.78332593258261 -4.27852536677786e-16
-13.5997185259918 -29.81587393889316 1.062921316951589e-15
14.35103914336449 -23.14976681940173 6.807845113524026e-17
-0.1179189878020763 -6.516737641532708 -1.29387616759753e-15
-15.15219451387112 -24.14396315214767 5.535035623119267e-16
-4.317443410472894 -21.86177874004728 1.96074759761194e-16
14.57729047689242 -12.81314919538278 -9.009466138408734e-16
-15.81888963423305 -32.70780534780237 1.362712477095808e-15
-18.52758865690178 -9.108185753273563 -8.067679978883036e-16
-8.344322806889135 -19.73483606373906 5.087373313702855e-17
19.95803927376679 -29.77609652491593 6.127505109520122e-16
-6.331471258498132 -18.0442698339034 -1.338982177191544e-16
-5.402995295139728 -17.69206734876343 -1.791659905456244e-16
-8.489947973349047 -15.18302993318647 -3.725807303192383e-16
14.62448947171687 -10.28561230379075 -1.137787078382337e-15
14.29830132382031 -14.78412246930095 -7.130364043733992e-16
-17.77589475462883 -29.77379245093147 1.11454853507111e-15
2.027200986786344 -14.86111081625298 -5.425863358561656e-16
2.798483408849881 -15.48907346333189 -4.941608609342071e-16
0.1687338684107482 -15.568593825339 -4.517429720238713e-16
-14.01914902223598 -11.78490781115335 -6.165936895714712e-16
-12.29599098626568 -11.91309717546663 -6.27538617518949e-16
-12.07128652767369 -10.69884755311186 -7.44006543670688e-16
-12.44351139958874 -12.99134523864751 -5.248076602029648e-16
13.33942361395023 -15.15716764061273 -6.65416299667021e-16
12.39847031573524 -15.51706843763703 -6.192630775041833e-16
9.465645010440566 -12.02404906184096 -9.066869766610653e-16
2.224596505905001 -19.4624761642087 -1.1518903927495e-16
1.255805094654918 -14.23310794161171 -5.91014060660839e-16
-3.775090521986806 -6.819055763083244 -1.216967723888086e-15
-11.26384029173665 -16.23924474234826 -2.369675764197126e-16
-10.49435544293105 -16.8655398944748 -1.88674023305922e-16
-10.33849812014119 -15.8863536673231 -2.82258009784447e-16
10.39511324879207 -11.67032489779502 -9.521101601887052e-16
8.694564532068672 -11.3950283363997 -9.552140216173124e-16
2.956543901272011 -14.50611885422605 -5.881263349180429e-16
3.727860395829865 -15.13407771384243 -5.397016672571967e-16
11.00888990566302 -13.28015725918523 -8.098279809059209e-16
-13.70661467074159 -15.34178876607083 -2.88341140081175e-16
-18.18783223263606 -10.66406204473063 -6.658827434613854e-16
4.901022831441992 -19.28284872079127 -1.67583486866239e-16
12.37709662327437 -9.93862008417417 -1.140316071825074e-15
6.992072997405183 -11.12264839951562 -9.580194607871481e-16
10.82912683203958 -8.766032490688801 -1.229306737594728e-15
-2.775796069723137 -17.61413735037208 -2.214013215728971e-16
-3.546203807534441 -16.98523162471552 -2.699265693128762e-16
-2.617254943687747 -16.6324787181197 -3.15252073599679e-16
-2.457600642233884 -15.65054626824396 -4.091432251403241e-16
-4.474536334039533 -17.33820585033577 -2.245885812892557e-16
8.535754113891469 -12.37860526187704 -8.611804116370292e-16
-10.04080454854004 -19.45208691722556 4.701927858989008e-17
-10.3565924544321 -21.41358956928735 2.34533976893095e-16
-6.196727539591506 -22.5977957163978 2.898617333152633e-16
5.271040871895408 -16.38954229903211 -4.429019636407877e-16
6.517443870209343 -14.06994161304715 -6.76263865973436e-16
7.922279491301145 -10.76804722567639 -1.003534427582105e-15
-1.846281299782559 -17.26075841100526 -2.667928609716583e-16
4.341246910397711 -16.74364225983269 -3.974393263641948e-16
0.01110249467369062 -16.55157393399968 -3.577808239707559e-16
-12.62958416664575 -19.47919123820526 8.399352884329145e-17
-5.699635851072945 -14.11886869965027 -5.091549717841183e-16
-6.470618297466217 -13.49391121810132 -5.573035879827325e-16
-7.398994617998442 -13.84806520985353 -5.118547615465691e-16
-7.244165753214755 -12.87033715153892 -6.052887913169449e-16
-5.543614533938475 -13.13998770922642 -6.027126139604565e-16
-4.616604459764477 -12.78588267035667 -6.481386888934529e-16
-5.390416028417524 -12.16280357395817 -6.960741207182819e-16
-3.844679056380539 -13.41068255804172 -6.000173458542805e-16
-3.688394001225673 -12.43134553728825 -6.936211154061705e-16
-2.91595068128512 -13.05651512873698 -6.454721118493704e-16
-2.758030589015375 -12.07555674812116 -7.3924915917394e-16
-1.830321856580764 -11.72265070539484 -7.84572476148515e-16
-2.608371131673371 -11.09949838043965 -8.324583730241391e-16
-7.557736016018007 -14.82804846931373 -4.181579180988358e-16
-11.60047585250597 -23.72882302082297 4.674542157871102e-16
-11.73395610819589 -24.66822224658645 5.570221782258393e-16
7.308909000401965 -9.158792317678934 -1.14576804424381e-15
-0.7599291888655535 -15.92284780982378 -4.062809859509113e-16
-6.647922798107782 -20.01033217886351 5.405143851394609e-17
-0.1297899500728119 -11.9937230546924 -7.818631674377049e-16
4.657614736394277 -14.77912239724176 -5.852437152225216e-16
4.677223049997551 -9.240327664016331 -1.10313608166888e-15
-11.10589838012865 -15.25988381562507 -3.305956229851377e-16
0.3435483668901371 -9.04645137473212 -1.063599576841382e-15
-4.632033988203595 -18.32062165089081 -1.306809500092058e-16
10.22277360571235 -18.19205125421551 -3.403253672594588e-16
9.921052566573778 -14.6174637412034 -6.703765547390591e-16
10.85097873946934 -14.26238787592636 -7.159321547180134e-16
5.745689669078654 -13.44175655929788 -7.247038494863139e-16
7.7627898888408 -17.28224796538531 -3.92623903143031e-16
-12.60881786999841 -25.17684799086869 6.161952988543054e-16
11.60494629026882 -20.43526824304266 -1.490725978431987e-16
8.694719572655503 -16.91530970403308 -4.393147654714578e-16
-7.417187837219022 -19.37963413370996 5.343485947156858e-18
7.289248866490139 -14.69809802537159 -6.278272349428296e-16
-1.423897451513368 -19.77392931159223 -3.754232279386547e-17
-6.172880941776027 -17.06192119402221 -2.278141092711411e-16
1.412726198520306 -18.84429912523781 -1.621600117187221e-16
0.1610196273013473 -20.19063859784615 -1.968428079686387e-17
-0.5006520727440975 -19.48891743854292 -7.646116744767747e-17
12.89029452357971 -18.12187397512226 -3.823726040624957e-16
-12.92509061588262 -21.5520714948883 2.816472651735425e-16
4.815805646609584 -13.79633302352008 -6.791954821131569e-16
2.640349460066995 -16.47060928131393 -4.003270036892053e-16
2.816704065406722 -9.947705129784083 -1.012275283365209e-15
2.500857723344811 -11.91218307686625 -8.244817495841408e-16
2.365860552850497 -7.381011541940393 -1.246149189275426e-15
-4.316547305141919 -16.35548584777968 -3.185311792196819e-16
-17.86227801586426 -14.13394573720876 -3.459337937520849e-16
7.806429906094063 -6.232272615009292 -1.425886790601583e-15
-4.902480893027454 -8.164650421862433 -1.076215506337503e-15
8.852027637205982 -10.41384080138539 -1.049006404938247e-15
3.430483495410335 -11.55783624231765 -8.699652210028795e-16
-2.925760538959475 -7.53176372353288 -1.161660670162079e-15
-9.113680869760431 -19.10078160198006 1.853342165577023e-18
-17.39805703314569 -11.26729942331489 -6.200140122881132e-16
13.80648529382384 -12.18842227677507 -9.490760409532358e-16
-3.537141033646966 -11.45533035468578 -7.868474934744341e-16
3.569788843975422 -16.11602413980734 -4.458302665190486e-16
-0.9059773697701159 -11.37065270849778 -8.297661731155992e-16
3.588546103222988 -10.57559129626594 -9.638644011290856e-16
0.3263213245899466 -14.58548132317764 -5.457169087132382e-16
-15.01986727750261 -28.66974069906905 9.747024243900309e-16
-12.50676662274965 -18.55114399877901 -4.371669644978874e-18
7.150549996616434 -10.14052569730185 -1.051912729614853e-15
-1.059372484761215 -12.34892617019727 -7.36300246982465e-16
5.290341966748549 -10.84905676293566 -9.609482578709061e-16
4.518622155904044 -10.22148495445796 -1.009331387695968e-15
4.499464958532318 -15.76193337212611 -4.912904768078533e-16
-8.942470001655114 -12.60225306944128 -6.077484664908512e-16
-19.4175882668269 -12.92177846652052 -4.385257451123441e-16
6.220461698288559 -10.49482606752363 -1.006427447085784e-15
-10.18034721488878 -14.90690926412608 -3.758966381530124e-16
11.46572434290011 -15.87299853185694 -5.735901303294089e-16
-6.704339511133728 -8.233295122366879 -1.045828293961425e-15
-14.52199540383087 -14.71978977567 -3.356225925607569e-16
-1.530725656095062 -15.29386006185993 -4.548087274690317e-16
11.16671136245479 -12.29685641212107 -9.038226326359248e-16
-8.172557895532965 -13.22545832478845 -5.597493658406175e-16
-1.688226234197795 -16.27840243029083 -3.607023175691128e-16
11.78090472442362 -13.9060901171375 -7.616019450125396e-16
-16.03683469986276 -13.44485427243496 -4.346190147798758e-16
-8.641487262115524 -16.16086232986495 -2.791807141571043e-16
11.62357339282992 -14.88910894795025 -6.676401699260655e-16
-13.86464880906179 -26.36259420603902 7.437175580141234e-16
15.26164080778053 -14.35964223163058 -7.655227646775069e-16
-8.959839849268862 -23.71431668407988 4.309674191117506e-16
-15.19522841994079 -29.62565392333943 1.066370897333013e-15
0.1820929876526125 -10.03348523675845 -9.692077080733085e-16
-8.814181923780696 -22.68425940638589 3.32764940132844e-16
-7.258878007461456 -18.39667123922458 -8.862607954310551e-17
-16.33159508503988 -26.58169059254285 7.970136715043381e-16
-8.657021271582492 -21.69870090333735 2.385680891261348e-16
-0.4424085252984313 -8.441646334883311 -1.109665613641466e-15
-13.63811771145518 -30.75681580665733 1.151368486639107e-15
-9.271769327935221 -20.08289641715963 9.574070474439065e-17
-9.428643161649434 -21.06443377750054 1.89557941524074e-16
-18.82030245719706 -31.04688993669431 1.247421480527498e-15
21.89794580597603 -33.73595520816564 9.570129872705405e-16
-0.2877323778234877 -7.463444092540538 -1.203141926818771e-15
-9.412601869436664 -15.53433658739376 -3.274741348800019e-16
-0.8209825968244656 -5.730127954904038 -1.358035685058575e-15
20.04261741676281 -36.26009543591707 1.217591420393757e-15
-7.092783737248359 -11.89466897839734 -6.984844562643236e-16
9.265896802204189 -18.50196342171434 -2.986320166948644e-16
-16.38478113974113 -31.87304845513773 1.292228390990661e-15
-6.31803394933681 -12.51955816790723 -6.503923431614043e-16
-32.13681767268348 -7.326228132267087 -7.922443749435292e-16
-5.238898252404046 -11.19022920046369 -7.889824588565165e-16
14.21910639300396 -22.15217696202995 -2.339669053865528e-17
-4.464384529623578 -11.81096188634271 -7.412756537608708e-16
-25.13400607647983 -11.29639117553882 -5.143759340888992e-16
-3.384248581767788 -10.48009616170668 -8.800226954197741e-16
-14.64814654347999 -15.79271230813 -2.336736334578815e-16
2.516523584051011 -6.363256529488985 -1.34326854049797e-15
-2.4552062433939 -10.12725208527063 -9.253579636283587e-16
-1.682168516829529 -10.74815492230197 -8.77615620254779e-16
-0.7513459380154571 -10.39316262750261 -9.231753359132522e-16
-9.47207625812459 -9.998475449192121 -8.440402218189718e-16
-16.4789913981868 -10.87044648336184 -6.693294257787298e-16
15.37844724068297 -13.38669561014142 -8.580040907673986e-16
-19.65518077993518 -27.90265954438982 9.646827246300258e-16
22.64078987035281 -31.98237416251456 7.832481641252055e-16
17.50972018129643 -41.51913842318725 1.742776282638036e-15
18.34317383143259 -39.66703221211904 1.558598256497706e-15
0.8852489270929189 -5.257765088163408 -1.424880403405643e-15
-11.18202133657807 -10.78028578389234 -7.482264932016661e-16
-13.90787055524724 -20.39904916660175 1.869657812145882e-16
4.633687779516481 -21.111585102793 6.87883915425516e-18
12.46097781183492 -22.3531622269143 1.87767056774407e-17
-11.00512040203239 -25.32288000869416 6.085071740182324e-16
14.77054058182589 -11.87310077598652 -9.913704268811283e-16
3.129020064671928 -19.03998979577173 -1.66705242115661e-16
-14.91425471224202 -23.14489397346481 4.569693745876684e-16
-32.64172828790063 -6.413826345541556 -8.70796104310545e-16
13.05560762160436 -6.385691392375664 -1.481384156193672e-15
-5.442358820465515 -23.17285401140303 3.335680195981282e-16
5.957248341852063 -19.88220803723427 -1.256220450603332e-16
-13.18263029463578 -28.44483231521719 9.292408177833379e-16
14.12178270505427 -21.15478142135996 -1.153141121948177e-16
9.73282725258022 -4.729580836918067 -1.591950628843253e-15
8.451585236551418 -5.564465086835124 -1.496880322540669e-15
-19.6643779607253 -9.455799383438279 -7.591576726258337e-16
-2.287781500701446 -31.84347456152825 1.101917652342422e-15
10.48432414618429 -21.61344594341562 -2.405648065776611e-17
-4.507922398300725 -37.52306985674064 1.662244571955413e-15
19.38600996242066 -36.99267333053812 1.294790466487106e-15
-14.33904455614012 -29.29083494086306 1.023689486718304e-15
22.7846966890441 -33.8439879072937 9.553118906994141e-16
9.402418879490694 -7.537199568113593 -1.32516711649607e-15
-16.30484094197629 -14.35868709233791 -3.456506390314649e-16
-15.03190082903817 -10.90232454291525 -6.856023768575096e-16
5.981825066208726 -7.061933939862834 -1.324075681231228e-15
-19.61017048926528 -13.81548876885493 -3.524413750684163e-16
-5.515001206613619 -25.78167905860108 5.783438187516366e-16
-17.43006782197851 -33.1412988156025 1.424660039317215e-15
-28.9799529890871 -7.205045185016917 -8.455686217497634e-16
-13.36657524577991 -18.85412160696551 3.538220948983911e-17
-29.79449729088853 -5.716932123135203 -9.738044298370448e-16
-2.004064243261719 -4.521373438517278 -1.455260835500103e-15
11.63876643363644 -8.365297562410431 -1.277529137590101e-15
13.22829831087472 -9.56492514406014 -1.186564376154436e-15
-18.72666098392903 -14.43842544733173 -3.059786775301946e-16
-13.99936658446186 -22.88433209551009 4.20446704498513e-16
-11.5361951390618 -12.63546211649991 -5.701378999434562e-16
-4.202444838724521 -20.86381910689919 1.012798789912417e-16
-30.74195966607743 -7.988228715893246 -7.489339312152075e-16
3.97475934544307 -19.6249880940853 -1.232856032612891e-16
11.51645486135157 -5.002377549387587 -1.590185676335875e-15
-31.14638108373781 -10.09158571897815 -5.469829637497637e-16
4.818268029825182 -20.22571963569959 -7.836592847766182e-17
-5.259785015180597 -26.69892364597615 6.606700769131724e-16
7.929737200170884 -4.743219727111565 -1.566687635545901e-15
-17.39267966280267 -10.27934955951073 -7.124150202130681e-16
-25.65855128180563 -10.34584495228028 -5.962312562724265e-16
25.58352418577768 -33.52264964351816 8.880453417727384e-16
-17.01624622100363 -25.23076342040863 6.798705533782598e-16
-13.0403250688012 -26.17307268567611 7.150388798402755e-16
27.4716771805294 -33.7443850911708 8.836477233423714e-16
24.45454525161859 -33.68720076715852 9.184435375707188e-16
-3.800276283609923 -4.341341634188177 -1.448188962343063e-15
-4.06595575494001 -5.191829027733531 -1.365171528126803e-15
-23.50556709086654 -12.26526422837706 -4.454941015522263e-16
26.55257419108774 -33.43971522116037 8.674023845187387e-16
18.69768814058073 -40.65246298836583 1.645975832190118e-15
8.534820336287707 -17.84552348685121 -3.502537554146458e-16
-1.053756384761744 -4.670565813964412 -1.453960892838807e-15
-6.626569232166952 -9.110420094432195 -9.648906937640142e-16
-12.8080533290138 -31.28591705744757 1.189772771552678e-15
-3.267600520661688 -20.45371205918332 5.051587458197219e-17
-3.943893681343821 -39.9637975792475 1.882840440556111e-15
3.670269507424805 -6.254144447610581 -1.368815147008476e-15
6.815076149607757 -5.761792794666521 -1.456666774866055e-15
-13.89478813713963 -17.32153114123105 -1.008196233482661e-16
-0.7584969852207779 -20.39370570106094 1.152675695680557e-17
-18.65985839425547 -30.21868584605452 1.1678866011296e-15
-3.250471057219759 -30.10156184923466 9.519337692887403e-16
22.74135299480555 -32.98223746248006 8.753531141996037e-16
-9.171197722047037 -8.579127271304891 -9.80689182813424e-16
6.425227059643492 -18.57119996160024 -2.543691202720008e-16
-4.510350364184102 -7.377576953029211 -1.154988861428253e-15
-28.72111887242981 -6.279550561512915 -9.355048323630853e-16
-6.14623188734925 -24.40025458144891 4.576398487853121e-16
14.01786304567216 -20.28467773987862 -1.952476412106958e-16
19.24544403249325 -29.16483937631633 5.651054827954985e-16
17.97321092689214 -28.37163370595362 5.079017810750363e-16
3.804617645796947 -21.37715520196537 4.272783058120807e-17
-4.369101060076197 -35.04131579386767 1.428463823751642e-15
-5.972958176329764 -7.812019089880623 -1.094929225338555e-15
2.987206558580317 -21.81070174433079 9.412005239046827e-17
-31.40015796900039 -10.87407522289182 -4.704786668306091e-16
19.12011284392503 -27.31015349010331 3.934420728182032e-16
-12.16203998299294 -9.679233645636794 -8.380878071416118e-16
-11.27152911596988 -26.25227790694668 6.989089402558477e-16
26.78800209027035 -32.36743917188009 7.640600217239692e-16
-20.0846349479935 -8.046133266462315 -8.853077826941041e-16
-11.87769682062127 -7.108288734071124 -1.082139967994122e-15
-18.21744329221306 -27.0038250459834 8.615538878993143e-16
23.4824051165666 -34.2443719122322 9.83447693036559e-16
-17.25629167515897 -26.99946838648187 8.483595445922799e-16
-19.14583308128102 -32.89816000758668 1.424763941998284e-15
-18.40442033681287 -33.37812471870397 1.459755565085881e-15
19.65708294762029 -41.93088929692733 1.752688139378126e-15
-29.20564897662455 -8.596165959654488 -7.125579010386715e-16
-10.86181200136494 -7.353545203940575 -1.072734733598991e-15
-13.25718503122009 -27.67166908263192 8.5797624675547e-16
-20.98884057646524 -11.44366612408738 -5.557596644767662e-16
-21.56026985267406 -10.87983275473337 -6.008507500260683e-16
0.1049110495252115 -5.723420661671136 -1.370980635233898e-15
18.43909700863964 -38.65687695937525 1.462917406137149e-15
-22.32887433578124 -11.14991452702954 -5.653845541588024e-16
20.82812088679248 -35.91220499195607 1.174628742248078e-15
-7.488268067196755 -9.512975586402565 -9.158055543081536e-16
-3.303022796650683 -5.105772887824004 -1.383364040258679e-15
-16.65087066088369 -9.665608582352361 -7.796416123442391e-16
16.81879964587612 -25.75452240753107 2.786763427528349e-16
7.729776034158927 -18.09269220788826 -3.164441165539466e-16
-4.302232427919449 -40.85217521998356 1.970631673007995e-15
-15.47547627892498 -19.89421352742499 1.606415254796459e-16
-1.179948593749883 -33.49745414156931 1.241752698642565e-15
0.6133808005246837 -20.95789869853859 4.600226158764484e-17
-22.02019783999587 -10.21793615147085 -6.565898122991165e-16
-26.57530293911136 -10.41243656016259 -5.778114056195662e-16
-15.46614278797368 -15.97873784303126 -2.05405855960722e-16
11.31134902621664 -21.20416135809157 -7.330918840328059e-17
-20.47044620832192 -9.885385037407424 -7.082865235654347e-16
-3.479182332219064 -33.5974769390551 1.281689463559891e-15
-18.15254973084993 -9.836332916575925 -7.437080819057666e-16
10.86930824306279 -7.934921891034393 -1.307513268785835e-15
-13.73460312308061 -21.95265408018585 3.298537369935936e-16
-18.5702722382272 -34.11944528189223 1.531242636581793e-15
4.367523615710011 -22.1257319685764 1.051976192105079e-16
13.84215593053252 -10.21048774902233 -1.134399702115963e-15
-11.75361755225427 -25.4804740704937 6.331932525978785e-16
-5.428233498377059 -4.693688533955632 -1.393601774300901e-15
-16.61725022860174 -32.59952790839472 1.363214754347715e-15
11.26496970154488 -5.723615602952841 -1.519436160878226e-15
20.59451154775143 -29.26225913718757 5.562618736134915e-16
-5.134490620954596 -38.7859288533234 1.788601724495547e-15
-17.20324241180765 -14.5466678859197 -3.161304181716581e-16
-15.3756996838636 -20.65833960373184 2.307259711260647e-16
-11.7505264742898 -6.134428914021865 -1.174844519426665e-15
-20.20532416842838 -31.86458218027802 1.34226578529106e-15
20.43324856755196 -30.73881133531578 6.963994223917306e-16
25.12466267299886 -32.89667652911675 8.356493430221784e-16
-17.1990516966191 -27.89256990322231 9.310633783930836e-16
4.267047253827499 -6.898424514491237 -1.316543102232639e-15
-18.72743422980618 -27.65310349024034 9.290175418063541e-16
-4.645634342154197 -36.79398772498079 1.595939872861017e-15
-19.45711179342587 -30.60370499345099 1.214475486679615e-15
-19.91734201943725 -33.31437811930864 1.473926041052435e-15
-13.62425082721299 -29.01978428483165 9.888486430550604e-16
18.34296870414116 -41.37045698114237 1.71779560374546e-15
-2.519025061888962 -20.91550907866644 8.37143318216975e-17
-6.025163826342724 -6.913252698754285 -1.178229450341108e-15
16.05105504401423 -24.51487787417062 1.730386905296574e-16
8.822106397848005 -6.218974478931658 -1.440642165661905e-15
-4.991859071257165 -38.05431220587381 1.718330462695965e-15
15.68290457936611 -11.67512575812093 -1.02201042204327e-15
-27.03350956365413 -9.636800589196302 -6.442029521012101e-16
15.14627606377456 -19.41799025986641 -2.91256896684522e-16
-19.94639253881359 -12.32457785828417 -4.873022709577766e-16
12.13131187624926 -6.125514548622287 -1.493402287079237e-15
-10.38356279075431 -9.636990622736825 -8.656965671953089e-16
-8.324358942195639 -8.991475379393322 -9.534193023293323e-16
-8.271387800324968 -24.99133207727803 5.411524986418171e-16
-30.74312912817884 -8.729583788895695 -6.796345745324225e-16
-3.845594664741318 -41.43608384968637 2.019126094082454e-15
-17.08453202619864 -33.94619387523751 1.495284988050321e-15
-13.37185115368372 -19.72396142554833 1.16743820029268e-16
17.60779205729964 -26.13903238169874 3.041141829299491e-16
9.943079705451158 -20.89927227613364 -8.359929191546802e-17
-27.80945616906359 -9.634224763458043 -6.341204613484574e-16
-1.009949881278332 -21.28543442240843 9.820915427001911e-17
-15.72060105962312 -10.75350198655133 -6.903481933167077e-16
-5.254653594214681 -39.50502751426974 1.857404187510375e-15
18.12344129178559 -27.57600179329194 4.315468381059527e-16
-4.221972473508348 -5.956516405465501 -1.291631544043802e-15
-15.81435050529642 -16.57334073798891 -1.452043080774092e-16
-9.057666671116777 -9.304659793409657 -9.143945113899465e-16
18.00578123695082 -42.44524813558846 1.822726829497632e-15
21.74087490970278 -31.69078943455383 7.67970427275452e-16
-24.24379690510025 -11.05347241002386 -5.48921426611232e-16
-9.110519797313449 -7.02446837996068 -1.126788054551422e-15
8.325036816417493 -20.26311892523455 -1.215249083299345e-16
-13.50160815960401 -21.04077392318172 2.415336396338892e-16
16.92433387148991 -42.96445492421816 1.885637229050863e-15
13.70373634429175 -8.742590705185796 -1.269741392525892e-15
-5.67800861401088 -23.85324084216045 4.002890845208938e-16
-3.150799335852231 -31.68864800259378 1.098929854566604e-15
-31.33842299205135 -7.494802338134703 -7.871120339753802e-16
-16.75027250219434 -24.26039427682685 5.856455811864314e-16
-4.207125613357445 -33.69672081360327 1.300648939931575e-15
7.605808945534068 -5.444156577031992 -1.496871596630567e-15
-6.851686337916142 -24.50353969059683 4.766778091886208e-16
-4.524394513919771 -39.28870138979673 1.827471907400111e-15
-1.664758209370589 -20.53832453320272 3.709912521720369e-17
-13.49157235272453 -10.39187272161488 -7.53799543117854e-16
-13.32096373423118 -9.422019272291587 -8.467075807222717e-16
1.525134602569244 -6.016594539844164 -1.362476583970188e-15
12.94404061562909 -5.65851144400288 -1.547858918571785e-15
-27.63893803399919 -8.846147751930635 -7.100392654293974e-16
-13.353269899102 -26.89826511439317 7.869756151190667e-16
-16.89514856047532 -26.12096487533705 7.614537956504855e-16
-14.642139221766 -20.78149932511805 2.32476629605495e-16
-13.43754443739889 -32.4482292596583 1.306772147223663e-15
-14.40360886939322 -16.78820382660509 -1.438926925182816e-16
-14.68444072390855 -11.47964738288737 -6.362709321173792e-16
20.86578687266974 -31.59157114707764 7.703401173121444e-16
-3.618082429279073 -29.27201425684267 8.792985969248101e-16
6.410567645557235 -19.26248870424783 -1.895692728304579e-16
2 15 0 1
5241
12.26260049350575 -32.24905931085206 7.783873890189845e-18
2 16 0 0
2 17 0 0
2 18 0 15
5242
5243
5244
5245
5246
5247
5248
5249
5250
5251
5252
5253
5254
5255
5256
26.46611163083796 -16.5424972734608 -1.417850933891986e-16
25.2124460442826 -17.74300543512198 2.40723827099949e-17
25.17301422228323 -15.72602589759388 -1.495620428510476e-16
25.14876969715445 -19.43112168787646 1.741281680345483e-16
26.24991268995408 -17.89970127129907 -1.306768103077739e-17
25.22889312105933 -16.72898207361417 -6.49965093094006e-17
25.71992594775777 -18.63035514766479 7.647129457071615e-17
24.8816685797927 -18.55460081196259 1.109063609227799e-16
25.88096619788869 -15.24353361342717 -2.262108354746657e-16
26.39005181505761 -15.78167570864471 -2.042866792733376e-16
25.85166500203969 -17.18297054862327 -5.596179393094581e-17
25.77456172732371 -16.19544810950928 -1.381450861879003e-16
26.69186194350992 -17.23376979851455 -9.266396534972924e-17
25.00217314211491 -20.11494471391761 2.408255903841802e-16
25.28016734527052 -14.97530050425282 -2.201522836011172e-16
2 19 0 1737
5257
5258
5259
5260
5261
5262
5263
5264
5265
5266
5267
5268
5269
5270
5271
5272
5273
5274
5275
5276
5277
5278
5279
5280
5281
5282
5283
5284
5285
5286
5287
5288
5289
5290
5291
5292
5293
5294
5295
5296
5297
5298
5299
5300
5301
5302
5303
5304
5305
5306
5307
5308
5309
5310
5311
5312
5313
5314
5315
5316
5317
5318
5319
5320
5321
5322
5323
5324
5325
5326
5327
5328
5329
5330
5331
5332
5333
5334
5335
5336
5337
5338
5339
5340
5341
5342
5343
5344
5345
5346
5347
5348
5349
5350
5351
5352
5353
5354
5355
5356
5357
5358
5359
5360
5361
5362
5363
5364
5365
5366
5367
5368
5369
5370
5371
5372
5373
5374
5375
5376
5377
5378
5379
5380
5381
5382
5383
5384
5385
5386
5387
5388
5389
5390
5391
5392
5393
5394
5395
5396
5397
5398
5399
5400
5401
5402
5403
5404
5405
5406
5407
5408
5409
5410
5411
5412
5413
5414
5415
5416
5417
5418
5419
5420
5421
5422
5423
5424
5425
5426
5427
5428
5429
5430
5431
5432
5433
5434
5435
5436
5437
5438
5439
5440
5441
5442
5443
5444
5445
5446
5447
5448
5449
5450
5451
5452
5453
5454
5455
5456
5457
5458
5459
5460
5461
5462
5463
5464
5465
5466
5467
5468
5469
5470
5471
5472
5473
5474
5475
5476
5477
5478
5479
5480
5481
5482
5483
5484
5485
5486
5487
5488
5489
5490
5491
5492
5493
5494
5495
5496
5497
5498
5499
5500
5501
5502
5503
5504
5505
5506
5507
5508
5509
5510
5511
5512
5513
5514
5515
5516
5517
5518
5519
5520
5521
5522
5523
5524
5525
5526
5527
5528
5529
5530
5531
5532
5533
5534
5535
5536
5537
5538
5539
5540
5541
5542
5543
5544
5545
5546
5547
5548
5549
5550
5551
5552
5553
5554
5555
5556
5557
5558
5559
5560
5561
5562
5563
5564
5565
5566
5567
5568
5569
5570
5571
5572
5573
5574
5575
5576
5577
5578
5579
5580
5581
5582
5583
5584
5585
5586
5587
5588
5589
5590
5591
5592
5593
5594
5595
5596
5597
5598
5599
5600
5601
5602
5603
5604
5605
5606
5607
5608
5609
5610
5611
5612
5613
5614
5615
5616
5617
5618
5619
5620
5621
5622
5623
5624
5625
5626
5627
5628
5629
5630
5631
5632
5633
5634
5635
5636
5637
5638
5639
5640
5641
5642
5643
5644
5645
5646
5647
5648
5649
5650
5651
5652
5653
5654
5655
5656
5657
5658
5659
5660
5661
5662
5663
5664
5665
5666
5667
5668
5669
5670
5671
5672
5673
5674
5675
5676
5677
5678
5679
5680
5681
5682
5683
5684
5685
5686
5687
5688
5689
5690
5691
5692
5693
5694
5695
5696
5697
5698
5699
5700
5701
5702
5703
5704
5705
5706
5707
5708
5709
5710
5711
5712
5713
5714
5715
5716
5717
5718
5719
5720
5721
5722
5723
5724
5725
5726
5727
5728
5729
5730
5731
5732
5733
5734
5735
5736
5737
5738
5739
5740
5741
5742
5743
5744
5745
5746
5747
5748
5749
5750
5751
5752
5753
5754
5755
5756
5757
5758
5759
5760
5761
5762
5763
5764
5765
5766
5767
5768
5769
5770
5771
5772
5773
5774
5775
5776
5777
5778
5779
5780
5781
5782
5783
5784
5785
5786
5787
5788
5789
5790
5791
5792
5793
5794
5795
5796
5797
5798
5799
5800
5801
5802
5803
5804
5805
5806
5807
5808
5809
5810
5811
5812
5813
5814
5815
5816
5817
5818
5819
5820
5821
5822
5823
5824
5825
5826
5827
5828
5829
5830
5831
5832
5833
5834
5835
5836
5837
5838
5839
5840
5841
5842
5843
5844
5845
5846
5847
5848
5849
5850
5851
5852
5853
5854
5855
5856
5857
5858
5859
5860
5861
5862
5863
5864
5865
5866
5867
5868
5869
5870
5871
5872
5873
5874
5875
5876
5877
5878
5879
5880
5881
5882
5883
5884
5885
5886
5887
5888
5889
5890
5891
5892
5893
5894
5895
5896
5897
5898
5899
5900
5901
5902
5903
5904
5905
5906
5907
5908
5909
5910
5911
5912
5913
5914
5915
5916
5917
5918
5919
5920
5921
5922
5923
5924
5925
5926
5927
5928
5929
5930
5931
5932
5933
5934
5935
5936
5937
5938
5939
5940
5941
5942
5943
5944
5945
5946
5947
5948
5949
5950
5951
5952
5953
5954
5955
5956
5957
5958
5959
5960
5961
5962
5963
5964
5965
5966
5967
5968
5969
5970
5971
5972
5973
5974
5975
5976
5977
5978
5979
5980
5981
5982
5983
5984
5985
5986
5987
5988
5989
5990
5991
5992
5993
5994
5995
5996
5997
5998
5999
6000
6001
6002
6003
6004
6005
6006
6007
6008
6009
6010
6011
6012
6013
6014
6015
6016
6017
6018
6019
6020
6021
6022
6023
6024
6025
6026
6027
6028
6029
6030
6031
6032
6033
6034
6035
6036
6037
6038
6039
6040
6041
6042
6043
6044
6045
6046
6047
6048
6049
6050
6051
6052
6053
6054
6055
6056
6057
6058
6059
6060
6061
6062
6063
6064
6065
6066
6067
6068
6069
6070
6071
6072
6073
6074
6075
6076
6077
6078
6079
6080
6081
6082
6083
6084
6085
6086
6087
6088
6089
6090
6091
6092
6093
6094
6095
6096
6097
6098
6099
6100
6101
6102
6103
6104
6105
6106
6107
6108
6109
6110
6111
6112
6113
6114
6115
6116
6117
6118
6119
6120
6121
6122
6123
6124
6125
6126
6127
6128
6129
6130
6131
6132
6133
6134
6135
6136
6137
6138
6139
6140
6141
6142
6143
6144
6145
6146
6147
6148
6149
6150
6151
6152
6153
6154
6155
6156
6157
6158
6159
6160
6161
6162
6163
6164
6165
6166
6167
6168
6169
6170
6171
6172
6173
6174
6175
6176
6177
6178
6179
6180
6181
6182
6183
6184
6185
6186
6187
6188
6189
6190
6191
6192
6193
6194
6195
6196
6197
6198
6199
6200
6201
6202
6203
6204
6205
6206
6207
6208
6209
6210
6211
6212
6213
6214
6215
6216
6217
6218
6219
6220
6221
6222
6223
6224
6225
6226
6227
6228
6229
6230
6231
6232
6233
6234
6235
6236
6237
6238
6239
6240
6241
6242
6243
6244
6245
6246
6247
6248
6249
6250
6251
6252
6253
6254
6255
6256
6257
6258
6259
6260
6261
6262
6263
6264
6265
6266
6267
6268
6269
6270
6271
6272
6273
6274
6275
6276
6277
6278
6279
6280
6281
6282
6283
6284
6285
6286
6287
6288
6289
6290
6291
6292
6293
6294
6295
6296
6297
6298
6299
6300
6301
6302
6303
6304
6305
6306
6307
6308
6309
6310
6311
6312
6313
6314
6315
6316
6317
6318
6319
6320
6321
6322
6323
6324
6325
6326
6327
6328
6329
6330
6331
6332
6333
6334
6335
6336
6337
6338
6339
6340
6341
6342
6343
6344
6345
6346
6347
6348
6349
6350
6351
6352
6353
6354
6355
6356
6357
6358
6359
6360
6361
6362
6363
6364
6365
6366
6367
6368
6369
6370
6371
6372
6373
6374
6375
6376
6377
6378
6379
6380
6381
6382
6383
6384
6385
6386
6387
6388
6389
6390
6391
6392
6393
6394
6395
6396
6397
6398
6399
6400
6401
6402
6403
6404
6405
6406
6407
6408
6409
6410
6411
6412
6413
6414
6415
6416
6417
6418
6419
6420
6421
6422
6423
6424
6425
6426
6427
6428
6429
6430
6431
6432
6433
6434
6435
6436
6437
6438
6439
6440
6441
6442
6443
6444
6445
6446
6447
6448
6449
6450
6451
6452
6453
6454
6455
6456
6457
6458
6459
6460
6461
6462
6463
6464
6465
6466
6467
6468
6469
6470
6471
6472
6473
6474
6475
6476
6477
6478
6479
6480
6481
6482
6483
6484
6485
6486
6487
6488
6489
6490
6491
6492
6493
6494
6495
6496
6497
6498
6499
6500
6501
6502
6503
6504
6505
6506
6507
6508
6509
6510
6511
6512
6513
6514
6515
6516
6517
6518
6519
6520
6521
6522
6523
6524
6525
6526
6527
6528
6529
6530
6531
6532
6533
6534
6535
6536
6537
6538
6539
6540
6541
6542
6543
6544
6545
6546
6547
6548
6549
6550
6551
6552
6553
6554
6555
6556
6557
6558
6559
6560
6561
6562
6563
6564
6565
6566
6567
6568
6569
6570
6571
6572
6573
6574
6575
6576
6577
6578
6579
6580
6581
6582
6583
6584
6585
6586
6587
6588
6589
6590
6591
6592
6593
6594
6595
6596
6597
6598
6599
6600
6601
6602
6603
6604
6605
6606
6607
6608
6609
6610
6611
6612
6613
6614
6615
6616
6617
6618
6619
6620
6621
6622
6623
6624
6625
6626
6627
6628
6629
6630
6631
6632
6633
6634
6635
6636
6637
6638
6639
6640
6641
6642
6643
6644
6645
6646
6647
6648
6649
6650
6651
6652
6653
6654
6655
6656
6657
6658
6659
6660
6661
6662
6663
6664
6665
6666
6667
6668
6669
6670
6671
6672
6673
6674
6675
6676
6677
6678
6679
6680
6681
6682
6683
6684
6685
6686
6687
6688
6689
6690
6691
6692
6693
6694
6695
6696
6697
6698
6699
6700
6701
6702
6703
6704
6705
6706
6707
6708
6709
6710
6711
6712
6713
6714
6715
6716
6717
6718
6719
6720
6721
6722
6723
6724
6725
6726
6727
6728
6729
6730
6731
6732
6733
6734
6735
6736
6737
6738
6739
6740
6741
6742
6743
6744
6745
6746
6747
6748
6749
6750
6751
6752
6753
6754
6755
6756
6757
6758
6759
6760
6761
6762
6763
6764
6765
6766
6767
6768
6769
6770
6771
6772
6773
6774
6775
6776
6777
6778
6779
6780
6781
6782
6783
6784
6785
6786
6787
6788
6789
6790
6791
6792
6793
6794
6795
6796
6797
6798
6799
6800
6801
6802
6803
6804
6805
6806
6807
6808
6809
6810
6811
6812
6813
6814
6815
6816
6817
6818
6819
6820
6821
6822
6823
6824
6825
6826
6827
6828
6829
6830
6831
6832
6833
6834
6835
6836
6837
6838
6839
6840
6841
6842
6843
6844
6845
6846
6847
6848
6849
6850
6851
6852
6853
6854
6855
6856
6857
6858
6859
6860
6861
6862
6863
6864
6865
6866
6867
6868
6869
6870
6871
6872
6873
6874
6875
6876
6877
6878
6879
6880
6881
6882
6883
6884
6885
6886
6887
6888
6889
6890
6891
6892
6893
6894
6895
6896
6897
6898
6899
6900
6901
6902
6903
6904
6905
6906
6907
6908
6909
6910
6911
6912
6913
6914
6915
6916
6917
6918
6919
6920
6921
6922
6923
6924
6925
6926
6927
6928
6929
6930
6931
6932
6933
6934
6935
6936
6937
6938
6939
6940
6941
6942
6943
6944
6945
6946
6947
6948
6949
6950
6951
6952
6953
6954
6955
6956
6957
6958
6959
6960
6961
6962
6963
6964
6965
6966
6967
6968
6969
6970
6971
6972
6973
6974
6975
6976
6977
6978
6979
6980
6981
6982
6983
6984
6985
6986
6987
6988
6989
6990
6991
6992
6993
-29.00887807024417 -28.35037268369357 0
-24.63832714208037 -22.73281570114771 0
-2.126912499754207 -39.98352404028014 0
-32.66275374688862 -11.77310921114213 0
-21.42659898846866 -30.6711375249709 0
4.854033032095648 -37.52642440645544 0
24.32375824350855 -39.47377019485883 0
-35.78779222649386 -18.01640202900096 0
-39.56154462226286 -12.37721992715236 0
8.264875919837994 -34.67875648455444 0
-28.14169829328016 -31.19424803957661 0
-38.38734793816742 -15.43859451950468 0
4.407647005309506 -40.29558456069601 0
-31.82233576491993 -17.95079820561703 0
-13.40589226324909 -39.68457942279899 0
10.96544860613285 -31.71795547069041 0
-37.49144853146165 -8.550002974013283 0
8.901054802227449 -36.31122761106138 0
-27.59936190304386 -22.4266284104386 0
-36.08239245794944 -1.419251214215242 0
25.00229211520219 -24.7205821320662 0
-11.37428793633129 -37.82966643547326 0
-25.69056074626614 -34.6169569876627 0
0.00215790090706817 -34.51757010919903 0
1.692164225374416 -43.83766761045244 0
30.1121035973879 -22.71320010586864 0
-31.06050918837751 -12.53855590841229 0
29.68207483748792 -39.10866934956377 0
11.87941533656719 -40.60878512061112 0
-21.12710948254994 -26.82789391395152 0
-21.73696069008725 -27.54041381143759 0
6.426036309087795 -30.41307237930354 0
27.07220201692039 -35.42289169649067 0
-16.39902885387734 -35.30691746421525 0
-27.70890716050753 -16.437969575491 0
13.37944039525568 -31.30881989913895 0
18.42455856454549 -4.900137128012068 0
7.008193863131006 -41.30699563233411 0
-22.06740034860744 -26.66005824895514 0
-22.67868373018916 -27.39805286175443 0
-23.03458048161237 -4.748665229713557 0
-15.99533468326467 -4.347005825024606 0
-37.81368655681241 -5.779367663696288 0
7.63553094634252 -38.56353218670519 0
26.26363905202217 -24.38586973979955 0
26.30250032238344 -23.78223981102239 0
13.5394148309547 -37.07765733791327 0
26.80626553122743 -24.12056950468807 0
26.83385665093671 -23.49600912177872 0
-33.02459939047268 -9.684028203192799 0
-22.27039908431267 -21.96555148393166 0
-2.279949243624241 -36.30141547819755 0
-30.44643364892584 -26.18424216145159 0
-29.96486390882189 -17.17966083722676 0
-8.652247028653257 -42.87668879410464 0
9.498058540098853 -35.60830449646875 0
-12.42149490140973 -33.68473889896644 0
27.19543202152219 -41.85885126063724 0
-23.00846046909016 -26.46751851276766 0
-23.62733795297175 -27.2370316248225 0
3.972008859141105 -34.94907743805072 0
-28.25811193866272 -11.99105579600084 0
15.67163254155641 -2.271141737264532 0
16.42009616676656 -29.17506709341022 0
-16.05931656749196 -5.630110552737618 0
16.91505165360708 -32.1809646612393 0
17.1826826486229 -32.62019111298502 0
9.8069880983816 -36.50504582363701 0
8.248605394356996 -28.79314776788022 0
-23.95880931425974 -26.29870961595511 0
-24.58134214910721 -27.07574954212847 0
-24.2429192705456 -27.9907440298654 0
-24.92045746247529 -26.16599982076917 0
26.72843591960828 -20.35398590290769 0
21.89900671949174 -23.58401035069116 0
-16.90454318133393 -39.29160244788861 0
11.1738721968906 -42.50325880359276 0
13.09825369572739 -27.94524359274659 0
-21.66569202706791 -33.18726638709457 0
-37.04507083629846 -7.237558411696078 0
-34.14140444835665 -5.772097883799395 0
-33.98245955272436 -4.963333613322201 0
-22.59806386840841 -1.189993802552181 0
10.40126984052968 -35.81552474562486 0
25.40393422005595 -23.56393372438185 0
18.1939920884727 -6.823632959117651 0
-25.85140648883483 -13.01487903340842 0
-18.90286416372588 -4.055422570719855 0
-6.660835431305941 -39.77533333022743 0
27.37590454710762 -23.84188430792418 0
27.40753426538648 -23.18429627172994 0
27.80224040002804 -35.90124694636354 0
27.01193551689625 -36.31695225820963 0
24.84584285104375 -23.6715279018666 0
-19.93622285402135 -25.32651478593233 0
2.687370761766286 -26.87083085044239 0
10.71235369176078 -32.50769936534937 0
10.15231965105622 -31.91037879586148 0
12.5570714200266 -33.6068565191683 0
-18.16700954731084 -22.01377477422663 0
-26.99673822798081 -1.170442645296204 0
-25.20086175387826 -27.83025486778837 0
-24.85872347283531 -28.74339664300215 0
16.5781980052976 -31.79594357742557 0
16.06087239390463 -31.97756869746309 0
-13.52307114772431 -1.697447774813022 0
23.35356960892965 -36.18000932870097 0
10.40954113788106 -31.099319707613 0
-22.39794519416239 -25.76118336676275 0
-38.96991819560412 -2.414340767584552 0
12.07879962698656 -30.77384113993997 0
7.888155560662935 -44.2369806631574 0
14.69355898913456 -5.967325345805594 0
12.80725414968825 -38.86517350858563 0
-19.66121365551284 -2.272236710424091 0
9.582728115538607 -31.28954793470498 0
-0.2206132465534738 -44.18809966374884 0
5.876122946715157 -33.37953640412163 0
0.5389542766013438 -33.77848615734255 0
-38.82774227744895 -10.07101803303981 0
-34.06589207660805 -7.144233432458251 0
0.9072997504958541 -34.65356067574248 0
0.3714152532953375 -35.39274421639966 0
1.27892956412876 -35.53617710373294 0
0.6916818130282768 -36.30124591365666 0
-10.02256540039418 -39.79756637850053 0
-34.28563185925434 -1.618250063473694 0
30.12301089067596 -20.87645488472111 0
-32.0226009579163 -2.025214004854049 0
-30.40772627734231 -22.67436210269426 0
13.40625711831682 -43.75284430448582 0
25.35970573078624 -25.30224822968855 0
24.66550197929716 -25.29089992617142 0
-29.11573339995153 -3.769880714411492 0
-34.78755949013835 -5.27638152537207 0
-24.06875718997012 -35.47575735437933 0
-17.94729872928269 -19.58243846319259 0
9.329406727826134 -32.1091504828704 0
24.35344541285458 -24.75337849106146 0
23.99849360709518 -25.28481867532617 0
23.40048208863543 -38.70474667007579 0
17.46955843888319 -32.14424080292156 0
26.30308716135405 -25.13280700904302 0
-18.43669561837729 -38.0979194941232 0
1.646117195657169 -36.43103683889764 0
1.049084903848865 -37.20208233700527 0
-23.86831050807383 -7.003195987061966 0
-10.29439906326211 -36.34498242803298 0
-25.82130776522208 -28.58274206543681 0
-25.47899286525553 -29.49722172769901 0
-26.20340455545129 -27.5647785487222 0
-24.51457660465364 -29.65703833330382 0
-25.13526466700064 -30.41226947874425 0
26.84092103425957 -22.84194548109049 0
27.43174114722745 -22.48901296186501 0
27.63095544208096 -28.60088453978349 0
16.16259938337102 -31.41141338121192 0
13.82051228182652 -31.93585370369424 0
-24.91379244423249 -16.0593912812609 0
27.75775898569505 -18.64735092517996 0
-13.249963990458 -34.03010992186607 0
-14.61816539274964 -8.155599434755523 0
-18.94829692049927 -23.72066215981165 0
-11.50650969418062 -33.40239859091074 0
17.79897994818933 -32.67313431230386 0
-34.61685613432479 -4.384386276214732 0
3.736938213224588 -42.81356035042461 0
5.812092038760941 -25.74556482836653 0
1.507307963655849 -22.89726994000308 0
22.20241314639823 -44.51056486171976 0
21.07605408575448 -26.45365272572168 0
27.76958111890097 -36.80197424340162 0
26.97063592255846 -37.2216580464535 0
16.73874046807158 -31.21933758902975 0
25.05368475844026 -23.10591788603219 0
-13.04188839655777 -5.315894895736523 0
16.04188044091978 -9.275928227155724 0
-28.09493003126754 -3.816918184426863 0
-12.57517705838682 -34.60927148916245 0
-13.42477399618847 -34.93959174477714 0
14.14840855384255 -31.24579891420339 0
13.71786080187275 -30.59865431386756 0
1.868615808699105 -30.74066190906636 0
-20.75521730382583 -20.13266508403834 0
-22.29730577018039 -36.15048655132851 0
26.20566896408283 -36.73300200827885 0
10.71466761005602 -36.69654252395082 0
10.0959195211196 -37.4124810495067 0
28.15288099526961 -31.40627665208392 0
-16.3219468378733 -6.341716036005813 0
-37.18420676667647 -16.85645747386156 0
-11.73467403229763 -2.308747593525464 0
-24.17019051575948 -30.57129482519252 0
-24.77849038953302 -31.29695102502898 0
24.39163078104599 -23.19877618858479 0
-32.35930147022447 -24.93315117481476 0
-35.46998852491062 -4.738041934679755 0
-33.7444360462559 -4.052655725166735 0
15.70058443855433 -28.68274218844347 0
22.80252520729274 -38.33290088392931 0
-21.19004326661479 -7.072250372888558 0
-20.62159793381888 -6.333244130593428 0
3.33613152276848 -23.97089873332481 0
27.34261016689146 -24.50264629363872 0
2.017074665481488 -37.3321601494121 0
1.420035286974849 -38.10851252141038 0
0.4490042705636532 -37.97826192754065 0
0.8216262406265626 -38.88873205772788 0
27.93623188134028 -24.21673932839263 0
1.795472232133792 -39.01827238666669 0
1.195499423259152 -39.80090527302296 0
-23.22369942934321 -7.07195368949259 0
-11.07505333385101 -42.62266610663269 0
24.32739374676723 -25.89000118346014 0
23.6066550749408 -25.87852762664972 0
28.81054259223152 -35.06513074401612 0
11.2071840771593 -36.01466654202702 0
14.80787512892795 -45.74157047705368 0
17.61414090137341 -2.157574564094614 0
8.738950088198541 -31.47767945261537 0
8.487258310146256 -32.30995960988751 0
-18.35066091840049 -17.77697931458753 0
10.75782975791999 -28.39679480703693 0
-15.54238662322994 -6.205235177745951 0
-15.35386794165174 -1.318210572848549 0
-33.53118333944193 -18.53728546548811 0
26.20262542005242 -37.64583090003239 0
26.94414280341133 -38.13563396524873 0
-5.488983524092454 -41.81711830754752 0
1.480637681296011 -33.89767877945587 0
29.01948817362364 -33.68546113581006 0
13.77353871553918 -27.48563132614081 0
13.79898220758278 -26.63375614310522 0
-24.53503652588138 -6.957884333792983 0
-24.29959259907901 -25.42573134518596 0
-25.26552429915209 -25.28456435289631 0
9.997249460402026 -34.94761377343196 0
-9.211585076014545 -29.97952047076996 0
-1.946452504360661 -42.34654040369469 0
-1.473152140494665 -41.68333621925841 0
14.46884021753625 -30.57061798497297 0
-22.96497850299437 -14.05148057751018 0
18.96534646976592 -34.55953360644995 0
18.71065476891358 -9.954436451496397 0
-12.72286206560453 -35.54712883106822 0
-13.62986548968227 -35.87025746758914 0
-8.896864594362407 -3.620307822094981 0
14.06103416138897 -29.93402784683882 0
21.8004892050449 -26.95761145475567 0
21.17399707545774 -42.0081397951491 0
1.186729074686932 -25.53290338109581 0
-27.07226183120128 -33.50406824766561 0
-9.230333430078154 -32.08549340241323 0
-22.34927403881282 -28.28305751894135 0
-28.98278175991182 -1.01582733480141 0
-35.29312818653744 -3.80976538798806 0
-36.18020963840041 -4.178994574719966 0
-23.78815497839007 -31.48352976208561 0
-24.42642168701047 -32.30462813485639 0
9.834142945205739 -30.46355236454317 0
13.58828685925573 -2.336132706681485 0
-11.40518573726105 -4.651600809807834 0
-26.42120463583878 -29.3280469824872 0
-15.42587726984879 -40.11849522497609 0
9.279286638670008 -24.97333842995417 0
-29.52870043473788 -26.58230235882805 0
-29.62895554609849 -25.61344865535283 0
-28.72715971942755 -26.03642208194479 0
-28.81814451238719 -25.04949958061771 0
-27.89962274292597 -25.4651603476463 0
-2.307386818558567 -43.13608185345029 0
-32.12788221863465 -4.61969822803518 0
24.04606754061782 -14.25216366379709 0
-0.7639418629780931 -30.94569255834658 0
16.50794103043902 -35.23692355084175 0
-30.04904307356484 -3.701423046561385 0
-17.6815429450934 -5.877555402508013 0
19.68317302542513 -23.97412807345909 0
23.59492670708754 -15.61778228586572 0
18.12578031052793 -32.1018571202138 0
-19.19329779895552 -16.16519932006599 0
-18.80473297350381 -35.68953144772703 0
15.01350203296962 -7.703963355223276 0
22.17242985239473 -38.69307173915661 0
25.88327645991728 -25.81462906704152 0
-12.58273180392062 -4.49135657680837 0
-13.69992195849012 -4.679694508164757 0
-22.80498140795728 -6.514443342458993 0
22.70594120971817 -21.89985155645632 0
-0.9961222248774373 -22.91201311076093 0
23.68060688505044 -24.71174183791872 0
14.28056258737904 -35.19659320661106 0
13.30671710461183 -33.46100620446035 0
12.04687344659892 -25.65226889651737 0
15.6821378349456 -43.21151664457003 0
6.602908927004467 -23.22811143379166 0
28.55465017102772 -36.40605552077179 0
9.049665786601043 -32.93943316871064 0
-25.66724137458089 -4.153273632477078 0
17.09620844920891 -44.32579570532896 0
20.11366169891743 -43.33997578846405 0
29.89504132057302 -17.12507696317564 0
12.49156130350889 -28.57047183036428 0
-8.400844114211791 -38.26204360052765 0
-23.40796522598979 -3.060382970552358 0
-23.60964581487895 -7.655364162125601 0
-17.23649703896121 -35.87620984309407 0
-16.39543620542616 -36.32143413590854 0
23.46592842971508 -17.53399489053075 0
25.47211719693363 -37.12289601981192 0
-3.956275952487414 -44.72708335562682 0
-25.66310015715818 -31.14889960552116 0
15.58899798029428 -42.27523488605815 0
-21.54770689168454 -16.56701543846954 0
2.172244734853117 -39.93064851096543 0
1.569503045944607 -40.71083749753085 0
2.775479268293145 -39.14739890558471 0
0.6120727188534774 -40.57132577089054 0
1.006693252794447 -41.45312489562653 0
25.4294437589056 -13.60037685761034 0
-9.573490679641157 -34.76002435712631 0
18.72013216142036 -12.59501372218041 0
14.14524051213204 -4.8157172398243 0
15.22050536276763 -4.972933296875857 0
15.72610432823233 -5.855660104784808 0
16.20364705824747 -4.973758946025661 0
-35.56901819722099 -5.575130278559044 0
-9.050285017947706 -29.03237145631947 0
30.440429528032 -31.68502251477402 0
-7.140332491629657 -32.08925961235254 0
26.59163247045029 -30.87466072249433 0
25.47758627890028 -21.28744774636683 0
28.05407151191126 -22.86411959799142 0
28.08922502820842 -22.10357679526776 0
9.6489744327524 -44.32790817651991 0
29.04337153152293 -40.68337858619086 0
-5.399588689754973 -44.01282044452284 0
26.16807950973821 -38.56674077471634 0
26.91612890889727 -39.06155121366039 0
26.11116741298877 -39.46393140950635 0
-2.228543286381413 -25.97724059048786 0
24.65581972457728 -22.57236104178628 0
18.7678761333737 -23.75948317685118 0
-6.308831667687795 -37.45001558380204 0
-2.839836444953723 -38.33883520079932 0
-6.28769297813044 -3.38894754261183 0
-7.447619775795966 -29.73070134965606 0
29.81373263397863 -29.83757955803914 0
15.70707643523911 -37.15211908831755 0
-39.62515391444815 -4.389166264536598 0
2.612566107676054 -36.55590790849695 0
10.78431277661446 -23.58911648247042 0
24.0280926550293 -29.19219912377515 0
11.76835070055572 -33.84842646202653 0
12.36081851416406 -34.43428740353571 0
-39.27664773607974 -13.93287642189405 0
2.54837656601182 -40.84398822979455 0
-5.71622866268822 -33.71281522269187 0
19.37011626713782 -45.25677780405062 0
1.106261967766706 -33.01424394572692 0
26.73470935596039 -14.19579435422806 0
30.11088994339393 -18.88535931078069 0
14.57307048285998 -31.85182145691223 0
4.346748909738599 -23.91527397094623 0
15.61078674814452 -41.2802819557225 0
3.88204951706747 -24.84747411525823 0
24.82748075163919 -29.76018732992044 0
28.54031041351194 -37.29311121019036 0
23.45192706126763 -37.96346485808613 0
7.882617541816218 -31.67105925827291 0
29.23544028746254 -15.25296651319385 0
8.144696407315738 -30.82187861293173 0
-5.148790889562063 -2.946413781473611 0
17.15383297562038 -11.35702687909914 0
-1.08988546918991 -42.4153560498721 0
8.30194580589338 -23.06421909138686 0
-0.4724021275418971 -28.94175477179435 0
26.94945776000175 -25.85364385726704 0
10.95831100071968 -37.53791259114765 0
10.35782345589535 -38.30124846137532 0
16.69646525974276 -38.92172553804006 0
-0.152541984093042 -38.75691171419935 0
-0.5008102340701062 -37.86278342192917 0
18.48868864383831 -32.71604983745301 0
18.33711228054069 -14.58337965712768 0
11.99923713369567 -3.485398806217957 0
-26.5926127333283 -6.253678635936327 0
23.45074923490828 -19.67382079771685 0
16.59613287247115 -17.49632298399955 0
21.3287039513692 -41.08480856356823 0
13.27106253639884 -29.93899814684418 0
-8.128159592308567 -28.69138302972344 0
23.08171319670242 -42.59308971247655 0
-6.068761957915393 -35.56046645634032 0
16.24126945764577 -30.76881969241629 0
16.90683872946408 -30.53398759248259 0
-15.81180448171768 -6.961353146370014 0
-12.89076887835169 -36.49747084941869 0
-13.80634951573877 -36.82754170060286 0
-9.669574243113543 -3.999628433141345 0
16.7731817073149 -22.19262658299005 0
23.26297072873014 -28.64099034210213 0
-21.04997542043353 -34.15630284736949 0
-22.10681557261201 -34.07271963298092 0
-27.78739566327233 -26.4537510255129 0
-15.34830294047537 -5.486559034308393 0
-14.7581311255704 -6.035089841415986 0
25.52318659128703 -36.19886012393384 0
20.36521856095296 -25.7562456619783 0
21.31734524918451 -25.51836605411068 0
16.41305884451613 -19.52879908768612 0
-28.04024919504946 -24.48910481171882 0
-14.23788390630301 -35.10803199397201 0
-23.55234841916435 -29.81505711793778 0
-20.81182232824776 -1.182898196062504 0
15.87053758268834 -44.10103517381079 0
-2.317803879868213 -28.62732484634427 0
27.91095308400553 -24.91628944340859 0
-0.3228131432976769 -36.10401289392551 0
7.783640333783266 -3.097607141129297 0
22.16227060722129 -37.96438544448961 0
7.622105261493548 -32.50541379888278 0
17.48925759837375 -33.26119490584089 0
0.2176757229719786 -3.345193081219588 0
14.78905939424325 -4.049247679977859 0
3.858862990356937 -2.538485194119255 0
6.088834334504543 -2.159942312083527 0
-30.52420835477259 -25.19613481113011 0
-22.67819194284798 -33.24637546857856 0
-20.47541268020261 -17.69375561891297 0
-20.16841394736272 -18.61155664169903 0
10.67704215481538 -30.2837801543219 0
-13.06376592768379 -37.45881151723714 0
-13.98260447392397 -37.79351468934165 0
-25.83553751925467 -25.9960924554203 0
-23.02878798571812 -22.64837901359277 0
-22.13976772939277 -22.98410247716352 0
-21.34934388168251 -22.33592506829957 0
-22.92150534961798 -23.59683112748671 0
-21.22644813469206 -23.35268116705502 0
-22.26115862090908 -15.93955725563489 0
23.97112048271783 -26.52008065502318 0
24.7701641372488 -26.52818376926669 0
-10.36045901515389 -3.478165982489187 0
4.390231947409933 -27.01247387594313 0
-22.24056328528349 -32.37080521924409 0
-28.91103033594607 -24.06349312995701 0
10.59059113908116 -1.762579687721924 0
13.70581533748387 -28.34352850334401 0
-37.81370925304921 -1.525325193584997 0
-1.817767776481361 -2.755192140859682 0
-3.124679795833246 -1.573935040140577 0
2.036673830075237 -3.874838671492814 0
-2.349891113637665 -23.65036806810706 0
5.650740974921411 -31.75768008724324 0
24.13017546261153 -12.43998558262684 0
-13.10777909726457 -3.68207962997782 0
-14.06872826010097 -3.727192606520187 0
21.16220660695863 -40.00641481499789 0
27.72349883760147 -38.62654917296379 0
17.3732323087337 -31.05062454771105 0
13.622735322386 -24.69971022677966 0
-11.06511591003698 -31.43573872130889 0
-21.47375068583525 -6.19713988805328 0
-20.90983851853336 -5.505988786869567 0
-20.06538783377598 -5.6141233228558 0
-29.55403581045606 -2.902676715909605 0
-16.63800404453242 -7.092035012424874 0
-11.86610033683529 -35.22874570386814 0
17.95369274134946 -20.81279687177402 0
-36.03425680788823 -3.266048343775623 0
-36.9123527448646 -3.608049120745474 0
-10.02095626193414 -29.22722020456304 0
-8.128036973573508 -3.13368119177823 0
22.76724660403372 -23.4101541523416 0
-20.34904593063753 -4.794653892123176 0
-21.24289148825913 -4.652007546251667 0
3.198360103568726 -33.18339332822079 0
21.89021065568028 -16.39741659072913 0
14.52341705258775 -27.02920991031986 0
-8.79563519820206 -4.599654085967669 0
-22.86071675500745 -7.737986712516435 0
-26.21261544866949 -25.09357412331136 0
-20.45169765775482 -22.73303689410424 0
29.61941636965571 -24.4627687128325 0
9.439495785093447 -38.1268892495184 0
9.736176082322153 -39.05567060345626 0
-20.67908744552484 -3.927403970895639 0
-21.60691350124793 -3.776697675126677 0
-26.21052117469502 -2.400350860617163 0
10.82538484262637 -39.22568233796643 0
10.06858714294412 -39.9897663276206 0
9.08496979896867 -39.7931272131453 0
9.3908532506975 -40.73290482278198 0
-14.74105847469054 -37.23288845181007 0
-14.85658517893449 -38.16711230147553 0
30.46543433492849 -35.27694966189254 0
-25.49374548178723 -24.25387449178035 0
16.35528847725126 -44.98712058979162 0
26.87636351191814 -39.99605323816441 0
25.86531630782773 -40.39568307513422 0
18.25517434591833 -8.141136115721441 0
17.34143194389885 -7.561704241710965 0
14.98551096841721 -33.2766659617083 0
14.57681208572492 -26.15137508643939 0
22.12497029801932 -14.5520662944619 0
-23.31596588047254 -15.70914379589851 0
16.81955642120987 -15.48237871860339 0
2.988802248662993 -37.46131519831366 0
25.70164834857326 -23.08035145679613 0
6.646329158757987 -25.16590283750285 0
27.47366626927847 -14.90000336043225 0
-6.929439739028845 -38.92645987486959 0
-7.522986773448221 -39.54856455573447 0
-7.360062685388845 -40.43450988384189 0
-8.214860716032304 -40.18076316266833 0
-8.024378882160427 -41.13627093554192 0
-20.26170197723349 -36.81539899118922 0
-5.565137615308459 -30.96811337464612 0
10.31546442580662 -40.89280674674549 0
9.679307417688666 -41.658224867561 0
26.68582439340503 -22.09077649987038 0
16.75754989690776 -5.794655807429455 0
17.14436244044365 -10.399837788733 0
15.6435314741932 -29.51431706513786 0
2.734796067767345 -24.68353088695947 0
8.726316946474089 -41.47268000550063 0
9.03295165510549 -42.41575961605626 0
30.67047724589169 -33.56203599481062 0
18.03525513371316 -36.16717033714243 0
15.00575260434869 -43.82268808459296 0
-32.0443496454027 -23.29606101308638 0
-17.23311973886625 -36.82506689797397 0
-16.40204033371591 -37.287142096948 0
-3.335763351151666 -24.75576409525032 0
-25.07027679226079 -8.387456583851904 0
13.54402640450384 -4.034701414455881 0
28.2675010900233 -17.66033537829915 0
22.06434426537892 -18.47377165545821 0
20.46571159351832 -24.13223861229031 0
29.3729166919529 -36.82995931230194 0
23.19318588328058 -26.50542008473553 0
22.82575249090235 -25.9209066610435 0
-20.31101309631186 -34.87864612078792 0
-30.53197770882428 -2.85795131135057 0
-0.5619769421589993 -41.78837882454953 0
-0.3415724888060894 -42.60074074735522 0
-0.9443583671688928 -41.04356960774219 0
7.411487629223721 -24.56909334086881 0
-8.955741051290698 -40.87719687480872 0
-23.08410897007287 -34.12266121088264 0
22.77985404790924 -13.18889134408345 0
23.88281358144079 -20.97988668037591 0
-32.01684603683132 -12.72319989256113 0
-33.02250837125446 -12.71654057249267 0
-33.58328348425942 -11.92174601976226 0
-33.97344837030002 -12.83957505225168 0
-33.37687645334743 -13.63890196559964 0
-34.55807744237879 -12.07483382541211 0
-34.34447378485937 -13.73474059489764 0
-33.76319221716703 -14.50882575707251 0
-31.37337317884399 -13.45357963887113 0
-34.7202081166144 -14.62459215286323 0
-35.30880626817595 -13.85236784404512 0
-34.1301561971141 -15.39596829408192 0
-33.17257012888807 -15.27418078191124 0
-30.41175975099501 -13.2520889755929 0
-30.72716872533 -14.17581153674115 0
-29.78273784088706 -13.9799040748988 0
-35.68514930802167 -14.74834275960051 0
-36.27053423031209 -13.97434050698677 0
-33.5371343528425 -16.16958386379553 0
-32.57821375146623 -16.03621353081876 0
-30.0747813022791 -14.8990507577331 0
-29.11715553434857 -14.74033204875413 0
-34.1645503743263 -11.16083362766163 0
-35.14761165733677 -11.31315840235631 0
-34.78307237971854 -10.41958606197147 0
-35.7501991581204 -10.55655595572726 0
-36.11307310334686 -11.44699757568293 0
-35.3810005921648 -9.662407702991462 0
-34.50404542656618 -16.29629636200457 0
-36.7115425868745 -10.68731931350409 0
-37.08012169619413 -11.58438857322137 0
-36.64657692850691 -14.86861843146751 0
-37.23271821544276 -14.09973246770772 0
-36.04577028809764 -15.63727555567768 0
-31.10891486092263 -15.0385460744087 0
-28.81648385331138 -13.8037821822641 0
-28.15123777462835 -14.5483246449934 0
-27.85119386045938 -13.58508908088144 0
-27.18481678772395 -14.29470525327258 0
5.664827181152914 -24.81597811537917 0
-7.062649242945178 -41.39803302924807 0
-0.9893807596965647 -24.57375319151934 0
-0.06806976807739323 -24.5738247000138 0
-29.43257581516117 -15.63986377763484 0
28.88722420436242 -31.94777193648773 0
14.92174518319542 -39.84391133509349 0
17.07543360368988 -13.48686739901262 0
-35.88788111904464 -13.08934431411848 0
15.5882216775278 -31.10429089784024 0
7.151348158826259 -42.94404793769809 0
18.03275431864593 -16.61380298363537 0
-2.091675213980215 -26.91698186728253 0
-26.51431603045335 -24.14521520215867 0
-2.236152005092823 -44.65987043290652 0
-20.57903124177313 -21.76905924139778 0
23.92633281513367 -22.6093958518274 0
24.0562632425964 -38.36774976935754 0
26.41137823912476 -12.2639803719127 0
19.06283834587571 -24.62238595922084 0
28.38755187550627 -16.75900157354593 0
21.49452866891219 -38.39101549361332 0
-11.31786809923521 -41.04559181006607 0
-32.97227869416776 -16.89588625477331 0
-21.05236324622028 -2.980569192397253 0
13.00367246603192 -45.12774733205219 0
22.49185143332275 -24.21924811044166 0
-1.082746638042403 -38.60649365834716 0
-1.407095842094793 -37.76550133782523 0
-5.858241174411968 -2.29696565598876 0
-7.568455714104275 -36.21964223808665 0
-35.1668003283457 -2.954859008979993 0
10.07562658668141 -29.6437985976635 0
22.92926460596321 -20.57734557764113 0
-11.93964773125767 -3.787605663466357 0
18.84459599438716 -3.051380627690177 0
18.85463099049498 -32.06604844560137 0
18.43315061776378 -31.41705346868463 0
-18.41195152084902 -7.135835041251636 0
-16.53412222650434 -2.535652445799497 0
-20.37633404525673 -15.15898958942743 0
-8.928432623368963 -28.07057912911963 0
-21.18534821954488 -29.1998192929187 0
-7.151913863238023 -28.74540799279526 0
3.594898339598279 -36.64550526913494 0
8.673603314854825 -1.818421822271447 0
24.16296752593798 -37.46151883383453 0
-26.05028737113625 -23.34120374649871 0
6.888467932724525 -34.25128969224075 0
-34.46082561647253 -9.51950196341955 0
-35.02278840552647 -8.771991125477246 0
-35.94795996963954 -8.910843154540805 0
-35.59146998058355 -8.02281804285245 0
-34.0662231523355 -8.643462389598438 0
9.270940251313167 -29.81913458342037 0
-18.25021998022677 -5.282226006353982 0
-21.92728125867683 -2.866060509041465 0
-4.700863390804781 -42.57123812777517 0
24.13531527078434 -23.78894323129841 0
-7.239170718341372 -34.09649950010105 0
18.13578127296237 -44.01684102164457 0
17.28845506830583 -24.06430433881164 0
-37.03085364747834 -4.524458124161193 0
-37.80181620504459 -3.93208989364746 0
17.3033281021945 -45.24066814688932 0
11.6130430231642 -34.69158900577401 0
-10.09408242927947 -30.2712110943845 0
17.93658892316473 -18.70168045578194 0
-13.3836342146954 -6.391996672678161 0
-20.14382810923908 -23.75691546679771 0
-21.07389739908807 -24.29796457838204 0
-0.3114124542196559 -1.924846033408026 0
-0.7102367784086973 -39.51474366309791 0
29.06827573255125 -28.13488691809572 0
-30.07119040757793 -2.081991792745581 0
28.73412580677724 -22.51668924538361 0
28.61899747914983 -23.30158758296777 0
28.77399755872514 -21.70385296117943 0
28.06684099386523 -21.26824524533405 0
28.78267653785576 -20.82642148850097 0
28.10828130000361 -20.40035187491078 0
28.85045353482982 -19.88815818848203 0
11.05797683885496 -34.06712922450684 0
17.30526000940527 -8.507810935156609 0
14.139761782897 -41.87107956871559 0
14.96631732069211 -29.08554506366236 0
26.39512867906338 -26.42185008500125 0
-7.823026997049531 -37.23930104040691 0
29.07131918081175 -31.12199197036502 0
28.39699208523204 -30.47085179918945 0
-36.74595769974542 -2.745818227646282 0
22.2503286138185 -39.5242145277226 0
22.0697939359545 -41.60009122350039 0
-33.00478387328192 -2.235636241426441 0
-32.42381414624489 -2.919259677637226 0
23.24116441691921 -29.60817020131228 0
16.25524256273908 -6.608111401779709 0
-9.701004713147743 -4.870660223973331 0
-19.69468868590686 -22.03955475552235 0
-19.81136519624442 -21.19029643385687 0
-7.033130841668059 -30.64107142076877 0
-3.67576465001851 -26.17093393493909 0
9.500614889936731 -28.9444635683739 0
-4.132773451211564 -2.592520142012381 0
17.5943960926553 -30.36013065930501 0
1.494938868796915 -2.19470007993703 0
-23.31566771169371 -8.347972959261662 0
29.31407202531631 -37.75713306419338 0
-3.994379884708804 -43.25930735602623 0
-7.419745220549217 -2.430514126285615 0
-16.15679400860726 -7.781594812614266 0
-38.7226245141166 -5.06671774174208 0
4.796479739517082 -3.597087649854665 0
21.89135790697775 -42.62140346125921 0
-27.49200831474587 -15.26241420747068 0
-26.53502784099147 -14.98240335012585 0
12.95662819591044 -25.67190382649008 0
17.19950523072671 -4.929736910614736 0
16.66576632770573 -4.099978409199843 0
-5.651182540873321 -42.99231793396491 0
-6.549122648245199 -29.82412029077598 0
7.060383515948708 -31.88646029440527 0
23.24584135009307 -18.66636979513352 0
-30.91855189849964 -3.662903594069185 0
19.1352162861504 -43.66154214129732 0
19.75694727839588 -44.30598775725634 0
20.91583446052468 -43.90802041657792 0
-7.650027267659818 -43.06110385443426 0
27.84698281335847 -26.20708659936564 0
-23.69482370579831 -33.28913798640577 0
-24.10901384492589 -34.36471420933438 0
4.863193410888062 -25.34045097764165 0
29.37680881259965 -35.85985678561809 0
16.43591263823807 -7.990595329232073 0
-21.34110613338004 -34.96926404776276 0
-15.56624197855323 -35.78525453587382 0
-5.091547490661564 -1.414744269434013 0
27.76035107579204 -13.12576551546186 0
15.09161272228104 -28.3219033736475 0
-33.39023513887548 -3.138715328752797 0
24.23700701833797 -21.95756405538208 0
14.278635550996 -32.52756012867028 0
-37.62219529438885 -10.84239037135204 0
-38.00446460558105 -11.72145569527824 0
-37.44534826561102 -12.49837253295528 0
-37.27455265145281 -9.963448131378787 0
-19.22755820907087 -37.34634638098692 0
22.04848132325613 -40.44283758000373 0
-14.75770924554662 -34.24225099236553 0
-1.214401334805558 -28.28418667580667 0
23.41492375165972 -27.74315346509579 0
-13.22968393402663 -38.42724250056853 0
22.59902676152956 -19.46954905471235 0
22.52494509895299 -28.20085594605017 0
22.54439869226784 -36.70278933172315 0
17.64210793644226 -4.017162168215707 0
12.25043561196459 -35.27659084049397 0
-1.398170485742609 -29.24551857632117 0
28.68829832458321 -18.54309541785652 0
-17.2608922214532 -37.84151501692484 0
-7.781900298868776 -4.801973759182427 0
-24.66442544637408 -33.39524835108218 0
-25.39245193553962 -32.71810296348909 0
2.981743981048782 -25.78378927879363 0
-19.26716101473166 -6.686626244020424 0
9.143287400817947 -34.77854723677704 0
9.719184201808474 -34.11903554501467 0
8.846068173387124 -33.85660814451305 0
7.847190104273413 -33.98446367894859 0
-32.80042554936935 -3.826620762244193 0
17.13168353800581 -12.4212262156229 0
24.08657682979381 -30.97682919622705 0
28.16943196602639 -15.56529725695492 0
-18.07774617226913 -36.34128033382653 0
24.18300891163751 -35.73806412101867 0
19.39174597910499 -32.84501058323675 0
18.03913597920549 -9.18257248991266 0
-38.4711865782749 -12.62853862889244 0
3.011054849357048 -2.718464848337209 0
-14.54029177231674 -4.444942016781453 0
-26.72509827676039 -15.82906796758776 0
17.74592948190305 -5.817361302577265 0
18.79561696683419 -33.32122479608596 0
7.858378006704346 -42.09989332218289 0
24.80368235076195 -38.11794815180204 0
12.96931493608895 -34.94837293820826 0
12.93931282237998 -35.81843534879966 0
3.234319284884204 -35.76815533938689 0
-33.18029689401678 -11.07706597627926 0
9.981098422706248 -3.105139316514983 0
18.16967479229058 -21.84160636898628 0
-16.36912342703263 -38.31833566643694 0
-10.39177625910303 -28.24803019083914 0
-8.733527734743504 -41.82831820146686 0
-9.611989609049477 -41.49301165564363 0
2.092099466447788 -33.11929404334427 0
2.474129891460632 -34.0055020454998 0
1.68113731113414 -32.23892011000748 0
0.7141087791505552 -32.12391113868102 0
24.64102610545306 -36.64497574765268 0
-22.44052032711814 -35.14816236634002 0
-31.91079651516365 -16.90756182788765 0
-26.20485736065888 -14.0449270770804 0
-25.56174368558956 -14.76733336325479 0
-25.17457031808192 -13.88914043667094 0
-24.57611002641228 -14.61819544147436 0
0.2604367932984255 -29.57017400597935 0
-7.645891731363795 -27.75972180980018 0
14.61067823245926 -34.15533791549763 0
-2.730648067617514 -2.580529099508956 0
17.10610645703655 -3.183886424999489 0
10.97487043037256 -29.32920672845963 0
-19.34103353337986 -17.89770930865301 0
-19.28244729118734 -18.9061008395469 0
-9.207714496844337 -39.04534259715757 0
-32.18273113196889 -15.14921368092587 0
25.29040176985424 -38.99140161515497 0
25.60086495588099 -35.18751611595471 0
-21.28399695703361 -36.53615776915116 0
-7.185885157832183 -35.23984652342273 0
25.34921750756186 -27.25995908677503 0
10.15757593919718 -42.64960742081479 0
28.61053794663941 -24.60948464862916 0
-26.85737372593842 -25.92319638598671 0
25.63421247998714 -31.09921331549948 0
25.93931007201375 -30.10599389441216 0
26.9368492142182 -30.05905829769804 0
6.710600319994883 -3.153177574208858 0
7.246546903376062 -2.363508577065588 0
8.913676734251384 -2.955239596754454 0
3.544452806553263 -3.487183330282815 0
12.49329674479301 -24.80821703984468 0
11.65602949439931 -24.87195022504308 0
-11.07002849458252 -32.4671997872133 0
-10.60226189524013 -33.23490650660141 0
-10.90640085157218 -34.09244877028137 0
-15.21715910701616 -3.789286284630136 0
-14.60258767110052 -2.953656735614328 0
-28.95724365144741 -16.65162626015347 0
17.92185709827195 -19.7515890249807 0
-26.95807013848195 -26.95024328288245 0
-27.79139022034536 -27.40487895873737 0
28.52428757716903 -25.56756946844282 0
14.20010787209812 -3.196351954483488 0
17.03045020747227 -20.36690663499936 0
-0.6920334503075554 -29.90218391133441 0
-36.94021113253906 -15.84263305522167 0
24.33208720418178 -27.35662490036651 0
17.97394959636322 -10.74804230937765 0
-32.38282156538491 -13.5485553040672 0
-1.095051125518307 -35.43421096893962 0
-36.54467610522907 -8.144906532296512 0
-28.06154820065254 -23.36188206740322 0
-28.97983212807549 -23.14607935349872 0
-29.8254737814967 -23.54434755617053 0
-2.397516385236381 -25.09527455577581 0
13.65486875041064 -29.21217038659352 0
25.0017307028685 -21.92901519821773 0
25.83350974288519 -22.03660463862583 0
-21.9493819677746 -7.714436891643379 0
-22.03901696113418 -6.805775170818163 0
11.00008485499404 -3.3437751922221 0
11.78714241940796 -2.547663118849032 0
23.10406180108656 -44.1268441124445 0
-26.91390394205222 -23.24750426036298 0
-24.92073920706421 -6.299888333830975 0
-25.29893042363807 -6.93816760293589 0
-25.42060243499198 -5.672642255448749 0
17.55473511146597 -37.07721490481555 0
17.10704289931643 -38.01949027970728 0
16.19180170582318 -38.04896379204824 0
25.83634058050933 -41.45640072062415 0
27.18132352311237 -19.45529567615668 0
15.78739015663957 -39.05273148355261 0
15.79089353736495 -40.02155081151837 0
-10.97987484780367 -29.60204804144923 0
15.14359743990941 -44.84773290589826 0
14.22559000123027 -44.30131660430823 0
17.05571985595402 -36.15185124254671 0
18.48149025710277 -22.84120491563145 0
8.174925784313446 -43.27921074813249 0
-7.104269231227185 -4.178926641381718 0
14.86955057140898 -31.20033886424455 0
15.23028851800518 -31.73062764949968 0
-6.397155434841212 -34.48899702196589 0
4.039738829492022 -25.90363539089871 0
15.00796927972617 -32.40475781705327 0
-1.342263021850317 -36.25313418162727 0
16.1112704929495 -3.254002296923142 0
24.84216460411579 -40.29272053589752 0
21.67498781004804 -24.48136047036009 0
4.879393034685485 -2.521924074360919 0
-30.13581223740601 -12.29635085661303 0
-26.89923861280146 -13.32878892177133 0
-21.38482560061692 -2.056842990499177 0
14.54798045216093 -40.90543807050675 0
20.83178391301723 -38.92495503436945 0
-0.8488394026752436 -43.34396882127653 0
-12.1464574593416 -37.13366379801585 0
-19.51147651838124 -4.84079777368396 0
-22.57945693455362 -3.647051760173872 0
-0.7528740098482719 -2.895830562011247 0
17.95057926354954 -17.66035329399274 0
-24.07856323366347 -13.76797703835605 0
18.19477537379709 -15.58350070141126 0
6.632408756590161 -32.77113816173172 0
12.83958930935101 -29.28706481790191 0
12.4360633590203 -30.02015194954194 0
11.97087393022964 -29.32462805747515 0
0.7420184493603116 -44.02895366311095 0
1.071937721448829 -43.08741784231864 0
1.991119178964108 -42.9381854906644 0
-2.195468859040209 -1.808243280349774 0
12.73171078574952 -2.836860761300754 0
-7.49744709549149 -38.15542998305015 0
5.704510575670088 -3.264480389348744 0
2.65136244826501 -32.35554944922458 0
-9.037830100854912 -5.492507999693958 0
-24.21446119692998 -8.190312722555092 0
-15.56559273258112 -34.72407167412658 0
13.75324562278068 -42.78450896189358 0
5.355913538080711 -23.96900061594912 0
-31.03275181195219 -2.063692670556704 0
-34.35246836244135 -3.429040753997289 0
16.3269950982319 -29.99191629399907 0
-29.04268683571014 -2.026642743730664 0
23.3751593881986 -37.09693821951727 0
-7.195358798666708 -33.06161316713851 0
-6.26286399421104 -32.67083600930238 0
14.74776383243511 -2.31486309595096 0
-19.95579349800099 -19.57608923744942 0
-18.981947830056 -19.74334418590695 0
21.3842204306693 -37.53740184285735 0
-28.61405228130426 -26.99764799510594 0
-28.69301830200886 -29.26505563123315 0
-27.81138286068309 -28.42911154908224 0
-27.71547534970835 -29.5769575656979 0
-33.10589951198583 -4.644038431469191 0
-6.693184812089578 -43.07817002914542 0
-21.3992779399107 -21.19945534059858 0
-1.322258545357524 -44.31188968619968 0
-30.92404862875036 -17.5356057288182 0
-30.85342083691401 -16.53847274708421 0
13.85551647334197 -36.13711721864474 0
12.50111155901548 -37.18676315550536 0
-28.43659847659323 -15.62342325043715 0
-22.64344462640911 -15.00889802949566 0
-21.85623810686685 -15.09503654862486 0
18.52064070751675 -13.60358108304868 0
0.2464682478985512 -39.6566729864504 0
-33.71759533262904 -10.21514451914444 0
-1.621133033461762 -43.55719115829749 0
22.41934292072471 -43.4951340543932 0
-15.62965118916438 -2.919126824020528 0
-13.90667224088314 -5.640029573269446 0
30.29607354311482 -36.27462122238508 0
-28.41324053877953 -30.24547067643217 0
-27.47193431107498 -30.56925374661291 0
-27.17412542738666 -31.5600314804352 0
17.0507957040319 -29.76972397827801 0
21.97899639155091 -26.12440579511681 0
3.522384243415041 -34.08891464059575 0
-36.31048016358936 -9.809687615390594 0
-10.11220725104784 -31.81169780125014 0
-6.071691641642664 -41.13906587023651 0
1.942484202701249 -41.54645637503255 0
2.854495673160468 -41.70144637436886 0
3.533900688216747 -40.98829358047568 0
10.21377485955981 -25.22067063683779 0
9.947429460729778 -24.26962338708922 0
8.968817500301251 -23.87856158063261 0
11.57739419608927 -41.6291840322527 0
9.897611135771417 -32.69229164755591 0
10.36987730371395 -33.45316044662646 0
-31.31270893930768 -25.80480295974908 0
15.39654126161049 -26.66591841318095 0
16.93195793713168 -14.46518075941579 0
12.4079697682891 -39.726762627906 0
11.82519865211296 -38.95408976310017 0
12.21553199099829 -38.15617898806943 0
-22.0056315028942 -23.95553168290274 0
-22.86314652118532 -24.67798555870594 0
-23.73667292180189 -24.17799133880063 0
18.1811205961382 -24.32026088826338 0
-23.8989380259712 -28.90232451534129 0
8.201149124697354 -33.14958299101764 0
4.220837069543473 -35.8801719017702 0
-34.63040900570242 -7.913343453708107 0
-35.03971979409216 -7.052007365383512 0
-9.380520846220614 -31.03905202943509 0
-22.95554098733908 -29.06029981416415 0
-22.66127402538536 -29.93759050505871 0
-23.2345309130742 -30.70529337338311 0
-23.82979470115847 -23.2275837191563 0
-24.61299059196963 -23.8018470755041 0
-25.98898187944857 -16.34919740692412 0
9.347826880748551 -43.37225900225384 0
26.30398498360747 -35.80475279369026 0
-21.47455338891071 -25.91304462873645 0
-23.29211566763826 -28.14525172748152 0
9.168393341242627 -37.21964026678405 0
8.496110414594817 -37.91922134358236 0
8.784035414087336 -38.85676349751928 0
8.055324792857565 -39.57522505086607 0
8.337283367063888 -40.50539041683991 0
7.284682342778231 -40.35719208009967 0
10.9974886269039 -40.20680486310145 0
2.234002691302302 -35.66076917406822 0
24.55603084731306 -13.47002351030482 0
25.08288123357083 -12.70121046359246 0
-21.85125354601009 -24.94421701453864 0
-23.39113461115048 -25.58838743137991 0
-29.71942663815877 -24.61361153736416 0
-14.16075249235062 -38.8210573344299 0
-14.46484872751025 -39.76166066603204 0
3.151007860767266 -40.06126302317914 0
3.894563054121547 -39.31255312933324 0
3.517498803269911 -38.39959987562019 0
4.574345090606865 -38.45092992526617 0
-26.74126035765877 -28.43362707964511 0
-25.49220687452227 -26.88177471743297 0
-26.05565543863395 -30.23660728624332 0
-12.39352317472645 -2.91703275563408 0
-13.49499698576708 -2.738665626419674 0
-11.991959975581 -36.16245060651259 0
-11.2599878104303 -36.7598962611284 0
-25.56736460742182 -33.68422990281093 0
18.08738475325583 -11.83720185109389 0
18.91064712589503 -11.00517060983239 0
0.1018776132038502 -37.08064584292425 0
2.419060417469363 -38.24454317283462 0
2.409784470398384 -23.85003086630414 0
1.768542941404434 -24.57277592629269 0
-33.91960530813606 -17.03414494271087 0
-34.97773122151737 -17.35713268451768 0
-35.09242439926835 -15.52141977830153 0
-14.66544932854685 -36.12759480814944 0
12.92332710556097 -30.65788412852174 0
28.35528194863704 -14.63219082385908 0
22.36051967445026 -29.24512663904944 0
-37.58269129815171 -3.041624597075395 0
-30.58898797238789 -24.25117885257126 0
0.6233748645786062 -2.028833838587279 0
16.67392052671716 -16.48476450242683 0
16.86605395146692 -34.34894982049623 0
17.50561278268442 -35.05255447911898 0
17.68953752473973 -34.04740606952295 0
0.1360448869249103 -32.87569330572266 0
18.26323168754568 -45.52636292793481 0
-34.93049026212323 -12.96744392777287 0
1.864431814934189 -34.77606822049015 0
-28.58704009745362 -2.947808473830879 0
-27.63485763523214 -3.014116242348299 0
-27.17453023470176 -3.869147007720569 0
-0.3154162004879926 -31.92177643862262 0
0.3208224464203553 -31.17621768999249 0
11.23114397804758 -30.92203958178722 0
11.561465579912 -30.10894126858763 0
-35.46921705919615 -16.42604354558126 0
9.879961289744056 -23.26652971473289 0
19.33172538195007 -25.46587320683798 0
13.72958709637773 -34.41548880870491 0
-38.45912983288774 -3.186263146574887 0
27.69652354696254 -39.55367343110191 0
27.65006266733888 -40.45237930492318 0
28.68295345366739 -39.14183032081736 0
-34.91521654292343 -6.094924246135056 0
-27.87711940459626 -32.14413670434468 0
-27.02105384384227 -32.542988435991 0
-36.07151914678708 -7.226519682833954 0
-36.46374125334783 -6.601823865361249 0
30.01143073985168 -30.78936390181968 0
20.99488378311911 -42.92217306632415 0
-36.27033773760597 -5.029547962922333 0
-35.80778350206248 -2.291638700770456 0
-27.62157863432664 -12.70005371712773 0
-17.07794734685558 -7.880776415408793 0
-17.49589168901502 -7.162136532342284 0
30.14273274658115 -19.85040199260906 0
-6.348584774310713 -42.15248957697617 0
-28.05955974394075 -2.200256608913855 0
-35.5203289876807 -12.20317725829447 0
29.22398180970445 -17.80770731642486 0
-27.03611683570345 -5.431676956897116 0
30.17874460018506 -21.80574779411473 0
1.940337181908949 -26.24886479905465 0
13.17508711376719 -37.98343816709901 0
27.74352302251485 -37.71051655012403 0
18.39644371075221 -35.3123955501791 0
8.997459933706972 -30.65571648477272 0
-7.87444117339721 -42.13177451775173 0
-19.26711614699167 -3.202950173286318 0
2.883546130856245 -34.87474780968192 0
-19.73367597560125 -16.93638343934779 0
-29.48283266347332 -13.04185021296855 0
-36.48079484797138 -12.33530182546694 0
-2.758105579897341 -36.98305734984946 0
24.6046862070073 -24.21791008868983 0
9.736427921746873 -2.05892524221191 0
-12.34606076289459 -38.09432150890499 0
-31.77008775278503 -14.2948146061013 0
14.76040576464607 -42.74112594880871 0
-20.51950249837811 -26.07326697978141 0
29.61636308724854 -35.02357167010697 0
30.16981215751029 -34.39455400364228 0
-38.00522927730691 -9.356685697237737 0
22.38131062619262 -25.16937939472046 0
-31.47925887130483 -2.866464139647715 0
13.80912393760841 -25.74303080842784 0
14.56637722436149 -25.21700724927618 0
1.239721988316575 -3.594245794711028 0
7.262010534571291 -31.02780741696626 0
7.452696417925619 -30.18415667234573 0
-1.214079075203302 -1.859717172758856 0
14.16859541133649 -33.33946259325441 0
-23.62766424309677 -14.77112840441742 0
-31.48895353877342 -24.83294396926394 0
11.83718637801744 -24.02578547006296 0
-23.286744850268 -32.38213586789657 0
-15.28631955865063 -7.557077116040041 0
21.91988608251923 -17.40686303549757 0
-21.72756797164158 -5.386440973614983 0
-21.80736762792275 -31.50969263348295 0
-34.23995178151098 -17.97069811979477 0
-22.49595185901553 -8.465847923690143 0
17.13892160950832 -31.66801137943383 0
-18.49480356974041 -6.157248119933145 0
-22.87566653996989 -5.647511855768987 0
-17.73004322370771 -38.74800909539244 0
15.64969673350576 -30.27511312323758 0
-15.0815703616295 -39.12009694599233 0
-15.95110718400759 -39.23116686714763 0
-36.84259329608793 -13.21714146770057 0
-9.63461118959369 -43.07108281432802 0
-15.02444325973689 -6.798857981782936 0
-22.12810519511423 -4.547786152094124 0
-25.8783891980331 -3.285611266315958 0
-12.53433259974457 -39.11843960327289 0
-27.14921047790884 -24.84356804226538 0
26.30428687182495 -23.21208722221117 0
14.91001060598597 -29.92132080577646 0
-0.5171222521362872 -23.71198256907455 0
0.4134948526678343 -23.74897010217284 0
-1.420573520114485 -23.73135372545475 0
-10.93480257451747 -2.760576908403484 0
16.6495479988796 -45.87173252227249 0
15.31628360859531 -6.70670847562328 0
13.48310710948941 -32.63350984164934 0
-10.45619849878747 -4.353262879613137 0
16.53949365046095 -21.18400680815965 0
23.54133288344862 -16.53986984921901 0
-11.12440619587273 -35.81541067210941 0
-10.3285075213131 -35.36252678833536 0
-27.09148255206741 -2.154093124265795 0
10.31152346548527 -43.71045514671554 0
8.766259499893286 -44.13241819904293 0
22.73420422552327 -15.9998955901245 0
-35.18318042818366 -1.486932518346851 0
-24.89955362143701 -35.0607818790977 0
-17.88992205130831 -21.1218789243519 0
-18.89034441642529 -21.30138690567508 0
-37.79278947667179 -13.37545664474936 0
-38.25229146182966 -14.30634711701281 0
26.76136372528254 -41.05322324684023 0
-22.81450215450872 -31.56112130676296 0
23.64920151471427 -13.38445387400925 0
23.04204079746419 -14.17443660952464 0
-17.13785486557834 -6.46575079328662 0
17.15465892009011 -6.651221745669982 0
21.31065689225712 -44.76909637119108 0
-39.45016815918306 -3.34018169821471 0
-32.77471320825688 -14.40241534927963 0
16.64248257548865 -2.244061183112237 0
15.68406241259826 -45.8111328792246 0
16.50043285684259 -18.52901363306793 0
-12.62263959310999 -1.975251479949894 0
28.51296903910494 -38.1841726624862 0
-15.56205171480483 -36.7334371036187 0
-4.094393534975926 -1.583093341374685 0
-37.55840658191759 -15.08503455763925 0
-18.52705167507604 -22.91501127520397 0
-16.70853583650503 -1.612905022120415 0
17.05806868075396 -9.417963415095008 0
-19.45526871376565 -24.54909271665469 0
-22.06413438316159 -29.158652490601 0
23.39157318666706 -24.05912123209645 0
5.031235219566842 -26.3407850384972 0
15.15960313169376 -3.180923400262628 0
11.63339851652 -28.46657468742767 0
-31.54214304288121 -15.90131282767897 0
0.9748379930341573 -30.36411179757828 0
3.477338083790965 -26.5974436632583 0
25.58180853597797 -26.49737708347425 0
-0.3222830832546534 -40.40584737850075 0
21.95185694320523 -15.45911821905958 0
6.408687531721157 -24.15787313699894 0
2.591577579363938 -43.6138824399507 0
-23.19512034033136 -35.84736993930957 0
-37.82016260702883 -16.12422988645239 0
8.357170706268187 -29.82117628201333 0
30.17607220082052 -37.25665708059616 0
-19.48134722044146 -36.32110375279672 0
-24.91739352807489 -7.57688629764295 0
-25.64925818690154 -7.741888327992553 0
-30.42739961829368 -15.74779255735246 0
-14.46434598187779 -1.482800922396088 0
0.8656419931692764 -24.57977795271979 0
10.85196556123359 -24.54426120551183 0
-2.898367153911408 -27.59272762944815 0
-20.86152475874241 -25.18349501818613 0
-20.58460932690846 -35.82828043296102 0
22.83007473540197 -15.10631177780179 0
27.20798619263658 -25.15869405479462 0
11.59783647537866 -36.84177336007288 0
-19.44839924124501 -22.90529469690161 0
-18.17334922042701 -37.19141377945237 0
-19.81199758007976 -4.006316439061206 0
-9.132374370832913 -39.97786350153877 0
-14.21134742719095 -6.660176565077822 0
8.271595409958357 -37.04038439749758 0
0.1416840001580539 -43.33369775393093 0
25.09797509833244 -25.88722320985043 0
15.31030497544479 -27.49836706310488 0
27.52673010782399 -30.75387558161783 0
3.843739364188759 -41.88366952261023 0
22.05354744658455 -20.17439563373497 0
15.70470456878635 -4.11432444523671 0
23.25737276869181 -25.27264309469103 0
16.12346444995041 -36.23273040600613 0
22.67010408968534 -27.25818133181577 0
-37.87067427346067 -4.834019279569322 0
7.319855380024719 -33.35221383455526 0
-31.81009479552406 -3.739762390138066 0
19.97252509269872 -24.78584628160192 0
28.47734242334847 -40.04978834682775 0
27.94375053611185 -23.54661409599884 0
7.520993966196429 -34.7078434429661 0
-5.503957995775426 -31.94676515804171 0
-22.04313835501461 -14.3046758657155 0
11.07930346028964 -25.49261024228427 0
19.23692467077959 -31.39536086290041 0
29.91599232604725 -23.63718098359218 0
-36.5210960510809 -17.48619856903998 0
-25.69318051567005 -22.53991984808321 0
16.94996839180453 -33.13091018249293 0
26.65469890564668 -29.20439758950446 0
27.77935083917845 -29.65265547053081 0
28.85228211992314 -29.64649673683313 0
2.122429849363288 -25.36437285443925 0
-35.72351943572075 -6.392324562263541 0
11.22279365977441 -33.21290095365643 0
27.42712197515825 -21.74148170699125 0
26.78582885401006 -21.24575134971646 0
22.81526720263305 -37.61998871537151 0
-11.73109772423059 -34.31296779533269 0
-17.98311232888213 -18.60655888959371 0
-32.67052756629596 -18.33325576609208 0
10.67132227696095 -41.7141888176721 0
-9.173586160011961 -33.05410698632981 0
29.65480350002169 -16.22110247549043 0
-6.198416388926796 -28.90678488896658 0
6.795515700638863 -29.63495312767684 0
7.489153719325995 -29.24507697955472 0
-38.4633639426354 -10.88626340064476 0
-39.03312650701314 -14.80181610584542 0
-8.071441802584767 -3.986945680596195 0
18.56484580477039 -3.897130231638156 0
0.1312441465034302 -41.30095556729965 0
-26.2690977702871 -33.12497916470882 0
2.383905196884431 -31.49648152082501 0
-9.987609018422422 -33.80383896352166 0
-6.101322977594443 -36.58940029065314 0
23.63763249375062 -23.27940138663263 0
23.11364826218669 -22.64328040195012 0
17.01363272947338 -23.18554155843001 0
-13.63319391416369 -7.233051165424756 0
26.78471762082634 -24.6601173203928 0
29.44410900972196 -28.97170019060195 0
-33.61802071636282 -7.913462424253854 0
14.18944854187986 -43.5120401603375 0
-26.19995613009156 -31.98912178806521 0
28.49842966194185 -13.77330193340228 0
7.744037839720013 -1.692381589570679 0
25.41781371703782 -22.54720689680545 0
-24.22004635065198 -15.44128865780397 0
-22.26336807269382 -2.011742708554094 0
-21.74954736995044 -1.291191443166342 0
-23.21403695194208 -2.007301800275239 0
25.88785366650471 -23.52341104394182 0
7.414915718151757 -23.0031143201679 0
-22.30063088274617 -30.72318951443701 0
-26.44918042320664 -34.13761393318335 0
22.72266536912519 -16.97636795075631 0
1.466866788380022 -42.24247934204108 0
-3.121561403977714 -44.73213220935051 0
-2.845551134593399 -43.90851686573841 0
-2.887137888828041 -26.55781994291462 0
-10.7115170977909 -40.41493965607865 0
-18.75941890617538 -16.98189035841442 0
-20.10672857018412 -16.05384798976011 0
-6.434576316424899 -31.46182339630634 0
22.92236503426658 -41.69493870536073 0
18.78017126856262 -30.70750588297674 0
-36.32238115054125 -16.57591951715535 0
-28.17215708004963 -0.7710291596690846 0
10.88836076556333 -35.09004247959892 0
-26.65252946432688 -22.4306053913334 0
4.722920828702618 -36.59621812178056 0
15.90268130809351 -32.50142024639347 0
-1.953853812409255 -27.78358834254306 0
17.76165671431936 -31.56347841713892 0
-0.07303850800952696 -22.73860732307131 0
27.13052506489809 -26.72096708646627 0
-3.212757991989124 -43.10478994669736 0
-20.1667273670449 -3.06137636086685 0
-9.816346879449444 -40.65596167737837 0
26.16775925805997 -22.61316083070218 0
3.922479798595624 -37.56330072168695 0
-1.858960188016393 -40.98994310892657 0
-10.52908415165254 -5.186814298212066 0
-36.92905778311322 -9.122595684142951 0
-22.2218008920539 -5.951744732537287 0
17.8867089439816 -12.98628698980374 0
-19.18530376555197 -5.687536179762199 0
6.44289966564034 -31.30423566326714 0
27.40812053793638 -20.84212580371903 0
-23.45132400491489 -3.915249688812719 0
15.63339072363852 -8.436326650163046 0
-26.74024367918543 -3.104570461838935 0
14.01994904363675 -45.26548423547527 0
-1.942284579291065 -38.471584575934 0
-28.60323876892838 -22.28799756405173 0
18.03442767444958 -3.100912494031602 0
-26.79266557552656 -12.41003463520553 0
8.072746632644243 -23.89397351124441 0
7.870843078169536 -41.2242412302715 0
30.63698554795831 -32.55307384569929 0
29.84164977110047 -33.00723299537999 0
-29.51440758018936 -22.41883924810755 0
-39.31831020969761 -10.84995948685319 0
2.875908393791401 -42.63025196663497 0
28.15706435185079 -19.44281240563288 0
-33.17329947071987 -8.803172951343395 0
-38.91461518811358 -11.69615316789989 0
-39.15122720714669 -13.10592682375046 0
-11.00966436963034 -30.52001486757741 0
-28.53256775060774 -12.8807408741628 0
-8.334012001399383 -39.25076074075663 0
-9.161067409931146 -33.8994914127412 0
29.28049107027096 -25.16389190633807 0
29.43679357162091 -22.1777520089374 0
30.0424204821861 -18.00867556418726 0
-21.41028684890895 -28.3453858960325 0
-31.27171367280119 -22.95186732176631 0
-20.65561401619923 -16.83070002050536 0
-34.08794342030679 -2.47127097475338 0
-31.14947187656476 -4.523891029486163 0
4.408934745435703 -41.190023149557 0
-24.22896951476781 -7.476728700635718 0
-11.04139022556896 -34.92569933230368 0
26.27114918669209 -27.17606517049064 0
22.75821772459459 -17.93625524245981 0
-23.76879087128727 -8.960798136319795 0
-37.08919150599785 -5.379677402591893 0
27.1730166247037 -12.49419142817456 0
26.72989664210524 -13.2284577692216 0
24.06549352418098 -30.12562931910393 0
-0.03088131955930646 -30.4174486790105 0
7.199541735355153 -23.79038252011795 0
19.60252997342015 -32.05720857790831 0
-2.504110306945513 -39.1248237199142 0
29.42123987541737 -39.94271248564493 0
-23.38854377136559 -34.97518434969934 0
-6.620799600465141 -1.856998030204267 0
-26.12563739567447 -7.00594412538736 0
-24.98618365328499 -34.22438626599758 0
8.349829488932494 -24.74676901342177 0
6.845628563693012 -42.15604844659901 0
-10.92804442325122 -28.82674913354011 0
-4.733916190493139 -44.53440299751423 0
-6.966793661517706 -36.85476424056413 0
18.12424830240635 -33.33603258984175 0
29.99154201257111 -38.23019247234619 0
-24.53789657715268 -24.64053413217823 0
29.70723104777892 -32.20634929765857 0
0.4164109254742419 -42.25811356758879 0
-33.30710266490702 -17.7268686600538 0
-27.57419985566299 -4.623808877493727 0
-26.49541899996459 -4.619202367194138 0
-29.18085406517861 -12.12349550948179 0
-0.8181897648716873 -37.01977585184923 0
23.12296947721501 -21.304085661091 0
-38.65492781652345 -4.124739670714176 0
-18.48057829647519 -20.44237956153913 0
-3.048108750200643 -25.65227446833663 0
-29.35992317516981 -27.44840628864618 0
-15.07326838834198 -2.169604511454445 0
-16.23102999274411 -3.479617042061261 0
-15.58834289349915 -37.70635695651825 0
28.49150165437022 -28.85125185633817 0
13.15801767929636 -28.67169582619006 0
-20.51536898956798 -2.116419893852942 0
12.91419021177295 -44.37707678372619 0
9.894119648480775 -28.26027639478377 0
28.92590885331223 -32.82302912354504 0
-36.98478960584453 -1.385129317019408 0
15.09726396119295 -30.61433633521436 0
-38.11077897965212 -2.322151296067803 0
-21.08547981340026 -29.94088662569615 0
-9.974699509072753 -32.71501535784142 0
29.00426136872264 -23.99512530285134 0
-35.79514169550862 -17.18927133493214 0
25.19145208745721 -41.00195395304429 0
-1.818154410097882 -24.47627632513781 0
12.81934906970959 -24.11176251387506 0
-27.70775996035825 -32.95746706854536 0
-4.78043782394307 -43.54372142633726 0
-5.397981102238007 -32.80104201582363 0
28.79704725236649 -16.11548445185533 0
-10.26709450844979 -31.04176351066908 0
29.47016639760386 -21.31500049130532 0
-27.34591418499273 -23.99679844992144 0
7.189050235965202 -39.39907750880103 0
-11.11904088014603 -3.682685615707469 0
-34.9946895935329 -18.42112344780689 0
-5.938046609744013 -1.416492278733534 0
18.30391697125235 -25.09100522795518 0
-3.107265474779789 -24.01843116496845 0
-17.64718429128128 -20.37307539393418 0
21.6145579805201 -39.237999116159 0
5.707031690255262 -32.57270778792211 0
-2.324188500706752 -37.69017947385252 0
-1.506738537924435 -30.19331120108708 0
14.93927495698508 -41.78496958582829 0
15.84339175323688 -7.408339747404884 0
-13.92219049175086 -34.37110648039693 0
-13.97830781155313 -33.57337463363276 0
22.30956441215588 -21.07210998561336 0
28.01817202975845 -41.65250521663659 0
-19.63932450322929 -20.34422521236882 0
18.03627603696942 -30.87073434914027 0
-6.921613208599065 -27.93851487518366 0
17.78523429313598 -9.940570490922944 0
-29.7970868047314 -1.239618726364471 0
-14.58673257311636 -5.212872391931199 0
9.637739673483175 -33.38102760569537 0
29.30371235828429 -23.05692253826682 0
11.26371036974797 -38.34412400007879 0
16.62330674295819 -37.11372828557357 0
18.43476895268772 -2.298340947551468 0
-3.572845720748945 -26.97470904888816 0
5.748350173245178 -30.99554280249704 0
26.42243353370459 -35.01241550212298 0
23.27605087163251 -12.56863291847208 0
15.3184151267863 -25.79611377539393 0
20.79009920836465 -38.16829489370755 0
12.98470181425383 -34.1732023748155 0
9.000955111798387 -28.38925394389571 0
-26.54551389096342 -30.93913796492605 0
-1.824352054355534 -35.67018174025694 0
23.31039982104267 -30.52623827772415 0
20.36805011631953 -44.9506460535834 0
-31.3802567533558 -23.8796783894059 0
-5.739408217752514 -30.02007764625928 0
-9.744915503609601 -27.69675669412738 0
4.768250679443359 -39.39439636704699 0
-39.68786676034592 -11.52064794420259 0
-34.3064997614951 -18.76645033513853 0
25.53783008404874 -29.36115654352389 0
7.714619327704567 -37.67419102416536 0
-14.16404052312774 -2.249118126731311 0
24.90119554143163 -30.58707390647486 0
22.18432300021755 -13.74168592830549 0
-10.46298495159347 -41.24024439243976 0
-10.23491620236796 -42.23931048869595 0
12.69512848775432 -2.088758970629875 0
-34.9062679076306 -2.164590253264875 0
-29.85291658728712 -16.36377290755941 0
28.48881108842002 -35.65143089802675 0
1.233421841172033 -31.39348446771368 0
12.15610105210606 -36.15145040185266 0
3.521502055840619 -27.42778030776799 0
6.600672580557232 -33.56819001877187 0
-20.29414836697131 -24.62279651319058 0
-24.87404009774103 -13.15048343537545 0
24.67880521604045 -21.42011274948408 0
-15.57455406721383 -8.292589493151205 0
-15.28501301203627 -4.697890012535397 0
1.374448186253787 -23.69435264732355 0
24.87887850319083 -11.94019864717136 0
25.65338823681912 -11.96146986935214 0
21.75657741049316 -27.83682758573125 0
-1.812352854008797 -36.98253398170262 0
-26.09983069640833 -5.538159180057564 0
-9.132228013257668 -27.30024659756227 0
-24.48691962353665 -8.898139721897975 0
-9.625577337552883 -28.46692470556376 0
-11.84155630608546 -38.72618012267537 0
29.46735239167799 -20.37161972508503 0
-9.387538740251705 -42.30217232906647 0
-21.09372527551622 -15.71754098460263 0
-14.43511914736505 -7.390700919341509 0
18.2392580774046 -30.15485017789527 0
17.33339992303545 -17.06794026137304 0
20.92648364847012 -24.76420617582503 0
-9.767352648375985 -5.641720840306291 0
17.87937043287909 -23.46153821574174 0
-26.35444564264992 -1.613304474399019 0
14.36801615670864 -28.70818427485483 0
17.75817735537878 -13.99478882523168 0
-6.562155521749711 -33.60615218423994 0
24.81012639550428 -35.11462596298573 0
28.70617701038642 -41.36868822681825 0
29.2367242974526 -34.43194660680696 0
-1.767713168950075 -23.03606868072896 0
22.70509210036117 -40.92942063369979 0
-20.56861950392834 -20.97043341147151 0
29.78469836352666 -33.77201760887077 0
29.28554714594858 -19.23362995079776 0
12.79519414706594 -3.59970767698274 0
21.72458935864674 -36.87312171396179 0
2.852708661161306 -3.866719006524497 0
29.22915135195944 -30.37325679324928 0
27.59205582561917 -13.97591895943419 0
-8.407212813625092 -27.34754996606611 0
13.21774960317443 -26.33134338281572 0
-27.1011016265241 -27.75652788381387 0
-17.87703606121095 -6.565931378797723 0
-32.36263074156933 -24.15756335785183 0
17.43538185336613 -45.98925110843064 0
-19.603626156647 -15.50054001250922 0
19.33922154042205 -33.75665327572111 0
25.55079499000702 -38.04955487526913 0
-36.281901679953 -5.803541935308441 0
-8.295139329556212 -5.388016227745519 0
23.05141792796952 -24.67048437248762 0
23.49811872733871 -21.89901070118047 0
17.62541470509462 -22.49056013587271 0
-15.57787507267662 -38.50593156788732 0
-30.69160747130515 -23.44129596431384 0
14.43083210458754 -27.88532216520494 0
-1.243080109934342 -40.20688364390219 0
-10.44496017482066 -43.06928230631729 0
-6.764129607764177 -36.0961535259836 0
-25.33434988546371 -31.88971290138517 0
-1.57132408280761 -39.31391322108964 0
6.090474824693141 -34.0569751112622 0
-3.597427786767015 -43.96911747954471 0
-15.84383120769288 -5.045543118099324 0
25.91053224544574 -12.92375998980217 0
17.47774312804217 -16.02289891462702 0
17.25767151153345 -18.12858286927415 0
-7.123816884221084 -42.49023229171465 0
-21.18213357209406 -14.53082292585614 0
7.302028586710958 -43.72812720968382 0
21.09955654073137 -23.73643471519509 0
-10.62841623219309 -37.27320362662633 0
-26.87284883813034 -29.96779907941372 0
-37.20268528379233 -6.289904656589103 0
15.2571510034275 -40.5918607531711 0
11.59357397024919 -39.71604236327688 0
-32.52873997217618 -17.57060764819303 0
25.28656166765902 -39.72350136611038 0
-3.842752700058162 -25.43941445996852 0
-15.90801483371393 -1.93496691191738 0
0.6862246900132442 -22.97245300810865 0
-7.270981355547986 -3.31236947601159 0
18.77080369119817 -44.60993596602283 0
-33.68850859252592 -9.373062005339724 0
-22.7048985939083 -2.668879829664685 0
29.1787040975146 -38.53957037363161 0
-6.518846547933826 -38.2188912312194 0
15.34932305793054 -38.08931671008048 0
-18.79077208509329 -36.665529007814 0
-23.02317238483701 -8.950664149974463 0
-34.30107786470858 -6.459558576622341 0
26.46731220449686 -41.91389086265298 0
-19.6779781069481 -35.45498810442925 0
-17.9883472973836 -35.5913927008085 0
-6.206881237957623 -43.72535941760422 0
3.347870329877581 -43.42132527054922 0
-14.74133857541905 -40.48912577687711 0
-28.40611820902718 -27.78161872860489 0
28.32678292685199 -28.05461108183924 0
23.55469869038536 -14.84247918709272 0
17.60263375307519 -15.00548669893143 0
-18.56663708136399 -19.06951795749903 0
19.02640142759148 -11.85354472050077 0
21.68464047371187 -44.00238175143812 0
16.4312344550313 -10.04920968427383 0
-38.03289743276636 -10.1685444994631 0
-11.62027896686159 -3.074532739416184 0
-26.39116469729315 -3.806360947109336 0
14.64403723778025 -7.076689909907905 0
24.46688016675035 -38.80315653002986 0
17.34865130066379 -21.48141723379701 0
-25.04022267653885 -15.26569716774279 0
23.54769514357329 -27.06631916574197 0
-10.35635712689384 -34.61011327212324 0
-38.5723686839566 -13.51584289093361 0
22.65425608544953 -30.08680093978536 0
13.40215318281902 -3.181528457291941 0
-25.2423830109869 -23.32508748684318 0
-16.30921169530417 -39.97301842667618 0
2.115225954498809 -2.925952029869437 0
4.822546511385551 -24.57763555903488 0
11.1243194860934 -40.95205103506588 0
5.819462793056942 -23.36781354989191 0
10.24061226267829 -28.91490801926355 0
-22.59511567731857 -7.139328493483141 0
23.92282623815549 -36.65385824938736 0
27.8425738451596 -16.27763445694246 0
8.188867452319428 -2.435889048519471 0
23.35170742997317 -43.37995094290174 0
-17.83078984397781 -7.80813155784368 0
-23.99992478316454 -16.18359928418266 0
-21.83317514336144 -29.9485598513151 0
0.3354646419942885 -25.2113896792833 0
6.313102782171992 -32.08255751549562 0
-28.35812242422632 -1.481896299522107 0
-36.6026809293872 -2.001810048453864 0
15.73729877949793 -31.63994828533065 0
10.97547900356102 -43.26617955599185 0
-21.35295465177472 -0.6541870374639267 0
-32.08929310668498 -25.58753006193766 0
-4.865149308164617 -2.16674743805669 0
-3.437826846191047 -2.208258693933674 0
8.837320007827687 -29.21267621928764 0
17.24044613868634 -19.18561019738556 0
24.82400921336567 -31.3072030778019 0
21.78563381896511 -28.61075713868455 0
-25.71404015466062 -6.296977314559653 0
-2.16110257987746 -29.4525136571725 0
11.26913557431855 -1.909707984550941 0
-37.23521147177867 -7.90505989234879 0
16.15076136558847 -40.69327056726856 0
17.08964111283753 -33.68462175981144 0
-25.41273967111007 -4.924200986242299 0
-38.51911478793834 -1.754095111329328 0
18.5280235560775 -33.94987471025937 0
14.95695067571527 -38.85169383655061 0
-19.90534947327784 -6.343177564407172 0
8.372395440417273 -44.75600319275875 0
-5.621785685173607 -34.72111432164716 0
-37.30676796097169 -2.170309779974624 0
-6.264275127879825 -30.5830412257513 0
9.116388068669643 -22.94174375636015 0
15.55567727014933 -32.18421527079463 0
-11.06670152104328 -41.82804766635481 0
-14.00762156407862 -40.37763200235865 0
21.76932101540203 -19.27924235639671 0
-18.92483239899403 -22.26658762996974 0
26.17825885292995 -20.9469382602362 0
15.8504429675455 -27.9899893404311 0
-20.00767365872498 -1.514933419605492 0
22.21859365545494 -37.31070711889747 0
30.882354040061 -34.40733217483743 0
-30.4199161264992 -4.354679091476003 0
16.56043646244338 -8.719193548019213 0
18.79333509426549 -9.071518298840072 0
29.71108664350091 -31.46073808143625 0
-0.3671792999209936 -35.17377947446766 0
-13.89740804034998 -7.907872661746318 0
-7.02298919393607 -37.58368041580853 0
24.83643308110731 -37.42266906450983 0
13.56366143622622 -35.39765607005842 0
-27.12096196129695 -29.06696686606078 0
-22.07046751386944 -0.6579960205214743 0
29.06073820918941 -17.05635273976375 0
-26.23265849055393 -26.65975703781583 0
27.68793348543427 -25.54065668465574 0
26.19535755105451 -21.53425850814984 0
23.92805259652651 -38.94968134004568 0
28.43394208437091 -23.86560125888267 0
24.03312539247274 -24.30621897621297 0
18.59284949591455 -5.888144143950438 0
16.5076987522221 -39.76874269688756 0
11.73091465324582 -37.56718645429275 0
-27.64959072309104 -1.507995049139562 0
15.44166010427919 -32.77907379285577 0
22.50690041010563 -26.55587665225372 0
-1.570489455145414 -42.92587755402201 0
-15.01888972367509 -35.23142707423543 0
11.53055776113092 -35.34505574734264 0
-20.6011765899378 -19.24258410631239 0
-22.40982178578523 -5.159157164509321 0
-21.60336599535462 -35.75928146588921 0
-27.47573717774505 -0.6319038304053678 0
9.055021218686026 -44.79660845063454 0
17.7008701346905 -29.68657866914109 0
10.36831223157956 -34.33449536110805 0
0.9248385336736097 -2.786751419564795 0
-18.70212785400496 -18.43214047443939 0
-23.76568864607388 -24.90212596125014 0
-6.605089928543077 -40.5278434329048 0
17.48689803606876 -24.72428592925184 0
-18.7593592693129 -4.735772925033064 0
0.002087031732080469 -2.613577210357152 0
-40.01300375573403 -3.760543687086549 0
-11.63063992714822 -42.26618069691136 0
-30.63710704701111 -1.458851983103341 0
13.535247051367 -44.57695559002384 0
29.12707965229053 -14.36692363441053 0
-6.691492065820952 -2.657158966220412 0
-17.06615051338187 -38.54986555666071 0
2.090487484819479 -23.17961536020556 0
-32.79555369045998 -10.37250720931816 0
-7.259415573205206 -31.30848190595274 0
-23.77531602823908 -22.50691107743315 0
27.5156223080928 -41.19442480187632 0
-25.86040230001828 -15.49324886085332 0
29.47022754116325 -18.49569351200942 0
-9.641460167206684 -35.65403519904626 0
4.124558334926605 -3.914254944243988 0
22.49130751847531 -42.12738077564921 0
16.60612756364059 -7.243994493159523 0
21.57658368677338 -43.34490143957736 0
-39.82063191384737 -13.24891219505709 0
-3.110952359581015 -37.64910820158911 0
-2.177524941706005 -43.92738438074564 0
-2.573347498147635 -24.38763426507661 0
-7.708584594599648 -38.83232276894248 0
-16.09916220823058 -1.20577377194825 0
28.2658438929017 -40.85629579967234 0
14.40485362122091 -29.38927574874732 0
-27.48401347159927 -11.98962100547843 0
17.93819327623414 -44.81650037334661 0
24.95643457704133 -35.76667437088314 0
6.846681747201462 -1.612576831510796 0
-33.51844463637345 -1.707773182946663 0
10.68784404359959 -2.528930560307325 0
-23.14237590077758 -6.098663084542626 0
26.14993908473441 -13.7296227957916 0
4.19972297244587 -3.209647590200828 0
-8.277424190166604 -27.96730848367734 0
13.03158655253297 -36.52452948904141 0
21.77420210096784 -39.86607803883994 0
2.241878540523994 -42.23089416412374 0
-11.7496542651685 -41.59450801415608 0
16.27752373140448 -20.3604317494563 0
18.22761501551618 -34.61122289477134 0
-26.81742222114534 -16.65506493585878 0
-32.63712858213333 -23.54051472535961 0
27.40622034422114 -20.16513960461499 0
-4.23353893635335 -44.00752121983125 0
$EndNodes
$Elements
17 13982 1 13982
1 1 1 436
1 1 16 
2 16 17 
3 17 18 
4 18 19 
5 19 20 
6 20 21 
7 21 22 
8 22 23 
9 23 24 
10 24 25 
11 25 26 
12 26 27 
13 27 28 
14 28 29 
15 29 30 
16 30 31 
17 31 32 
18 32 33 
19 33 34 
20 34 35 
21 35 36 
22 36 37 
23 37 38 
24 38 39 
25 39 40 
26 40 41 
27 41 42 
28 42 43 
29 43 44 
30 44 45 
31 45 46 
32 46 47 
33 47 48 
34 48 49 
35 49 50 
36 50 51 
37 51 52 
38 52 53 
39 53 54 
40 54 55 
41 55 56 
42 56 57 
43 57 58 
44 58 59 
45 59 60 
46 60 61 
47 61 62 
48 62 63 
49 63 64 
50 64 65 
51 65 66 
52 66 67 
53 67 68 
54 68 69 
55 69 70 
56 70 71 
57 71 72 
58 72 73 
59 73 74 
60 74 75 
61 75 76 
62 76 77 
63 77 78 
64 78 79 
65 79 80 
66 80 81 
67 81 82 
68 82 83 
69 83 84 
70 84 85 
71 85 86 
72 86 87 
73 87 88 
74 88 89 
75 89 90 
76 90 91 
77 91 92 
78 92 93 
79 93 94 
80 94 95 
81 95 96 
82 96 97 
83 97 98 
84 98 99 
85 99 100 
86 100 101 
87 101 102 
88 102 103 
89 103 104 
90 104 105 
91 105 106 
92 106 107 
93 107 108 
94 108 109 
95 109 110 
96 110 111 
97 111 112 
98 112 113 
99 113 114 
100 114 115 
101 115 116 
102 116 117 
103 117 118 
104 118 119 
105 119 120 
106 120 121 
107 121 122 
108 122 123 
109 123 124 
110 124 125 
111 125 126 
112 126 127 
113 127 128 
114 128 129 
115 129 130 
116 130 131 
117 131 132 
118 132 133 
119 133 134 
120 134 135 
121 135 136 
122 136 137 
123 137 138 
124 138 139 
125 139 140 
126 140 141 
127 141 142 
128 142 143 
129 143 144 
130 144 145 
131 145 146 
132 146 147 
133 147 148 
134 148 149 
135 149 150 
136 150 151 
137 151 152 
138 152 153 
139 153 154 
140 154 155 
141 155 156 
142 156 157 
143 157 158 
144 158 159 
145 159 160 
146 160 161 
147 161 162 
148 162 163 
149 163 164 
150 164 165 
151 165 166 
152 166 167 
153 167 168 
154 168 169 
155 169 170 
156 170 171 
157 171 172 
158 172 173 
159 173 174 
160 174 175 
161 175 176 
162 176 177 
163 177 178 
164 178 179 
165 179 180 
166 180 181 
167 181 182 
168 182 183 
169 183 184 
170 184 185 
171 185 186 
172 186 187 
173 187 188 
174 188 189 
175 189 190 
176 190 191 
177 191 192 
178 192 193 
179 193 194 
180 194 195 
181 195 196 
182 196 197 
183 197 198 
184 198 199 
185 199 200 
186 200 201 
187 201 202 
188 202 203 
189 203 204 
190 204 205 
191 205 206 
192 206 207 
193 207 208 
194 208 209 
195 209 210 
196 210 211 
197 211 212 
198 212 213 
199 213 214 
200 214 215 
201 215 216 
202 216 217 
203 217 218 
204 218 219 
205 219 220 
206 220 221 
207 221 222 
208 222 223 
209 223 224 
210 224 225 
211 225 226 
212 226 227 
213 227 228 
214 228 229 
215 229 230 
216 230 231 
217 231 232 
218 232 233 
219 233 234 
220 234 235 
221 235 236 
222 236 237 
223 237 238 
224 238 239 
225 239 240 
226 240 241 
227 241 242 
228 242 243 
229 243 244 
230 244 245 
231 245 246 
232 246 247 
233 247 248 
234 248 249 
235 249 250 
236 250 251 
237 251 252 
238 252 253 
239 253 254 
240 254 255 
241 255 256 
242 256 257 
243 257 258 
244 258 259 
245 259 260 
246 260 261 
247 261 262 
248 262 263 
249 263 264 
250 264 265 
251 265 266 
252 266 267 
253 267 268 
254 268 269 
255 269 270 
256 270 271 
257 271 272 
258 272 273 
259 273 274 
260 274 275 
261 275 276 
262 276 277 
263 277 278 
264 278 279 
265 279 280 
266 280 281 
267 281 282 
268 282 283 
269 283 284 
270 284 285 
271 285 286 
272 286 287 
273 287 288 
274 288 289 
275 289 290 
276 290 291 
277 291 292 
278 292 293 
279 293 294 
280 294 295 
281 295 296 
282 296 297 
283 297 298 
284 298 299 
285 299 300 
286 300 301 
287 301 302 
288 302 303 
289 303 304 
290 304 305 
291 305 306 
292 306 307 
293 307 308 
294 308 309 
295 309 310 
296 310 311 
297 311 312 
298 312 313 
299 313 314 
300 314 315 
301 315 316 
302 316 317 
303 317 318 
304 318 319 
305 319 320 
306 320 321 
307 321 322 
308 322 323 
309 323 324 
310 324 325 
311 325 326 
312 326 327 
313 327 328 
314 328 329 
315 329 330 
316 330 331 
317 331 332 
318 332 333 
319 333 334 
320 334 335 
321 335 336 
322 336 337 
323 337 338 
324 338 339 
325 339 340 
326 340 341 
327 341 342 
328 342 343 
329 343 344 
330 344 345 
331 345 346 
332 346 347 
333 347 348 
334 348 349 
335 349 350 
336 350 351 
337 351 352 
338 352 353 
339 353 354 
340 354 355 
341 355 356 
342 356 357 
343 357 358 
344 358 359 
345 359 360 
346 360 361 
347 361 362 
348 362 363 
349 363 364 
350 364 365 
351 365 366 
352 366 367 
353 367 368 
354 368 369 
355 369 370 
356 370 371 
357 371 372 
358 372 373 
359 373 374 
360 374 375 
361 375 376 
362 376 377 
363 377 378 
364 378 379 
365 379 380 
366 380 381 
367 381 382 
368 382 383 
369 383 384 
370 384 385 
371 385 386 
372 386 387 
373 387 388 
374 388 389 
375 389 390 
376 390 391 
377 391 392 
378 392 393 
379 393 394 
380 394 395 
381 395 396 
382 396 397 
383 397 398 
384 398 399 
385 399 400 
386 400 401 
387 401 402 
388 402 403 
389 403 404 
390 404 405 
391 405 406 
392 406 407 
393 407 408 
394 408 409 
395 409 410 
396 410 411 
397 411 412 
398 412 413 
399 413 414 
400 414 415 
401 415 416 
402 416 417 
403 417 418 
404 418 419 
405 419 420 
406 420 421 
407 421 422 
408 422 423 
409 423 424 
410 424 425 
411 425 426 
412 426 427 
413 427 428 
414 428 429 
415 429 430 
416 430 431 
417 431 432 
418 432 433 
419 433 434 
420 434 435 
421 435 436 
422 436 437 
423 437 438 
424 438 439 
425 439 440 
426 440 441 
427 441 442 
428 442 443 
429 443 444 
430 444 445 
431 445 446 
432 446 447 
433 447 448 
434 448 449 
435 449 450 
436 450 1 
1 14 1 417
437 11 694 
438 694 695 
439 695 696 
440 696 697 
441 697 698 
442 698 699 
443 699 700 
444 700 701 
445 701 702 
446 702 703 
447 703 704 
448 704 705 
449 705 706 
450 706 707 
451 707 708 
452 708 709 
453 709 710 
454 710 711 
455 711 712 
456 712 713 
457 713 714 
458 714 715 
459 715 716 
460 716 717 
461 717 718 
462 718 719 
463 719 720 
464 720 721 
465 721 722 
466 722 723 
467 723 724 
468 724 725 
469 725 726 
470 726 727 
471 727 728 
472 728 729 
473 729 730 
474 730 731 
475 731 732 
476 732 733 
477 733 734 
478 734 735 
479 735 736 
480 736 737 
481 737 738 
482 738 739 
483 739 740 
484 740 741 
485 741 742 
486 742 743 
487 743 744 
488 744 745 
489 745 746 
490 746 747 
491 747 748 
492 748 749 
493 749 750 
494 750 751 
495 751 752 
496 752 753 
497 753 754 
498 754 755 
499 755 756 
500 756 757 
501 757 758 
502 758 759 
503 759 760 
504 760 761 
505 761 762 
506 762 763 
507 763 764 
508 764 765 
509 765 766 
510 766 767 
511 767 768 
512 768 769 
513 769 770 
514 770 771 
515 771 772 
516 772 773 
517 773 774 
518 774 775 
519 775 776 
520 776 777 
521 777 778 
522 778 779 
523 779 780 
524 780 781 
525 781 782 
526 782 783 
527 783 784 
528 784 785 
529 785 786 
530 786 787 
531 787 788 
532 788 789 
533 789 790 
534 790 791 
535 791 792 
536 792 793 
537 793 794 
538 794 795 
539 795 796 
540 796 797 
541 797 798 
542 798 799 
543 799 800 
544 800 801 
545 801 802 
546 802 803 
547 803 804 
548 804 805 
549 805 806 
550 806 807 
551 807 808 
552 808 809 
553 809 810 
554 810 811 
555 811 812 
556 812 813 
557 813 814 
558 814 815 
559 815 816 
560 816 817 
561 817 818 
562 818 819 
563 819 820 
564 820 821 
565 821 822 
566 822 823 
567 823 824 
568 824 825 
569 825 826 
570 826 827 
571 827 828 
572 828 829 
573 829 830 
574 830 831 
575 831 832 
576 832 833 
577 833 834 
578 834 835 
579 835 836 
580 836 837 
581 837 838 
582 838 839 
583 839 840 
584 840 841 
585 841 842 
586 842 843 
587 843 844 
588 844 845 
589 845 846 
590 846 847 
591 847 848 
592 848 849 
593 849 850 
594 850 851 
595 851 852 
596 852 853 
597 853 854 
598 854 855 
599 855 856 
600 856 857 
601 857 858 
602 858 859 
603 859 860 
604 860 861 
605 861 862 
606 862 863 
607 863 864 
608 864 865 
609 865 866 
610 866 867 
611 867 868 
612 868 869 
613 869 870 
614 870 871 
615 871 872 
616 872 873 
617 873 874 
618 874 875 
619 875 876 
620 876 877 
621 877 878 
622 878 879 
623 879 880 
624 880 881 
625 881 882 
626 882 883 
627 883 884 
628 884 885 
629 885 886 
630 886 887 
631 887 888 
632 888 889 
633 889 890 
634 890 891 
635 891 892 
636 892 893 
637 893 894 
638 894 895 
639 895 896 
640 896 897 
641 897 898 
642 898 899 
643 899 900 
644 900 901 
645 901 902 
646 902 903 
647 903 904 
648 904 905 
649 905 906 
650 906 907 
651 907 908 
652 908 909 
653 909 910 
654 910 911 
655 911 912 
656 912 913 
657 913 914 
658 914 915 
659 915 916 
660 916 917 
661 917 918 
662 918 919 
663 919 920 
664 920 921 
665 921 922 
666 922 923 
667 923 924 
668 924 925 
669 925 926 
670 926 927 
671 927 928 
672 928 929 
673 929 930 
674 930 931 
675 931 932 
676 932 933 
677 933 934 
678 934 935 
679 935 936 
680 936 937 
681 937 938 
682 938 939 
683 939 940 
684 940 941 
685 941 942 
686 942 943 
687 943 944 
688 944 945 
689 945 946 
690 946 947 
691 947 948 
692 948 949 
693 949 950 
694 950 951 
695 951 952 
696 952 953 
697 953 954 
698 954 955 
699 955 956 
700 956 957 
701 957 958 
702 958 959 
703 959 960 
704 960 961 
705 961 962 
706 962 963 
707 963 964 
708 964 965 
709 965 966 
710 966 967 
711 967 968 
712 968 969 
713 969 970 
714 970 971 
715 971 972 
716 972 973 
717 973 974 
718 974 975 
719 975 976 
720 976 977 
721 977 978 
722 978 979 
723 979 980 
724 980 981 
725 981 982 
726 982 983 
727 983 984 
728 984 985 
729 985 986 
730 986 987 
731 987 988 
732 988 989 
733 989 990 
734 990 991 
735 991 992 
736 992 993 
737 993 994 
738 994 995 
739 995 996 
740 996 997 
741 997 998 
742 998 999 
743 999 1000 
744 1000 1001 
745 1001 1002 
746 1002 1003 
747 1003 1004 
748 1004 1005 
749 1005 1006 
750 1006 1007 
751 1007 1008 
752 1008 1009 
753 1009 1010 
754 1010 1011 
755 1011 1012 
756 1012 1013 
757 1013 1014 
758 1014 1015 
759 1015 1016 
760 1016 1017 
761 1017 1018 
762 1018 1019 
763 1019 1020 
764 1020 1021 
765 1021 1022 
766 1022 1023 
767 1023 1024 
768 1024 1025 
769 1025 1026 
770 1026 1027 
771 1027 1028 
772 1028 1029 
773 1029 1030 
774 1030 1031 
775 1031 1032 
776 1032 1033 
777 1033 1034 
778 1034 1035 
779 1035 1036 
780 1036 1037 
781 1037 1038 
782 1038 1039 
783 1039 1040 
784 1040 1041 
785 1041 1042 
786 1042 1043 
787 1043 1044 
788 1044 1045 
789 1045 1046 
790 1046 1047 
791 1047 1048 
792 1048 1049 
793 1049 1050 
794 1050 1051 
795 1051 1052 
796 1052 1053 
797 1053 1054 
798 1054 1055 
799 1055 1056 
800 1056 1057 
801 1057 1058 
802 1058 1059 
803 1059 1060 
804 1060 1061 
805 1061 1062 
806 1062 1063 
807 1063 1064 
808 1064 1065 
809 1065 1066 
810 1066 1067 
811 1067 1068 
812 1068 1069 
813 1069 1070 
814 1070 1071 
815 1071 1072 
816 1072 1073 
817 1073 1074 
818 1074 1075 
819 1075 1076 
820 1076 1077 
821 1077 1078 
822 1078 1079 
823 1079 1080 
824 1080 1081 
825 1081 1082 
826 1082 1083 
827 1083 1084 
828 1084 1085 
829 1085 1086 
830 1086 1087 
831 1087 1088 
832 1088 1089 
833 1089 1090 
834 1090 1091 
835 1091 1092 
836 1092 1093 
837 1093 1094 
838 1094 1095 
839 1095 1096 
840 1096 1097 
841 1097 1098 
842 1098 1099 
843 1099 1100 
844 1100 1101 
845 1101 1102 
846 1102 1103 
847 1103 1104 
848 1104 1105 
849 1105 1106 
850 1106 1107 
851 1107 1108 
852 1108 1109 
853 1109 11 
2 1 2 24
854 461 459 460 
855 457 1389 456 
856 1388 1390 2 
857 2 1390 461 
858 455 1389 454 
859 454 1387 453 
860 459 1390 458 
861 451 1388 2 
862 457 1391 1389 
863 454 1389 1387 
864 456 1389 455 
865 1388 1393 1390 
866 1387 1392 453 
867 453 1392 452 
868 458 1393 457 
869 461 1390 459 
870 457 1393 1391 
871 1387 1391 1388 
872 1388 1392 1387 
873 452 1392 451 
874 451 1392 1388 
875 1389 1391 1387 
876 1391 1393 1388 
877 1390 1393 458 
2 2 2 2
878 464 3 462 
879 462 463 464 
2 3 2 2
880 467 465 466 
881 467 4 465 
2 4 2 7
882 469 5 468 
883 470 1394 469 
884 472 470 471 
885 469 1394 5 
886 472 1394 470 
887 473 1394 472 
888 5 1394 473 
2 7 2 1684
889 1668 2144 1835 
890 1668 1835 1725 
891 596 1784 1427 
892 1417 2067 1831 
893 486 487 485 
894 1782 1813 1763 
895 1660 1880 1813 
896 1787 2147 1419 
897 1412 1788 550 
898 501 1782 1763 
899 547 1787 1419 
900 1831 2067 2002 
901 1428 2102 603 
902 1423 2100 2038 
903 1840 2097 1777 
904 1410 1790 1789 
905 1803 1993 1639 
906 1667 2097 1840 
907 1697 2066 1852 
908 1793 2084 1726 
909 1810 2148 1429 
910 1804 2033 1397 
911 1775 1836 1421 
912 2042 2151 1664 
913 558 2143 557 
914 1865 2088 2029 
915 2050 2079 1683 
916 1664 2124 2042 
917 1429 2148 1839 
918 1825 2040 1986 
919 1784 2096 1427 
920 1789 2140 1406 
921 1791 1802 489 
922 1767 1845 1766 
923 2042 2124 1799 
924 2038 2100 1783 
925 1419 2147 1835 
926 1797 2113 1828 
927 1419 1800 546 
928 1967 2060 1738 
929 1841 1843 1562 
930 1410 1789 607 
931 1852 2094 1697 
932 1852 2066 1764 
933 1728 1814 1400 
934 1859 2143 558 
935 1412 2119 1788 
936 1836 2065 1421 
937 1723 2012 1807 
938 1402 1855 1768 
939 606 1789 1406 
940 2001 2088 1865 
941 1791 2124 1802 
942 559 1809 1665 
943 1824 2079 2050 
944 1743 1827 1420 
945 1419 1801 1800 
946 1639 2040 1803 
947 1411 1967 1817 
948 1764 2066 1410 
949 1814 2139 1688 
950 1400 1814 1742 
951 1767 2105 1845 
952 584 1832 1397 
953 1837 1846 1413 
954 1843 2109 1562 
955 1742 1951 1746 
956 1688 2139 1744 
957 1733 1846 1837 
958 1820 2009 1970 
959 1726 2057 1793 
960 1680 2140 1790 
961 1675 1847 1677 
962 1986 2134 1825 
963 1854 2056 526 
964 1828 2113 1415 
965 1697 2044 1798 
966 603 2102 602 
967 1807 2078 1723 
968 1677 1847 1827 
969 1851 1852 1764 
970 1411 2060 1967 
971 1848 1966 1579 
972 555 1859 1775 
973 1778 2040 1825 
974 1822 1824 1414 
975 1798 2066 1697 
976 600 1728 1400 
977 527 1854 526 
978 604 1826 1428 
979 1790 2014 1680 
980 2049 2115 2037 
981 1660 2126 1880 
982 599 1741 598 
983 1763 1828 1415 
984 1774 2115 519 
985 555 1775 554 
986 1420 1847 1812 
987 1405 2115 2049 
988 515 1869 514 
989 1795 2084 1793 
990 477 1743 1420 
991 1669 2144 1668 
992 585 1832 584 
993 1765 1778 540 
994 1951 2128 1746 
995 1396 1822 538 
996 1866 2020 1821 
997 1814 2063 1742 
998 1677 1827 1682 
999 1748 2033 1804 
1000 483 1779 482 
1001 1396 1823 1822 
1002 534 2059 533 
1003 1824 2050 1414 
1004 1768 1855 1771 
1005 1398 2095 1853 
1006 1589 2084 2061 
1007 1970 2121 1820 
1008 1665 1859 558 
1009 2059 2085 533 
1010 1734 1847 1675 
1011 597 1784 596 
1012 1817 2117 1411 
1013 517 1857 1856 
1014 1398 2167 2095 
1015 1828 2051 1797 
1016 1406 2140 1868 
1017 1732 1966 1848 
1018 1741 2112 598 
1019 1803 2040 1778 
1020 1727 2110 2106 
1021 550 1788 549 
1022 1825 2162 1778 
1023 1427 2096 2043 
1024 1765 1803 1778 
1025 1424 1851 6 
1026 1826 2053 1428 
1027 497 1766 496 
1028 1410 2066 1798 
1029 1809 2035 1665 
1030 1429 2042 1810 
1031 500 1763 1415 
1032 1839 2064 1743 
1033 1847 2141 1812 
1034 608 1764 1410 
1035 2043 2150 1427 
1036 541 1765 540 
1037 546 1800 545 
1038 1766 2131 496 
1039 588 1853 587 
1040 1946 2058 1407 
1041 520 1774 519 
1042 1397 2138 1804 
1043 498 1855 1402 
1044 548 1787 547 
1045 1880 2132 1813 
1046 483 2151 1779 
1047 2061 2084 1795 
1048 1866 2120 2020 
1049 1839 2148 2064 
1050 1834 1908 1772 
1051 1790 2140 1789 
1052 2054 2102 1428 
1053 1969 2005 1769 
1054 519 2115 1405 
1055 1398 1853 588 
1056 560 1809 559 
1057 1429 1839 479 
1058 502 1782 501 
1059 507 505 506 
1060 605 1826 604 
1061 1409 2081 1862 
1062 495 1862 494 
1063 509 2039 508 
1064 1415 1855 499 
1065 6 1851 610 
1066 1667 1840 574 
1067 1570 2036 1586 
1068 490 1791 489 
1069 2106 2110 2038 
1070 1833 2112 1746 
1071 1986 2040 1639 
1072 526 2056 525 
1073 1424 1852 1851 
1074 2048 2081 1409 
1075 1407 2058 1809 
1076 1746 2087 1833 
1077 1409 1862 495 
1078 2039 2123 508 
1079 1818 1819 1416 
1080 1861 2049 2037 
1081 1678 2051 1828 
1082 1410 1798 1790 
1083 2005 2105 1769 
1084 2097 2155 2047 
1085 523 2129 522 
1086 476 1812 475 
1087 1421 2065 1916 
1088 1803 2114 1993 
1089 1579 2061 1848 
1090 1829 1837 1413 
1091 1846 2073 1762 
1092 1799 2124 1791 
1093 2093 2111 1863 
1094 1738 2060 2043 
1095 538 1822 537 
1096 1827 2064 1682 
1097 2059 2129 523 
1098 2035 2058 1692 
1099 1844 1997 1843 
1100 1801 1849 1800 
1101 530 1854 529 
1102 1827 1847 1420 
1103 1439 1871 1441 
1104 586 1818 1416 
1105 587 1853 1818 
1106 1416 1832 585 
1107 1812 2089 475 
1108 1419 1835 1801 
1109 1857 2116 2049 
1110 503 2039 1773 
1111 2049 2116 1405 
1112 521 2100 1423 
1113 479 1839 478 
1114 1861 2037 2036 
1115 1838 2062 1837 
1116 1727 2050 1683 
1117 1871 2036 1570 
1118 574 1840 573 
1119 1412 2092 2032 
1120 494 1862 1829 
1121 1858 1861 1661 
1122 1777 2075 1840 
1123 493 1829 1413 
1124 1688 2063 1814 
1125 561 1830 1407 
1126 2006 2111 2093 
1127 1849 1850 1430 
1128 2099 2101 1864 
1129 1864 2101 1865 
1130 1832 2138 1397 
1131 1844 2098 1438 
1132 1396 1825 1823 
1133 1823 1824 1822 
1134 1434 1860 1437 
1135 1838 2070 2062 
1136 511 2045 510 
1137 1813 2132 1763 
1138 2065 2135 1916 
1139 2053 2139 2054 
1140 565 2029 564 
1141 1744 2139 2053 
1142 1438 2130 1844 
1143 1430 2161 1849 
1144 1834 2096 1784 
1145 2056 2083 525 
1146 1773 2045 1782 
1147 1762 2149 1846 
1148 1441 1871 1570 
1149 2151 2168 1779 
1150 1661 1860 1858 
1151 1586 2036 1684 
1152 1836 2035 1692 
1153 2092 2135 2032 
1154 2042 2168 2151 
1155 525 2122 524 
1156 1661 1871 1439 
1157 1781 2055 1780 
1158 1437 1860 1661 
1159 564 2029 1426 
1160 1432 1860 1434 
1161 1826 2164 2053 
1162 514 1856 1422 
1163 1678 2132 1880 
1164 1776 2150 2043 
1165 1818 1820 1819 
1166 1819 1821 1416 
1167 1775 2118 1836 
1168 492 2149 491 
1169 491 2149 1762 
1170 1837 2062 1733 
1171 2029 2088 1426 
1172 1829 1838 1837 
1173 1664 2137 2124 
1174 2043 2096 1772 
1175 1415 2113 1855 
1176 1809 2058 2035 
1177 609 1851 1764 
1178 1667 2155 2097 
1179 1824 2086 2079 
1180 1422 1696 1432 
1181 543 2161 1430 
1182 1422 1856 1696 
1183 1763 2132 1828 
1184 1863 1864 1403 
1185 1772 2096 1834 
1186 1460 1898 1458 
1187 530 2056 1854 
1188 2099 2111 1685 
1189 1915 2017 1995 
1190 1823 2086 1824 
1191 1868 2146 1867 
1192 474 1424 6 
1193 582 2034 581 
1194 566 1863 1403 
1195 1813 2158 1660 
1196 1831 2104 1417 
1197 1722 1873 1872 
1198 1703 1873 1722 
1199 517 1869 516 
1200 2083 2122 525 
1201 1875 2013 1652 
1202 1492 1897 1870 
1203 1722 2013 1875 
1204 543 1430 542 
1205 1458 1898 1492 
1206 1991 2022 1470 
1207 1888 1890 1653 
1208 1902 1915 1497 
1209 1696 1860 1432 
1210 1870 1952 1492 
1211 1575 2031 1589 
1212 1902 2010 1901 
1213 1995 2017 1898 
1214 1461 1891 1463 
1215 1931 2000 1617 
1216 1494 1893 1892 
1217 1487 1939 1923 
1218 1749 1952 1870 
1219 1915 1995 1497 
1220 1893 1990 1892 
1221 1906 1930 1907 
1222 1819 1866 1821 
1223 1494 1892 1891 
1224 1710 1910 1895 
1225 1710 1990 1893 
1226 1460 1995 1898 
1227 1747 1931 1874 
1228 1895 2007 1713 
1229 1818 1853 1820 
1230 536 2152 535 
1231 1893 1910 1710 
1232 1821 1832 1416 
1233 1493 1905 1878 
1234 535 2152 1761 
1235 1749 1991 1952 
1236 1703 1923 1873 
1237 1403 2029 565 
1238 1868 2163 2146 
1239 1494 1891 1461 
1240 1463 1891 1889 
1241 1829 1862 1838 
1242 1878 1905 1714 
1243 1890 1935 1653 
1244 1653 1980 1888 
1245 1877 1984 1656 
1246 1725 2057 1726 
1247 1680 2163 1868 
1248 1888 1980 1876 
1249 1490 1958 1468 
1250 601 1728 600 
1251 496 2131 1409 
1252 1497 2010 1902 
1253 1864 1865 1403 
1254 1698 1888 1876 
1255 1747 2000 1931 
1256 1487 1923 1921 
1257 1750 1984 1877 
1258 610 1851 609 
1259 1615 1932 1679 
1260 1874 1932 1747 
1261 1463 1889 1465 
1262 1861 1871 1661 
1263 1876 1887 1698 
1264 1747 1932 1615 
1265 1923 1939 1873 
1266 1907 1930 1617 
1267 609 1764 608 
1268 1617 2000 1907 
1269 604 1428 603 
1270 1420 1812 476 
1271 1633 1885 1669 
1272 1906 1907 1905 
1273 1903 1958 1490 
1274 1892 1935 1890 
1275 606 1406 605 
1276 1589 2031 1879 
1277 1910 2007 1895 
1278 1494 1909 1893 
1279 1671 1884 1573 
1280 1872 2013 1722 
1281 1563 1881 1525 
1282 1573 1884 1563 
1283 1878 1954 1493 
1284 1921 1963 1487 
1285 500 1415 499 
1286 596 1427 595 
1287 1905 1907 1714 
1288 1918 1963 1921 
1289 1499 1903 1490 
1290 1563 1884 1881 
1291 608 1410 607 
1292 514 1869 1856 
1293 1468 1958 1466 
1294 553 1916 552 
1295 1749 2022 1991 
1296 1512 1903 1499 
1297 1465 1889 1698 
1298 1920 1921 1704 
1299 551 1412 550 
1300 1698 1887 1467 
1301 1881 1882 1641 
1302 493 1413 492 
1303 1909 1910 1893 
1304 1769 2105 1767 
1305 547 1419 546 
1306 519 1405 518 
1307 1524 1563 1525 
1308 1921 1923 1704 
1309 562 1830 561 
1310 1560 1881 1641 
1311 1892 1990 1935 
1312 575 1667 574 
1313 1908 1945 1706 
1314 1522 1524 1523 
1315 1879 2031 2030 
1316 489 1802 488 
1317 1467 1887 1469 
1318 1699 1914 1902 
1319 1525 1881 1560 
1320 554 1421 553 
1321 1433 1880 1431 
1322 496 1409 495 
1323 1698 1889 1888 
1324 1492 1898 1897 
1325 1630 1945 1908 
1326 1896 1899 1610 
1327 499 1855 498 
1328 1914 1915 1902 
1329 1704 1959 1920 
1330 1524 1572 1563 
1331 1889 1890 1888 
1332 1699 1900 1602 
1333 1545 2004 1985 
1334 1520 1522 1521 
1335 1886 1894 1476 
1336 1881 1884 1882 
1337 1453 1455 1454 
1338 1897 1899 1896 
1339 1653 1935 1591 
1340 1459 1909 1494 
1341 1591 1935 1593 
1342 1616 1929 1927 
1343 501 1763 500 
1344 1920 1959 1922 
1345 494 1829 493 
1346 1524 1525 1523 
1347 1602 1900 1515 
1348 537 1414 536 
1349 1710 1895 1600 
1350 1473 1520 1475 
1351 1652 2013 2008 
1352 1631 1674 1632 
1353 1584 1631 1585 
1354 1631 1697 1674 
1355 478 1743 477 
1356 1699 1901 1900 
1357 1455 1457 1456 
1358 1522 1523 1521 
1359 1551 1929 1553 
1360 1520 1521 1475 
1361 1913 1928 1926 
1362 1496 1919 1503 
1363 480 1429 479 
1364 1489 1919 1496 
1365 1451 1453 1452 
1366 1768 1771 1770 
1367 1527 1910 1909 
1368 1699 1902 1901 
1369 1674 1734 1675 
1370 1537 1922 1541 
1371 1771 1797 1796 
1372 1882 1883 1641 
1373 1604 1914 1699 
1374 1560 1641 1564 
1375 1773 1782 502 
1376 1771 1796 1770 
1377 1694 1915 1914 
1378 1580 1943 1701 
1379 1548 1602 1515 
1380 1919 1963 1918 
1381 1459 1494 1461 
1382 1520 1887 1876 
1383 1481 1750 1529 
1384 1614 1895 1713 
1385 1476 1894 1478 
1386 1750 1877 1872 
1387 1678 1880 1433 
1388 1453 1454 1452 
1389 1406 1867 1826 
1390 1469 1887 1473 
1391 1396 2162 1825 
1392 1493 1954 1453 
1393 1894 1984 1750 
1394 1612 1896 1610 
1395 1603 1604 1602 
1396 1509 1940 1442 
1397 1455 1456 1454 
1398 1926 1929 1913 
1399 1553 1929 1616 
1400 1913 1929 1551 
1401 1520 1876 1522 
1402 1457 1909 1459 
1403 1900 1903 1512 
1404 592 1411 591 
1405 1768 1769 1767 
1406 1768 1770 1769 
1407 1555 1911 1554 
1408 1704 1923 1703 
1409 1548 1603 1602 
1410 1543 1575 1566 
1411 1572 1573 1563 
1412 1600 1895 1614 
1413 1889 1891 1890 
1414 1515 1900 1512 
1415 1580 1701 1584 
1416 491 1425 490 
1417 1574 1666 1638 
1418 589 1398 588 
1419 1402 1768 1767 
1420 1481 1894 1750 
1421 1722 1875 1702 
1422 1473 1887 1520 
1423 1535 1922 1537 
1424 1505 1938 1498 
1425 1575 1589 1566 
1426 521 1423 520 
1427 1555 1912 1911 
1428 1926 1928 1924 
1429 564 1426 563 
1430 1917 1918 1655 
1431 1564 1885 1633 
1432 1633 1669 1668 
1433 559 1665 558 
1434 1636 1947 1620 
1435 1533 1917 1655 
1436 1924 1928 1448 
1437 1592 1671 1573 
1438 1605 1606 1604 
1439 1750 1872 1529 
1440 1749 1870 1693 
1441 1473 1475 1474 
1442 1524 1980 1572 
1443 1918 1920 1655 
1444 1796 1842 1841 
1445 1603 1605 1604 
1446 587 1818 586 
1447 1604 1699 1602 
1448 1557 1574 1568 
1449 1587 1931 1617 
1450 1423 1774 520 
1451 1654 1702 1575 
1452 1402 1767 1766 
1453 569 1418 568 
1454 1703 1722 1702 
1455 1457 1458 1456 
1456 1610 1899 1608 
1457 1901 2010 1958 
1458 1620 1947 1621 
1459 1442 1940 1444 
1460 1457 1459 1458 
1461 1608 1899 1694 
1462 1478 1894 1481 
1463 1706 1945 1599 
1464 1498 1938 1491 
1465 1607 1608 1606 
1466 581 1408 580 
1467 1891 1892 1890 
1468 1608 1694 1606 
1469 1541 1543 1542 
1470 1543 1566 1542 
1471 1918 1921 1920 
1472 1614 1713 1695 
1473 598 1401 597 
1474 1772 1908 1706 
1475 1406 1868 1867 
1476 1715 1992 1754 
1477 1647 1992 1718 
1478 1508 1917 1533 
1479 1930 1940 1509 
1480 1518 1913 1551 
1481 573 1840 1404 
1482 571 1723 570 
1483 1927 1929 1926 
1484 1503 1919 1917 
1485 1621 1751 1619 
1486 1401 1833 1785 
1487 1553 1554 1552 
1488 1451 1493 1453 
1489 1535 1537 1536 
1490 1537 1538 1536 
1491 1605 1607 1606 
1492 1644 1931 1587 
1493 1423 1786 1774 
1494 1465 1698 1467 
1495 1666 1680 1638 
1496 1874 1931 1644 
1497 1511 1928 1913 
1498 1535 1536 1534 
1499 1484 1939 1487 
1500 1547 1548 1515 
1501 1514 1515 1512 
1502 1469 1473 1472 
1503 1693 1896 1612 
1504 1543 1654 1575 
1505 1842 1844 1843 
1506 1596 1689 1595 
1507 1451 1452 1450 
1508 1804 1805 1740 
1509 1713 1878 1714 
1510 1870 1896 1693 
1511 1796 1841 1770 
1512 1455 1527 1457 
1513 1402 1766 497 
1514 1533 1535 1534 
1515 1557 1911 1574 
1516 491 1762 1425 
1517 1870 1897 1896 
1518 1533 1655 1535 
1519 1554 1911 1557 
1520 1792 1799 1791 
1521 1744 1745 1663 
1522 1511 1913 1518 
1523 1508 1533 1532 
1524 584 1397 583 
1525 1503 1917 1508 
1526 1607 1609 1608 
1527 1597 1710 1600 
1528 1551 1552 1550 
1529 1449 1451 1450 
1530 539 1396 538 
1531 1609 1610 1608 
1532 1574 1638 1568 
1533 1624 1693 1612 
1534 1518 1551 1550 
1535 1842 1843 1841 
1536 2015 2021 1751 
1537 1447 1928 1511 
1538 567 1863 566 
1539 1804 1806 1805 
1540 1470 1925 1924 
1541 1446 1447 1445 
1542 1590 1941 1705 
1543 1541 1542 1539 
1544 488 2090 487 
1545 1452 1470 1450 
1546 1619 1938 1505 
1547 1551 1553 1552 
1548 2045 2103 510 
1549 566 1403 565 
1550 1533 1534 1532 
1551 1805 1948 1947 
1552 1540 1595 1538 
1553 1481 1529 1482 
1554 1920 1922 1655 
1555 1572 1980 1653 
1556 1683 1874 1644 
1557 1947 1948 1621 
1558 1525 1560 1526 
1559 1904 1905 1493 
1560 1527 1909 1457 
1561 1906 1940 1930 
1562 1655 1922 1535 
1563 578 1417 577 
1564 1448 1928 1447 
1565 1553 1555 1554 
1566 1654 1703 1702 
1567 1922 1959 1541 
1568 1617 1930 1571 
1569 1554 1557 1556 
1570 573 1404 572 
1571 1866 2121 1645 
1572 1647 1718 1658 
1573 498 1402 497 
1574 1470 1924 1450 
1575 1580 1584 1581 
1576 1506 1512 1499 
1577 1689 1946 1724 
1578 1449 1904 1451 
1579 1425 1791 490 
1580 1444 1446 1445 
1581 1606 1914 1604 
1582 1634 1933 1709 
1583 1574 1720 1666 
1584 1917 1919 1918 
1585 1451 1904 1493 
1586 1730 1732 1731 
1587 1444 1445 1443 
1588 1856 1857 1696 
1589 1583 1647 1646 
1590 1709 1777 1752 
1591 1450 1924 1448 
1592 1672 1933 1634 
1593 1906 1965 1940 
1594 1904 1965 1906 
1595 1712 1749 1693 
1596 1751 1938 1619 
1597 1713 1714 1695 
1598 1537 1539 1538 
1599 1925 1927 1926 
1600 1511 1518 1517 
1601 1691 1730 1729 
1602 1740 1947 1636 
1603 503 1773 502 
1604 1447 1511 1510 
1605 554 1775 1421 
1606 1587 1617 1571 
1607 1738 1772 1706 
1608 1709 1933 1777 
1609 1574 1911 1720 
1610 1927 2026 2023 
1611 1444 1965 1446 
1612 1694 1914 1606 
1613 1446 1448 1447 
1614 1537 1541 1539 
1615 1925 1926 1924 
1616 1554 1556 1552 
1617 2008 2013 1877 
1618 1876 1980 1522 
1619 1453 1954 1455 
1620 1571 1930 1509 
1621 1536 1936 1588 
1622 1620 1621 1619 
1623 1985 2004 1754 
1624 1519 1619 1505 
1625 1540 1596 1595 
1626 1473 1474 1472 
1627 1686 1706 1599 
1628 1982 1984 1886 
1629 1543 1959 1654 
1630 1595 1936 1538 
1631 1709 1711 1708 
1632 1475 1886 1476 
1633 1742 1746 1741 
1634 1631 1632 1585 
1635 1503 1508 1507 
1636 561 1407 560 
1637 1521 1886 1475 
1638 1518 1550 1549 
1639 1754 1755 1657 
1640 1508 1532 1531 
1641 1475 1476 1474 
1642 1395 1781 1780 
1643 1557 1568 1558 
1644 1624 1712 1693 
1645 1634 1709 1708 
1646 1627 1756 1625 
1647 1689 1700 1595 
1648 1609 1611 1610 
1649 1729 1836 1692 
1650 1654 1959 1704 
1651 1755 1973 1657 
1652 1911 1912 1720 
1653 1536 1588 1534 
1654 1605 1673 1607 
1655 1754 1992 1985 
1656 1553 1616 1555 
1657 1690 1946 1689 
1658 1425 1792 1791 
1659 1496 1503 1502 
1660 1751 1974 1938 
1661 581 2034 1408 
1662 586 1416 585 
1663 1672 1934 1933 
1664 1584 1585 1581 
1665 1447 1510 1445 
1666 1759 1760 1649 
1667 1626 1627 1625 
1668 1449 1450 1448 
1669 1528 1753 1576 
1670 1492 1952 1456 
1671 1730 1966 1732 
1672 1709 1752 1711 
1673 1613 1625 1624 
1674 1718 1719 1658 
1675 1713 2007 1878 
1676 1759 1807 1760 
1677 1647 1658 1646 
1678 1730 1731 1729 
1679 1805 1947 1740 
1680 1459 1461 1460 
1681 1400 1742 1741 
1682 1538 1936 1536 
1683 1613 1624 1612 
1684 1542 1942 1539 
1685 1748 1804 1740 
1686 1613 1626 1625 
1687 1611 1612 1610 
1688 1739 1740 1636 
1689 1539 1540 1538 
1690 1590 1705 1648 
1691 1901 1903 1900 
1692 1629 2027 2024 
1693 1756 1944 1625 
1694 1794 1795 1793 
1695 1625 1944 1624 
1696 1566 1579 1542 
1697 1611 1950 1613 
1698 1406 1826 605 
1699 1528 1956 1753 
1700 1446 1449 1448 
1701 549 1399 548 
1702 600 1400 599 
1703 1478 1481 1480 
1704 1642 1950 1611 
1705 1506 1514 1512 
1706 1484 1487 1486 
1707 1548 1630 1603 
1708 1609 1642 1611 
1709 1611 1613 1612 
1710 1940 1965 1444 
1711 1456 1952 1454 
1712 1550 1937 1559 
1713 1482 1939 1484 
1714 1442 1444 1443 
1715 1596 1690 1689 
1716 1557 1558 1556 
1717 1656 2008 1877 
1718 1569 1580 1578 
1719 1519 1620 1619 
1720 1503 1507 1502 
1721 1539 1942 1540 
1722 1689 1724 1700 
1723 1401 1785 1784 
1724 1691 1957 1730 
1725 1489 1963 1919 
1726 1700 1936 1595 
1727 1904 1906 1905 
1728 1642 1951 1950 
1729 1685 1759 1649 
1730 1572 1591 1573 
1731 1514 1547 1515 
1732 1401 1784 597 
1733 1529 1939 1482 
1734 1511 1517 1510 
1735 1552 1937 1550 
1736 477 1420 476 
1737 1442 1443 1440 
1738 1569 1943 1580 
1739 1588 1978 1964 
1740 1518 1549 1517 
1741 1540 1957 1596 
1742 1942 1957 1540 
1743 1459 1460 1458 
1744 1614 1695 1615 
1745 1504 1505 1498 
1746 1458 1492 1456 
1747 1634 1708 1546 
1748 1739 1748 1740 
1749 1508 1531 1507 
1750 1441 1509 1442 
1751 1624 1944 1712 
1752 1400 1741 599 
1753 1532 1941 1590 
1754 1446 1965 1449 
1755 1720 1721 1666 
1756 1485 1955 1483 
1757 1513 1519 1505 
1758 1613 1950 1626 
1759 1686 1738 1706 
1760 1541 1959 1543 
1761 1643 1644 1587 
1762 1534 1941 1532 
1763 1504 1528 1513 
1764 1532 1590 1531 
1765 1596 1957 1691 
1766 1628 1629 1627 
1767 1654 1704 1703 
1768 1673 1953 1607 
1769 1550 1559 1549 
1770 1528 1576 1546 
1771 1576 1672 1634 
1772 1656 1984 1982 
1773 1670 1739 1636 
1774 1622 1636 1620 
1775 1628 1688 1663 
1776 1441 1442 1440 
1777 1670 1808 1739 
1778 1622 1670 1636 
1779 1496 1502 1498 
1780 1872 1873 1529 
1781 1648 1649 1623 
1782 1650 1683 1644 
1783 1648 1685 1649 
1784 1662 1716 1577 
1785 1583 1646 1645 
1786 1519 1622 1620 
1787 2023 2026 1944 
1788 1504 1513 1505 
1789 1735 1737 1716 
1790 1609 1953 1642 
1791 1488 1500 1485 
1792 1752 1831 1711 
1793 1607 1953 1609 
1794 1576 1634 1546 
1795 1481 1482 1480 
1796 1726 1879 1707 
1797 1941 1964 1705 
1798 1528 1546 1513 
1799 1638 1943 1568 
1800 1489 1496 1491 
1801 1502 1504 1498 
1802 1568 1569 1558 
1803 1487 1963 1486 
1804 2024 2027 1912 
1805 1545 1583 1582 
1806 1530 1545 1544 
1807 1549 1562 1517 
1808 1586 1587 1571 
1809 1435 1678 1433 
1810 1496 1498 1491 
1811 1717 1816 1815 
1812 1399 1787 548 
1813 1579 1942 1542 
1814 1501 1530 1516 
1815 1942 1966 1957 
1816 1476 1478 1477 
1817 1580 1581 1578 
1818 1794 1848 1795 
1819 1570 1571 1509 
1820 1792 1811 1810 
1821 1640 1717 1687 
1822 1434 1436 1435 
1823 1439 1440 1438 
1824 1658 1659 1646 
1825 1567 1962 1640 
1826 1695 1747 1615 
1827 1500 1955 1485 
1828 1605 1949 1673 
1829 1600 1614 1601 
1830 1643 1650 1644 
1831 1560 1561 1526 
1832 1691 1729 1692 
1833 542 1395 541 
1834 1626 1628 1627 
1835 1588 1941 1534 
1836 1590 1648 1623 
1837 1603 1949 1605 
1838 1590 1623 1531 
1839 1588 1964 1941 
1840 1525 1526 1523 
1841 1484 1486 1485 
1842 1599 1945 1547 
1843 1507 1956 1502 
1844 1489 1491 1488 
1845 1486 1489 1488 
1846 1681 1733 1676 
1847 1596 1691 1690 
1848 1556 1937 1552 
1849 1449 1965 1904 
1850 1579 1966 1942 
1851 1441 1570 1509 
1852 1434 1437 1436 
1853 1471 1490 1468 
1854 1547 1945 1548 
1855 1628 1960 1688 
1856 1582 1635 1544 
1857 1901 1958 1903 
1858 1479 1657 1477 
1859 1461 1462 1460 
1860 1486 1488 1485 
1861 1464 1497 1462 
1862 1478 1480 1479 
1863 1436 1618 1435 
1864 1614 1615 1601 
1865 1725 1726 1707 
1866 1504 1956 1528 
1867 512 1660 511 
1868 1502 1956 1504 
1869 1439 1441 1440 
1870 1583 1645 1582 
1871 1495 1499 1490 
1872 1641 1885 1564 
1873 1957 1966 1730 
1874 1568 1943 1569 
1875 1545 1582 1544 
1876 1640 1962 1717 
1877 1662 1736 1735 
1878 1708 1961 1546 
1879 1519 1961 1622 
1880 1715 1754 1657 
1881 1482 1484 1483 
1882 1469 1472 1471 
1883 1674 1675 1632 
1884 1570 1586 1571 
1885 1513 1961 1519 
1886 1569 1577 1558 
1887 1586 1684 1643 
1888 1486 1963 1489 
1889 1484 1485 1483 
1890 1662 1735 1716 
1891 1792 1810 1799 
1892 1735 1845 1737 
1893 1677 1682 1681 
1894 1569 1578 1577 
1895 1530 1544 1516 
1896 1586 1643 1587 
1897 1501 1506 1499 
1898 1583 1985 1647 
1899 1630 1949 1603 
1900 1482 1483 1480 
1901 1437 1438 1436 
1902 1476 1477 1474 
1903 1788 1793 1399 
1904 1688 1744 1663 
1905 537 1822 1414 
1906 1522 1980 1524 
1907 1567 1599 1547 
1908 1585 1637 1581 
1909 1650 1727 1683 
1910 1461 1463 1462 
1911 1815 1817 1687 
1912 1681 1846 1733 
1913 1578 1662 1577 
1914 1546 1961 1513 
1915 1478 1479 1477 
1916 1560 1564 1561 
1917 1951 1960 1950 
1918 1640 1686 1599 
1919 1717 1815 1687 
1920 1724 1757 1700 
1921 607 1789 606 
1922 1471 1495 1490 
1923 1788 1794 1793 
1924 1495 1501 1499 
1925 1501 1516 1506 
1926 1955 1971 1483 
1927 1691 1692 1690 
1928 1479 1715 1657 
1929 1792 1976 1811 
1930 1677 1681 1676 
1931 1716 1977 1577 
1932 1628 1663 1629 
1933 1437 1439 1438 
1934 1950 1960 1626 
1935 535 1758 534 
1936 1567 1640 1599 
1937 1675 1677 1676 
1938 1640 1687 1686 
1939 1711 1979 1708 
1940 1514 1567 1547 
1941 1873 1939 1529 
1942 1452 1991 1470 
1943 1936 1978 1588 
1944 1469 1471 1468 
1945 1467 1469 1468 
1946 1961 1979 1622 
1947 1785 1834 1784 
1948 549 1788 1399 
1949 1762 1976 1425 
1950 1935 1990 1593 
1951 1994 1999 1672 
1952 1668 1725 1707 
1953 1956 1975 1753 
1954 1938 1974 1491 
1955 1465 1467 1466 
1956 1549 1969 1562 
1957 1755 1983 1973 
1958 1711 1981 1979 
1959 1491 1974 1488 
1960 1455 1954 1527 
1961 1708 1979 1961 
1962 1760 1987 1649 
1963 1463 1465 1464 
1964 1907 2000 1714 
1965 1488 1974 1500 
1966 1507 1975 1956 
1967 1581 1968 1578 
1968 1521 1982 1886 
1969 1437 1661 1439 
1970 1559 1969 1549 
1971 1572 1653 1591 
1972 478 1839 1743 
1973 1686 1967 1738 
1974 1467 1468 1466 
1975 1623 1975 1531 
1976 1548 1945 1630 
1977 1465 1466 1464 
1978 535 1761 1758 
1979 1626 1960 1628 
1980 1531 1975 1507 
1981 1651 1652 1565 
1982 1567 1972 1962 
1983 516 1869 515 
1984 1407 1809 560 
1985 1578 1968 1662 
1986 1662 1968 1736 
1987 1992 2011 1718 
1988 1886 1984 1894 
1989 1463 1464 1462 
1990 2070 2081 1736 
1991 1700 1978 1936 
1992 1806 2020 2019 
1993 1582 1970 1635 
1994 1506 1972 1514 
1995 1425 1976 1792 
1996 1657 1973 1477 
1997 1831 1981 1711 
1998 1510 1997 1445 
1999 1516 1972 1506 
2000 1645 1970 1582 
2001 1817 1967 1687 
2002 1687 1967 1686 
2003 1622 1979 1670 
2004 1623 1987 1975 
2005 1637 1968 1581 
2006 1480 1971 1479 
2007 1761 1783 1758 
2008 1483 1971 1480 
2009 1558 1977 1556 
2010 1561 1656 1526 
2011 1600 1601 1598 
2012 1434 1435 1433 
2013 1474 1973 1472 
2014 1577 1977 1558 
2015 1523 1982 1521 
2016 1526 1982 1523 
2017 1477 1973 1474 
2018 1471 1983 1495 
2019 1514 1972 1567 
2020 1668 1707 1651 
2021 1576 1994 1672 
2022 1592 1993 1671 
2023 1615 1679 1601 
2024 1979 1981 1670 
2025 1479 1971 1715 
2026 1975 1987 1753 
2027 1597 1600 1598 
2028 1633 1651 1565 
2029 1556 1977 1937 
2030 1564 1565 1561 
2031 1670 1981 1808 
2032 1472 1983 1471 
2033 1633 1668 1651 
2034 1973 1983 1472 
2035 1591 1592 1573 
2036 1635 1988 1544 
2037 1516 1988 1972 
2038 1564 1633 1565 
2039 1737 1996 1716 
2040 1714 2000 1695 
2041 1757 1978 1700 
2042 1593 1990 1597 
2043 1530 2004 1545 
2044 1952 1991 1454 
2045 1733 1989 1676 
2046 1462 1995 1460 
2047 1656 1982 1526 
2048 1421 1916 553 
2049 1972 1988 1962 
2050 1983 1998 1495 
2051 1501 1998 1530 
2052 1675 1676 1632 
2053 1883 1885 1641 
2054 1760 1999 1994 
2055 1717 2003 1816 
2056 1760 1994 1987 
2057 1591 1593 1592 
2058 1545 1985 1583 
2059 1649 1987 1623 
2060 1716 1996 1977 
2061 1632 1989 1585 
2062 1593 1597 1594 
2063 1597 1990 1710 
2064 1676 1989 1632 
2065 1544 1988 1516 
2066 1598 1639 1594 
2067 1985 1992 1647 
2068 1737 2005 1996 
2069 1585 1989 1637 
2070 1977 1996 1937 
2071 1454 1991 1452 
2072 1753 1994 1576 
2073 484 1664 483 
2074 1937 1996 1559 
2075 1755 1998 1983 
2076 1445 1997 1443 
2077 1897 2017 1899 
2078 1497 1995 1462 
2079 1597 1598 1594 
2080 1672 1999 1934 
2081 1807 1999 1760 
2082 1898 2017 1897 
2083 1943 2014 1701 
2084 1954 2007 1527 
2085 1987 1994 1753 
2086 1593 1594 1592 
2087 1679 1986 1601 
2088 2003 2009 1816 
2089 1495 1998 1501 
2090 1601 1986 1598 
2091 1746 2112 1741 
2092 1996 2005 1559 
2093 1635 2003 1988 
2094 1527 2007 1910 
2095 1831 2002 1981 
2096 1719 2021 2015 
2097 1998 2004 1530 
2098 1978 2001 1964 
2099 1695 2000 1747 
2100 1470 2022 1925 
2101 1878 2007 1954 
2102 1694 2017 1915 
2103 1466 2010 1464 
2104 1981 2002 1808 
2105 594 1776 593 
2106 1988 2003 1962 
2107 1754 2004 1755 
2108 1598 1986 1639 
2109 1680 2014 1638 
2110 1958 2010 1466 
2111 1718 2018 1719 
2112 1806 2019 1805 
2113 1652 2008 1565 
2114 1561 2008 1656 
2115 1639 1993 1594 
2116 1755 2004 1998 
2117 1927 2023 1616 
2118 1962 2003 1717 
2119 1559 2005 1969 
2120 1432 1434 1433 
2121 1948 2015 1621 
2122 1757 2001 1978 
2123 2018 2021 1719 
2124 1635 2009 2003 
2125 1685 2006 1759 
2126 1719 2016 1658 
2127 2016 2019 1659 
2128 1948 2019 2016 
2129 1971 2011 1715 
2130 1565 2008 1561 
2131 1464 2010 1497 
2132 1594 1993 1592 
2133 2011 2018 1718 
2134 1970 2009 1635 
2135 1745 2028 1663 
2136 528 1854 527 
2137 1715 2011 1992 
2138 1652 2030 1875 
2139 1955 2011 1971 
2140 1844 2130 1997 
2141 1629 2024 1627 
2142 2030 2031 1875 
2143 2023 2025 1616 
2144 1751 2021 1974 
2145 1616 2025 1555 
2146 514 1422 513 
2147 1944 2026 1712 
2148 1395 1780 1765 
2149 1856 1869 517 
2150 1877 2013 1872 
2151 1912 2027 1720 
2152 1999 2012 1934 
2153 1397 2033 583 
2154 1780 1803 1765 
2155 1807 2012 1999 
2156 2019 2020 1659 
2157 1955 2018 2011 
2158 1778 2162 540 
2159 1432 1433 1431 
2160 1857 2049 1858 
2161 1638 2014 1943 
2162 1621 2015 1751 
2163 475 2089 474 
2164 1395 1765 541 
2165 2015 2016 1719 
2166 1702 2031 1575 
2167 1658 2016 1659 
2168 1805 2019 1948 
2169 1899 2017 1694 
2170 1879 2030 1707 
2171 1422 1431 513 
2172 1948 2016 2015 
2173 545 1800 544 
2174 1500 2018 1955 
2175 1651 2030 1652 
2176 1925 2026 1927 
2177 1500 2021 2018 
2178 1555 2025 1912 
2179 1974 2021 1500 
2180 1712 2022 1749 
2181 1756 2023 1944 
2182 1834 2052 1908 
2183 1756 2025 2023 
2184 1627 2024 1756 
2185 1422 1432 1431 
2186 1720 2027 1721 
2187 1742 2063 1951 
2188 1663 2028 1629 
2189 2022 2026 1925 
2190 1865 2029 1403 
2191 1912 2025 2024 
2192 1712 2026 2022 
2193 2024 2025 1756 
2194 1707 2030 1651 
2195 1875 2031 1702 
2196 2027 2028 1721 
2197 1629 2028 2027 
2198 2055 2114 1780 
2199 1732 2032 1731 
2200 2047 2104 2097 
2201 1645 2121 1970 
2202 2033 2034 582 
2203 2036 2037 1684 
2204 583 2033 582 
2205 1426 2088 2041 
2206 1631 2044 1697 
2207 1701 2044 1584 
2208 1861 2036 1871 
2209 482 1779 481 
2210 1828 2132 1678 
2211 1423 2038 1786 
2212 1842 2157 1618 
2213 504 2039 503 
2214 517 2116 1857 
2215 1858 1860 1696 
2216 1785 2052 1834 
2217 1815 2046 1817 
2218 1748 2034 2033 
2219 1735 2048 1845 
2220 1664 2151 483 
2221 2055 2153 1882 
2222 1857 1858 1696 
2223 1810 2042 1799 
2224 1618 2051 1435 
2225 540 2162 539 
2226 1884 2055 1882 
2227 1908 2052 1630 
2228 590 2046 589 
2229 1723 2069 2012 
2230 1724 2041 1757 
2231 1793 2057 1399 
2232 484 2137 1664 
2233 1769 2091 1969 
2234 1690 2058 1946 
2235 1788 2119 1794 
2236 1743 2064 1827 
2237 1589 2061 1566 
2238 1738 2043 1772 
2239 2050 2074 1414 
2240 1729 2065 1836 
2241 1830 2160 1407 
2242 1951 2063 1960 
2243 1835 2147 1725 
2244 1848 2061 1795 
2245 1733 2062 1989 
2246 1404 2069 572 
2247 1584 2044 1631 
2248 1734 2141 1847 
2249 1746 2128 2087 
2250 1868 2140 1680 
2251 1858 2049 1861 
2252 1846 2149 1413 
2253 1864 2111 2099 
2254 1660 2045 511 
2255 1815 2167 2046 
2256 1785 2072 2052 
2257 1838 2081 2070 
2258 1968 2070 1736 
2259 1781 2153 2055 
2260 1762 2073 1976 
2261 1933 2075 1777 
2262 1645 2120 1866 
2263 1682 2073 1681 
2264 487 2090 485 
2265 589 2046 1398 
2266 577 2047 576 
2267 481 2168 480 
2268 508 2123 507 
2269 1865 2101 2001 
2270 512 2126 1660 
2271 1782 2158 1813 
2272 1683 2079 1874 
2273 1618 2098 1842 
2274 1736 2048 1735 
2275 504 2123 2039 
2276 2039 2103 1773 
2277 1739 2080 1748 
2278 1417 2047 577 
2279 1643 2082 1650 
2280 1850 2127 1883 
2281 1435 2051 1678 
2282 2136 2144 1669 
2283 578 2067 1417 
2284 2046 2167 1398 
2285 1562 2091 1841 
2286 1883 2076 1850 
2287 567 2093 1863 
2288 1630 2052 1949 
2289 1744 2053 1745 
2290 1438 2098 1436 
2291 1648 2099 1685 
2292 2127 2136 1669 
2293 1671 2055 1884 
2294 1779 2168 481 
2295 1510 2109 1997 
2296 1748 2080 2034 
2297 2001 2101 1964 
2298 1701 2125 2044 
2299 1845 2105 1737 
2300 1997 2109 1843 
2301 1562 2109 1517 
2302 598 2112 1401 
2303 1879 2084 1589 
2304 1407 2160 1946 
2305 1833 2072 1785 
2306 531 2056 530 
2307 1728 2139 1814 
2308 1646 2120 1645 
2309 1883 2127 1885 
2310 1867 2146 1745 
2311 513 2126 512 
2312 1399 2057 1787 
2313 1642 2128 1951 
2314 1440 2130 1438 
2315 1650 2110 1727 
2316 1666 2163 1680 
2317 2041 2107 1426 
2318 2064 2165 1682 
2319 1997 2130 1443 
2320 1725 2147 2057 
2321 1796 2157 1842 
2322 507 2123 505 
2323 1431 2126 513 
2324 1759 2156 1807 
2325 590 2117 2046 
2326 2020 2120 1659 
2327 1845 2131 1766 
2328 1692 2058 1690 
2329 1802 2090 488 
2330 2045 2158 1782 
2331 1429 2168 2042 
2332 1758 2059 534 
2333 1783 2129 1758 
2334 1679 2134 1986 
2335 2041 2088 1757 
2336 1745 2146 2028 
2337 571 2069 1723 
2338 1836 2118 2035 
2339 556 2143 555 
2340 1566 2061 1579 
2341 1770 2091 1769 
2342 2052 2072 1949 
2343 1989 2062 1637 
2344 1960 2063 1688 
2345 1424 2071 1852 
2346 1731 2065 1729 
2347 1833 2087 2072 
2348 1418 2093 568 
2349 2044 2125 1798 
2350 2006 2093 1418 
2351 1820 2121 1819 
2352 1804 2138 1806 
2353 2053 2054 1428 
2354 1773 2103 2045 
2355 1697 2094 1674 
2356 1786 2068 1774 
2357 1780 2114 1803 
2358 2046 2117 1817 
2359 2062 2070 1637 
2360 1820 2095 2009 
2361 2082 2110 1650 
2362 1855 2113 1771 
2363 1411 2117 591 
2364 518 2116 517 
2365 1724 2160 2041 
2366 2041 2160 1830 
2367 2043 2060 1776 
2368 579 2067 578 
2369 2124 2137 1802 
2370 572 2069 571 
2371 505 2123 504 
2372 485 2137 484 
2373 592 2154 1411 
2374 2037 2068 1684 
2375 1637 2070 1968 
2376 1850 2076 1430 
2377 1949 2072 1673 
2378 1840 2075 1404 
2379 580 2077 579 
2380 1408 2077 580 
2381 1671 2114 2055 
2382 1859 2118 1775 
2383 1665 2118 1859 
2384 1681 2073 1846 
2385 1934 2075 1933 
2386 2067 2077 2002 
2387 2048 2131 1845 
2388 1842 2098 1844 
2389 2074 2152 1414 
2390 555 2143 1859 
2391 1807 2156 2078 
2392 1874 2079 1932 
2393 1752 2104 1831 
2394 562 2107 1830 
2395 1916 2092 552 
2396 533 2122 532 
2397 1848 2142 1732 
2398 1618 2157 2051 
2399 552 2092 551 
2400 2072 2087 1673 
2401 529 1854 528 
2402 2020 2108 1821 
2403 1426 2107 563 
2404 1727 2106 2074 
2405 2079 2086 1932 
2406 1405 2116 518 
2407 1674 2094 1734 
2408 1841 2091 1770 
2409 1731 2135 2065 
2410 1849 2161 1800 
2411 524 2085 523 
2412 1808 2080 1739 
2413 1862 2081 1838 
2414 601 2102 1728 
2415 1684 2082 1643 
2416 595 2150 594 
2417 510 2103 509 
2418 532 2083 531 
2419 594 2150 1776 
2420 1811 2165 2064 
2421 1761 2106 1783 
2422 1825 2134 1823 
2423 1932 2086 1679 
2424 1726 2084 1879 
2425 1830 2107 2041 
2426 1673 2087 1953 
2427 1411 2154 2060 
2428 2034 2080 1408 
2429 1732 2142 2032 
2430 1802 2137 2090 
2431 1685 2111 2006 
2432 1395 2145 1781 
2433 1757 2088 2001 
2434 474 2089 1424 
2435 2075 2166 1404 
2436 1409 2131 2048 
2437 1727 2074 2050 
2438 1969 2091 1562 
2439 1682 2165 2073 
2440 551 2092 1412 
2441 568 2093 567 
2442 1800 2161 544 
2443 1853 2095 1820 
2444 2100 2129 1783 
2445 1934 2166 2075 
2446 2009 2095 1816 
2447 1777 2097 1752 
2448 509 2103 2039 
2449 1424 2089 2071 
2450 1436 2098 1618 
2451 522 2100 521 
2452 1705 2099 1648 
2453 1705 2101 2099 
2454 1801 2136 1849 
2455 2057 2147 1787 
2456 1806 2108 2020 
2457 1964 2101 1705 
2458 1786 2082 2068 
2459 2051 2157 1797 
2460 602 2102 601 
2461 1798 2125 1790 
2462 2054 2139 1728 
2463 1430 2145 542 
2464 531 2083 2056 
2465 569 2133 1418 
2466 1849 2136 1850 
2467 2087 2128 1953 
2468 1737 2105 2005 
2469 1821 2108 1832 
2470 1863 2111 1864 
2471 1736 2081 2048 
2472 563 2107 562 
2473 1723 2133 570 
2474 1776 2154 593 
2475 1517 2109 1510 
2476 542 2145 1395 
2477 1401 2112 1833 
2478 1771 2113 1797 
2479 2068 2082 1684 
2480 2014 2125 1701 
2481 1993 2114 1671 
2482 1728 2102 2054 
2483 1790 2125 2014 
2484 591 2117 590 
2485 1819 2121 1866 
2486 1659 2120 1646 
2487 1404 2166 2069 
2488 2064 2148 1811 
2489 2089 2141 2071 
2490 579 2077 2067 
2491 1885 2127 1669 
2492 1786 2110 2082 
2493 1745 2164 1867 
2494 1835 2144 1801 
2495 1880 2126 1431 
2496 2095 2167 1816 
2497 1783 2106 2038 
2498 2038 2110 1786 
2499 1953 2128 1642 
2500 1443 2130 1440 
2501 523 2085 2059 
2502 2032 2119 1412 
2503 1414 2152 536 
2504 570 2133 569 
2505 2035 2118 1665 
2506 544 2161 543 
2507 575 2155 1667 
2508 1794 2142 1848 
2509 1916 2135 2092 
2510 576 2155 575 
2511 1734 2094 2071 
2512 593 2154 592 
2513 1418 2156 2006 
2514 2002 2159 1808 
2515 1660 2158 2045 
2516 480 2168 1429 
2517 1413 2149 492 
2518 1427 2150 595 
2519 1811 2148 1810 
2520 1417 2104 2047 
2521 2032 2135 1731 
2522 1867 2164 1826 
2523 1882 2153 1883 
2524 2077 2159 2002 
2525 1797 2157 1796 
2526 2146 2163 1721 
2527 539 2162 1396 
2528 1946 2160 1724 
2529 1721 2163 1666 
2530 2085 2122 533 
2531 1976 2165 1811 
2532 1816 2167 1815 
2533 2028 2146 1721 
2534 557 2143 556 
2535 2006 2156 1759 
2536 2012 2166 1934 
2537 2074 2106 1761 
2538 2080 2159 1408 
2539 1808 2159 2080 
2540 2108 2138 1832 
2541 2097 2104 1752 
2542 2060 2154 1776 
2543 1781 2145 2076 
2544 2071 2094 1852 
2545 2073 2165 1976 
2546 1883 2153 2076 
2547 2090 2137 485 
2548 2037 2115 2068 
2549 2032 2142 2119 
2550 1812 2141 2089 
2551 1758 2129 2059 
2552 1418 2133 2078 
2553 1823 2134 2086 
2554 2068 2115 1774 
2555 532 2122 2083 
2556 2078 2133 1723 
2557 2047 2155 576 
2558 2069 2166 2012 
2559 2053 2164 1745 
2560 524 2122 2085 
2561 2071 2141 1734 
2562 1801 2144 2136 
2563 2078 2156 1418 
2564 522 2129 2100 
2565 2086 2134 1679 
2566 2076 2145 1430 
2567 2076 2153 1781 
2568 1761 2152 2074 
2569 1408 2159 2077 
2570 1806 2138 2108 
2571 1850 2136 2127 
2572 2119 2142 1794 
2 8 2 30
2573 620 2173 618 
2574 611 2171 7 
2575 611 2176 2171 
2576 2172 2175 617 
2577 2170 2175 623 
2578 613 614 612 
2579 614 2176 612 
2580 623 2175 622 
2581 617 2175 2169 
2582 612 2176 611 
2583 618 2172 617 
2584 621 2173 620 
2585 625 2170 624 
2586 622 2172 621 
2587 2169 2171 616 
2588 617 2169 616 
2589 616 2171 615 
2590 2170 2174 2169 
2591 624 2170 623 
2592 2169 2175 2170 
2593 2171 2176 615 
2594 625 2174 2170 
2595 2171 2174 7 
2596 7 2174 625 
2597 2169 2174 2171 
2598 2172 2173 621 
2599 615 2176 614 
2600 622 2175 2172 
2601 618 2173 2172 
2602 619 620 618 
2 9 2 69
2603 647 2195 645 
2604 647 645 646 
2605 636 2180 635 
2606 638 2192 627 
2607 627 2196 638 
2608 645 2195 2179 
2609 637 2180 636 
2610 8 2186 2181 
2611 2183 2193 2190 
2612 632 2187 631 
2613 2181 2191 8 
2614 2178 2184 2182 
2615 2183 2190 2182 
2616 2179 2183 644 
2617 2190 2193 2177 
2618 626 2186 8 
2619 644 2183 643 
2620 639 2192 638 
2621 628 2196 627 
2622 645 2179 644 
2623 643 2183 2182 
2624 653 2178 652 
2625 643 2182 642 
2626 641 2181 640 
2627 651 2177 650 
2628 2182 2190 2178 
2629 2180 2187 635 
2630 2187 2188 631 
2631 642 2184 641 
2632 641 2184 2181 
2633 2179 2193 2183 
2634 630 2188 629 
2635 640 2186 639 
2636 631 2188 630 
2637 2182 2184 642 
2638 2180 2189 2188 
2639 8 2191 653 
2640 649 2185 648 
2641 2181 2186 640 
2642 2188 2189 629 
2643 635 2187 632 
2644 629 2189 628 
2645 2185 2193 2179 
2646 2178 2197 652 
2647 2178 2191 2184 
2648 2186 2192 639 
2649 637 2189 2180 
2650 638 2196 637 
2651 2184 2191 2181 
2652 653 2191 2178 
2653 651 2197 2177 
2654 627 2192 626 
2655 2190 2197 2178 
2656 2180 2188 2187 
2657 648 2195 647 
2658 650 2194 649 
2659 2177 2194 650 
2660 652 2197 651 
2661 626 2192 2186 
2662 2185 2195 648 
2663 2179 2195 2185 
2664 637 2196 2189 
2665 2189 2196 628 
2666 649 2194 2185 
2667 2177 2197 2190 
2668 2193 2194 2177 
2669 2185 2194 2193 
2670 633 635 632 
2671 634 635 633 
2 11 2 97
2672 2208 2216 2198 
2673 2214 2220 2207 
2674 2211 2225 2204 
2675 2216 2219 2198 
2676 2207 2218 2214 
2677 2198 2221 2208 
2678 2210 2229 2200 
2679 2200 2229 2212 
2680 2202 2208 2206 
2681 675 2211 2204 
2682 2204 2225 2217 
2683 677 2214 2205 
2684 2212 2218 2200 
2685 2202 2206 662 
2686 2203 2213 2209 
2687 665 2210 2200 
2688 661 2224 660 
2689 2203 2209 658 
2690 664 2230 663 
2691 2207 2230 664 
2692 2214 2218 2205 
2693 676 2211 675 
2694 2215 2227 2204 
2695 2204 2232 2215 
2696 2203 2224 2223 
2697 659 2224 2203 
2698 678 2214 677 
2699 662 2206 661 
2700 2201 2220 2214 
2701 673 2227 672 
2702 2206 2224 661 
2703 2202 2220 2216 
2704 2202 2216 2208 
2705 2205 2218 2212 
2706 672 2227 2215 
2707 666 2210 665 
2708 2199 2229 2228 
2709 2213 2231 9 
2710 2222 2226 654 
2711 658 2209 657 
2712 679 2201 678 
2713 675 2204 674 
2714 681 2198 680 
2715 655 2222 654 
2716 2205 2212 2211 
2717 659 2203 658 
2718 2205 2211 676 
2719 2200 2207 664 
2720 2201 2214 678 
2721 677 2205 676 
2722 665 2200 664 
2723 669 2199 668 
2724 663 2202 662 
2725 2203 2221 2213 
2726 671 2215 670 
2727 9 2226 2213 
2728 670 2232 669 
2729 672 2215 671 
2730 2199 2228 668 
2731 669 2232 2217 
2732 669 2217 2199 
2733 2203 2223 2221 
2734 657 2222 656 
2735 667 2228 666 
2736 656 2222 655 
2737 2202 2230 2220 
2738 666 2228 2210 
2739 2209 2226 2222 
2740 2200 2218 2207 
2741 679 2219 2201 
2742 2216 2220 2201 
2743 2201 2219 2216 
2744 2198 2219 680 
2745 680 2219 679 
2746 9 2231 681 
2747 2228 2229 2210 
2748 2208 2223 2206 
2749 660 2224 659 
2750 2204 2227 674 
2751 2212 2225 2211 
2752 2217 2232 2204 
2753 2213 2226 2209 
2754 2209 2222 657 
2755 2221 2223 2208 
2756 2212 2229 2225 
2757 668 2228 667 
2758 654 2226 9 
2759 674 2227 673 
2760 663 2230 2202 
2761 2225 2229 2199 
2762 681 2231 2198 
2763 2217 2225 2199 
2764 2215 2232 670 
2765 2198 2231 2221 
2766 2221 2231 2213 
2767 2220 2230 2207 
2768 2223 2224 2206 
2 12 2 33
2769 693 10 692 
2770 684 2235 683 
2771 2235 2242 683 
2772 692 2240 2237 
2773 682 2233 10 
2774 692 2237 691 
2775 687 2234 686 
2776 685 2235 684 
2777 2236 2238 2234 
2778 2237 2238 2236 
2779 691 2236 690 
2780 683 2242 682 
2781 10 2240 692 
2782 2236 2241 690 
2783 691 2237 2236 
2784 687 2239 2234 
2785 689 2241 688 
2786 688 2239 687 
2787 686 2243 685 
2788 2233 2242 2238 
2789 2233 2240 10 
2790 685 2243 2235 
2791 2234 2239 2236 
2792 2233 2238 2237 
2793 2234 2243 686 
2794 682 2242 2233 
2795 690 2241 689 
2796 2238 2242 2235 
2797 2239 2241 2236 
2798 2235 2243 2238 
2799 2238 2243 2234 
2800 2237 2240 2233 
2801 688 2241 2239 
2 13 2 4746
2802 3145 2831 3451 
2803 2762 3213 3714 
2804 230 3704 3993 
2805 2628 3482 3677 
2806 2849 2850 3959 
2807 3761 2976 3846 
2808 3231 2522 3751 
2809 2633 2501 3298 
2810 2843 2481 3045 
2811 3677 3482 3971 
2812 208 209 3258 
2813 3111 3449 3588 
2814 3115 2966 3525 
2815 3179 3502 3531 
2816 688 2781 3482 
2817 2900 3485 3518 
2818 2455 3235 3428 
2819 416 417 3900 
2820 2799 3149 3743 
2821 2582 3180 3830 
2822 2710 3606 3801 
2823 2558 294 3358 
2824 3286 2920 3288 
2825 3103 2445 3552 
2826 3188 2787 3526 
2827 3062 2616 3861 
2828 210 211 3683 
2829 294 295 3358 
2830 2258 321 2682 
2831 2659 361 3334 
2832 3067 2687 3069 
2833 2522 3231 3873 
2834 110 111 3387 
2835 3216 653 4087 
2836 2584 673 3274 
2837 2798 3137 4087 
2838 3502 3360 3531 
2839 2455 2453 3235 
2840 3161 2509 3849 
2841 2479 3679 3883 
2842 2989 3329 3619 
2843 525 3193 3871 
2844 2499 2485 3460 
2845 360 361 2659 
2846 2644 322 3711 
2847 2687 17 3071 
2848 2368 3250 3340 
2849 673 2580 3274 
2850 3071 17 3819 
2851 2262 3105 3112 
2852 209 2336 3258 
2853 324 2597 3711 
2854 2498 3061 3436 
2855 3480 523 3871 
2856 2831 2734 3452 
2857 2343 3156 3811 
2858 323 324 3711 
2859 2817 600 3941 
2860 2485 2654 3460 
2861 233 234 3476 
2862 3233 3231 3751 
2863 3103 3552 3729 
2864 3131 3143 3195 
2865 2850 3248 3273 
2866 98 3761 3846 
2867 3159 2338 3836 
2868 3061 2498 3533 
2869 3137 2798 4061 
2870 2850 3274 3959 
2871 38 39 2889 
2872 2479 2564 3679 
2873 2889 39 3601 
2874 2262 43 3105 
2875 3180 3181 3830 
2876 3007 3370 3914 
2877 571 2435 3092 
2878 3437 2891 3846 
2879 3198 2766 3889 
2880 3098 2537 3885 
2881 2544 3377 3721 
2882 2766 3825 3889 
2883 2859 3212 3849 
2884 503 3474 4199 
2885 2556 2312 3084 
2886 3230 4025 4043 
2887 2955 3098 3885 
2888 3485 2278 3518 
2889 2501 2705 3298 
2890 3213 3214 3714 
2891 3941 3148 3942 
2892 2707 3091 3114 
2893 3002 2729 3175 
2894 3523 2389 3598 
2895 2573 3161 3163 
2896 3039 2731 3127 
2897 3665 3666 3730 
2898 322 323 3711 
2899 2912 396 3066 
2900 2746 3162 3642 
2901 4025 3230 4175 
2902 2568 3294 3593 
2903 2258 2682 2861 
2904 3084 3085 3086 
2905 2594 3187 3950 
2906 543 2369 3719 
2907 2499 3146 3589 
2908 111 2814 3387 
2909 2882 3117 4232 
2910 129 130 3973 
2911 3117 2882 4187 
2912 3373 3100 3510 
2913 2850 3273 3274 
2914 3363 3111 3588 
2915 2843 3045 3118 
2916 3204 2669 3778 
2917 3026 3017 3073 
2918 194 195 3626 
2919 417 2699 3900 
2920 3654 2964 3783 
2921 3212 3120 3849 
2922 3340 3250 3573 
2923 3125 3523 3598 
2924 2817 3941 3942 
2925 3294 2568 3866 
2926 652 653 3216 
2927 4129 2487 4169 
2928 195 2947 3626 
2929 2338 3159 3754 
2930 466 467 3261 
2931 2904 3562 3745 
2932 3092 2435 3093 
2933 2629 2806 3685 
2934 2792 592 3217 
2935 2814 3386 3387 
2936 2920 3286 3762 
2937 3210 2487 4129 
2938 2966 3115 3783 
2939 273 2799 3743 
2940 2264 2332 3297 
2941 684 2674 3787 
2942 3695 3319 3769 
2943 189 2832 3699 
2944 2616 3062 3841 
2945 3143 3131 3211 
2946 2976 3437 3846 
2947 3004 568 3135 
2948 3606 3013 3801 
2949 3033 304 4001 
2950 3137 3352 4087 
2951 508 509 3211 
2952 3022 3468 3497 
2953 3329 2291 3619 
2954 3166 2491 3355 
2955 3188 3526 3860 
2956 2332 3209 3297 
2957 331 332 2828 
2958 3843 3246 4003 
2959 3696 3833 3882 
2960 2807 2716 3098 
2961 503 504 3474 
2962 3256 3376 4159 
2963 3307 2725 3319 
2964 2628 688 3482 
2965 3193 3709 3871 
2966 3557 3947 3953 
2967 2343 3811 4060 
2968 2822 3327 3634 
2969 16 2687 3067 
2970 3099 123 3660 
2971 3288 2520 3427 
2972 3180 2582 3380 
2973 2969 3480 3871 
2974 3316 2745 3317 
2975 509 2253 3211 
2976 2570 3118 3302 
2977 2708 3039 3330 
2978 3114 3091 4064 
2979 331 2828 4005 
2980 2911 176 3192 
2981 2677 3665 3730 
2982 3557 3809 3947 
2983 3317 2745 3321 
2984 175 176 2911 
2985 10 682 3015 
2986 2968 687 3857 
2987 2669 3204 4065 
2988 3077 3580 3683 
2989 3011 3494 3738 
2990 3187 2594 3548 
2991 2861 2682 2998 
2992 653 2798 4087 
2993 123 3099 3961 
2994 3314 350 3628 
2995 3936 3102 4081 
2996 3522 2875 3744 
2997 2792 3217 3982 
2998 688 689 2781 
2999 650 2731 3039 
3000 3369 3368 3651 
3001 2318 3406 3969 
3002 2708 649 3039 
3003 3442 3844 3877 
3004 301 3083 3236 
3005 3326 2593 4261 
3006 3377 3378 3721 
3007 2312 206 3084 
3008 3146 2499 3922 
3009 2889 3701 3881 
3010 587 588 3404 
3011 3833 3447 3882 
3012 416 3900 4230 
3013 3322 2528 3323 
3014 2955 2807 3098 
3015 3233 2334 3489 
3016 3069 2748 4094 
3017 2663 3158 3836 
3018 2510 2733 3397 
3019 189 190 2832 
3020 3615 2873 3888 
3021 655 656 3457 
3022 3187 2915 3950 
3023 3631 518 4205 
3024 3386 2814 3404 
3025 3468 2614 3497 
3026 3145 3451 3808 
3027 3012 3393 4023 
3028 395 396 2912 
3029 2940 562 3150 
3030 2489 3179 3531 
3031 3028 3615 3888 
3032 3263 2633 3298 
3033 3214 2593 3326 
3034 3580 2336 3683 
3035 3231 3232 3873 
3036 2775 3112 3617 
3037 2798 3641 4061 
3038 3120 3161 3849 
3039 2917 129 3973 
3040 3145 655 3457 
3041 176 177 4071 
3042 3163 2967 3875 
3043 3086 3085 3695 
3044 642 3394 3930 
3045 2831 3145 3457 
3046 368 2417 3305 
3047 3184 2971 3313 
3048 2417 3378 3491 
3049 3244 2660 3611 
3050 3844 3402 3877 
3051 3112 2775 4023 
3052 2840 2613 3242 
3053 407 3265 4208 
3054 3141 2839 4213 
3055 3336 2562 3801 
3056 2646 3722 3891 
3057 130 131 3973 
3058 3147 3214 3326 
3059 211 2742 3683 
3060 576 2716 2807 
3061 3125 2542 3523 
3062 3118 2570 3301 
3063 3040 3396 3413 
3064 3048 652 3216 
3065 2889 3601 3701 
3066 2839 3141 3636 
3067 3762 3411 3807 
3068 3236 2790 3915 
3069 603 604 3579 
3070 636 2904 3745 
3071 3116 3703 3822 
3072 2657 684 3787 
3073 350 351 3628 
3074 3050 2299 3130 
3075 3639 3035 3710 
3076 233 3476 4017 
3077 2387 3249 3554 
3078 3266 2646 3891 
3079 2947 3983 4033 
3080 3410 3116 3822 
3081 3376 3256 3491 
3082 3943 3970 4086 
3083 2790 3507 3915 
3084 2334 3233 3797 
3085 3768 4041 4042 
3086 59 3296 3595 
3087 3496 3221 4081 
3088 2481 473 3045 
3089 3017 3026 4079 
3090 205 2264 3297 
3091 3123 2342 3569 
3092 59 60 3296 
3093 2640 3276 4173 
3094 3153 2663 3836 
3095 3820 4025 4175 
3096 4 465 2246 
3097 3175 2729 3502 
3098 3394 642 3772 
3099 85 86 3389 
3100 2681 141 3206 
3101 2637 3695 3769 
3102 2971 3184 3931 
3103 2446 631 3898 
3104 2542 3125 3527 
3105 3370 2983 3914 
3106 485 486 2314 
3107 487 488 3341 
3108 3149 2799 3866 
3109 3273 2584 3274 
3110 100 101 3445 
3111 2833 3221 3496 
3112 2298 3331 3339 
3113 3666 3697 3919 
3114 3667 3018 3858 
3115 367 368 3305 
3116 3967 2640 4173 
3117 304 2340 4001 
3118 4047 2973 4166 
3119 3119 2615 3736 
3120 2922 3193 3693 
3121 3040 3413 4085 
3122 2727 3353 4036 
3123 581 2757 3190 
3124 313 314 3309 
3125 3162 2746 3712 
3126 3110 3356 4158 
3127 3179 2489 3812 
3128 3323 2528 3881 
3129 632 633 3384 
3130 2952 2725 3307 
3131 3013 3336 3801 
3132 3775 2943 3828 
3133 3116 2901 3703 
3134 2537 3098 3660 
3135 2520 3288 3757 
3136 3970 2739 4086 
3137 149 3220 3953 
3138 2478 3261 3262 
3139 3004 3135 3399 
3140 2556 3084 3086 
3141 2974 3190 3342 
3142 3356 2914 3773 
3143 2342 3123 4077 
3144 3051 3544 3969 
3145 3165 2778 4163 
3146 3168 475 4051 
3147 3451 2831 3452 
3148 2962 2474 2963 
3149 2371 3654 3783 
3150 303 304 3033 
3151 2521 3936 4081 
3152 301 302 3083 
3153 475 3168 3933 
3154 692 2514 3609 
3155 2822 2824 3327 
3156 2764 149 3953 
3157 3161 2573 3691 
3158 676 3191 4009 
3159 2878 3 2879 
3160 2860 3207 3779 
3161 2919 3762 3807 
3162 3155 2719 4129 
3163 3626 2947 4033 
3164 2734 2999 3452 
3165 2615 3119 3872 
3166 2860 407 4208 
3167 3270 3052 3980 
3168 3369 3651 4097 
3169 663 664 3259 
3170 2777 3205 4123 
3171 2967 3163 3835 
3172 3363 2415 3616 
3173 2778 3165 4132 
3174 2748 3069 3923 
3175 58 59 3595 
3176 3373 3510 4226 
3177 2644 3639 3710 
3178 2780 3554 3689 
3179 223 224 3913 
3180 2818 3537 3940 
3181 2336 210 3683 
3182 507 2299 3050 
3183 2840 3242 3243 
3184 2760 3843 4003 
3185 3554 3338 3689 
3186 3183 2340 3508 
3187 2676 3308 3655 
3188 2403 3912 4071 
3189 3205 2777 4111 
3190 2901 3116 4034 
3191 234 2272 3476 
3192 4041 3420 4042 
3193 3026 3073 3565 
3194 3521 3522 3744 
3195 3390 2616 3395 
3196 2616 3390 3861 
3197 3038 223 3913 
3198 3002 3175 4133 
3199 113 2779 3269 
3200 2573 3163 3875 
3201 173 174 3864 
3202 3054 159 4146 
3203 3393 3012 3890 
3204 2938 3215 3600 
3205 687 2628 3857 
3206 2514 2977 3609 
3207 3052 3270 4154 
3208 3133 3718 3764 
3209 3200 2559 3255 
3210 205 206 2264 
3211 2942 3254 3495 
3212 2593 3100 4261 
3213 3207 2860 4208 
3214 3247 2614 3468 
3215 3405 3060 3804 
3216 464 3 2878 
3217 3297 3209 4209 
3218 3269 2957 3404 
3219 2561 3151 3784 
3220 518 3830 4205 
3221 651 652 3048 
3222 654 2756 3184 
3223 648 2708 3091 
3224 3018 313 3309 
3225 3214 3147 4224 
3226 208 3258 3916 
3227 86 2371 3389 
3228 2340 3183 3509 
3229 2429 2587 3520 
3230 3349 3348 3633 
3231 3307 207 3916 
3232 2707 647 3091 
3233 3907 3838 3915 
3234 2715 3219 3650 
3235 2299 508 3211 
3236 3722 3066 3891 
3237 3 462 2317 
3238 4025 2659 4043 
3239 229 230 3993 
3240 2369 3775 3828 
3241 72 73 2248 
3242 3494 2706 3738 
3243 3235 2932 3428 
3244 2397 2318 3969 
3245 2409 3817 4057 
3246 3718 3056 3764 
3247 2861 2998 3679 
3248 2663 3153 4151 
3249 158 159 3054 
3250 231 232 4024 
3251 2353 660 3668 
3252 3131 3195 4103 
3253 3130 2824 3999 
3254 2876 268 3657 
3255 3475 2626 4155 
3256 3022 3497 4128 
3257 3018 3667 3859 
3258 3199 2580 4135 
3259 686 687 2968 
3260 3085 3319 3695 
3261 2961 3429 4039 
3262 2626 3475 3781 
3263 2478 466 3261 
3264 2786 3216 4087 
3265 60 2884 3296 
3266 3836 2338 4076 
3267 2830 3257 3290 
3268 3156 2343 3530 
3269 2414 3212 3638 
3270 2638 189 3699 
3271 2880 3492 3767 
3272 572 573 3586 
3273 2369 3611 3719 
3274 3241 3570 4130 
3275 2787 3188 3580 
3276 2559 3200 3325 
3277 3278 3388 4119 
3278 2630 3555 3556 
3279 3356 3110 4028 
3280 2630 3556 3874 
3281 542 543 3719 
3282 3793 3447 3794 
3283 3109 3363 3616 
3284 3190 2757 3342 
3285 3036 3640 3738 
3286 3636 2746 3642 
3287 2949 3217 3357 
3288 2978 3356 3773 
3289 2941 3 2978 
3290 2337 3279 3452 
3291 2297 503 4199 
3292 3184 2756 3931 
3293 3817 3170 4057 
3294 2314 486 2692 
3295 2633 3263 4198 
3296 407 408 3265 
3297 461 2535 3497 
3298 3263 3028 4198 
3299 3069 2687 3070 
3300 2827 3752 3929 
3301 3821 56 4020 
3302 2933 3705 3712 
3303 3036 3738 4206 
3304 2940 3150 3810 
3305 2806 3505 3685 
3306 3212 2859 3638 
3307 4048 3121 4137 
3308 3158 2663 3400 
3309 2661 2495 3847 
3310 460 461 3497 
3311 3537 3320 3940 
3312 3352 2786 4087 
3313 3190 2974 4012 
3314 2957 587 3404 
3315 681 3074 3245 
3316 3692 3266 3891 
3317 3847 2495 4172 
3318 3390 3395 4211 
3319 3579 604 4250 
3320 3237 2892 3238 
3321 463 464 2390 
3322 3272 4047 4166 
3323 3355 2491 4257 
3324 3015 682 3016 
3325 3544 2397 3969 
3326 3102 3089 4081 
3327 3123 3569 3746 
3328 2960 3490 3989 
3329 506 3050 3299 
3330 2637 3290 3695 
3331 3091 2708 3678 
3332 2931 3556 3993 
3333 2982 3868 3960 
3334 3169 3168 4051 
3335 3212 2414 4029 
3336 366 2559 3325 
3337 110 3387 3624 
3338 3868 3604 3960 
3339 3085 3307 3319 
3340 570 571 3092 
3341 3490 2960 4243 
3342 3151 2561 3903 
3343 3385 3041 3741 
3344 72 2248 2300 
3345 3484 2633 4198 
3346 207 208 3916 
3347 3377 2544 3946 
3348 337 2474 2962 
3349 3777 3543 3842 
3350 375 3347 4125 
3351 3339 3331 3884 
3352 56 57 4020 
3353 588 3386 3404 
3354 3492 3466 3767 
3355 3569 2962 3746 
3356 3347 375 3837 
3357 533 4048 4137 
3358 2630 2629 3685 
3359 3193 2922 3709 
3360 3067 3069 4094 
3361 3278 3277 3388 
3362 660 661 3668 
3363 2509 3161 3691 
3364 3327 2524 3634 
3365 621 622 2526 
3366 2946 3798 3845 
3367 2564 2967 3835 
3368 3921 2670 4024 
3369 3290 3086 3695 
3370 568 569 3135 
3371 3186 2296 3550 
3372 3246 3245 4003 
3373 2729 3360 3502 
3374 2449 3350 3425 
3375 514 515 3581 
3376 674 675 3275 
3377 3260 3609 3994 
3378 636 637 2440 
3379 592 593 3217 
3380 3611 2660 3719 
3381 2559 367 3305 
3382 399 400 2688 
3383 3269 2779 3976 
3384 666 2282 3782 
3385 2848 2676 3655 
3386 271 2310 2311 
3387 401 2268 2364 
3388 3028 3888 4198 
3389 3712 3705 3949 
3390 3378 2417 3832 
3391 2491 3166 3652 
3392 3115 3525 4019 
3393 250 2280 3277 
3394 3667 3858 4222 
3395 3406 2318 3672 
3396 3350 2449 3441 
3397 2635 146 3928 
3398 2587 3354 3520 
3399 3288 2920 3757 
3400 2567 3332 3495 
3401 419 3777 3842 
3402 405 406 3780 
3403 3154 2253 3541 
3404 3193 2713 3693 
3405 3122 3155 4129 
3406 2756 3808 3931 
3407 3609 2977 3994 
3408 3555 2630 3685 
3409 3219 2715 3548 
3410 524 525 3871 
3411 3435 3392 3757 
3412 2611 3426 3577 
3413 3787 2674 3788 
3414 3204 2776 3927 
3415 384 385 3926 
3416 3282 2993 3598 
3417 636 2440 2904 
3418 3679 2564 3835 
3419 2859 2842 3638 
3420 2972 3271 3272 
3421 2256 447 3289 
3422 530 531 3073 
3423 2403 3911 3912 
3424 504 505 3901 
3425 3376 2641 4159 
3426 2614 3247 3713 
3427 3575 2751 3933 
3428 131 2542 3973 
3429 3191 676 3897 
3430 3637 3204 3927 
3431 511 2844 3541 
3432 420 421 2273 
3433 3064 3578 4056 
3434 3142 2484 3867 
3435 523 524 3871 
3436 3126 3400 4215 
3437 2445 3103 3954 
3438 2387 3554 3766 
3439 3397 2733 4139 
3440 2878 2879 3014 
3441 618 619 2244 
3442 2703 3302 4027 
3443 3197 2771 3494 
3444 3100 2271 3510 
3445 152 153 3283 
3446 2906 2985 3563 
3447 271 272 2310 
3448 214 2257 3300 
3449 2964 2966 3783 
3450 3556 3365 3993 
3451 621 2526 2808 
3452 47 3243 4231 
3453 3211 2253 3958 
3454 3425 3351 3462 
3455 3947 2764 3953 
3456 3182 78 3829 
3457 2799 3293 3294 
3458 600 601 3941 
3459 669 2637 3769 
3460 520 521 3568 
3461 2882 3501 4187 
3462 2780 384 3926 
3463 3348 3350 3633 
3464 406 2860 3780 
3465 3694 2975 3735 
3466 2538 3272 4166 
3467 2719 3155 3670 
3468 43 44 3105 
3469 2484 3142 3985 
3470 2681 3206 3740 
3471 433 434 3126 
3472 3299 3050 3999 
3473 3304 3728 3976 
3474 2337 259 3279 
3475 3089 3496 4081 
3476 2264 206 2312 
3477 3014 2879 3332 
3478 482 483 3744 
3479 3752 3467 3929 
3480 3172 3579 4250 
3481 2875 3522 3840 
3482 3278 2864 3807 
3483 3511 3160 3742 
3484 3408 2876 3657 
3485 3192 176 3333 
3486 409 3291 4101 
3487 2953 3194 3776 
3488 603 3579 4257 
3489 3221 3684 4081 
3490 3183 2907 3509 
3491 4068 2997 4155 
3492 262 2971 3284 
3493 2915 3187 3625 
3494 2799 274 3293 
3495 2941 3252 3972 
3496 3083 3394 3772 
3497 3081 3607 4035 
3498 3348 2339 4125 
3499 3776 2710 3801 
3500 2749 4018 4118 
3501 3024 3219 3548 
3502 631 632 3898 
3503 2959 3234 3708 
3504 3548 2594 4067 
3505 174 175 2911 
3506 3342 3396 4145 
3507 404 405 3780 
3508 2751 474 3933 
3509 2309 3405 3804 
3510 401 402 2268 
3511 580 581 3190 
3512 4018 3597 4118 
3513 4084 3342 4145 
3514 152 3283 3979 
3515 2779 3304 3976 
3516 3076 3170 3817 
3517 3517 2885 4174 
3518 3164 2768 3165 
3519 3008 3688 3823 
3520 3064 3065 3578 
3521 2934 666 3782 
3522 2773 3304 4085 
3523 213 214 3300 
3524 2468 3748 3998 
3525 151 152 3101 
3526 2552 3490 3983 
3527 2688 400 2704 
3528 3041 3385 3985 
3529 115 3040 3303 
3530 3570 3241 3987 
3531 692 693 2514 
3532 3254 2942 3972 
3533 3972 2406 4236 
3534 2824 3130 3962 
3535 2983 3248 3682 
3536 3100 3373 4261 
3537 3388 2736 4119 
3538 3730 3666 3919 
3539 2997 3811 4155 
3540 2907 3009 3509 
3541 2296 3186 4243 
3542 2339 3348 3349 
3543 467 2671 3261 
3544 3392 2520 3757 
3545 3076 3817 3995 
3546 3294 3778 4191 
3547 3456 2272 3475 
3548 2389 3282 3598 
3549 2743 2670 3921 
3550 3478 3479 3816 
3551 3131 2299 3211 
3552 3607 2337 4035 
3553 3328 2664 3492 
3554 2503 2647 3522 
3555 663 3259 4096 
3556 2247 3870 3939 
3557 2499 3460 3922 
3558 2364 3175 3176 
3559 3454 74 4220 
3560 2247 409 4101 
3561 3460 2654 3673 
3562 3249 2387 3560 
3563 471 472 2973 
3564 2257 215 3311 
3565 3203 2776 3204 
3566 573 2320 3586 
3567 4070 3336 4080 
3568 2449 3425 3462 
3569 366 3325 4090 
3570 3132 3131 4103 
3571 3277 2280 3388 
3572 3400 3126 4102 
3573 44 45 2373 
3574 2437 2429 3520 
3575 3555 3685 3917 
3576 3640 2597 3680 
3577 3393 2262 4023 
3578 3275 675 4009 
3579 3213 2762 3863 
3580 2993 3282 4073 
3581 73 74 3454 
3582 3474 504 3901 
3583 3748 2921 3998 
3584 141 142 3206 
3585 3870 2247 4101 
3586 366 367 2559 
3587 3329 2989 3885 
3588 683 2657 2679 
3589 2430 404 3780 
3590 2919 2920 3762 
3591 3490 3251 3983 
3592 2362 2651 3614 
3593 3223 365 3977 
3594 3240 3016 3644 
3595 3991 3169 4051 
3596 562 563 3150 
3597 3117 3706 4232 
3598 3846 2891 4234 
3599 2776 277 3196 
3600 3101 152 3979 
3601 2478 3511 3742 
3602 2918 3927 4061 
3603 191 192 3340 
3604 3294 3293 3778 
3605 2271 614 3510 
3606 2253 3154 3958 
3607 2904 2906 3563 
3608 526 2713 3193 
3609 3051 3784 4162 
3610 2811 590 3310 
3611 2839 3635 4213 
3612 3225 3334 3968 
3613 2771 3197 3726 
3614 2510 3397 3615 
3615 3050 3130 3999 
3616 3026 3565 4121 
3617 2263 3694 3735 
3618 2545 3213 3410 
3619 3113 3975 3997 
3620 3317 3321 4255 
3621 2794 3222 3850 
3622 3398 2836 3789 
3623 2874 173 3864 
3624 2756 3145 3808 
3625 88 89 2513 
3626 3197 327 3647 
3627 537 538 3642 
3628 2766 3198 4015 
3629 20 2664 3328 
3630 3403 2951 3582 
3631 529 530 3017 
3632 3070 3071 3254 
3633 2884 3295 3296 
3634 2885 3517 3628 
3635 135 3281 3908 
3636 595 596 2740 
3637 2953 156 3932 
3638 3524 610 3851 
3639 2671 3058 3261 
3640 3073 531 4240 
3641 3912 3333 4071 
3642 2874 3787 3788 
3643 2478 3262 3511 
3644 582 583 3413 
3645 3768 2335 4041 
3646 2860 3779 3780 
3647 2995 2525 3139 
3648 3281 135 3909 
3649 3070 2687 3071 
3650 3640 3680 3738 
3651 3015 3016 3240 
3652 3429 3530 3893 
3653 2642 3549 3550 
3654 368 369 2417 
3655 3812 3630 4205 
3656 3235 2453 3854 
3657 2489 3630 3812 
3658 3083 3772 4235 
3659 3347 3348 4125 
3660 2582 520 3568 
3661 665 666 2934 
3662 693 10 3015 
3663 2814 3269 3404 
3664 3093 2435 3094 
3665 610 3524 4167 
3666 556 2479 3883 
3667 3219 3003 3650 
3668 3239 2778 3961 
3669 2580 3275 4135 
3670 3248 2850 3682 
3671 3253 2437 3520 
3672 3794 3447 3833 
3673 579 2768 3164 
3674 2939 594 3816 
3675 690 691 3173 
3676 2580 3199 3959 
3677 3645 3333 3912 
3678 659 660 2259 
3679 3258 2336 3580 
3680 3049 3852 3934 
3681 2624 693 2625 
3682 2422 2419 3441 
3683 2568 3499 3866 
3684 2941 2978 3902 
3685 126 2291 3329 
3686 3243 4074 4231 
3687 2888 3991 4051 
3688 2595 342 3585 
3689 3927 3196 4061 
3690 498 2328 3724 
3691 364 365 3223 
3692 9 654 3184 
3693 3194 2953 3932 
3694 3990 3002 4133 
3695 3200 2809 3325 
3696 6 474 2751 
3697 2272 3456 3476 
3698 276 2776 3203 
3699 554 3268 4218 
3700 3739 3921 4024 
3701 3098 2716 3099 
3702 3852 187 3934 
3703 3257 2830 3606 
3704 70 71 2627 
3705 306 307 2445 
3706 3136 3355 4257 
3707 3429 2251 4039 
3708 2900 3518 3806 
3709 278 3137 3196 
3710 680 681 3245 
3711 3124 2912 3966 
3712 620 621 3702 
3713 3584 3101 3979 
3714 2317 462 3449 
3715 3053 3364 3613 
3716 3479 2939 3816 
3717 3285 2265 3286 
3718 3254 3071 3495 
3719 2893 3384 3862 
3720 3510 2250 4226 
3721 624 625 2615 
3722 510 511 3541 
3723 3106 3107 3108 
3724 17 18 3819 
3725 2704 400 2763 
3726 3679 2998 3883 
3727 2875 482 3744 
3728 3108 3107 3110 
3729 3302 3118 4027 
3730 633 2276 3384 
3731 95 96 2891 
3732 3222 2794 4092 
3733 2643 3516 3517 
3734 4 2362 3614 
3735 3305 2417 4190 
3736 3122 4129 4169 
3737 379 2298 3339 
3738 2250 3537 4226 
3739 2435 572 3586 
3740 159 2361 4146 
3741 3144 4207 4211 
3742 599 600 2817 
3743 341 2595 3208 
3744 3795 3970 4097 
3745 2505 2431 3351 
3746 3106 2373 3107 
3747 2587 2503 3522 
3748 403 2430 3371 
3749 3345 2774 3351 
3750 3374 2818 3381 
3751 249 250 3277 
3752 454 455 2662 
3753 3632 2844 4233 
3754 3798 3037 3845 
3755 320 321 2258 
3756 16 17 2687 
3757 2642 204 3297 
3758 3470 3424 3590 
3759 3666 2838 3667 
3760 179 180 2758 
3761 3324 2574 3481 
3762 3143 3211 3958 
3763 3564 2985 4095 
3764 3300 3078 4192 
3765 2840 3243 3337 
3766 2957 3269 3976 
3767 597 598 2750 
3768 3493 3065 4172 
3769 308 309 2677 
3770 449 450 2267 
3771 2646 2645 3722 
3772 156 157 3932 
3773 3402 2561 3403 
3774 181 182 2534 
3775 451 3944 4037 
3776 280 2786 3352 
3777 2963 2474 3141 
3778 2 451 4037 
3779 143 3052 3205 
3780 3304 3303 4085 
3781 3299 2823 3382 
3782 3680 3011 3738 
3783 328 3264 3647 
3784 3684 2521 4081 
3785 3108 3111 3363 
3786 2916 3008 3823 
3787 3636 3141 4149 
3788 2282 667 2480 
3789 2917 3527 3528 
3790 619 2321 3359 
3791 2925 506 3299 
3792 3334 3225 4043 
3793 3265 2970 4208 
3794 149 150 3220 
3795 613 614 2271 
3796 3108 3110 3111 
3797 2273 421 2374 
3798 3220 2800 3953 
3799 3208 3571 3996 
3800 3622 445 3688 
3801 667 668 3318 
3802 2885 3119 4174 
3803 2627 71 2726 
3804 55 3821 3894 
3805 3238 2892 3648 
3806 423 2727 4036 
3807 310 311 2838 
3808 3789 2836 3790 
3809 3060 2866 3804 
3810 447 448 3289 
3811 3811 2997 4060 
3812 3110 3802 4028 
3813 3893 3530 4011 
3814 3202 3632 4233 
3815 3537 2250 4010 
3816 3111 3110 4158 
3817 3024 3548 4067 
3818 185 186 2468 
3819 556 3883 4122 
3820 2726 71 3312 
3821 594 595 3816 
3822 2830 3290 4196 
3823 678 679 3407 
3824 2909 3385 3741 
3825 3144 3337 4207 
3826 2305 2489 3531 
3827 3371 3990 4133 
3828 2664 3465 3466 
3829 2487 3210 4202 
3830 3078 3300 4054 
3831 2665 678 3407 
3832 2729 2549 3360 
3833 2912 3722 3966 
3834 2245 3343 3344 
3835 3126 434 3599 
3836 2410 2408 3422 
3837 621 2808 3702 
3838 3321 317 4255 
3839 1 16 3067 
3840 2983 3682 3914 
3841 2282 2480 2553 
3842 2274 506 2925 
3843 3217 2949 3982 
3844 401 2364 3623 
3845 2808 3200 3201 
3846 3345 3351 3425 
3847 246 2265 3285 
3848 4026 3935 4030 
3849 2743 3921 4258 
3850 312 313 3018 
3851 2580 674 3275 
3852 3203 3204 3778 
3853 3194 2325 4006 
3854 657 658 3218 
3855 114 115 3303 
3856 3259 664 3938 
3857 3209 2332 3937 
3858 2774 2505 3351 
3859 483 484 3072 
3860 3335 3339 3884 
3861 427 428 2338 
3862 93 94 2357 
3863 3242 2613 3713 
3864 3243 47 4210 
3865 2870 3283 4227 
3866 3533 2828 3534 
3867 2325 3194 3932 
3868 3975 3023 3997 
3869 2665 3408 3749 
3870 3589 3146 3718 
3871 3507 3907 3915 
3872 507 508 2299 
3873 3141 2474 4149 
3874 2651 3382 3614 
3875 669 670 2637 
3876 91 92 2788 
3877 2879 3 2941 
3878 2692 486 3252 
3879 675 676 4009 
3880 2567 19 3328 
3881 423 424 2727 
3882 497 498 3724 
3883 2315 2307 3360 
3884 479 2561 3402 
3885 392 393 3487 
3886 2256 3289 3578 
3887 51 3001 3379 
3888 3034 3088 4248 
3889 3563 2985 3564 
3890 3343 2774 3345 
3891 610 6 3271 
3892 2775 3012 4023 
3893 2525 2353 3668 
3894 204 205 3297 
3895 629 630 2669 
3896 3476 3456 3608 
3897 3418 3560 3865 
3898 2823 3299 3999 
3899 583 2773 3413 
3900 2906 2984 2985 
3901 2408 2683 3422 
3902 2904 2905 2906 
3903 3795 2739 3970 
3904 2364 3176 3177 
3905 3260 2638 3699 
3906 3566 2862 3716 
3907 2852 3275 4009 
3908 557 558 3935 
3909 3255 2559 3305 
3910 361 362 3334 
3911 505 506 2274 
3912 2325 3054 3055 
3913 2513 89 2672 
3914 3336 3974 4080 
3915 259 260 3279 
3916 2876 3408 3734 
3917 673 674 2580 
3918 3983 3251 4033 
3919 2720 3935 4026 
3920 2864 3278 4119 
3921 425 426 2767 
3922 18 19 2567 
3923 2340 305 3508 
3924 2610 2525 2995 
3925 3055 3056 3146 
3926 3105 2373 3106 
3927 261 262 3284 
3928 2415 3363 3588 
3929 565 2777 3391 
3930 519 520 2582 
3931 112 113 3269 
3932 3384 2893 3898 
3933 274 275 3293 
3934 2757 582 3413 
3935 378 379 3339 
3936 3415 3597 3687 
3937 2265 247 3411 
3938 2720 557 3935 
3939 2849 3959 4195 
3940 271 2311 3627 
3941 304 305 2340 
3942 228 229 3365 
3943 3162 537 3642 
3944 3250 2368 4033 
3945 2330 2875 3383 
3946 2419 2608 3441 
3947 2472 2353 2525 
3948 691 692 3609 
3949 315 3964 3992 
3950 3264 328 4112 
3951 2287 2983 3370 
3952 6 2751 3271 
3953 461 2 2535 
3954 613 2271 2545 
3955 2612 3144 3395 
3956 146 147 3928 
3957 203 204 2642 
3958 3378 3376 3491 
3959 268 269 3657 
3960 2282 2553 2816 
3961 2809 3059 3325 
3962 517 518 3631 
3963 343 2285 3585 
3964 325 326 3680 
3965 75 76 2521 
3966 3130 2299 3131 
3967 55 56 3821 
3968 2943 2945 3828 
3969 2613 460 2614 
3970 3 2317 2978 
3971 3466 3465 3467 
3972 2892 3237 3825 
3973 552 3036 4206 
3974 3055 3054 3056 
3975 215 216 3311 
3976 2320 3315 3586 
3977 193 194 3626 
3978 409 410 3291 
3979 226 227 3612 
3980 2646 3266 3963 
3981 392 3487 3694 
3982 3076 2925 3170 
3983 2311 2344 2345 
3984 247 248 3411 
3985 2843 3118 3301 
3986 590 591 3310 
3987 3072 484 3856 
3988 434 2329 3599 
3989 174 2911 3864 
3990 2660 3244 4213 
3991 343 344 2285 
3992 3648 2288 3791 
3993 23 24 2278 
3994 479 480 2561 
3995 2597 325 3680 
3996 2818 2423 3381 
3997 269 270 3574 
3998 2414 3306 3576 
3999 337 338 2474 
4000 528 2293 3605 
4001 476 477 2888 
4002 125 126 3329 
4003 58 3595 4020 
4004 2300 2248 2301 
4005 2622 2480 2725 
4006 2449 2422 3441 
4007 3215 2938 3894 
4008 214 215 2257 
4009 3034 3033 3088 
4010 3309 314 3992 
4011 2717 2711 3326 
4012 459 2612 3395 
4013 2696 2549 2729 
4014 3208 2595 3565 
4015 20 21 2664 
4016 2853 3263 3298 
4017 683 684 2657 
4018 2417 3491 4190 
4019 3867 2577 4103 
4020 489 490 2748 
4021 3490 2552 3989 
4022 2368 193 3626 
4023 3335 378 3339 
4024 2933 3121 4048 
4025 2367 228 3365 
4026 2372 41 3393 
4027 42 43 2262 
4028 3271 2751 3272 
4029 492 493 2673 
4030 564 565 3391 
4031 3710 3035 4218 
4032 279 280 3352 
4033 3316 2585 3412 
4034 486 2406 3252 
4035 3315 3094 3586 
4036 51 52 3001 
4037 3310 3032 4177 
4038 2612 460 2613 
4039 3252 2406 3972 
4040 3302 2703 3879 
4041 536 537 3162 
4042 2711 2855 3147 
4043 42 2262 3393 
4044 3375 2641 3376 
4045 3409 3349 3633 
4046 552 553 3035 
4047 3008 3622 3688 
4048 2722 2837 3120 
4049 2885 2898 3119 
4050 3254 3972 4236 
4051 2909 2548 3385 
4052 2475 3223 3224 
4053 3226 3224 3227 
4054 53 54 2938 
4055 3977 365 4090 
4056 2856 2585 3316 
4057 3578 3289 4056 
4058 3109 3616 3617 
4059 3402 3403 3877 
4060 272 273 3743 
4061 3756 3463 3855 
4062 2325 158 3054 
4063 19 20 3328 
4064 2721 2873 3397 
4065 3202 3581 3818 
4066 3283 2287 3370 
4067 2711 3147 3326 
4068 3597 2662 3687 
4069 2983 2680 3248 
4070 3342 2757 3396 
4071 3643 3644 3912 
4072 656 2331 3457 
4073 666 667 2282 
4074 425 2767 3472 
4075 656 657 2295 
4076 4089 3796 4105 
4077 2996 3476 3608 
4078 551 552 4206 
4079 188 189 2638 
4080 3047 151 3101 
4081 3467 3465 3473 
4082 2367 3365 3366 
4083 2853 3028 3263 
4084 2816 2553 2932 
4085 2533 2717 3372 
4086 3268 554 4134 
4087 3372 2717 3373 
4088 46 47 4231 
4089 2664 3466 3492 
4090 348 349 2335 
4091 2938 3600 4032 
4092 183 184 3080 
4093 3669 661 4260 
4094 318 319 2414 
4095 3109 3108 3363 
4096 60 61 2884 
4097 2681 3399 3760 
4098 2287 2680 2983 
4099 3238 3648 3791 
4100 3234 2959 4247 
4101 2338 3754 3831 
4102 3272 2538 4180 
4103 2330 482 2875 
4104 3228 3227 3229 
4105 441 442 2892 
4106 3130 3131 3132 
4107 2713 527 3266 
4108 2549 2315 3360 
4109 3697 3666 4178 
4110 79 80 2570 
4111 2516 2520 3392 
4112 2664 21 3465 
4113 552 3035 3036 
4114 150 151 3047 
4115 3229 3227 3405 
4116 436 437 3198 
4117 211 212 2742 
4118 2816 2932 3235 
4119 443 444 2288 
4120 3830 3181 4205 
4121 2675 2330 2676 
4122 2879 2942 3332 
4123 2913 2693 2914 
4124 30 31 2260 
4125 448 449 3087 
4126 3120 2837 3161 
4127 2475 364 3223 
4128 2722 2258 2837 
4129 33 34 2254 
4130 2301 2248 2302 
4131 448 3087 3289 
4132 145 146 2635 
4133 511 512 2844 
4134 2635 3270 3980 
4135 353 354 2522 
4136 2423 2425 3381 
4137 216 2326 3311 
4138 2266 2912 3124 
4139 2329 2405 2853 
4140 3186 3490 4243 
4141 3285 3286 3287 
4142 446 447 2256 
4143 641 642 3930 
4144 3051 2951 3784 
4145 2676 2330 3383 
4146 3571 3208 3978 
4147 3570 2534 4130 
4148 377 378 3335 
4149 606 607 2569 
4150 2825 50 3379 
4151 2625 693 3015 
4152 260 2605 3279 
4153 2533 2623 2711 
4154 2825 3379 3390 
4155 3093 3094 3095 
4156 654 655 2756 
4157 3311 2326 3505 
4158 3313 2760 4003 
4159 439 440 2766 
4160 157 158 2325 
4161 2885 352 2898 
4162 2418 2641 3375 
4163 2718 303 3033 
4164 3366 3365 3556 
4165 429 430 3153 
4166 260 261 2605 
4167 3787 2874 3864 
4168 3461 3034 4248 
4169 3700 3019 3723 
4170 81 82 3037 
4171 2533 2711 2717 
4172 2721 2601 2873 
4173 3333 3645 4050 
4174 3344 3343 3345 
4175 293 294 2558 
4176 527 528 3605 
4177 356 357 2334 
4178 3328 3492 4031 
4179 431 432 2663 
4180 2437 3253 3802 
4181 538 539 2839 
4182 469 470 4182 
4183 62 63 3075 
4184 2274 2925 3076 
4185 316 317 3321 
4186 78 3182 4113 
4187 3045 5 3758 
4188 2418 2283 2641 
4189 2266 395 2912 
4190 2985 3103 3104 
4191 159 160 2361 
4192 2605 261 3284 
4193 2985 3104 4095 
4194 201 202 2296 
4195 273 274 2799 
4196 72 2300 3312 
4197 3097 3547 3681 
4198 28 29 3117 
4199 86 87 2371 
4200 3865 3560 4052 
4201 3290 2637 4196 
4202 656 2295 2331 
4203 3099 2716 3239 
4204 275 3203 3293 
4205 3066 396 4100 
4206 64 65 2915 
4207 478 479 3402 
4208 161 162 2574 
4209 3178 3176 3179 
4210 2718 3033 3034 
4211 3665 2838 3666 
4212 3351 2431 3462 
4213 2675 2676 2848 
4214 410 2333 3291 
4215 3408 3407 3734 
4216 2662 455 3602 
4217 2642 3550 3887 
4218 525 526 3193 
4219 2456 2533 3372 
4220 3335 3884 4253 
4221 2818 3374 3537 
4222 50 51 3379 
4223 3231 3229 3232 
4224 3110 3107 3802 
4225 531 532 2810 
4226 2456 2532 2533 
4227 181 2534 3570 
4228 2562 156 2953 
4229 2884 61 3415 
4230 2727 424 3472 
4231 3749 3408 4245 
4232 459 460 2612 
4233 2658 2936 3063 
4234 545 546 2620 
4235 2287 154 2680 
4236 371 372 2544 
4237 481 2330 2675 
4238 3465 22 3473 
4239 3007 3914 4183 
4240 481 482 2330 
4241 3271 2972 3851 
4242 2711 2623 2855 
4243 3160 2868 3742 
4244 2986 3692 3891 
4245 2420 3277 3278 
4246 40 2372 3601 
4247 326 327 3011 
4248 410 411 2333 
4249 2267 450 2461 
4250 538 2839 3642 
4251 463 2390 2391 
4252 246 247 2265 
4253 506 507 3050 
4254 2303 2302 2366 
4255 308 2677 3552 
4256 513 514 3202 
4257 41 42 3393 
4258 66 67 2594 
4259 248 249 2420 
4260 2722 3120 3212 
4261 3424 3470 3878 
4262 26 27 2436 
4263 2465 2658 3401 
4264 3389 2371 3783 
4265 543 544 2369 
4266 2465 2604 2658 
4267 243 244 2251 
4268 3788 3789 3790 
4269 2892 442 3648 
4270 2598 3756 3855 
4271 153 154 2287 
4272 209 210 2336 
4273 412 413 2469 
4274 245 246 3285 
4275 3613 3364 4127 
4276 2601 2410 3422 
4277 345 346 2617 
4278 2551 2724 2883 
4279 434 435 2329 
4280 672 673 2584 
4281 3225 3224 3226 
4282 40 41 2372 
4283 2445 307 3552 
4284 3287 3286 3288 
4285 78 79 3829 
4286 412 2469 3423 
4287 2607 2959 3708 
4288 2311 2345 2346 
4289 3585 2285 3918 
4290 2259 660 2353 
4291 3045 3758 4027 
4292 3240 3644 3987 
4293 153 2287 3283 
4294 402 403 3371 
4295 3306 2414 3638 
4296 3386 2811 3387 
4297 68 69 3024 
4298 336 337 2962 
4299 1 3067 3068 
4300 3453 2531 3513 
4301 3285 3287 3720 
4302 3173 691 3609 
4303 3301 3037 3798 
4304 250 251 2280 
4305 3115 3389 3783 
4306 436 3198 3594 
4307 275 276 3203 
4308 3418 2263 3735 
4309 258 259 2337 
4310 2337 3452 4035 
4311 3011 327 3197 
4312 3226 3227 3228 
4313 2963 3141 3244 
4314 3348 3346 3350 
4315 7 611 2643 
4316 172 173 2874 
4317 661 662 4260 
4318 2718 3034 3394 
4319 295 296 3358 
4320 602 603 2491 
4321 3354 2587 3521 
4322 62 3075 3415 
4323 2533 2532 2623 
4324 3696 2750 3833 
4325 165 166 2714 
4326 3032 3310 4186 
4327 2289 631 2446 
4328 256 257 2487 
4329 495 496 2543 
4330 3261 3058 3262 
4331 403 404 2430 
4332 167 168 2815 
4333 545 2620 2621 
4334 2545 2593 3213 
4335 406 407 2860 
4336 3106 3108 3109 
4337 3423 2469 3424 
4338 639 640 2586 
4339 39 40 3601 
4340 2475 3224 3225 
4341 3344 3345 3346 
4342 383 384 2780 
4343 3701 3323 3881 
4344 2793 2548 2909 
4345 408 2247 3265 
4346 3107 2373 3416 
4347 49 50 2825 
4348 363 364 2475 
4349 2658 2604 2936 
4350 2548 2379 3385 
4351 597 2750 3696 
4352 2665 3407 3408 
4353 2425 2427 2456 
4354 2348 2429 2437 
4355 216 217 2326 
4356 2420 249 3277 
4357 3219 3024 3892 
4358 3591 2699 3880 
4359 2788 3796 4089 
4360 589 2811 3386 
4361 163 164 2899 
4362 150 3047 3220 
4363 3399 3135 3986 
4364 2966 2965 2972 
4365 540 541 2660 
4366 2333 411 3423 
4367 3361 2515 3362 
4368 169 170 2836 
4369 393 394 2255 
4370 2883 2724 3152 
4371 248 2420 3411 
4372 2658 3064 3401 
4373 498 499 2328 
4374 3311 3505 3815 
4375 3681 3547 4203 
4376 548 549 2771 
4377 2574 3324 3869 
4378 2515 2516 3392 
4379 671 2829 2830 
4380 2615 625 3736 
4381 2364 2268 3175 
4382 3372 3374 3381 
4383 689 690 2591 
4384 647 648 3091 
4385 576 577 2716 
4386 2379 2484 3385 
4387 3347 3346 3348 
4388 155 156 2562 
4389 502 503 2297 
4390 2836 3398 4193 
4391 3099 3239 3961 
4392 3150 2759 3270 
4393 3367 3366 3368 
4394 2913 2914 3253 
4395 373 374 2339 
4396 297 298 2640 
4397 3027 2721 3397 
4398 2269 469 3620 
4399 2556 3086 3257 
4400 340 341 3208 
4401 3083 2718 3394 
4402 35 36 2528 
4403 2425 2456 3381 
4404 684 685 2674 
4405 351 352 2885 
4406 104 105 3006 
4407 192 193 2368 
4408 3164 3165 4163 
4409 299 300 2738 
4410 2608 2418 3375 
4411 262 263 2971 
4412 3350 3346 3425 
4413 2456 2427 2532 
4414 179 2758 3643 
4415 123 124 3660 
4416 2379 2378 2484 
4417 3315 2320 3750 
4418 3426 2611 3986 
4419 3093 3095 3280 
4420 252 253 2719 
4421 3129 2784 3133 
4422 2846 2620 2877 
4423 3161 2837 3163 
4424 199 200 2960 
4425 500 501 2770 
4426 2463 2465 3401 
4427 3245 3074 4003 
4428 2846 2877 3264 
4429 2520 2518 3427 
4430 397 398 2986 
4431 2896 3433 3434 
4432 455 2358 3602 
4433 561 562 2940 
4434 526 527 2713 
4435 289 290 2845 
4436 2546 226 3612 
4437 550 551 2706 
4438 2360 46 3535 
4439 3135 3426 3986 
4440 280 281 2786 
4441 3396 2757 3413 
4442 3137 279 3352 
4443 3153 3836 4076 
4444 2278 24 3518 
4445 267 268 2876 
4446 282 283 3029 
4447 334 335 2342 
4448 254 255 3210 
4449 411 412 3423 
4450 2578 2896 3434 
4451 285 286 2755 
4452 287 288 3021 
4453 131 132 2542 
4454 2495 3493 4172 
4455 2830 2829 3013 
4456 278 279 3137 
4457 264 265 2760 
4458 124 125 2537 
4459 417 418 2699 
4460 2477 2455 3428 
4461 2730 594 2939 
4462 2537 125 3329 
4463 277 278 3196 
4464 276 277 2776 
4465 190 191 2290 
4466 3327 2824 3962 
4467 2600 2442 2901 
4468 3252 2941 3902 
4469 2942 2941 3972 
4470 234 235 2272 
4471 197 198 2552 
4472 2578 2895 2896 
4473 2326 3503 3504 
4474 3565 2595 4121 
4475 2245 377 3335 
4476 2794 3431 3432 
4477 2967 2689 3007 
4478 2439 3439 3450 
4479 394 395 2266 
4480 563 2759 3150 
4481 329 330 2498 
4482 2853 2405 3028 
4483 3043 3453 3513 
4484 2902 2901 3234 
4485 148 149 2764 
4486 617 618 3320 
4487 376 377 2245 
4488 227 228 2367 
4489 414 415 3134 
4490 2327 422 2523 
4491 140 141 2681 
4492 509 510 2253 
4493 240 241 2343 
4494 2432 2506 3434 
4495 302 2718 3083 
4496 2816 3235 3438 
4497 302 303 2718 
4498 3143 3142 3195 
4499 2518 2668 3427 
4500 126 127 2291 
4501 225 226 2546 
4502 2814 112 3269 
4503 3644 3016 3645 
4504 2551 2883 3512 
4505 138 139 2611 
4506 111 112 2814 
4507 148 2764 3128 
4508 118 119 2974 
4509 2846 3264 3436 
4510 106 107 2949 
4511 143 144 3052 
4512 3344 3346 3347 
4513 571 572 2435 
4514 220 221 2739 
4515 573 574 2320 
4516 142 143 3205 
4517 136 137 2536 
4518 578 579 3164 
4519 142 3205 3206 
4520 3280 3095 3281 
4521 341 342 2595 
4522 2668 2796 2961 
4523 218 219 2492 
4524 133 134 2389 
4525 115 116 3040 
4526 108 109 3032 
4527 121 122 2778 
4528 236 237 2626 
4529 2616 458 3395 
4530 2257 3311 3815 
4531 2779 3303 3304 
4532 113 114 2779 
4533 2943 2944 2945 
4534 102 103 2650 
4535 3539 3538 3540 
4536 2896 2895 2975 
4537 3228 3229 3231 
4538 390 391 2263 
4539 379 380 2298 
4540 567 568 3004 
4541 2266 3124 3222 
4542 3281 3095 3282 
4543 387 388 2387 
4544 2779 114 3303 
4545 381 382 2497 
4546 558 559 2800 
4547 586 587 2957 
4548 2873 2601 3422 
4549 2758 180 3570 
4550 359 360 2659 
4551 565 566 2777 
4552 581 582 2757 
4553 408 409 2247 
4554 583 584 2773 
4555 563 564 2759 
4556 2421 2423 2818 
4557 2506 2578 3434 
4558 2528 3322 3629 
4559 3101 3584 4026 
4560 588 589 3386 
4561 589 590 2811 
4562 591 592 2792 
4563 2992 2990 2994 
4564 3249 2980 3338 
4565 37 38 2889 
4566 2991 2993 3315 
4567 3308 2676 4144 
4568 3148 2732 3731 
4569 591 2792 3310 
4570 2813 2980 2981 
4571 2794 2532 3431 
4572 2532 2427 3431 
4573 2759 564 3391 
4574 3003 2726 3113 
4575 569 570 2741 
4576 3838 2738 3915 
4577 579 580 2768 
4578 2456 3372 3381 
4579 2783 2592 2784 
4580 2981 2980 3249 
4581 2945 2944 3123 
4582 2579 2813 3417 
4583 2895 2579 3417 
4584 2856 3316 3317 
4585 2494 2410 2601 
4586 324 325 2597 
4587 3658 2357 3984 
4588 2936 2937 3030 
4589 128 129 2917 
4590 2992 2994 3125 
4591 2463 2464 2465 
4592 2979 2812 3331 
4593 3074 9 3184 
4594 2991 2992 2993 
4595 2956 2990 2991 
4596 2367 3366 3367 
4597 2399 2753 2834 
4598 2877 2620 3414 
4599 3346 3345 3425 
4600 2658 3063 3064 
4601 3505 2806 3815 
4602 2702 2432 3434 
4603 2813 2979 2980 
4604 3410 3213 3863 
4605 2465 2603 2604 
4606 3112 3105 4058 
4607 2377 2379 2547 
4608 2991 2990 2992 
4609 2768 580 3190 
4610 3372 3373 3374 
4611 2951 3403 3784 
4612 677 678 2665 
4613 2741 570 3092 
4614 2956 2989 2990 
4615 615 616 2250 
4616 2331 2527 3457 
4617 569 2741 3135 
4618 3295 2884 3687 
4619 643 644 2790 
4620 238 239 2997 
4621 2578 2579 2895 
4622 2813 2981 3417 
4623 593 594 2730 
4624 2741 3092 3096 
4625 626 627 2918 
4626 453 454 4018 
4627 2813 2812 2979 
4628 653 8 2798 
4629 332 333 2828 
4630 2565 2505 2774 
4631 2425 2426 2427 
4632 195 196 2947 
4633 668 669 3769 
4634 3094 3315 4073 
4635 2428 2432 2702 
4636 2506 2566 2578 
4637 2579 2812 2813 
4638 2668 2961 3427 
4639 3331 2812 3421 
4640 3279 2605 3451 
4641 681 9 3074 
4642 2725 2480 3318 
4643 3064 3063 3065 
4644 45 46 2348 
4645 3222 3124 3850 
4646 2354 2515 3361 
4647 648 649 2708 
4648 2555 2775 3439 
4649 2621 2620 2846 
4650 3417 2981 3418 
4651 458 459 3395 
4652 2579 2566 2812 
4653 2301 2302 2303 
4654 2578 2566 2579 
4655 2789 2774 3343 
4656 650 651 2731 
4657 649 650 3039 
4658 575 576 2807 
4659 3177 3176 3178 
4660 3225 3226 3230 
4661 222 223 3038 
4662 679 680 2691 
4663 646 2707 2819 
4664 3330 2755 3910 
4665 2956 2955 2989 
4666 3074 3184 3313 
4667 566 567 3444 
4668 3360 2307 3531 
4669 3632 3202 3818 
4670 646 2819 2923 
4671 2777 566 3444 
4672 2894 3459 3460 
4673 192 2368 3340 
4674 2565 2774 2789 
4675 3810 3128 3947 
4676 2491 603 4257 
4677 2741 3096 3426 
4678 593 2730 3217 
4679 2906 2907 2984 
4680 2516 2518 2520 
4681 3644 3645 3912 
4682 2365 2583 2894 
4683 2423 2424 2425 
4684 2621 2847 2943 
4685 3195 3867 4103 
4686 2986 3891 4100 
4687 2472 2525 2610 
4688 3135 2741 3426 
4689 2553 2480 2622 
4690 3217 2730 3357 
4691 2428 2702 3431 
4692 2439 2555 3439 
4693 2506 2565 2566 
4694 2695 2694 3435 
4695 2847 2846 3436 
4696 2294 4 3614 
4697 3431 2702 3432 
4698 2606 2859 3587 
4699 2427 2426 2428 
4700 3159 2868 3160 
4701 2565 2789 3421 
4702 614 615 3510 
4703 3362 2515 3392 
4704 2623 2532 2794 
4705 685 686 2590 
4706 2731 651 3048 
4707 2566 2565 3421 
4708 2506 2505 2565 
4709 2564 2689 2967 
4710 2756 655 3145 
4711 679 2691 3407 
4712 687 688 2628 
4713 2864 2919 3807 
4714 2919 2695 2920 
4715 2812 2566 3421 
4716 2691 680 3245 
4717 2425 2424 2426 
4718 2954 2955 2956 
4719 2373 45 3416 
4720 3038 3943 4086 
4721 3301 2570 4004 
4722 2943 2847 2944 
4723 2699 3591 3900 
4724 646 647 2707 
4725 2608 3375 3409 
4726 3367 3368 3369 
4727 2754 2890 3247 
4728 2675 2848 3151 
4729 2944 2847 3061 
4730 671 672 2829 
4731 421 422 2327 
4732 3122 3000 3155 
4733 2920 2695 3435 
4734 2354 2473 2515 
4735 2621 2846 2847 
4736 2428 2426 2431 
4737 2555 2690 2775 
4738 2662 3602 3687 
4739 2961 2796 3429 
4740 433 3126 4215 
4741 2331 2433 2527 
4742 435 436 3594 
4743 3784 3151 4162 
4744 2377 2378 2379 
4745 2432 2505 2506 
4746 2428 2431 2432 
4747 3156 2700 3157 
4748 640 641 3461 
4749 2785 2693 2913 
4750 2620 546 3414 
4751 2432 2431 2505 
4752 2283 619 3359 
4753 2691 3245 3246 
4754 546 547 3414 
4755 33 2254 3538 
4756 575 2807 2954 
4757 2527 2734 2831 
4758 3395 3144 4211 
4759 3019 2686 3020 
4760 2606 2842 2859 
4761 645 646 3907 
4762 2754 2881 2890 
4763 472 473 2324 
4764 2964 2965 2966 
4765 2427 2428 3431 
4766 2536 3280 3909 
4767 2686 2464 3440 
4768 2331 2352 2433 
4769 2940 3810 3947 
4770 2602 2601 2721 
4771 457 458 2616 
4772 3433 2702 3434 
4773 2923 2819 3276 
4774 2936 2604 2937 
4775 689 2591 2592 
4776 2954 2807 2955 
4777 2519 2795 3455 
4778 3442 2888 3844 
4779 3432 2702 3433 
4780 2307 2305 3531 
4781 3667 2838 3859 
4782 2607 2958 2959 
4783 2819 2707 2987 
4784 2464 2462 3440 
4785 2547 2379 2548 
4786 2865 2921 3748 
4787 2912 3066 3722 
4788 1 3068 3430 
4789 2423 2422 2424 
4790 2591 3173 3174 
4791 21 22 3465 
4792 2421 2422 2423 
4793 2364 3177 3623 
4794 2632 2477 3428 
4795 2668 2700 2796 
4796 61 62 3415 
4797 2480 667 3318 
4798 132 133 3523 
4799 2329 435 2388 
4800 2424 2422 2449 
4801 2800 3220 4030 
4802 3061 2847 3436 
4803 3053 2935 3364 
4804 3213 2593 3214 
4805 3403 2561 3784 
4806 2749 453 4018 
4807 2772 2461 2935 
4808 2802 2618 2827 
4809 306 2445 3508 
4810 2327 2523 2524 
4811 2260 31 3539 
4812 3197 3647 4171 
4813 2363 2246 3484 
4814 2700 2519 3455 
4815 2465 2464 2603 
4816 3379 3001 3861 
4817 3147 2855 3488 
4818 567 3004 3444 
4819 2590 3292 3398 
4820 3182 3302 3879 
4821 3455 2795 3456 
4822 2660 541 3719 
4823 2796 2700 3156 
4824 2614 460 3497 
4825 2515 2473 2516 
4826 2654 2926 3673 
4827 2530 2695 2864 
4828 2530 2352 2694 
4829 2518 2519 2668 
4830 541 542 3719 
4831 2519 2517 2795 
4832 2463 2462 2464 
4833 528 529 2292 
4834 2267 2462 2463 
4835 2369 544 3775 
4836 2530 2694 2695 
4837 2381 2290 2485 
4838 2590 686 2968 
4839 2612 2613 2840 
4840 2987 2707 3114 
4841 2890 2881 3308 
4842 2329 2853 3599 
4843 2696 2729 3002 
4844 2591 690 3173 
4845 2864 2695 2919 
4846 2737 2548 2793 
4847 3081 3000 3122 
4848 3439 2775 3617 
4849 2378 2376 2577 
4850 3385 2484 3985 
4851 2735 2560 2736 
4852 2926 2927 3209 
4853 2585 2446 3412 
4854 3332 2942 3495 
4855 2542 132 3523 
4856 23 2278 3473 
4857 2586 640 3461 
4858 3113 2726 3975 
4859 3020 2686 3440 
4860 2329 2388 2405 
4861 646 2923 3907 
4862 218 2492 3503 
4863 2595 3585 4121 
4864 2978 2317 3356 
4865 217 218 3503 
4866 2668 2519 2700 
4867 2291 3528 3619 
4868 2390 464 2878 
4869 2654 2655 2926 
4870 3030 2937 3031 
4871 2999 3000 3081 
4872 2970 3207 4208 
4873 2551 2596 2724 
4874 2516 2517 2518 
4875 3279 3451 3452 
4876 2804 2686 3019 
4877 3218 658 3759 
4878 2808 2809 3200 
4879 2431 2426 3462 
4880 2603 2686 2804 
4881 2656 2988 3115 
4882 2547 2737 2805 
4883 2671 2820 3057 
4884 3332 2567 4031 
4885 2590 2968 3292 
4886 452 453 2684 
4887 2631 2477 2632 
4888 2516 2473 2517 
4889 2617 3419 3663 
4890 2603 2464 2686 
4891 3377 3376 3378 
4892 630 631 2289 
4893 2289 2446 2490 
4894 3157 2700 3455 
4895 2354 2472 2473 
4896 2518 2517 2519 
4897 2783 2784 3129 
4898 2426 2424 3462 
4899 2805 3471 3542 
4900 2999 2735 3000 
4901 2879 2941 2942 
4902 3044 3142 3143 
4903 351 2885 3628 
4904 2754 2400 2881 
4905 2937 2604 3464 
4906 2698 2970 3189 
4907 2527 2560 2734 
4908 2894 2583 3459 
4909 2737 2793 2910 
4910 2772 2935 3053 
4911 2424 2449 3462 
4912 2870 3584 3979 
4913 2304 2319 2399 
4914 3471 2398 3542 
4915 3228 3233 3489 
4916 3074 3313 4003 
4917 2843 3301 3798 
4918 2399 2400 2753 
4919 2316 2666 2667 
4920 424 425 3472 
4921 2753 2400 2754 
4922 190 2290 2381 
4923 2308 2316 3513 
4924 2504 2360 3535 
4925 2801 2721 3027 
4926 3353 2727 4138 
4927 2725 3318 3319 
4928 3226 3228 3489 
4929 2527 2433 2560 
4930 292 293 3733 
4931 2604 2603 3464 
4932 53 2938 3664 
4933 2734 2735 2999 
4934 2547 2548 2737 
4935 3428 2932 3526 
4936 3275 2852 4135 
4937 3152 2724 3406 
4938 2490 2446 2585 
4939 3304 2773 4181 
4940 2854 2636 3097 
4941 3013 2829 3336 
4942 2462 2772 3440 
4943 2331 2295 2352 
4944 2600 2901 2902 
4945 2487 257 3607 
4946 3164 4163 4223 
4947 2433 2352 2530 
4948 2648 2504 2723 
4949 2854 3322 3323 
4950 2734 2560 2735 
4951 2398 3471 3543 
4952 3592 2987 3733 
4953 2300 2301 3572 
4954 3031 2937 3090 
4955 3228 3231 3233 
4956 2348 46 2360 
4957 2314 2692 2693 
4958 2357 3686 3984 
4959 2348 2360 2429 
4960 2421 2419 2422 
4961 2922 2688 3709 
4962 2289 2490 2568 
4963 3471 3470 3590 
4964 3529 3257 3606 
4965 422 423 4036 
4966 2985 2984 3103 
4967 2591 3174 3596 
4968 2326 217 3503 
4969 2763 400 3623 
4970 2527 2831 3457 
4971 2669 630 3593 
4972 2805 3469 3470 
4973 2775 2690 3012 
4974 2679 3645 4069 
4975 2981 3249 3560 
4976 3391 2777 4123 
4977 2277 2448 2551 
4978 483 3072 3744 
4979 516 517 3631 
4980 3496 3690 3803 
4981 2667 3042 3043 
4982 2684 453 2749 
4983 2834 3022 3023 
4984 2494 2601 2602 
4985 644 645 3507 
4986 2473 2472 3443 
4987 495 2543 3613 
4988 2550 2697 2698 
4989 2752 2856 3306 
4990 365 366 4090 
4991 3337 48 4207 
4992 529 3017 3561 
4993 3413 2773 4085 
4994 2366 2302 2797 
4995 556 557 2471 
4996 3802 3253 4028 
4997 3808 3284 3931 
4998 2295 657 3218 
4999 2259 2354 3361 
5000 3044 3042 3142 
5001 3090 2937 3464 
5002 393 2255 3487 
5003 2778 3239 4163 
5004 2834 3023 3717 
5005 2619 2803 2863 
5006 3060 3405 3839 
5007 2316 2315 2380 
5008 2399 2834 3572 
5009 2577 2376 3566 
5010 257 258 3607 
5011 2344 2443 2606 
5012 2411 2495 2661 
5013 2497 3338 3814 
5014 2897 2723 3242 
5015 2408 2363 2683 
5016 2834 2753 3022 
5017 3020 3440 3458 
5018 3004 3399 3740 
5019 2466 2653 2886 
5020 2648 2723 2897 
5021 2359 2457 2849 
5022 612 613 2261 
5023 3031 3090 3474 
5024 3399 2681 3740 
5025 2914 2693 3773 
5026 2667 2666 3041 
5027 2572 2370 2573 
5028 2795 2517 3443 
5029 2753 2754 3468 
5030 3440 2772 3458 
5031 2419 2418 2608 
5032 44 2373 3105 
5033 2462 2461 2772 
5034 2752 2585 2856 
5035 2886 3116 3410 
5036 2517 2473 3443 
5037 2873 3422 3888 
5038 2970 2697 3207 
5039 2754 3247 3468 
5040 3283 3370 4227 
5041 2375 2377 3542 
5042 89 90 2571 
5043 2805 3470 3471 
5044 2709 2470 2710 
5045 467 2294 2671 
5046 2796 3156 3530 
5047 2411 2494 2495 
5048 2603 2804 3464 
5049 2514 693 2624 
5050 3230 3226 3489 
5051 2366 2797 2833 
5052 2667 3041 3042 
5053 2959 3046 3171 
5054 2311 2310 2344 
5055 345 2617 3663 
5056 338 339 2639 
5057 451 452 3650 
5058 615 2250 3510 
5059 452 2684 2715 
5060 2609 2447 3005 
5061 2396 2438 2439 
5062 3288 3427 4066 
5063 3171 3419 3420 
5064 3562 2904 3563 
5065 2281 3563 3564 
5066 2772 3053 3458 
5067 689 2592 2781 
5068 2326 3504 3505 
5069 2802 2827 3485 
5070 2358 2581 3602 
5071 465 466 2385 
5072 2683 2363 3484 
5073 2365 2470 2583 
5074 3260 3173 3609 
5075 2854 3097 3322 
5076 2399 2319 2400 
5077 2689 2563 2870 
5078 2316 2380 2666 
5079 3387 2811 4177 
5080 2805 2737 3469 
5081 2865 2624 2921 
5082 623 624 2309 
5083 3521 2587 3522 
5084 3115 2988 3389 
5085 2244 619 2283 
5086 2891 3437 3984 
5087 2688 2969 3709 
5088 2929 2930 3186 
5089 455 456 2358 
5090 522 523 3480 
5091 3375 3376 3377 
5092 3313 2971 4185 
5093 2495 2494 3493 
5094 2993 2992 3598 
5095 2606 2443 2826 
5096 2371 87 3654 
5097 2411 2410 2494 
5098 3412 2446 3898 
5099 3477 3323 3701 
5100 2301 2303 2304 
5101 2479 2563 2564 
5102 2341 2312 2556 
5103 2966 2972 3525 
5104 2602 2721 2801 
5105 528 2292 2293 
5106 2564 2563 2689 
5107 2305 2249 2489 
5108 3455 3456 3475 
5109 4 2246 2362 
5110 3043 3154 3453 
5111 2380 2315 2549 
5112 2736 2560 3486 
5113 2606 2826 2842 
5114 2826 3499 3500 
5115 2485 2486 2654 
5116 3464 2804 3546 
5117 2530 2864 3486 
5118 2460 2350 2762 
5119 2354 2353 2472 
5120 2556 3257 3529 
5121 2819 2987 3592 
5122 2930 2928 3250 
5123 22 23 3473 
5124 2381 2485 2499 
5125 3090 3464 3546 
5126 24 25 3518 
5127 2652 2632 2787 
5128 468 2269 2270 
5129 2602 2801 2916 
5130 227 2367 3612 
5131 2513 2747 2964 
5132 2324 473 2481 
5133 2737 2910 3469 
5134 2784 2592 3596 
5135 462 463 3449 
5136 2513 2672 2747 
5137 2781 3481 3482 
5138 3011 3197 3494 
5139 2313 2341 2365 
5140 624 2615 3727 
5141 320 2258 2722 
5142 2990 2989 3619 
5143 2799 3294 3866 
5144 2365 2894 3514 
5145 2698 2697 2970 
5146 2781 2592 2783 
5147 3061 3533 3534 
5148 2293 2292 2349 
5149 2583 2869 3459 
5150 2328 3700 3723 
5151 2638 3260 3994 
5152 2555 2636 2690 
5153 2647 2648 2908 
5154 2264 2312 2313 
5155 32 33 3538 
5156 3166 2871 3652 
5157 5 468 3758 
5158 2429 2360 2503 
5159 2690 2636 2854 
5160 3089 2678 3496 
5161 2761 3259 3463 
5162 419 420 3777 
5163 2494 2602 3493 
5164 3487 2975 3694 
5165 2377 2376 2378 
5166 3043 3044 3154 
5167 463 2391 2392 
5168 2342 335 3569 
5169 2790 644 3507 
5170 2828 3533 4005 
5171 521 522 3848 
5172 133 2389 3523 
5173 2607 2765 2958 
5174 2436 3501 3806 
5175 2863 2803 2882 
5176 95 2891 3686 
5177 3788 3790 3876 
5178 2854 3323 3477 
5179 473 5 3045 
5180 2747 2672 2924 
5181 2930 3250 3251 
5182 3558 2863 3649 
5183 3125 2994 3527 
5184 2871 3138 3652 
5185 2295 3218 3551 
5186 471 2973 3575 
5187 3257 3086 3290 
5188 2482 2645 2646 
5189 3514 2894 3673 
5190 190 2381 2382 
5191 2554 2438 2634 
5192 2945 3123 3746 
5193 2652 3077 3078 
5194 2783 3129 3324 
5195 671 2830 4196 
5196 2308 2315 2316 
5197 3157 3455 3475 
5198 2560 2433 3486 
5199 64 2915 3621 
5200 2571 90 2701 
5201 2781 2783 3481 
5202 2649 2481 2843 
5203 3475 2272 3781 
5204 2849 2457 2850 
5205 2599 2857 2858 
5206 71 72 3312 
5207 3174 3173 3260 
5208 2906 2905 2907 
5209 3911 3643 3912 
5210 2597 3640 3711 
5211 2710 3529 3606 
5212 556 2471 2479 
5213 2563 2471 3584 
5214 2545 2271 2593 
5215 2485 2290 2486 
5216 2396 2434 2438 
5217 3224 3223 3839 
5218 2433 2530 3486 
5219 3280 2536 4099 
5220 2581 2841 3295 
5221 2634 3558 3649 
5222 2503 2360 2504 
5223 2394 2395 2396 
5224 2929 3186 3550 
5225 3729 2677 3730 
5226 2550 2549 2696 
5227 2571 2835 2982 
5228 31 32 3539 
5229 3144 2840 3337 
5230 3602 3295 3687 
5231 3920 2836 4193 
5232 2304 2303 2318 
5233 3201 3200 3255 
5234 2863 2882 3519 
5235 2647 2504 2648 
5236 2490 2585 2752 
5237 3270 2635 4200 
5238 2457 2370 2572 
5239 2724 2596 2950 
5240 2304 2318 2319 
5241 2964 2747 2965 
5242 335 336 3569 
5243 2471 557 2720 
5244 2392 2394 2415 
5245 2740 596 3696 
5246 2313 2312 2341 
5247 321 322 2575 
5248 293 2558 3733 
5249 2352 2295 3551 
5250 2439 2554 2555 
5251 85 3389 3957 
5252 3094 2435 3586 
5253 2264 2313 2332 
5254 2405 2388 2510 
5255 2583 2709 2869 
5256 2715 2684 3187 
5257 2301 2304 3572 
5258 2826 2443 3149 
5259 2803 2802 2900 
5260 2724 2950 3406 
5261 3429 2796 3530 
5262 2823 2821 3382 
5263 559 560 3557 
5264 2842 2826 3500 
5265 2365 2341 2470 
5266 2884 3415 3687 
5267 2886 2653 3116 
5268 3022 2753 3468 
5269 467 4 2294 
5270 2375 2376 2377 
5271 2293 2459 3605 
5272 2316 2667 3513 
5273 2253 510 3541 
5274 3012 2690 3477 
5275 3179 3176 3502 
5276 2645 2483 3488 
5277 2916 2801 3008 
5278 610 3271 3851 
5279 2434 2395 2618 
5280 468 2270 2413 
5281 2466 2467 2653 
5282 3785 2255 3799 
5283 2550 2696 2697 
5284 2471 2720 3584 
5285 3470 3469 3878 
5286 3456 2795 3608 
5287 108 3032 3553 
5288 2785 2913 3354 
5289 107 108 3553 
5290 2926 2655 2927 
5291 2901 2442 3703 
5292 2929 2928 2930 
5293 2380 2549 2550 
5294 2547 2805 3542 
5295 315 316 3964 
5296 3373 2717 4261 
5297 3020 3458 3515 
5298 2667 3043 3513 
5299 3043 3042 3044 
5300 468 469 2269 
5301 3186 2930 3490 
5302 3405 3227 3839 
5303 2637 670 4196 
5304 2950 2951 3051 
5305 2949 107 3553 
5306 3492 3014 4031 
5307 2827 2618 3618 
5308 2800 559 3557 
5309 2804 3019 3545 
5310 2583 2470 2709 
5311 2656 2946 2988 
5312 2555 2554 2636 
5313 2629 2477 2631 
5314 4046 3868 4250 
5315 2761 3463 3756 
5316 2479 2471 2563 
5317 3380 2582 3568 
5318 2602 2916 3493 
5319 2690 2854 3477 
5320 3640 3639 3711 
5321 344 345 3663 
5322 3010 2685 3215 
5323 3568 521 3848 
5324 2569 3604 3868 
5325 3343 2245 4253 
5326 2694 2352 3551 
5327 3188 3258 3580 
5328 2619 2802 2803 
5329 2977 2865 3049 
5330 2959 2958 3046 
5331 2349 2292 2351 
5332 2631 2632 2652 
5333 2612 2840 3144 
5334 87 88 3654 
5335 3868 3172 4250 
5336 2776 3196 3927 
5337 2924 2672 3960 
5338 2439 2438 2554 
5339 3847 3030 3995 
5340 230 231 2252 
5341 2347 2345 2509 
5342 3249 3338 3554 
5343 2396 2395 2434 
5344 2671 2294 2820 
5345 3167 3166 3355 
5346 2599 2442 2600 
5347 2970 3265 3939 
5348 3375 3377 3409 
5349 3171 3046 3419 
5350 2319 2318 2397 
5351 3338 2497 3689 
5352 2677 309 3665 
5353 3705 2933 4048 
5354 338 2639 2746 
5355 2881 2400 3498 
5356 2930 3251 3490 
5357 2835 2701 3136 
5358 2558 3592 3733 
5359 2377 2547 3542 
5360 2361 160 3869 
5361 3239 2716 4223 
5362 336 2962 3569 
5363 2593 2271 3100 
5364 2394 2396 3450 
5365 2293 2349 2350 
5366 2622 2725 2952 
5367 2826 3149 3499 
5368 3306 2856 3576 
5369 2503 2504 2647 
5370 2400 2319 3498 
5371 2639 339 2712 
5372 2654 2486 2655 
5373 2742 3300 4192 
5374 3418 2981 3560 
5375 2314 2693 2785 
5376 2652 2787 3077 
5377 2349 2351 2466 
5378 2710 2470 3529 
5379 3282 2389 3908 
5380 2317 3449 4158 
5381 2313 2365 3514 
5382 3138 2732 3148 
5383 2375 2374 2376 
5384 3443 2610 3608 
5385 2510 2388 2541 
5386 2821 2294 3614 
5387 3527 2994 3528 
5388 2447 2269 3620 
5389 2396 2439 3450 
5390 2551 2448 2596 
5391 3097 2636 3547 
5392 2348 2437 3416 
5393 2619 2618 2802 
5394 629 2669 4065 
5395 2482 2483 2645 
5396 2787 2632 3526 
5397 2610 2995 2996 
5398 2853 3298 3599 
5399 2949 3357 4110 
5400 2409 2408 2410 
5401 457 2616 3841 
5402 3528 2994 3619 
5403 2783 3324 3481 
5404 3368 3366 3555 
5405 2656 2649 2946 
5406 2500 2481 2649 
5407 2927 2928 2929 
5408 3207 2697 3506 
5409 2682 2791 2998 
5410 2600 2902 3483 
5411 57 58 4020 
5412 2263 3418 3865 
5413 3052 144 3980 
5414 3170 2925 3747 
5415 2324 2500 2538 
5416 2869 2709 3194 
5417 3487 2255 3785 
5418 3059 2866 3060 
5419 2500 2649 2656 
5420 2716 577 4223 
5421 612 2261 2441 
5422 2434 2618 2619 
5423 2510 2541 2733 
5424 2358 2508 2581 
5425 3354 2913 3520 
5426 630 2289 3593 
5427 2284 2419 2421 
5428 2900 2802 3485 
5429 3025 3585 3918 
5430 2429 2503 2587 
5431 3551 3362 4091 
5432 372 373 3653 
5433 2733 3237 3238 
5434 2715 3187 3548 
5435 515 516 2249 
5436 2359 2370 2457 
5437 3501 2436 4187 
5438 3451 2605 3808 
5439 3878 3469 4116 
5440 2409 2410 2411 
5441 2599 2600 2857 
5442 3555 3366 3556 
5443 3283 2870 3979 
5444 3546 2297 4199 
5445 2282 2816 3782 
5446 2476 2455 2477 
5447 2629 2631 2806 
5448 3610 3244 3611 
5449 2882 2803 3501 
5450 2544 372 3653 
5451 2267 2461 2462 
5452 2472 2610 3443 
5453 2982 2835 3172 
5454 52 53 3664 
5455 310 2838 3665 
5456 3209 2927 3549 
5457 2723 2504 3535 
5458 2896 2975 3785 
5459 2441 2261 2442 
5460 2362 2407 2651 
5461 2733 2541 3237 
5462 3264 2877 3647 
5463 2550 2698 3567 
5464 3121 2712 3571 
5465 2804 3545 3546 
5466 2803 2900 3501 
5467 2394 2393 2395 
5468 32 3538 3539 
5469 2571 2701 2835 
5470 2398 2375 3542 
5471 2627 2726 3003 
5472 2671 3057 3058 
5473 2270 2269 2277 
5474 3308 2881 3655 
5475 2284 2283 2418 
5476 3624 3387 4177 
5477 2476 2477 2629 
5478 2358 456 2507 
5479 2395 2393 3618 
5480 251 252 3670 
5481 318 2414 3576 
5482 63 64 3621 
5483 2933 2712 3121 
5484 2858 2857 3314 
5485 2965 2747 3524 
5486 2913 3253 3520 
5487 3426 3096 3577 
5488 2289 2568 3593 
5489 3075 63 3621 
5490 2482 2460 2483 
5491 321 2575 2682 
5492 2573 2370 3691 
5493 3315 2993 4073 
5494 3019 3020 3723 
5495 2627 3003 3219 
5496 2441 2599 3516 
5497 2466 2351 2467 
5498 2324 2481 2500 
5499 2319 2397 3498 
5500 396 397 4100 
5501 258 2337 3607 
5502 2697 2696 3506 
5503 3202 514 3581 
5504 2265 3411 3762 
5505 2341 2556 3529 
5506 2441 2442 2599 
5507 190 2382 2832 
5508 2950 2596 2951 
5509 2327 2524 2862 
5510 2801 3027 3559 
5511 2961 4039 4066 
5512 2904 2440 2905 
5513 2416 2270 3512 
5514 532 533 4137 
5515 3397 2873 3615 
5516 180 181 3570 
5517 2304 2399 3572 
5518 109 110 3624 
5519 2747 2924 3524 
5520 3382 2651 3747 
5521 45 2348 3416 
5522 3367 3369 3583 
5523 232 233 4017 
5524 2413 2270 2416 
5525 2958 2765 3025 
5526 445 446 3688 
5527 2927 2655 2928 
5528 2639 2712 2933 
5529 2841 2685 3010 
5530 3188 2952 3258 
5531 3498 2397 3544 
5532 3603 2924 3604 
5533 3739 2995 3921 
5534 134 135 3908 
5535 3392 3435 4091 
5536 270 271 2444 
5537 2415 2394 3450 
5538 2862 2524 3327 
5539 2581 2685 2841 
5540 2277 2551 3512 
5541 3276 2819 3592 
5542 3370 3007 4227 
5543 2259 2353 2354 
5544 2540 231 2670 
5545 3300 2257 4054 
5546 2851 2444 3079 
5547 2531 2308 3513 
5548 252 2719 3670 
5549 3417 3418 3735 
5550 301 3236 4201 
5551 2832 2382 3185 
5552 3415 3075 3597 
5553 3512 2883 3690 
5554 2954 2956 3750 
5555 2608 3409 3633 
5556 3267 2791 3268 
5557 307 308 3552 
5558 2857 2600 3483 
5559 2839 539 3635 
5560 2514 2865 2977 
5561 2992 3125 3598 
5562 3734 3246 3770 
5563 2470 2341 3529 
5564 2332 2313 3514 
5565 328 329 4112 
5566 2991 3315 3750 
5567 3604 2924 3960 
5568 2736 3388 3771 
5569 2339 3349 3653 
5570 3274 2580 3959 
5571 3295 2841 3296 
5572 3590 3424 3591 
5573 2359 2347 2370 
5574 2975 2895 3735 
5575 2820 2821 2822 
5576 3176 3175 3502 
5577 135 136 3909 
5578 2822 2823 2824 
5579 2562 2953 3801 
5580 2554 2634 3547 
5581 3496 2678 3690 
5582 2454 2455 2476 
5583 161 2574 3869 
5584 2619 2863 3558 
5585 163 2899 3656 
5586 2820 2294 2821 
5587 3367 3583 3612 
5588 3411 2420 3807 
5589 2476 2629 2630 
5590 2311 2346 3627 
5591 206 207 3084 
5592 2273 2375 2398 
5593 2636 2554 3547 
5594 2273 2374 2375 
5595 342 343 3585 
5596 3098 3099 3660 
5597 2466 2886 3536 
5598 2285 344 3663 
5599 439 2766 4015 
5600 3383 2875 3840 
5601 470 471 2529 
5602 3158 2868 3159 
5603 3441 2608 3633 
5604 2581 2508 2685 
5605 2392 2393 2394 
5606 3025 2765 3026 
5607 2872 3166 3167 
5608 2592 2591 3596 
5609 3302 3182 3829 
5610 2836 170 3790 
5611 3320 2244 3940 
5612 2908 2648 3671 
5613 2625 3240 3241 
5614 3216 2786 4131 
5615 3165 2768 4012 
5616 3170 3747 4057 
5617 398 399 4160 
5618 2698 3189 3906 
5619 2270 2277 3512 
5620 438 439 4015 
5621 2822 2821 2823 
5622 3284 2971 3931 
5623 3201 3255 3256 
5624 2745 3316 3899 
5625 2998 2791 3267 
5626 2349 2466 3536 
5627 2254 34 3629 
5628 2963 3244 3610 
5629 2405 2510 3615 
5630 683 2679 4069 
5631 553 554 4218 
5632 2358 2507 2508 
5633 608 609 3603 
5634 3549 2929 3550 
5635 2599 2858 3516 
5636 2607 2493 2765 
5637 2696 3002 3506 
5638 2255 394 3800 
5639 2666 2380 3567 
5640 7 2643 3736 
5641 2782 3102 3182 
5642 2632 3428 3526 
5643 2994 2990 3619 
5644 3610 2945 3746 
5645 596 597 3696 
5646 2691 3246 3734 
5647 2357 94 3686 
5648 3543 3471 3590 
5649 394 2266 3800 
5650 3450 3439 3616 
5651 2975 3487 3785 
5652 2531 3453 3632 
5653 2558 3358 4173 
5654 2762 2350 3536 
5655 3534 2342 4077 
5656 3028 2405 3615 
5657 2800 3557 3953 
5658 2557 2852 2887 
5659 2631 2652 3532 
5660 2576 2416 2678 
5661 2760 3313 4185 
5662 3077 2787 3580 
5663 494 495 3613 
5664 3080 3675 3905 
5665 3713 3247 4251 
5666 2508 2507 2728 
5667 2927 2929 3549 
5668 2634 2438 3558 
5669 3177 3178 3180 
5670 3250 2928 3573 
5671 3645 3016 4069 
5672 442 443 3648 
5673 2984 2907 3183 
5674 2467 2493 2607 
5675 2833 2797 3221 
5676 3504 3503 3651 
5677 3001 52 3664 
5678 2655 2486 3573 
5679 2856 3317 3576 
5680 3155 3000 3771 
5681 2385 2501 2633 
5682 3032 109 3624 
5683 2870 2563 3584 
5684 2258 2861 4237 
5685 2438 2434 3558 
5686 2652 3078 3532 
5687 2308 2307 2315 
5688 2806 2631 3532 
5689 3540 3649 4044 
5690 3527 2917 3973 
5691 2344 2310 2443 
5692 2936 3030 3847 
5693 2288 444 3622 
5694 444 445 3622 
5695 3623 3177 4053 
5696 2782 2678 3089 
5697 3516 2858 3517 
5698 2393 2488 3618 
5699 544 545 3775 
5700 162 163 3656 
5701 2574 162 3656 
5702 2509 2345 3587 
5703 3534 2828 3925 
5704 2367 3367 3612 
5705 3195 3142 3867 
5706 3964 3082 3992 
5707 2641 2283 3359 
5708 2380 2550 3567 
5709 35 2528 3629 
5710 3516 2643 4038 
5711 3021 3330 3910 
5712 2346 2345 2347 
5713 3005 2447 3620 
5714 170 171 3790 
5715 373 2339 3653 
5716 545 2621 3775 
5717 3008 2801 3559 
5718 2972 3272 4180 
5719 2962 2963 3746 
5720 3139 2525 3668 
5721 3341 488 4008 
5722 2501 2502 2705 
5723 3338 2980 3814 
5724 3639 2644 3711 
5725 2393 2391 2488 
5726 2830 3013 3606 
5727 2454 2453 2455 
5728 486 487 2406 
5729 305 306 3508 
5730 3554 2780 3926 
5731 3583 2546 3612 
5732 2385 466 2386 
5733 2788 92 3796 
5734 3018 3309 3858 
5735 2376 2374 3566 
5736 2622 2952 3188 
5737 3055 3146 3715 
5738 2910 3291 4116 
5739 2413 2576 2703 
5740 2682 2575 2791 
5741 3036 3035 3639 
5742 3191 2852 4009 
5743 399 2922 4160 
5744 2688 2704 2969 
5745 3065 3493 4059 
5746 2858 3314 3628 
5747 2248 73 3454 
5748 2362 2246 2363 
5749 2284 2418 2419 
5750 2784 3596 4228 
5751 122 123 3961 
5752 2676 3383 4144 
5753 34 35 3629 
5754 2872 3167 3658 
5755 2421 2818 3940 
5756 443 2288 3648 
5757 3649 3540 4203 
5758 2609 3005 3442 
5759 2728 2507 3062 
5760 8 626 3641 
5761 3187 2684 3625 
5762 3107 3416 3802 
5763 3069 3070 4008 
5764 2809 2866 3059 
5765 3276 2640 4075 
5766 2277 2447 2448 
5767 3643 2758 3644 
5768 2350 2349 3536 
5769 2684 2749 3625 
5770 2407 2363 2408 
5771 2277 2269 2447 
5772 320 2722 4029 
5773 578 3164 4223 
5774 2903 2763 3380 
5775 2795 3443 3608 
5776 2851 3079 3199 
5777 2434 2619 3558 
5778 2790 3236 4235 
5779 3861 3001 3981 
5780 155 4070 4241 
5781 380 381 3661 
5782 381 2497 3661 
5783 2323 2401 2402 
5784 2407 2408 2409 
5785 2867 3158 3400 
5786 627 628 3637 
5787 2385 2386 2501 
5788 2390 2878 2880 
5789 626 2918 3641 
5790 2567 3495 3819 
5791 327 328 3647 
5792 2893 3412 3898 
5793 3566 3716 4263 
5794 399 2688 2922 
5795 2292 529 3561 
5796 2740 3696 3882 
5797 2835 3136 3579 
5798 2302 2248 3454 
5799 3668 661 3669 
5800 3058 3057 3353 
5801 3049 3934 3994 
5802 2346 2347 2359 
5803 3485 2827 3929 
5804 3688 2256 3823 
5805 539 540 3635 
5806 2918 627 3637 
5807 2640 298 3737 
5808 3594 3198 3889 
5809 540 2660 3635 
5810 3488 2483 4224 
5811 3037 3301 4004 
5812 2413 2416 2576 
5813 2735 2736 3771 
5814 2972 2965 3851 
5815 2798 8 3641 
5816 2448 2447 2609 
5817 3596 3185 4228 
5818 3198 437 4015 
5819 452 2715 3650 
5820 2610 2996 3608 
5821 2898 352 4013 
5822 2245 3344 3837 
5823 2899 164 3676 
5824 2245 3335 4253 
5825 2581 3295 3602 
5826 2306 2308 2531 
5827 2318 2303 3672 
5828 3716 3327 3962 
5829 3540 3538 3681 
5830 3105 3106 4058 
5831 382 383 3689 
5832 2880 2878 3014 
5833 2280 251 3670 
5834 3651 3368 3917 
5835 3017 530 3073 
5836 2782 3089 3102 
5837 2623 2794 3850 
5838 3355 3136 3753 
5839 2415 3450 3616 
5840 2611 3577 4157 
5841 2459 2460 2482 
5842 3517 2858 3628 
5843 3382 2821 3614 
5844 99 100 2286 
5845 3147 3488 4224 
5846 187 188 3934 
5847 2633 3484 3792 
5848 2293 2350 2459 
5849 3760 3399 3986 
5850 48 49 4207 
5851 3146 3056 3718 
5852 124 2537 3660 
5853 2713 3266 3692 
5854 3424 2469 4197 
5855 2618 2395 3618 
5856 3117 29 3706 
5857 298 299 3737 
5858 400 401 3623 
5859 2382 2381 3589 
5860 2381 2499 3589 
5861 2704 2763 2903 
5862 2850 2457 3682 
5863 2303 2366 3672 
5864 3540 3681 4203 
5865 2513 2964 3654 
5866 3070 3341 4008 
5867 3850 3124 4254 
5868 339 340 3996 
5869 270 2444 2557 
5870 2298 380 3661 
5871 3291 2910 4101 
5872 2392 2391 2393 
5873 2888 477 3844 
5874 3423 3424 3878 
5875 618 2244 3320 
5876 2268 402 3371 
5877 3616 3439 3617 
5878 2867 2502 2868 
5879 2928 2655 3573 
5880 3172 2835 3579 
5881 2444 271 3627 
5882 3180 3178 3181 
5883 2894 3460 3673 
5884 3559 2288 3622 
5885 3215 2685 3600 
5886 2458 3446 3447 
5887 642 643 3772 
5888 3001 3664 3981 
5889 611 612 4038 
5890 3331 3421 3884 
5891 2362 2363 2407 
5892 602 2491 3652 
5893 145 2635 3980 
5894 2501 2386 2502 
5895 383 2780 3689 
5896 2576 2678 2782 
5897 2557 2851 2852 
5898 3057 2820 3634 
5899 164 165 3676 
5900 165 2714 3676 
5901 3747 2651 4057 
5902 2475 3225 3968 
5903 476 2888 4051 
5904 3350 3441 3633 
5905 2791 2575 3710 
5906 3292 2968 3659 
5907 2383 2322 2384 
5908 3139 3668 3669 
5909 2575 322 2644 
5910 3444 3004 3740 
5911 2971 263 4185 
5912 2820 2822 3634 
5913 3449 463 3588 
5914 3646 2946 3845 
5915 4094 3904 4153 
5916 2673 3364 4164 
5917 3739 232 4017 
5918 2907 2905 3009 
5919 2841 3010 3595 
5920 2596 2448 3582 
5921 319 320 4029 
5922 2988 2946 3646 
5923 2251 244 3720 
5924 2755 3330 4114 
5925 2489 2249 3630 
5926 3537 3374 4226 
5927 2748 3904 4094 
5928 2880 3014 3492 
5929 3084 207 3085 
5930 3023 3022 4128 
5931 2378 2577 3867 
5932 350 3314 4016 
5933 437 438 4015 
5934 2467 2351 2493 
5935 3085 207 3307 
5936 191 3340 4126 
5937 3118 3045 4027 
5938 2948 4070 4080 
5939 3444 3740 4111 
5940 574 575 4115 
5941 2451 2450 2598 
5942 446 2256 3688 
5943 376 2245 3837 
5944 2887 2852 3191 
5945 352 353 4013 
5946 2899 3676 3677 
5947 2345 2344 3587 
5948 2589 2871 2872 
5949 2872 3658 3725 
5950 2705 2502 2867 
5951 2252 2450 2451 
5952 2402 2511 2512 
5953 88 2513 3654 
5954 2557 2444 2851 
5955 2459 2350 2460 
5956 3405 2309 4078 
5957 2443 2310 3743 
5958 3364 2673 4127 
5959 2897 3242 3713 
5960 75 2521 3684 
5961 2344 2606 3587 
5962 2837 2258 4237 
5963 2863 3519 3649 
5964 30 2260 3706 
5965 441 2892 4108 
5966 2570 80 4004 
5967 2744 2511 2769 
5968 3196 3137 4061 
5969 3593 3294 4191 
5970 2467 2607 3708 
5971 3357 3006 4110 
5972 3445 101 3448 
5973 3621 2915 3625 
5974 2903 3380 3568 
5975 2751 3575 4047 
5976 2252 231 2450 
5977 3296 2841 3595 
5978 2252 2451 2452 
5979 3008 3559 3622 
5980 83 84 3646 
5981 3270 2759 4154 
5982 2648 2897 3671 
5983 2951 2596 3582 
5984 3498 3544 3655 
5985 2452 2453 2454 
5986 2468 186 3852 
5987 90 91 4150 
5988 4070 2948 4241 
5989 3690 2883 3803 
5990 2286 2356 2404 
5991 2925 3299 3747 
5992 3895 2755 4114 
5993 480 481 3903 
5994 575 2954 4115 
5995 3477 3701 3890 
5996 3538 2254 3681 
5997 3419 2617 4042 
5998 2463 3401 4225 
5999 326 3011 3680 
6000 2881 3498 3655 
6001 3591 3424 4197 
6002 2730 2939 4124 
6003 29 30 3706 
6004 3503 2492 3651 
6005 3420 3419 4042 
6006 2685 2508 3600 
6007 3396 3040 4145 
6008 2409 2411 3817 
6009 2512 2744 2745 
6010 3152 3406 3672 
6011 121 2778 4132 
6012 2483 2460 3714 
6013 2278 3485 3929 
6014 3243 3242 4074 
6015 3318 668 3769 
6016 463 2392 3588 
6017 3528 2291 3955 
6018 2561 480 3903 
6019 2414 319 4029 
6020 2537 3329 3885 
6021 2263 391 3694 
6022 3127 2731 3988 
6023 391 392 3694 
6024 2497 382 3689 
6025 2359 2849 3952 
6026 3981 3664 4032 
6027 2386 466 2478 
6028 2452 2454 2931 
6029 3839 3223 3977 
6030 94 95 3686 
6031 2450 231 2540 
6032 2613 2614 3713 
6033 244 245 3720 
6034 3299 3382 3747 
6035 2416 3512 3690 
6036 3686 2891 3984 
6037 2589 2412 2732 
6038 3082 2769 3309 
6039 3040 116 4145 
6040 519 2582 3830 
6041 515 2249 2279 
6042 2448 2609 3582 
6043 2508 2728 3600 
6044 2656 3115 4019 
6045 3717 3023 3975 
6046 3282 3095 4073 
6047 3333 176 4071 
6048 2570 3302 3829 
6049 2522 354 3751 
6050 3401 3087 4225 
6051 2794 3432 4092 
6052 2355 100 2458 
6053 3312 2300 3717 
6054 2306 2307 2308 
6055 609 610 4167 
6056 3821 3215 3894 
6057 3049 3748 3852 
6058 2867 2868 3158 
6059 3321 2745 4045 
6060 2886 3410 3863 
6061 2944 3061 4077 
6062 2838 311 3859 
6063 69 70 3892 
6064 2809 2526 2866 
6065 2666 3567 3741 
6066 2932 2553 3860 
6067 3079 2444 3627 
6068 245 3285 3720 
6069 2351 2292 3561 
6070 3479 2650 3707 
6071 2297 3546 4246 
6072 3104 3103 3729 
6073 3027 3397 4139 
6074 2457 2572 3682 
6075 2760 265 3843 
6076 3438 2598 3855 
6077 2908 3383 3840 
6078 3870 3189 3939 
6079 203 2642 3887 
6080 481 2675 3903 
6081 2808 2526 2809 
6082 3030 3956 3995 
6083 235 236 3781 
6084 2540 2743 2761 
6085 3597 3075 4118 
6086 492 2673 3774 
6087 613 2545 3822 
6088 266 267 3770 
6089 3142 3042 3985 
6090 236 2626 3781 
6091 93 2357 3796 
6092 3181 3178 3812 
6093 2761 3140 3259 
6094 348 2335 3768 
6095 2404 2412 2588 
6096 3104 3729 3730 
6097 2872 2871 3166 
6098 2611 139 3760 
6099 2523 3353 4063 
6100 2536 137 4157 
6101 3127 3895 4114 
6102 3460 3459 3922 
6103 2249 516 3630 
6104 3552 2677 3729 
6105 3592 2558 4173 
6106 139 140 3760 
6107 2575 2644 3710 
6108 3298 2705 4142 
6109 3266 527 3605 
6110 2262 3112 4023 
6111 2468 3998 4109 
6112 2871 2732 3138 
6113 2679 2657 4256 
6114 309 310 3665 
6115 3303 3040 4085 
6116 371 2544 3721 
6117 2306 2305 2307 
6118 3061 3534 4077 
6119 2625 3241 3674 
6120 2950 3051 3969 
6121 672 2584 3974 
6122 456 457 3841 
6123 2388 435 3594 
6124 2744 2769 3082 
6125 2829 672 3974 
6126 2811 3310 4177 
6127 682 683 4069 
6128 2914 3356 4028 
6129 2402 2401 2511 
6130 2661 3847 3995 
6131 2650 3479 4021 
6132 3205 3052 4123 
6133 2845 290 3951 
6134 3194 2709 3776 
6135 291 292 3732 
6136 3817 2661 3995 
6137 2977 3049 3994 
6138 2625 3015 3240 
6139 2370 2347 3691 
6140 2512 2511 2744 
6141 534 535 3705 
6142 2328 3723 3724 
6143 2589 2732 2871 
6144 3268 3710 4218 
6145 3181 3812 4205 
6146 3544 2848 3655 
6147 3766 3554 3926 
6148 2250 616 4010 
6149 3183 3508 3954 
6150 595 2740 3816 
6151 2839 3636 3642 
6152 2673 493 4127 
6153 3007 2689 4227 
6154 3446 3448 3478 
6155 106 2949 4110 
6156 2678 2416 3690 
6157 264 2760 4185 
6158 2946 2649 3798 
6159 2275 634 2281 
6160 3286 2265 3762 
6161 3012 3477 3890 
6162 477 478 3844 
6163 3788 2674 3789 
6164 3314 2857 3755 
6165 2996 2995 3739 
6166 3715 3146 3922 
6167 3036 3639 3640 
6168 3522 2647 3840 
6169 282 3029 3826 
6170 370 371 3721 
6171 2280 3670 4147 
6172 3092 3093 4194 
6173 2876 3734 3770 
6174 2417 369 3832 
6175 3334 362 3968 
6176 3479 3448 4021 
6177 2797 2302 3454 
6178 3505 3504 3685 
6179 427 2338 3831 
6180 2442 2261 3703 
6181 2639 2933 3712 
6182 300 301 4201 
6183 3048 3216 4131 
6184 2246 465 3792 
6185 585 586 3728 
6186 2279 2306 3818 
6187 3478 3448 3479 
6188 3675 3080 3998 
6189 586 2957 3728 
6190 299 2738 3737 
6191 2402 2512 2893 
6192 3021 288 3813 
6193 2323 2383 2401 
6194 2291 127 3955 
6195 3024 69 3892 
6196 3825 3237 3889 
6197 2598 3438 3854 
6198 281 282 3826 
6199 2540 2670 2743 
6200 2973 472 4166 
6201 2761 2743 3140 
6202 3645 2679 4050 
6203 560 561 3809 
6204 3584 2720 4026 
6205 2392 2415 3588 
6206 3309 2769 3858 
6207 92 93 3796 
6208 2833 3496 3803 
6209 3514 3673 3937 
6210 2895 3417 3735 
6211 2588 2412 2589 
6212 288 289 3813 
6213 2952 3307 3916 
6214 3670 3155 4147 
6215 2309 624 3727 
6216 340 3208 3996 
6217 3362 3551 4143 
6218 550 2706 3965 
6219 625 7 3736 
6220 3774 2673 3805 
6221 3416 2437 3802 
6222 3545 3019 3700 
6223 2452 2451 2453 
6224 3740 3206 4111 
6225 390 2263 3865 
6226 3407 2691 3734 
6227 3039 3127 4114 
6228 3234 2901 4034 
6229 677 2665 3897 
6230 2529 471 3168 
6231 3572 2834 3717 
6232 484 485 3856 
6233 531 2810 4240 
6234 3236 3083 4235 
6235 2987 3114 3732 
6236 3168 471 3575 
6237 2347 2509 3691 
6238 3403 3582 3877 
6239 2694 3551 4091 
6240 354 355 3751 
6241 2401 2383 2539 
6242 2279 2305 2306 
6243 2773 584 4181 
6244 2706 3494 3965 
6245 2763 3623 4053 
6246 74 75 3684 
6247 2808 3201 4204 
6248 2279 2249 2305 
6249 2956 2991 3750 
6250 2567 3328 4031 
6251 3526 2932 3860 
6252 2286 100 2355 
6253 2541 2388 3594 
6254 3732 292 3733 
6255 3006 105 4110 
6256 2482 2646 3963 
6257 2653 2467 3708 
6258 3046 2958 3918 
6259 3556 2931 3874 
6260 2974 3342 4084 
6261 3473 2278 3929 
6262 2693 2692 3773 
6263 18 2567 3819 
6264 374 375 4125 
6265 3541 2844 4000 
6266 3174 3260 3699 
6267 266 3770 3843 
6268 3268 2791 3710 
6269 3041 2666 3741 
6270 3472 2767 3896 
6271 3070 3254 4236 
6272 2934 3463 3938 
6273 2746 2639 3712 
6274 119 120 3763 
6275 2911 3192 3786 
6276 3293 3203 3778 
6277 3508 2445 3954 
6278 140 2681 3760 
6279 3204 3637 4065 
6280 3206 3205 4111 
6281 347 348 3768 
6282 333 334 3925 
6283 450 1 4244 
6284 356 2334 3797 
6285 81 3037 4004 
6286 2862 3327 3716 
6287 386 387 3766 
6288 3371 2430 3990 
6289 3786 3787 3864 
6290 665 2934 3938 
6291 2647 2908 3840 
6292 3661 2497 3814 
6293 219 220 3795 
6294 3764 2361 4189 
6295 3577 2536 4157 
6296 2290 191 4126 
6297 2404 2356 2412 
6298 2490 2752 4014 
6299 3459 2869 3715 
6300 3741 3567 3906 
6301 220 2739 3795 
6302 2899 3677 3971 
6303 2300 3572 3717 
6304 2323 2322 2383 
6305 3545 2770 4246 
6306 2259 3361 3759 
6307 157 2325 3932 
6308 48 3337 4210 
6309 3020 3515 3723 
6310 3463 3259 3938 
6311 3692 2986 3693 
6312 183 3080 3905 
6313 312 3018 3859 
6314 3412 2893 3899 
6315 2529 3168 3169 
6316 2974 119 3763 
6317 2770 3545 3700 
6318 2713 3692 3693 
6319 3627 2346 3952 
6320 2935 2461 4244 
6321 3316 3412 3899 
6322 2406 487 3341 
6323 267 2876 3770 
6324 3154 3044 3958 
6325 3273 3248 4259 
6326 2622 3188 3860 
6327 270 2557 3574 
6328 3353 3057 4063 
6329 3121 3571 4137 
6330 3157 3475 4155 
6331 505 2274 3901 
6332 387 2387 3766 
6333 2288 3559 3791 
6334 2828 333 3925 
6335 3515 3458 4136 
6336 3218 3759 4143 
6337 224 225 3913 
6338 2920 3435 3757 
6339 3720 3287 4039 
6340 491 492 3774 
6341 3433 2896 3785 
6342 2767 426 3831 
6343 2827 3618 3752 
6344 3030 3031 3956 
6345 2712 339 3996 
6346 2877 3414 4171 
6347 3449 3111 4158 
6348 3049 2865 3748 
6349 3159 3160 3754 
6350 3446 3478 3882 
6351 2514 2624 2865 
6352 3601 2372 3701 
6353 522 3480 3848 
6354 2939 3479 3707 
6355 643 2790 3772 
6356 3362 3392 4091 
6357 2460 2762 3714 
6358 3337 3243 4210 
6359 2782 3182 3879 
6360 2752 3500 4014 
6361 3149 2443 3743 
6362 3127 3824 3895 
6363 3009 2905 3662 
6364 3136 2701 3753 
6365 2276 2322 2323 
6366 2643 611 4038 
6367 2883 3152 3803 
6368 2605 3284 3808 
6369 2498 330 4005 
6370 2272 235 3781 
6371 421 2327 4002 
6372 2752 3306 4168 
6373 2621 2943 3775 
6374 3000 2735 3771 
6375 494 3613 4127 
6376 243 2251 3893 
6377 3557 560 3809 
6378 3666 3667 4178 
6379 2334 357 3820 
6380 2750 598 4106 
6381 3723 3515 3724 
6382 4080 3273 4259 
6383 225 2546 3913 
6384 2261 613 3822 
6385 3331 2298 4062 
6386 2534 182 3905 
6387 2538 2500 4019 
6388 2476 2630 3874 
6389 3430 2935 4244 
6390 599 2817 4106 
6391 518 519 3830 
6392 3675 2534 3905 
6393 3242 2723 4074 
6394 2887 3191 3749 
6395 2356 2355 2496 
6396 3525 2538 4019 
6397 2382 3589 3827 
6398 2244 2284 3940 
6399 3280 3281 3909 
6400 658 659 3759 
6401 3448 101 4021 
6402 3353 2523 4036 
6403 3758 2703 4027 
6404 3635 2660 4213 
6405 3129 3133 3764 
6406 3433 3785 3799 
6407 2492 219 3795 
6408 2948 4080 4259 
6409 3997 3023 4128 
6410 3763 3165 4012 
6411 472 2324 4166 
6412 230 2252 3704 
6413 3842 3543 3880 
6414 1 3430 4244 
6415 3319 3318 3769 
6416 2420 3278 3807 
6417 2286 2355 2356 
6418 2493 2351 3561 
6419 3409 3377 3946 
6420 3685 3504 3917 
6421 177 178 2403 
6422 2543 3515 4136 
6423 362 363 3968 
6424 3090 3546 4199 
6425 515 2279 3581 
6426 3506 3002 3990 
6427 2731 3048 4229 
6428 3672 2366 4188 
6429 3610 3611 3828 
6430 3432 3433 3799 
6431 375 376 3837 
6432 2374 421 4002 
6433 2995 3139 3921 
6434 622 623 4049 
6435 2310 272 3743 
6436 355 356 3797 
6437 2845 3951 4064 
6438 3659 2714 4249 
6439 2571 2982 4161 
6440 2335 349 4016 
6441 2281 634 3562 
6442 3587 2859 3849 
6443 2361 3869 4189 
6444 2325 3055 4006 
6445 2398 3543 3777 
6446 561 2940 3809 
6447 2727 3472 3924 
6448 2709 2710 3776 
6449 488 489 3923 
6450 3227 3224 3839 
6451 3087 449 4225 
6452 2276 2275 2322 
6453 2701 90 4150 
6454 3721 3378 3832 
6455 3581 2279 3818 
6456 2251 3429 3893 
6457 2905 2440 3662 
6458 3500 2752 4168 
6459 2939 3707 4124 
6460 3618 2488 3752 
6461 118 2974 4084 
6462 2384 3765 4095 
6463 2663 432 4215 
6464 2938 54 3894 
6465 2844 3632 4000 
6466 3782 3438 3855 
6467 2451 2598 3854 
6468 4163 3239 4223 
6469 289 2845 3813 
6470 3611 2369 3828 
6471 2266 3222 3800 
6472 3148 3731 4148 
6473 74 3684 4220 
6474 2281 3564 3765 
6475 2384 2322 3765 
6476 617 3320 4010 
6477 182 183 3905 
6478 3436 3264 4112 
6479 2572 2573 4183 
6480 3037 82 3845 
6481 2868 2502 3742 
6482 3152 3672 4188 
6483 2816 3438 3782 
6484 3770 3246 3843 
6485 2857 3483 3755 
6486 2545 3410 3822 
6487 2626 4068 4155 
6488 612 2441 4038 
6489 79 2570 3829 
6490 155 2562 4070 
6491 2980 2979 3814 
6492 478 3402 3844 
6493 3786 2657 3787 
6494 2584 3273 4080 
6495 2296 202 3887 
6496 3571 2810 4137 
6497 2404 2588 2976 
6498 3281 3282 3908 
6499 3103 2984 3954 
6500 3029 283 3824 
6501 4238 4107 4248 
6502 2976 2588 3437 
6503 659 2259 3759 
6504 3400 2663 4215 
6505 3156 3157 3811 
6506 2963 3610 3746 
6507 3232 3229 4078 
6508 357 358 3820 
6509 2921 3674 3675 
6510 138 2611 4157 
6511 285 2755 3895 
6512 82 83 3845 
6513 3486 2864 4119 
6514 2891 96 4234 
6515 2786 281 3826 
6516 2769 2511 3698 
6517 283 284 3824 
6518 3026 2765 4079 
6519 2387 388 4052 
6520 3959 3199 4195 
6521 555 556 4122 
6522 2635 3928 4242 
6523 2699 418 3842 
6524 2924 3603 4167 
6525 370 3721 3832 
6526 418 419 3842 
6527 2987 3732 3733 
6528 639 2586 3948 
6529 3533 2498 4005 
6530 3725 3658 3984 
6531 167 2815 3886 
6532 3484 2246 3792 
6533 3620 469 4182 
6534 3154 3541 4000 
6535 2343 241 4011 
6536 385 386 3926 
6537 3178 3179 3812 
6538 3669 3140 4258 
6539 3109 3617 4058 
6540 3480 2969 4219 
6541 3872 2898 3873 
6542 311 312 3859 
6543 97 98 3846 
6544 490 491 3904 
6545 3641 2918 4061 
6546 3119 2898 3872 
6547 2521 76 3936 
6548 426 427 3831 
6549 3207 3506 3779 
6550 2531 3632 3818 
6551 3063 2936 3847 
6552 3055 3715 4006 
6553 3813 3678 4055 
6554 2758 3570 3987 
6555 2557 2887 3574 
6556 3524 2924 4167 
6557 502 2297 3853 
6558 3390 3379 3861 
6559 474 475 3933 
6560 468 2413 3758 
6561 2385 2633 3792 
6562 2624 2625 3674 
6563 2649 2843 3798 
6564 3162 3712 3949 
6565 3287 3288 4066 
6566 685 2590 4104 
6567 2383 2384 3697 
6568 3072 3856 4117 
6569 2413 2703 3758 
6570 2498 3436 4112 
6571 2260 3539 4044 
6572 2845 3678 3813 
6573 3340 3573 4126 
6574 2959 3171 4247 
6575 3088 3033 4001 
6576 3644 2758 3987 
6577 3638 2842 4168 
6578 2402 2893 3862 
6579 3344 3347 3837 
6580 3637 628 4065 
6581 2411 2661 3817 
6582 3169 3991 4083 
6583 2921 2624 3674 
6584 3956 3076 3995 
6585 623 2309 3804 
6586 3320 3537 4010 
6587 3032 3624 4177 
6588 265 266 3843 
6589 3453 3154 4000 
6590 2642 3297 4209 
6591 3233 3751 3797 
6592 3088 4001 4238 
6593 3714 3214 4224 
6594 2628 3677 3857 
6595 199 2960 3989 
6596 3663 3419 4216 
6597 166 167 3886 
6598 3422 2683 3888 
6599 2273 2398 3777 
6600 2748 490 3904 
6601 501 502 3853 
6602 2855 2623 3850 
6603 198 199 3989 
6604 3463 2934 3855 
6605 3478 2740 3882 
6606 2770 501 3853 
6607 3559 3027 3791 
6608 2867 3400 4102 
6609 2674 685 4104 
6610 202 203 3887 
6611 3414 547 4179 
6612 2372 3393 3890 
6613 3079 3627 3952 
6614 186 187 3852 
6615 3748 2468 3852 
6616 2703 2576 3879 
6617 3365 229 3993 
6618 369 370 3832 
6619 101 102 4021 
6620 3394 3034 3930 
6621 3185 2382 3827 
6622 465 2385 3792 
6623 3582 2609 3877 
6624 635 636 3745 
6625 2945 3610 3828 
6626 3330 3039 4114 
6627 633 2275 2276 
6628 3651 2492 4097 
6629 2332 3514 3937 
6630 2407 2409 4057 
6631 66 2594 3950 
6632 3703 2261 3822 
6633 3229 3405 4078 
6634 3589 3718 3827 
6635 2589 2872 3725 
6636 2257 3815 4054 
6637 4001 3509 4238 
6638 2512 2745 3899 
6639 3519 2260 4044 
6640 389 390 3865 
6641 3072 3521 3744 
6642 2967 3007 3875 
6643 169 2836 3920 
6644 91 2788 4150 
6645 3182 3102 4113 
6646 3438 3235 3854 
6647 54 55 3894 
6648 3604 2569 4040 
6649 3247 2890 4251 
6650 2484 2378 3867 
6651 3630 516 3631 
6652 3300 2742 4252 
6653 3501 2900 3806 
6654 3171 3420 4184 
6655 3225 3230 4043 
6656 2333 3423 3878 
6657 2732 2412 3731 
6658 172 2874 3876 
6659 2328 499 4007 
6660 3578 3065 4059 
6661 3010 3215 3821 
6662 160 161 3869 
6663 2714 166 3886 
6664 2892 3825 4108 
6665 3536 2886 3863 
6666 2511 2401 3698 
6667 2931 2454 3874 
6668 2528 36 4082 
6669 2488 2391 4165 
6670 2458 3447 3793 
6671 2726 3312 3975 
6672 489 2748 3923 
6673 3573 2486 4126 
6674 269 3574 3657 
6675 420 2273 3777 
6676 3544 3051 4162 
6677 3430 3068 3805 
6678 3715 2869 4006 
6679 2770 3853 4246 
6680 3824 3127 3988 
6681 3515 2543 4140 
6682 3805 2673 4164 
6683 2522 3873 4013 
6684 2909 3741 3906 
6685 2540 2761 3756 
6686 168 169 3920 
6687 3062 2507 3841 
6688 3560 2387 4052 
6689 147 148 3928 
6690 3481 2574 4217 
6691 3437 2588 3725 
6692 2643 3517 4174 
6693 3201 3256 3945 
6694 3006 3357 4124 
6695 449 2267 4225 
6696 3530 2343 4011 
6697 3158 3159 3836 
6698 2714 3886 4249 
6699 3603 3604 4040 
6700 2539 2383 3697 
6701 3472 3896 3924 
6702 2342 3534 3925 
6703 65 66 3950 
6704 670 671 4196 
6705 2502 2386 3742 
6706 2768 3190 4012 
6707 3765 3564 4095 
6708 3080 184 4109 
6709 2569 607 4040 
6710 2401 2539 3698 
6711 171 172 3876 
6712 3130 3132 3962 
6713 3078 3077 4192 
6714 3476 2996 4017 
6715 536 3162 3949 
6716 2989 2955 3885 
6717 213 3300 4252 
6718 2306 2531 3818 
6719 3921 3139 4258 
6720 2333 3878 4116 
6721 242 243 3893 
6722 3150 3270 4200 
6723 284 285 3895 
6724 3421 2789 3884 
6725 2806 3532 3815 
6726 3272 2751 4047 
6727 2988 3646 3957 
6728 287 3021 3910 
6729 2653 3708 4034 
6730 2588 2589 3725 
6731 3759 3361 4143 
6732 2910 2793 3870 
6733 2923 3276 4075 
6734 3251 3250 4033 
6735 286 287 3910 
6736 3047 4026 4030 
6737 2740 3478 3816 
6738 185 2468 4109 
6739 3265 2247 3939 
6740 296 297 3967 
6741 2562 3336 4070 
6742 2852 2851 4135 
6743 103 104 4156 
6744 3585 3025 4121 
6745 2598 2450 3756 
6746 3034 3461 3930 
6747 2659 3334 4043 
6748 3906 3189 4221 
6749 2452 2931 3704 
6750 349 350 4016 
6751 2815 168 3920 
6752 429 3153 4076 
6753 2529 3169 4083 
6754 2645 3488 3966 
6755 316 3321 3964 
6756 2650 103 4156 
6757 2755 286 3910 
6758 2662 3597 4018 
6759 3063 3847 4172 
6760 3358 296 3967 
6761 2256 3578 3823 
6762 188 2638 3934 
6763 154 155 4241 
6764 2389 134 3908 
6765 2553 2622 3860 
6766 2680 4241 4259 
6767 2665 3749 3897 
6768 136 2536 3909 
6769 2708 3330 4055 
6770 3180 3380 4053 
6771 3414 3726 4171 
6772 3596 3174 4152 
6773 3661 3814 4062 
6774 2982 3172 3868 
6775 3446 3445 3448 
6776 3469 2910 4116 
6777 3056 3054 4146 
6778 535 536 3949 
6779 3354 3521 4117 
6780 221 222 4086 
6781 76 77 3936 
6782 3518 25 4098 
6783 353 2522 4013 
6784 2926 3209 3937 
6785 2454 2476 3874 
6786 3499 3149 3866 
6787 3467 3473 3929 
6788 3754 3160 3896 
6789 3461 641 3930 
6790 2915 65 3950 
6791 2541 3594 3889 
6792 2507 456 3841 
6793 662 663 4096 
6794 334 2342 3925 
6795 2338 428 4076 
6796 3701 2372 3890 
6797 2762 3536 3863 
6798 3673 2926 3937 
6799 3389 2988 3957 
6800 2949 3553 3982 
6801 148 3128 3928 
6802 3140 2743 4258 
6803 3330 3021 4055 
6804 414 3134 4239 
6805 3653 3349 3946 
6806 3312 3717 3975 
6807 2544 3653 3946 
6808 2979 3331 4062 
6809 3732 3114 3951 
6810 413 414 4239 
6811 3872 3873 4212 
6812 548 2771 4179 
6813 3613 2543 4136 
6814 664 665 3938 
6815 2314 2785 3856 
6816 3970 3369 4097 
6817 2965 3524 3851 
6818 3466 3467 4262 
6819 607 608 4040 
6820 2675 3151 3903 
6821 3016 682 4069 
6822 2874 3788 3876 
6823 558 2800 3935 
6824 3934 2638 3994 
6825 3724 3515 4140 
6826 2252 2452 3704 
6827 3562 634 3745 
6828 638 639 3948 
6829 3982 3553 4186 
6830 3237 2541 3889 
6831 3021 3813 4055 
6832 500 2770 4007 
6833 99 2286 3761 
6834 2275 2281 3765 
6835 3060 3839 3977 
6836 3091 3678 4064 
6837 184 185 4109 
6838 3031 3474 3901 
6839 222 3038 4086 
6840 3590 3591 3880 
6841 3310 2792 4186 
6842 3047 3101 4026 
6843 2908 3671 4264 
6844 496 497 4140 
6845 676 677 3897 
6846 2733 3238 4139 
6847 239 240 4060 
6848 3873 3232 4212 
6849 3349 3409 3946 
6850 314 315 3992 
6851 47 48 4210 
6852 2323 2402 3862 
6853 2386 2478 3742 
6854 3097 3681 4141 
6855 3794 3833 3834 
6856 3171 4184 4247 
6857 2412 2356 3731 
6858 2680 154 4241 
6859 2281 3562 3563 
6860 3763 120 4132 
6861 3607 3081 4169 
6862 291 3732 3951 
6863 3248 2680 4259 
6864 3577 3096 4099 
6865 2453 2451 3854 
6866 3062 3861 3981 
6867 3046 3918 4216 
6868 2717 3326 4261 
6869 2997 239 4060 
6870 2536 3577 4099 
6871 2969 2704 4219 
6872 2361 3764 4146 
6873 2627 3219 3892 
6874 3646 84 3957 
6875 3550 2296 3887 
6876 475 476 4051 
6877 2934 3782 3855 
6878 3495 3071 3819 
6879 2322 2275 3765 
6880 200 201 4022 
6881 2897 3713 4251 
6882 127 128 3955 
6883 3507 645 3907 
6884 2450 2540 3756 
6885 297 2640 3967 
6886 197 2552 4170 
6887 2493 3561 4079 
6888 2771 549 3965 
6889 428 429 4076 
6890 290 291 3951 
6891 3401 3064 4056 
6892 3799 2255 3800 
6893 3165 3763 4132 
6894 3632 3453 4000 
6895 3128 2764 3947 
6896 549 550 3965 
6897 363 2475 3968 
6898 3779 2430 3780 
6899 2244 2283 2284 
6900 84 85 3957 
6901 2998 3267 3883 
6902 2692 3252 3902 
6903 3678 2845 4064 
6904 128 2917 3955 
6905 3087 3401 4056 
6906 2960 200 4022 
6907 2356 2496 3731 
6908 83 3646 3845 
6909 3289 3087 4056 
6910 2978 3773 3902 
6911 2778 122 3961 
6912 3003 3113 3944 
6913 3341 3070 4236 
6914 2576 2782 3879 
6915 3359 2321 3945 
6916 2268 3371 4133 
6917 3104 3730 3919 
6918 3383 2908 4144 
6919 358 359 4025 
6920 3709 2969 3871 
6921 2923 3838 3907 
6922 3452 2999 4035 
6923 2274 3076 3956 
6924 3751 355 3797 
6925 2744 3082 4045 
6926 144 145 3980 
6927 2903 3568 3848 
6928 3702 2808 4204 
6929 2958 3025 3918 
6930 3419 3046 4216 
6931 2552 198 3989 
6932 2284 2421 3940 
6933 2404 2976 3761 
6934 2890 3671 4251 
6935 2524 2523 4063 
6936 330 331 4005 
6937 3567 2698 3906 
6938 3736 2643 4174 
6939 201 2296 4022 
6940 3189 2970 3939 
6941 454 2662 4018 
6942 28 3117 4088 
6943 2954 3750 4115 
6944 2509 3587 3849 
6945 2862 3566 4002 
6946 3621 3625 4118 
6947 633 634 2275 
6948 70 2627 3892 
6949 2634 3649 4203 
6950 3096 3092 4194 
6951 606 2569 4046 
6952 3896 3511 3924 
6953 3708 3234 4034 
6954 359 2659 4025 
6955 3384 2276 3862 
6956 2286 2404 3761 
6957 3659 2968 3857 
6958 102 2650 4021 
6959 3077 3683 4192 
6960 3649 3519 4044 
6961 3044 3143 3958 
6962 2866 2526 4049 
6963 3948 2586 4107 
6964 2594 67 4067 
6965 3035 553 4218 
6966 619 620 2321 
6967 3884 2789 4253 
6968 3664 2938 4032 
6969 4241 2948 4259 
6970 80 81 4004 
6971 3543 3590 3880 
6972 451 3650 3944 
6973 3774 3805 4153 
6974 513 3202 4233 
6975 3129 3764 4189 
6976 3728 2957 3976 
6977 3551 3218 4143 
6978 3010 3821 4020 
6979 2276 2323 3862 
6980 237 238 4068 
6981 3738 2706 4206 
6982 2573 3875 4183 
6983 3790 171 3876 
6984 3539 3540 4044 
6985 3726 3414 4179 
6986 499 500 4007 
6987 3625 2749 4118 
6988 616 617 4010 
6989 512 513 4233 
6990 241 242 4011 
6991 26 2436 4098 
6992 3504 3651 3917 
6993 3185 3596 4152 
6994 2590 3398 4104 
6995 3565 3073 4240 
6996 3220 3047 4030 
6997 3681 2254 4141 
6998 2609 3442 3877 
6999 2340 3509 4001 
7000 431 2663 4151 
7001 238 2997 4068 
7002 3716 3132 4263 
7003 3253 2914 4028 
7004 2917 3528 3955 
7005 3208 3565 3978 
7006 3482 3481 4217 
7007 533 534 4048 
7008 3952 2849 4195 
7009 3617 3112 4058 
7010 3700 2328 4007 
7011 598 599 4106 
7012 637 638 4120 
7013 2861 3679 3835 
7014 3336 2829 3974 
7015 2742 212 4252 
7016 440 441 4108 
7017 196 197 4170 
7018 3561 3017 4079 
7019 3722 2645 3966 
7020 68 3024 4067 
7021 3491 3256 4190 
7022 2260 3519 4232 
7023 3991 3005 4083 
7024 2999 3081 4035 
7025 3728 3304 4181 
7026 3291 2333 4116 
7027 3368 3555 3917 
7028 2810 532 4137 
7029 3662 3948 4107 
7030 2984 3183 3954 
7031 3093 3280 4194 
7032 2766 440 4108 
7033 3258 2952 3916 
7034 3511 3262 3924 
7035 3358 3967 4173 
7036 67 68 4067 
7037 3718 3133 3827 
7038 3755 2335 4016 
7039 2546 3583 3943 
7040 432 433 4215 
7041 27 28 4088 
7042 2888 3442 3991 
7043 2496 3793 3794 
7044 3138 3148 3941 
7045 605 606 4046 
7046 2844 512 4233 
7047 3408 3657 4245 
7048 3794 3834 3942 
7049 2436 27 4088 
7050 2769 3698 3858 
7051 2953 3776 3801 
7052 2568 2490 4014 
7053 96 97 4234 
7054 3058 3353 4138 
7055 3221 2797 4220 
7056 3053 3613 4136 
7057 3737 2738 3838 
7058 3153 430 4151 
7059 601 602 4176 
7060 3132 4103 4263 
7061 3133 2784 4228 
7062 2617 346 4093 
7063 2474 338 4149 
7064 77 78 4113 
7065 36 37 4082 
7066 3095 3094 4073 
7067 3192 3333 4050 
7068 3042 3041 3985 
7069 3509 3009 4238 
7070 253 254 4214 
7071 4207 2825 4211 
7072 388 389 4052 
7073 254 3210 4214 
7074 2986 398 4160 
7075 3406 2950 3969 
7076 3494 2771 3965 
7077 2488 3767 4262 
7078 2542 3527 3973 
7079 554 555 4134 
7080 2722 3212 4029 
7081 240 2343 4060 
7082 430 431 4151 
7083 3006 3707 4156 
7084 2459 2482 3963 
7085 2535 2 4037 
7086 3657 3574 4245 
7087 3160 3511 3896 
7088 3306 3638 4168 
7089 628 629 4065 
7090 2346 2359 3952 
7091 2792 3982 4186 
7092 491 3774 3904 
7093 3988 2731 4229 
7094 3388 2280 4147 
7095 2767 3754 3896 
7096 3255 3305 4190 
7097 3754 2767 3831 
7098 3571 2712 3996 
7099 2626 237 4068 
7100 397 2986 4100 
7101 2947 196 4170 
7102 2355 2458 3793 
7103 3059 3060 3977 
7104 2577 3566 4263 
7105 3824 284 3895 
7106 3420 4041 4184 
7107 317 318 4255 
7108 485 2314 3856 
7109 3177 3180 4053 
7110 2543 496 4140 
7111 37 2889 4082 
7112 3998 3080 4109 
7113 25 26 4098 
7114 2523 422 4036 
7115 3752 2488 4262 
7116 117 118 4084 
7117 2390 2880 4165 
7118 3500 3499 4014 
7119 3493 2916 4059 
7120 2739 221 4086 
7121 3427 2961 4066 
7122 3951 3114 4064 
7123 3435 2694 4091 
7124 329 2498 4112 
7125 2339 374 4125 
7126 346 347 4093 
7127 585 3728 4181 
7128 493 494 4127 
7129 2496 2355 3793 
7130 3447 3446 3882 
7131 3499 2568 4014 
7132 3065 3063 4172 
7133 3123 2944 4077 
7134 49 2825 4207 
7135 2469 413 4239 
7136 2500 2656 4019 
7137 488 3923 4008 
7138 2738 300 4201 
7139 105 106 4110 
7140 3650 3003 3944 
7141 2793 2909 4221 
7142 3437 3725 3984 
7143 3727 3232 4078 
7144 2320 574 4115 
7145 2487 3607 4169 
7146 604 605 4250 
7147 2918 3637 3927 
7148 3521 3072 4117 
7149 104 3006 4156 
7150 3151 2848 4162 
7151 3682 2572 3914 
7152 3697 2384 3919 
7153 2869 3194 4006 
7154 3489 2334 4175 
7155 2672 89 4161 
7156 2366 2833 4188 
7157 3380 2763 4053 
7158 3684 3221 4220 
7159 3116 2653 4034 
7160 256 2487 4202 
7161 3583 3369 3970 
7162 2321 620 3702 
7163 3707 2650 4156 
7164 120 121 4132 
7165 2825 3390 4211 
7166 212 213 4252 
7167 3155 3771 4147 
7168 3361 3362 4143 
7169 3014 3332 4031 
7170 3210 255 4202 
7171 3357 2730 4124 
7172 2461 450 4244 
7173 116 117 4145 
7174 547 548 4179 
7175 3888 2683 4198 
7176 2706 551 4206 
7177 3823 3578 4059 
7178 2458 3445 3446 
7179 3364 2935 4164 
7180 137 138 4157 
7181 2441 3516 4038 
7182 255 256 4202 
7183 2719 253 4214 
7184 2670 231 4024 
7185 2759 3391 4154 
7186 2824 2823 3999 
7187 2327 2862 4002 
7188 3566 2374 4002 
7189 386 3766 3926 
7190 2982 3960 4161 
7191 3834 2750 4106 
7192 263 264 4185 
7193 584 585 4181 
7194 2893 2512 3899 
7195 2534 3675 4130 
7196 4039 3287 4066 
7197 3767 2488 4165 
7198 2777 3444 4111 
7199 415 416 4230 
7200 3325 3059 4090 
7201 3134 415 4230 
7202 3699 2832 4152 
7203 2699 3842 3880 
7204 3806 3518 4098 
7205 3870 2793 4221 
7206 577 578 4223 
7207 3244 3141 4213 
7208 2746 3636 4149 
7209 3726 3197 4171 
7210 3106 3109 4058 
7211 497 3724 4140 
7212 3167 3355 4089 
7213 3815 3532 4054 
7214 3167 4089 4105 
7215 389 3865 4052 
7216 2254 3629 4141 
7217 3652 3138 4176 
7218 3900 3591 4197 
7219 3629 3322 4141 
7220 2728 3062 3981 
7221 3174 3699 4152 
7222 2458 100 3445 
7223 3675 3674 4130 
7224 3442 3005 3991 
7225 3943 3583 3970 
7226 3189 3870 4221 
7227 2727 3924 4138 
7228 2935 3430 4164 
7229 2324 2538 4166 
7230 3134 3900 4197 
7231 3374 3373 4226 
7232 2267 2463 4225 
7233 3749 3191 3897 
7234 3459 3715 3922 
7235 3574 2887 4245 
7236 3081 3122 4169 
7237 2789 3343 4253 
7238 3706 2260 4232 
7239 3705 535 3949 
7240 3656 2899 3971 
7241 2586 3461 4248 
7242 3132 3716 3962 
7243 3322 3097 4141 
7244 2890 3308 4264 
7245 3163 2837 4237 
7246 2810 3571 3978 
7247 2848 3544 4162 
7248 2815 4193 4249 
7249 2736 3486 4119 
7250 3814 2979 4062 
7251 242 3893 4011 
7252 2911 3786 3864 
7253 3398 3292 4193 
7254 3826 3029 4229 
7255 3605 2459 3963 
7256 3773 2692 3902 
7257 3082 3309 3992 
7258 3458 3053 4136 
7259 3356 2317 4158 
7260 2770 3700 4007 
7261 3833 2750 3834 
7262 2728 3981 4032 
7263 3241 3240 3987 
7264 2817 3834 4106 
7265 3549 2642 4209 
7266 2771 3726 4179 
7267 3140 3669 4260 
7268 3119 3736 4174 
7269 3525 2972 4180 
7270 2902 3234 4247 
7271 3677 3676 4072 
7272 2921 3675 3998 
7273 117 4084 4145 
7274 2403 178 3911 
7275 3873 2898 4013 
7276 3838 2923 4075 
7277 3168 3575 3933 
7278 2651 2407 4057 
7279 3634 2524 4063 
7280 3314 3755 4016 
7281 2611 3760 3986 
7282 3256 3255 4190 
7283 3474 3090 4199 
7284 2538 3525 4180 
7285 3764 3056 4146 
7286 3497 2535 4128 
7287 3856 2785 4117 
7288 3810 3150 4200 
7289 3595 3010 4020 
7290 177 2403 4071 
7291 2486 2290 4126 
7292 2368 3626 4033 
7293 608 3603 4040 
7294 3324 3129 4189 
7295 3924 3262 4138 
7296 3230 3489 4175 
7297 3088 4238 4248 
7298 4041 3483 4184 
7299 2765 2493 4079 
7300 3881 2528 4082 
7301 3532 3078 4054 
7302 2496 3794 4148 
7303 338 2746 4149 
7304 3266 3605 3963 
7305 2574 3656 4217 
7306 4193 3292 4249 
7307 2842 3500 4168 
7308 2855 3850 4254 
7309 2689 2870 4227 
7310 3238 3791 4139 
7311 2785 3354 4117 
7312 179 3643 3911 
7313 3488 2855 4254 
7314 2723 3535 4074 
7315 89 2571 4161 
7316 2832 3185 4152 
7317 2391 2390 4165 
7318 4131 3826 4229 
7319 3057 3634 4063 
7320 602 3652 4176 
7321 3483 2902 4184 
7322 3126 3599 4142 
7323 3075 3621 4118 
7324 2903 3848 4219 
7325 2851 3199 4135 
7326 3068 3067 4094 
7327 3139 3669 4258 
7328 3599 3298 4142 
7329 3553 3032 4186 
7330 4184 2902 4247 
7331 3209 3549 4209 
7332 3600 2728 4032 
7333 2430 3779 3990 
7334 3025 3026 4121 
7335 2745 2744 4045 
7336 3674 3241 4130 
7337 3891 3066 4100 
7338 3519 2882 4232 
7339 2640 3737 4075 
7340 3267 3268 4134 
7341 3535 46 4231 
7342 2788 3753 4150 
7343 3693 2986 4160 
7344 3546 3545 4246 
7345 2298 3661 4062 
7346 2440 637 4120 
7347 3772 2790 4235 
7348 2683 3484 4198 
7349 3547 2634 4203 
7350 3707 3006 4124 
7351 2880 3767 4165 
7352 3869 3324 4189 
7353 3678 2708 4055 
7354 3398 3789 4104 
7355 2910 3870 4101 
7356 2705 2867 4102 
7357 3809 2940 3947 
7358 3676 2714 4072 
7359 318 3576 4255 
7360 3262 3058 4138 
7361 3102 3936 4113 
7362 3199 3079 4195 
7363 3918 2285 4216 
7364 2714 3659 4072 
7365 3276 3592 4173 
7366 3978 3565 4240 
7367 3779 3506 3990 
7368 3834 2817 3942 
7369 3662 2440 4120 
7370 2526 622 4049 
7371 4122 3267 4134 
7372 3727 2615 4212 
7373 2251 3720 4039 
7374 470 2529 4182 
7375 3901 2274 3956 
7376 2922 3693 4160 
7377 3750 2320 4115 
7378 3603 609 4167 
7379 534 3705 4048 
7380 3804 2866 4049 
7381 3031 3901 3956 
7382 3857 3677 4072 
7383 3355 3753 4089 
7384 3259 3140 4096 
7385 3576 3317 4255 
7386 2916 3823 4059 
7387 3658 3167 4105 
7388 3059 3977 4090 
7389 2285 3663 4216 
7390 2641 3359 4159 
7391 2483 3714 4224 
7392 3913 2546 3943 
7393 3005 3620 4083 
7394 2974 3763 4012 
7395 3799 3800 4092 
7396 3944 3113 4037 
7397 3192 4050 4256 
7398 3082 3964 4045 
7399 3575 2973 4047 
7400 4050 2679 4256 
7401 3755 3483 4041 
7402 3029 3824 3988 
7403 3175 2268 4133 
7404 347 3768 4093 
7405 3579 3136 4257 
7406 3753 2788 4089 
7407 3704 2931 3993 
7408 2669 3593 4191 
7409 3647 2877 4171 
7410 3737 3838 4075 
7411 2309 3727 4078 
7412 3789 2674 4104 
7413 2996 3739 4017 
7414 623 3804 4049 
7415 4144 2908 4264 
7416 3038 3913 3943 
7417 2357 3658 4105 
7418 2704 2903 4219 
7419 3971 3482 4217 
7420 3009 3662 4107 
7421 3800 3222 4092 
7422 3848 3480 4219 
7423 2436 3806 4098 
7424 4074 3535 4231 
7425 3292 3659 4249 
7426 3820 358 4025 
7427 3659 3857 4072 
7428 3683 2742 4192 
7429 2335 3755 4041 
7430 555 4122 4134 
7431 2552 3983 4170 
7432 3945 3256 4159 
7433 3430 3805 4164 
7434 3671 2897 4251 
7435 3805 3068 4153 
7436 3753 2701 4150 
7437 3671 2890 4264 
7438 3796 2357 4105 
7439 3794 3942 4148 
7440 3853 2297 4246 
7441 3835 3163 4237 
7442 232 3739 4024 
7443 3432 3799 4092 
7444 3068 4094 4153 
7445 2492 3795 4097 
7446 3936 77 4113 
7447 2887 3749 4245 
7448 3778 2669 4191 
7449 3791 3027 4139 
7450 3919 2384 4095 
7451 605 4046 4250 
7452 2797 3454 4220 
7453 632 3384 3898 
7454 2569 3868 4046 
7455 3771 3388 4147 
7456 2861 3835 4237 
7457 3935 2800 4030 
7458 3923 3069 4008 
7459 3009 4107 4238 
7460 3858 3698 4222 
7461 3786 3192 4256 
7462 3467 3752 4262 
7463 3948 3662 4120 
7464 3825 2766 4108 
7465 2786 3826 4131 
7466 2334 3820 4175 
7467 3768 4042 4093 
7468 4022 2296 4243 
7469 3811 3157 4155 
7470 4102 3126 4142 
7471 3803 3152 4188 
7472 3128 3810 4242 
7473 3731 2496 4148 
7474 3104 3919 4095 
7475 2889 3881 4082 
7476 3138 3941 4176 
7477 2539 4178 4222 
7478 2833 3803 4188 
7479 4107 2586 4248 
7480 2535 3997 4128 
7481 2406 3341 4236 
7482 2615 3872 4212 
7483 3232 3727 4212 
7484 3886 2815 4249 
7485 97 3846 4234 
7486 3827 3133 4228 
7487 3079 3952 4195 
7488 3997 2535 4037 
7489 2815 3920 4193 
7490 3113 3997 4037 
7491 3875 3007 4183 
7492 662 4096 4260 
7493 2539 3697 4178 
7494 3945 2321 4204 
7495 3630 3631 4205 
7496 2657 3786 4256 
7497 3883 3267 4122 
7498 3698 2539 4222 
7499 2909 3906 4221 
7500 2705 4102 4142 
7501 3915 2738 4201 
7502 3904 3774 4153 
7503 3966 3488 4254 
7504 3210 4129 4214 
7505 3280 4099 4194 
7506 3974 2584 4080 
7507 4129 2719 4214 
7508 4042 2617 4093 
7509 3185 3827 4228 
7510 3767 3466 4262 
7511 3942 3148 4148 
7512 3914 2572 4183 
7513 4103 2577 4263 
7514 3964 3321 4045 
7515 638 3948 4120 
7516 3236 3915 4201 
7517 3900 3134 4230 
7518 3941 601 4176 
7519 3048 4131 4229 
7520 3983 2947 4170 
7521 4178 3667 4222 
7522 3960 2672 4161 
7523 2321 3702 4204 
7524 3928 3128 4242 
7525 3656 3971 4217 
7526 2529 4083 4182 
7527 4083 3620 4182 
7528 3029 3988 4229 
7529 3391 4123 4154 
7530 4123 3052 4154 
7531 2810 3978 4240 
7532 3124 3966 4254 
7533 4088 3117 4187 
7534 3359 3945 4159 
7535 2436 4088 4187 
7536 4099 3096 4194 
7537 2960 4022 4243 
7538 3810 4200 4242 
7539 4096 3140 4260 
7540 3308 4144 4264 
7541 4197 2469 4239 
7542 3134 4197 4239 
7543 4200 2635 4242 
7544 3201 3945 4204 
7545 178 179 3911 
7546 634 635 3745 
7547 98 99 3761 
2 14 2 2206
7548 4560 5059 4805 
7549 1295 5161 1294 
7550 4760 4761 4628 
7551 4699 5161 1295 
7552 4284 4857 4325 
7553 4822 5008 4583 
7554 1231 4679 4321 
7555 4783 5172 4302 
7556 4719 4720 1138 
7557 4712 4796 4308 
7558 4705 5172 4783 
7559 4746 5125 4584 
7560 1139 4719 1138 
7561 1138 4720 1137 
7562 4792 5039 4292 
7563 1125 4736 4271 
7564 4805 5059 4816 
7565 4720 5152 1137 
7566 1335 5117 4814 
7567 4639 4996 4848 
7568 1252 5012 1251 
7569 4781 5133 4681 
7570 1252 5056 5012 
7571 1244 1242 1243 
7572 4682 5081 1343 
7573 1149 5044 1148 
7574 4806 4817 4282 
7575 1231 4321 1230 
7576 5068 5111 4680 
7577 5004 5098 4323 
7578 1335 4814 1334 
7579 4539 4870 4713 
7580 4681 5066 4781 
7581 4736 4738 4271 
7582 5047 5080 4890 
7583 4872 5122 4734 
7584 4294 5069 4788 
7585 4445 4873 4440 
7586 4766 4864 4697 
7587 4985 5023 4804 
7588 4827 4828 4548 
7589 4713 4871 4539 
7590 1199 5082 1198 
7591 4659 5221 4772 
7592 4323 5098 4842 
7593 1156 5111 1155 
7594 1121 4751 4281 
7595 4772 5221 4811 
7596 4585 4820 4768 
7597 4511 4985 4804 
7598 4606 5074 4871 
7599 1277 5115 4728 
7600 1165 5125 4746 
7601 1250 4822 1249 
7602 4728 5114 1277 
7603 4584 5052 4746 
7604 1229 5121 1228 
7605 4274 4848 4712 
7606 4828 5062 4548 
7607 4270 4833 4633 
7608 4637 5084 5021 
7609 4782 5024 4293 
7610 4718 5182 4646 
7611 4817 5050 4282 
7612 4782 5101 5024 
7613 4741 5103 4443 
7614 4871 5074 4873 
7615 4302 5007 4783 
7616 4631 5219 4795 
7617 4751 4752 4281 
7618 4785 5008 4822 
7619 4784 5046 4649 
7620 4761 4762 4628 
7621 4285 4802 4765 
7622 4301 4819 4818 
7623 1343 5081 4826 
7624 4795 5219 4767 
7625 4578 4947 4793 
7626 4628 4866 4760 
7627 4278 5031 4761 
7628 1280 4750 4733 
7629 4528 5047 4890 
7630 1308 4832 4826 
7631 4781 5231 4726 
7632 4646 4770 1255 
7633 4661 4677 1171 
7634 4734 5036 4872 
7635 4848 4996 4630 
7636 5021 5084 4723 
7637 4643 5111 5068 
7638 5086 5221 4659 
7639 4658 5086 4659 
7640 4857 5015 4325 
7641 1144 5120 1143 
7642 4780 5231 4781 
7643 4649 4855 4784 
7644 4765 4850 4285 
7645 4960 5118 4837 
7646 4797 4799 4748 
7647 4825 5064 4682 
7648 4308 4825 4682 
7649 4688 4779 4641 
7650 4301 5038 4819 
7651 4646 5132 4718 
7652 1249 4822 4583 
7653 4657 4706 4288 
7654 1299 5150 1298 
7655 1155 5111 4643 
7656 1357 4857 4284 
7657 4828 5102 4654 
7658 4697 5041 4766 
7659 4652 4653 4313 
7660 4843 5039 4792 
7661 4321 5121 1229 
7662 4289 5046 4784 
7663 1290 4774 4279 
7664 5024 5101 4642 
7665 1281 5145 4750 
7666 4643 5068 1153 
7667 4291 4657 1350 
7668 1306 4632 1305 
7669 1163 4644 1162 
7670 1150 5044 1149 
7671 4739 4824 4271 
7672 1298 5150 4634 
7673 4713 4870 4662 
7674 1348 5123 4683 
7675 4440 4873 4441 
7676 4858 5052 4584 
7677 4742 4824 4739 
7678 4780 4781 4299 
7679 4788 5069 4790 
7680 1157 4780 4299 
7681 1193 4782 4293 
7682 5079 5120 1144 
7683 1271 4785 4714 
7684 1163 5151 4644 
7685 4291 5048 4657 
7686 4772 4854 4659 
7687 4850 4950 4577 
7688 4815 5140 4311 
7689 1280 4733 1279 
7690 4817 5051 4318 
7691 4820 5156 4768 
7692 1306 5064 4632 
7693 4774 4840 4279 
7694 4793 4948 4578 
7695 4639 4848 4847 
7696 1244 5088 1242 
7697 5145 5200 4750 
7698 1172 4661 1171 
7699 4796 4825 4308 
7700 1297 5119 1296 
7701 4318 5050 4817 
7702 4443 5067 4741 
7703 4274 4712 1346 
7704 1161 4723 1160 
7705 4785 4822 4714 
7706 4768 5156 4310 
7707 4529 5118 4960 
7708 5011 5096 4268 
7709 1154 4643 1153 
7710 4801 4823 4800 
7711 4768 5053 4585 
7712 1244 5093 5088 
7713 4684 5052 4858 
7714 1344 4682 1343 
7715 4311 5092 4815 
7716 4770 5094 5034 
7717 1112 4694 1111 
7718 4314 5122 4872 
7719 1349 4657 4288 
7720 1126 4736 1125 
7721 4814 5117 4688 
7722 4783 5130 4705 
7723 4656 5044 1150 
7724 1174 4652 4313 
7725 1151 4656 1150 
7726 4269 4818 4776 
7727 1318 4688 4641 
7728 4784 4855 4265 
7729 4318 5082 1199 
7730 1345 4712 4308 
7731 5089 5128 4721 
7732 1308 4826 1307 
7733 1182 4833 4270 
7734 4317 5107 5032 
7735 4539 4873 4445 
7736 4298 4689 1179 
7737 1339 4795 4767 
7738 4793 4947 4877 
7739 5034 5094 4322 
7740 4810 4820 4585 
7741 4723 5084 1160 
7742 1247 5128 5089 
7743 4788 5143 4294 
7744 4521 5099 5075 
7745 1237 4687 1236 
7746 4801 5136 4823 
7747 4478 5036 4734 
7748 4849 5217 5071 
7749 1119 4811 4791 
7750 4692 5217 4849 
7751 4654 5062 4828 
7752 4638 4841 4829 
7753 1348 4683 1347 
7754 1113 5031 4278 
7755 4707 5087 4940 
7756 4694 5179 1111 
7757 1165 4746 1164 
7758 1296 5119 4699 
7759 4298 4846 4786 
7760 4273 4841 4807 
7761 1131 4800 4296 
7762 4728 5206 5121 
7763 4740 5103 4741 
7764 5115 5206 4728 
7765 4709 4710 4303 
7766 4289 4784 1304 
7767 1234 4831 1233 
7768 4800 4823 4296 
7769 4798 5109 4482 
7770 4341 4854 4342 
7771 4298 5134 4689 
7772 4710 5079 4794 
7773 4940 5163 4707 
7774 4646 5094 4770 
7775 1268 4813 1267 
7776 4871 4872 4606 
7777 4482 5146 4798 
7778 4799 5014 4748 
7779 5126 5134 4700 
7780 4314 4872 4713 
7781 1120 4811 1119 
7782 4793 5150 4948 
7783 1281 4750 1280 
7784 1253 4813 1252 
7785 4809 5137 4305 
7786 4729 4756 1301 
7787 4646 5182 5094 
7788 1292 4818 4269 
7789 5029 5144 4677 
7790 4683 4847 4274 
7791 4292 5154 4792 
7792 5083 5144 5029 
7793 4794 5196 4710 
7794 1122 4751 1121 
7795 4750 5200 4582 
7796 1250 5141 4822 
7797 4843 5019 4316 
7798 4582 5206 4750 
7799 4652 5126 4700 
7800 5031 5177 4761 
7801 4634 5150 4793 
7802 5100 5147 4698 
7803 4681 5133 4844 
7804 5008 5058 4583 
7805 1223 4821 4655 
7806 1245 5093 1244 
7807 4765 4950 4850 
7808 4638 4850 4577 
7809 4786 5134 4298 
7810 4735 4736 1126 
7811 1176 5171 5126 
7812 4826 4832 1342 
7813 1160 4764 1159 
7814 4288 5123 1348 
7815 1324 4812 4724 
7816 1198 5082 4275 
7817 4807 4841 4638 
7818 4843 5049 5019 
7819 4734 5193 4478 
7820 4813 5056 1252 
7821 4819 5080 5047 
7822 4818 4819 4776 
7823 4959 5186 4575 
7824 1176 5126 1175 
7825 5051 5186 4959 
7826 1224 4821 1223 
7827 4790 5096 5011 
7828 1325 4812 1324 
7829 4849 4891 4568 
7830 4778 5004 4851 
7831 4303 4719 1139 
7832 4821 4852 4655 
7833 1237 5174 4687 
7834 1137 5152 4637 
7835 1197 4845 1196 
7836 4833 5184 4633 
7837 1140 4709 4303 
7838 4767 4768 4310 
7839 1303 4784 4265 
7840 4317 5032 1235 
7841 4845 5102 4828 
7842 4641 4820 4810 
7843 4807 4865 4273 
7844 5024 5229 4293 
7845 4748 5214 4797 
7846 5075 5099 4730 
7847 4304 5113 4802 
7848 4872 5036 4606 
7849 4802 5190 4304 
7850 1234 5211 4831 
7851 4683 5040 4847 
7852 4829 4850 4638 
7853 4795 5106 4631 
7854 1123 4824 4277 
7855 1302 4729 1301 
7856 1255 4770 1254 
7857 4286 5072 4958 
7858 1145 4794 1144 
7859 1355 4842 1354 
7860 4275 4845 1197 
7861 4778 4851 4291 
7862 4679 4728 4321 
7863 5032 5107 4703 
7864 5017 5044 4656 
7865 1127 4735 1126 
7866 4703 5107 5008 
7867 4286 4759 4735 
7868 5129 5233 5001 
7869 4724 5147 5100 
7870 4320 5192 5166 
7871 1224 5185 4821 
7872 1309 4832 1308 
7873 1128 5072 4286 
7874 4659 4854 4341 
7875 4320 5166 5078 
7876 4342 4854 4345 
7877 1272 4785 1271 
7878 4302 5179 5007 
7879 1351 4778 4291 
7880 4851 5004 4620 
7881 4877 4947 4491 
7882 4771 5055 1321 
7883 1341 4832 4769 
7884 1153 5068 1152 
7885 4844 5076 4681 
7886 4268 5138 5011 
7887 4832 5239 4769 
7888 4770 5034 4701 
7889 4830 5049 4304 
7890 4738 4739 4271 
7891 4822 5141 4714 
7892 1291 4774 1290 
7893 1338 4767 4310 
7894 4726 5133 4781 
7895 4848 5195 4712 
7896 5137 5151 4305 
7897 4980 5063 4296 
7898 4290 4858 1169 
7899 5008 5107 5058 
7900 1194 4782 1193 
7901 1208 5217 1207 
7902 1207 5217 4692 
7903 1158 4780 1157 
7904 5023 5153 4804 
7905 4271 4824 1124 
7906 4680 5111 5066 
7907 1221 4830 4304 
7908 4641 4810 1317 
7909 1268 5056 4813 
7910 4803 4827 4266 
7911 4804 5060 4511 
7912 4632 5064 4825 
7913 4751 4753 4752 
7914 4752 4772 4281 
7915 1114 5031 1113 
7916 5089 5174 5085 
7917 4281 4811 1120 
7918 5182 5210 5033 
7919 4648 4995 4865 
7920 4747 4840 4748 
7921 4821 5185 1283 
7922 4771 5187 5055 
7923 1116 4838 4319 
7924 1115 5031 1114 
7925 1118 4791 4283 
7926 1132 4800 1131 
7927 4329 4866 4330 
7928 1216 4841 4273 
7929 4750 5206 4733 
7930 4706 4707 4288 
7931 1340 4795 1339 
7932 4652 4700 4653 
7933 4545 5135 4650 
7934 4648 5030 4995 
7935 1327 4812 1326 
7936 4265 4855 4730 
7937 1309 5239 4832 
7938 4661 5204 4677 
7939 1168 4858 4584 
7940 1160 5084 4764 
7941 4816 5059 4575 
7942 5088 5093 4676 
7943 1336 5222 4779 
7944 4865 4995 4273 
7945 4695 5124 5093 
7946 4778 5098 5004 
7947 5203 5226 5104 
7948 4513 4949 4515 
7949 4856 5030 4648 
7950 1294 5161 4301 
7951 4779 5117 1336 
7952 4702 5072 5063 
7953 4839 5233 5129 
7954 4766 5162 4864 
7955 4865 4874 4611 
7956 1195 4803 4266 
7957 1196 4845 4803 
7958 4838 5127 4319 
7959 4677 5144 1171 
7960 4714 5012 1270 
7961 4660 5091 4835 
7962 4650 5135 5048 
7963 4296 5191 4980 
7964 4676 5124 1240 
7965 4769 5106 4795 
7966 4837 5110 4960 
7967 4811 5221 4791 
7968 1240 5124 1239 
7969 4847 4848 4274 
7970 1217 4841 1216 
7971 1284 4852 4821 
7972 4891 5071 4727 
7973 4285 4850 4829 
7974 4697 4864 1210 
7975 1210 4864 1209 
7976 4710 4711 4303 
7977 1307 5081 1306 
7978 4829 4841 1217 
7979 4836 5207 4879 
7980 1256 4646 1255 
7981 4330 4866 4628 
7982 4713 4872 4871 
7983 4890 5080 5077 
7984 4580 4866 4329 
7985 4779 5156 4641 
7986 4948 4949 4578 
7987 4279 5054 1289 
7988 4871 4873 4539 
7989 4735 4737 4736 
7990 1293 4818 1292 
7991 4285 5190 4802 
7992 4444 5236 5023 
7993 4582 5200 1227 
7994 1246 5089 5085 
7995 4756 5203 1301 
7996 4666 5009 4853 
7997 4835 5164 4660 
7998 5023 5236 4773 
7999 4316 5039 4843 
8000 4578 4949 4513 
8001 1358 4857 1357 
8002 4807 4874 4865 
8003 4515 4949 4945 
8004 4299 5111 1156 
8005 1306 5081 5064 
8006 4700 5134 4786 
8007 4853 5009 4597 
8008 4741 5067 4743 
8009 4648 4865 4611 
8010 4335 5129 5001 
8011 1354 4842 1353 
8012 4870 5237 4662 
8013 1355 5235 4842 
8014 4849 5071 4891 
8015 1222 4830 1221 
8016 1147 5017 1146 
8017 4637 5152 5084 
8018 1218 4829 1217 
8019 4718 5210 5182 
8020 4282 5166 4806 
8021 1183 4833 1182 
8022 4794 5079 1144 
8023 4293 5229 5035 
8024 4283 5086 4839 
8025 4852 5019 4655 
8026 1147 5044 5017 
8027 5077 5080 4691 
8028 4879 5207 4789 
8029 1117 4838 1116 
8030 4738 4740 4739 
8031 5061 5204 4661 
8032 1263 4808 1262 
8033 1111 5179 4302 
8034 4824 5148 4277 
8035 1288 5054 4292 
8036 4686 5049 4843 
8037 4752 5043 4772 
8038 5130 5180 4705 
8039 1330 4698 1329 
8040 4753 4754 4752 
8041 4803 4828 4827 
8042 4772 4811 4281 
8043 4293 5035 1192 
8044 1301 5203 1300 
8045 4844 5196 5076 
8046 4629 5027 4998 
8047 1241 4676 1240 
8048 4311 5140 4801 
8049 4712 5195 4796 
8050 4709 5079 4710 
8051 4651 5211 4703 
8052 1319 4688 1318 
8053 4747 5201 4840 
8054 1179 4689 1178 
8055 4700 4704 4653 
8056 4641 5156 4820 
8057 4316 4852 1285 
8058 4933 4998 4664 
8059 1317 4810 1316 
8060 4933 5003 4665 
8061 4665 5009 4666 
8062 4491 5042 4877 
8063 5003 5009 4665 
8064 5140 5151 5137 
8065 4769 5239 5106 
8066 4943 5000 4670 
8067 1171 5144 1170 
8068 4664 5003 4933 
8069 1116 4319 1115 
8070 4412 4943 4859 
8071 4859 4964 4412 
8072 1278 5115 1277 
8073 4637 5021 1136 
8074 4597 5011 4853 
8075 4754 5043 4752 
8076 4710 4844 4711 
8077 4412 5000 4943 
8078 4367 4946 4861 
8079 4735 4759 4737 
8080 4861 4946 4862 
8081 4863 4923 4369 
8082 4912 4988 4913 
8083 4703 5211 5032 
8084 1141 4709 1140 
8085 4427 4898 4862 
8086 4680 5066 4681 
8087 4912 4923 4667 
8088 4862 4946 4427 
8089 4667 4923 4863 
8090 1254 4770 4701 
8091 1168 4584 1167 
8092 4808 5210 1260 
8093 4913 4988 4621 
8094 4711 4719 4303 
8095 1174 4313 1173 
8096 4427 4957 4898 
8097 4667 4988 4912 
8098 4898 4957 4895 
8099 1352 4778 1351 
8100 4379 4897 4377 
8101 4763 5173 4860 
8102 1259 4718 1258 
8103 4416 4896 4895 
8104 4895 4957 4416 
8105 4654 5102 4959 
8106 4733 5115 1278 
8107 4738 4773 4740 
8108 4918 5020 4967 
8109 4927 4989 4986 
8110 4655 5019 4830 
8111 4740 4741 4739 
8112 4283 4838 1117 
8113 4283 4839 4838 
8114 4627 5006 5002 
8115 5002 5006 4671 
8116 5063 5072 1129 
8117 1189 5096 5069 
8118 4585 5149 4810 
8119 4753 4755 4754 
8120 4914 5016 4916 
8121 4840 5214 4748 
8122 1351 4291 1350 
8123 4860 5173 1275 
8124 5093 5124 4676 
8125 1322 4771 1321 
8126 4998 5027 4664 
8127 4316 5019 4852 
8128 4377 4897 4416 
8129 4803 4845 4828 
8130 4526 4875 4579 
8131 5012 5056 1269 
8132 4579 4874 4807 
8133 4529 5097 4984 
8134 4333 4972 4331 
8135 4869 4927 4411 
8136 4889 5157 5083 
8137 4869 4971 4668 
8138 4579 4875 4874 
8139 4704 4734 4653 
8140 1314 4585 1313 
8141 1363 4309 1362 
8142 4369 4992 4863 
8143 4927 4986 4411 
8144 4670 5000 4861 
8145 4411 4971 4869 
8146 4295 4857 1358 
8147 4671 5005 4859 
8148 4416 4897 4896 
8149 1359 4295 1358 
8150 4671 5006 5005 
8151 1228 4582 1227 
8152 1175 4652 1174 
8153 1238 4695 1237 
8154 4759 4804 4737 
8155 4880 4932 4882 
8156 4855 5075 4730 
8157 4531 4996 4639 
8158 4388 4878 4385 
8159 4669 4987 4887 
8160 1276 4860 1275 
8161 4627 4999 4531 
8162 4531 4999 4996 
8163 12 4705 1364 
8164 4986 4989 4897 
8165 4627 5002 4999 
8166 1184 4287 1183 
8167 4392 4885 4867 
8168 4393 4885 4392 
8169 4700 4786 4704 
8170 1324 4724 1323 
8171 4859 5005 4964 
8172 4379 4986 4897 
8173 4644 5151 5140 
8174 1228 5121 4582 
8175 4287 4833 1183 
8176 1207 4300 1206 
8177 4392 4878 4388 
8178 1284 4821 1283 
8179 4398 4885 4393 
8180 4867 4878 4392 
8181 4366 4992 4369 
8182 4362 4881 4425 
8183 4565 4883 4563 
8184 4425 5010 4992 
8185 4884 4899 4407 
8186 4287 4834 4833 
8187 4398 4886 4885 
8188 4879 4963 4477 
8189 1209 4272 1208 
8190 4876 4884 4610 
8191 1213 4297 1212 
8192 4563 4883 4610 
8193 4610 4883 4876 
8194 4306 4794 1145 
8195 4612 4961 4905 
8196 4615 4963 4879 
8197 4429 4993 4983 
8198 4498 4998 4933 
8199 4880 4882 4881 
8200 4450 4870 4539 
8201 4337 4972 4333 
8202 4711 4726 4719 
8203 1180 4298 1179 
8204 4887 4987 4571 
8205 4881 4882 4425 
8206 4360 4881 4362 
8207 4861 5000 4367 
8208 4905 4961 4884 
8209 4398 4930 4886 
8210 4526 4983 4875 
8211 4668 4971 4878 
8212 4378 4919 4380 
8213 4918 4920 4919 
8214 4380 4919 4386 
8215 1349 4288 1348 
8216 4741 4742 4739 
8217 1204 4320 1203 
8218 4905 4974 4612 
8219 4450 4539 4445 
8220 1304 4784 1303 
8221 1319 4814 4688 
8222 4407 4905 4884 
8223 4873 5074 4441 
8224 4876 4899 4884 
8225 1137 4637 1136 
8226 4920 4967 4922 
8227 4612 4974 4926 
8228 1170 4290 1169 
8229 4916 5016 4537 
8230 1128 4286 1127 
8231 4446 4450 4445 
8232 1135 4745 1134 
8233 4898 4934 4862 
8234 4438 4440 4439 
8235 1211 4697 1210 
8236 4967 5020 4503 
8237 1294 4301 1293 
8238 1146 4306 1145 
8239 4330 4628 4332 
8240 4878 4971 4385 
8241 4917 4919 4378 
8242 4967 5022 4922 
8243 1254 4701 1253 
8244 4545 4650 4337 
8245 4456 4606 4458 
8246 1273 4307 1272 
8247 4509 4870 4450 
8248 4267 5104 4948 
8249 4438 4439 4437 
8250 4440 4441 4439 
8251 4436 4438 4437 
8252 4327 4329 4328 
8253 1300 4267 1299 
8254 1271 4714 1270 
8255 4615 4879 4789 
8256 4918 4967 4920 
8257 4376 4917 4378 
8258 1350 4657 1349 
8259 4311 4801 4800 
8260 4436 4437 4432 
8261 4401 4881 4360 
8262 4680 4681 4678 
8263 4369 4923 4370 
8264 4456 4458 4457 
8265 4930 4952 4672 
8266 4919 4920 4386 
8267 4359 4401 4360 
8268 4883 4987 4669 
8269 4312 4680 4678 
8270 4566 4891 4727 
8271 4458 4478 4459 
8272 1124 4824 1123 
8273 1118 4283 1117 
8274 4607 4934 4898 
8275 1188 4294 1187 
8276 4615 4789 4788 
8277 4389 4912 4911 
8278 1202 4282 1201 
8279 4912 4913 4911 
8280 4741 4743 4742 
8281 4442 4445 4440 
8282 4432 4880 4401 
8283 4389 4911 4910 
8284 4649 4902 4588 
8285 4357 4359 4358 
8286 1133 4311 1132 
8287 4453 4456 4455 
8288 4362 4425 4364 
8289 4512 4963 4615 
8290 1152 4312 1151 
8291 4407 4899 4405 
8292 4301 4818 1293 
8293 4485 4890 4487 
8294 4451 4509 4450 
8295 1121 4281 1120 
8296 1198 4275 1197 
8297 4708 4846 4602 
8298 4389 4910 4372 
8299 4358 4900 4356 
8300 1303 4265 1302 
8301 4286 4735 1127 
8302 4366 4369 4368 
8303 4640 4925 4924 
8304 4976 4981 4402 
8305 1236 4687 4317 
8306 4352 4901 4418 
8307 4894 4906 4516 
8308 4529 4960 4469 
8309 1347 4274 1346 
8310 4924 4925 4347 
8311 4687 4721 4317 
8312 4405 4899 4408 
8313 4398 4952 4930 
8314 4896 4906 4894 
8315 4616 4978 4930 
8316 4418 4901 4627 
8317 4389 4923 4912 
8318 4370 4923 4389 
8319 4435 4436 4432 
8320 4672 4904 4614 
8321 4543 4965 4541 
8322 1131 4296 1130 
8323 1191 4268 1190 
8324 4361 4900 4358 
8325 4265 4730 4729 
8326 4359 4360 4358 
8327 4311 4800 1132 
8328 4431 4432 4401 
8329 4880 4881 4401 
8330 1343 4826 1342 
8331 4489 4907 4486 
8332 4357 4358 4356 
8333 4485 4487 4486 
8334 4403 4892 4407 
8335 4523 4535 4522 
8336 4348 4924 4347 
8337 4897 4989 4896 
8338 4884 4961 4610 
8339 1119 4791 1118 
8340 1207 4692 4300 
8341 4521 4523 4522 
8342 4556 4926 4553 
8343 4904 4944 4614 
8344 4355 4356 4354 
8345 4486 4907 4484 
8346 4555 4557 4556 
8347 1236 4317 1235 
8348 4635 4877 4690 
8349 1209 4864 4272 
8350 4487 4488 4486 
8351 1193 4293 1192 
8352 4355 4357 4356 
8353 4612 4926 4556 
8354 1273 4651 4307 
8355 4485 4486 4484 
8356 4555 4556 4553 
8357 4562 4568 4564 
8358 4483 4485 4484 
8359 4554 4555 4553 
8360 1159 4315 1158 
8361 4557 4559 4558 
8362 4892 4905 4407 
8363 4562 4893 4568 
8364 4433 4983 4526 
8365 4589 4928 4536 
8366 4914 4916 4915 
8367 4484 4903 4481 
8368 4564 4891 4566 
8369 4265 4729 1302 
8370 4663 4928 4589 
8371 4426 4917 4376 
8372 4438 4442 4440 
8373 4614 4944 4447 
8374 4446 4451 4450 
8375 4430 4669 4617 
8376 4559 4562 4561 
8377 4672 4938 4904 
8378 4876 4883 4669 
8379 4588 4589 4536 
8380 4488 4491 4490 
8381 4566 4727 4569 
8382 4356 4479 4354 
8383 4512 4615 4598 
8384 4535 4670 4605 
8385 4607 4898 4895 
8386 1341 4769 1340 
8387 4521 4522 4520 
8388 1233 4831 4763 
8389 4519 4520 4518 
8390 4408 4899 4430 
8391 1196 4803 1195 
8392 1288 4292 1287 
8393 4616 4930 4672 
8394 4356 4900 4479 
8395 4351 4924 4348 
8396 4520 4607 4518 
8397 1125 4271 1124 
8398 4437 4880 4432 
8399 4929 4975 4969 
8400 4568 4891 4564 
8401 4430 4876 4669 
8402 4523 4536 4535 
8403 4562 4564 4563 
8404 4517 4518 4516 
8405 4520 4934 4607 
8406 4601 4809 4647 
8407 4862 4934 4605 
8408 1159 4764 4315 
8409 4484 4907 4903 
8410 4528 4890 4485 
8411 1157 4299 1156 
8412 1169 4858 1168 
8413 4588 4902 4590 
8414 4600 4889 4594 
8415 4623 4625 4624 
8416 4557 4558 4556 
8417 4983 4993 4875 
8418 4625 4796 4630 
8419 4533 4931 4675 
8420 4418 4531 4530 
8421 4404 4938 4400 
8422 4932 4982 4882 
8423 4355 4909 4357 
8424 4969 4975 4921 
8425 4434 4935 4424 
8426 4587 4649 4588 
8427 4374 4910 4426 
8428 4559 4893 4562 
8429 4354 4901 4352 
8430 4491 4492 4490 
8431 4670 4861 4605 
8432 4552 4553 4551 
8433 4623 4725 4625 
8434 1285 4852 1284 
8435 4911 4914 4910 
8436 4483 4484 4481 
8437 1195 4266 1194 
8438 4605 4934 4522 
8439 4269 4776 4775 
8440 4776 4777 4775 
8441 4516 4906 4514 
8442 1265 4322 1264 
8443 4910 4914 4426 
8444 4352 4418 4351 
8445 4786 4787 4704 
8446 4608 4908 4869 
8447 4519 4521 4520 
8448 4904 4938 4404 
8449 4531 4639 4530 
8450 4403 4404 4400 
8451 4308 4682 1344 
8452 4424 4935 4428 
8453 4456 4457 4455 
8454 4488 4490 4489 
8455 4535 4605 4522 
8456 4517 4519 4518 
8457 4402 4892 4403 
8458 4601 4647 4600 
8459 4384 4929 4387 
8460 4359 4431 4401 
8461 4403 4407 4405 
8462 4402 4403 4400 
8463 4410 4629 4496 
8464 4481 4903 4480 
8465 4559 4561 4558 
8466 1216 4273 1215 
8467 4500 4933 4665 
8468 4859 4943 4663 
8469 4588 4590 4589 
8470 4639 4847 4640 
8471 4514 4906 4604 
8472 4551 4926 4618 
8473 4547 4931 4533 
8474 4370 4389 4372 
8475 4437 4932 4880 
8476 4607 4895 4894 
8477 1221 4304 1220 
8478 4372 4910 4374 
8479 4374 4426 4376 
8480 4436 4888 4438 
8481 4418 4530 4351 
8482 4369 4370 4368 
8483 1346 4712 1345 
8484 4430 4617 4413 
8485 4408 4430 4413 
8486 4553 4926 4551 
8487 4747 4748 4613 
8488 4287 4835 4834 
8489 4564 4566 4565 
8490 1223 4655 1222 
8491 4669 4887 4617 
8492 4536 4928 4535 
8493 4623 4624 4622 
8494 4587 4588 4536 
8495 4590 4623 4622 
8496 4347 4940 4344 
8497 4518 4894 4516 
8498 4350 4352 4351 
8499 4535 4928 4670 
8500 1200 4318 1199 
8501 4554 4575 4555 
8502 4595 4613 4527 
8503 4494 4908 4608 
8504 4671 4859 4663 
8505 4513 4514 4506 
8506 4908 4927 4869 
8507 4743 4744 4742 
8508 4560 4893 4559 
8509 4360 4362 4361 
8510 4480 4614 4447 
8511 4480 4616 4614 
8512 4557 4560 4559 
8513 4480 4903 4616 
8514 4410 4929 4629 
8515 4639 4640 4530 
8516 4551 4618 4550 
8517 4362 4364 4363 
8518 4625 4630 4624 
8519 4387 4929 4410 
8520 4266 4782 1194 
8521 4498 4933 4500 
8522 4461 4508 4463 
8523 4549 4551 4550 
8524 1339 4767 1338 
8525 4483 4528 4485 
8526 4663 4943 4928 
8527 4591 4663 4589 
8528 4448 4480 4447 
8529 4418 4627 4531 
8530 4914 4915 4426 
8531 4492 4494 4493 
8532 4448 4481 4480 
8533 4350 4351 4348 
8534 4421 4936 4429 
8535 1312 4631 1311 
8536 1347 4683 4274 
8537 4552 4554 4553 
8538 4488 4489 4486 
8539 4403 4405 4404 
8540 4420 4447 4415 
8541 4438 4888 4442 
8542 4595 4747 4613 
8543 4920 4922 4921 
8544 4590 4902 4623 
8545 4549 4550 4547 
8546 4506 4908 4494 
8547 4594 4965 4543 
8548 4344 4940 4343 
8549 4527 4935 4434 
8550 4562 4563 4561 
8551 4353 4354 4352 
8552 4925 4940 4347 
8553 4615 4788 4598 
8554 4514 4604 4506 
8555 4430 4899 4876 
8556 4616 4672 4614 
8557 1290 4279 1289 
8558 1286 4316 1285 
8559 4777 4798 4797 
8560 4505 4506 4494 
8561 4482 4483 4481 
8562 4420 4448 4447 
8563 4604 4927 4908 
8564 4441 4452 4439 
8565 4515 4516 4514 
8566 1219 4285 1218 
8567 4500 4665 4544 
8568 4391 4392 4388 
8569 4618 4673 4550 
8570 4565 4987 4883 
8571 4515 4517 4516 
8572 4447 4944 4415 
8573 4458 4459 4457 
8574 4608 4869 4668 
8575 4400 4938 4397 
8576 4467 4529 4469 
8577 4647 4684 4600 
8578 4550 4931 4547 
8579 4492 4505 4494 
8580 4269 4775 4774 
8581 4522 4934 4520 
8582 4537 5016 5013 
8583 4666 4853 4732 
8584 4364 4366 4365 
8585 4590 4591 4589 
8586 4607 4894 4518 
8587 4673 4931 4550 
8588 4542 4645 4592 
8589 4591 4671 4663 
8590 4930 4978 4886 
8591 4285 4829 1218 
8592 4777 4797 4775 
8593 4406 4944 4904 
8594 4491 4947 4492 
8595 4548 4549 4547 
8596 4353 4355 4354 
8597 4564 4565 4563 
8598 4613 4935 4527 
8599 1292 4269 1291 
8600 4538 4595 4527 
8601 4895 4896 4894 
8602 4920 4921 4386 
8603 4505 4513 4506 
8604 4442 4446 4445 
8605 4533 4675 4502 
8606 4496 4498 4497 
8607 4419 4420 4415 
8608 4640 4924 4530 
8609 4424 4428 4422 
8610 4861 4862 4605 
8611 4525 4527 4434 
8612 4590 4622 4591 
8613 4596 4966 4856 
8614 4530 4924 4351 
8615 4414 4415 4409 
8616 4623 4902 4725 
8617 4836 4837 4834 
8618 4479 4901 4354 
8619 4380 4386 4382 
8620 4549 4552 4551 
8621 4926 4974 4618 
8622 4448 4482 4481 
8623 4887 4990 4937 
8624 4686 4792 4574 
8625 4391 4393 4392 
8626 4494 4608 4493 
8627 4655 4830 1222 
8628 4441 4453 4452 
8629 4421 4429 4423 
8630 4684 4889 4600 
8631 4409 4944 4406 
8632 4492 4493 4490 
8633 4792 4941 4574 
8634 4406 4904 4404 
8635 4595 4749 4747 
8636 4798 4799 4797 
8637 4558 4612 4556 
8638 4410 4496 4495 
8639 4375 4957 4373 
8640 4269 4774 1291 
8641 4546 4547 4533 
8642 4428 4942 4422 
8643 4362 4363 4361 
8644 4573 4765 4685 
8645 1345 4308 1344 
8646 4364 4365 4363 
8647 4346 4347 4344 
8648 4525 4538 4527 
8649 4420 4939 4448 
8650 4604 4908 4506 
8651 4405 4406 4404 
8652 4701 4813 1253 
8653 4395 4398 4393 
8654 4366 4368 4367 
8655 4673 4977 4931 
8656 4513 4515 4514 
8657 4928 4943 4670 
8658 4936 4937 4429 
8659 4496 4497 4495 
8660 4414 4419 4415 
8661 4596 4856 4648 
8662 4546 4548 4547 
8663 4270 4602 1181 
8664 4896 4989 4906 
8665 4538 4941 4595 
8666 4665 4666 4544 
8667 4396 4417 4399 
8668 4399 4400 4397 
8669 4433 4526 4524 
8670 4523 4587 4536 
8671 4365 4412 4363 
8672 4668 4878 4867 
8673 4765 4802 4685 
8674 4373 4957 4427 
8675 4399 4402 4400 
8676 4360 4361 4358 
8677 4415 4944 4409 
8678 4617 4936 4413 
8679 4608 4668 4609 
8680 1342 4832 1341 
8681 4469 4960 4471 
8682 4448 4939 4482 
8683 4419 4942 4420 
8684 4350 4353 4352 
8685 4573 4950 4765 
8686 4444 4888 4436 
8687 4686 4843 4792 
8688 4377 4416 4375 
8689 4526 4579 4577 
8690 4524 4525 4434 
8691 4990 4993 4937 
8692 1140 4303 1139 
8693 4675 4954 4502 
8694 4525 4573 4538 
8695 4350 4951 4353 
8696 4573 4685 4574 
8697 4433 4434 4424 
8698 4405 4408 4406 
8699 4573 4574 4538 
8700 4414 4936 4421 
8701 4595 4941 4749 
8702 4498 4500 4499 
8703 4532 4642 4546 
8704 4449 4909 4355 
8705 4433 4524 4434 
8706 4579 4807 4638 
8707 4498 4499 4497 
8708 4685 4686 4574 
8709 4526 4577 4524 
8710 4574 4941 4538 
8711 4394 4395 4393 
8712 5071 5162 4727 
8713 4497 4674 4495 
8714 4387 4410 4390 
8715 4668 4867 4609 
8716 4408 4409 4406 
8717 4421 4422 4419 
8718 4420 4942 4939 
8719 4423 4424 4422 
8720 4532 4533 4502 
8721 4413 4414 4409 
8722 4727 4766 4569 
8723 4672 4952 4938 
8724 4603 4708 4602 
8725 4423 4433 4424 
8726 4867 4868 4609 
8727 4361 4964 4900 
8728 4414 4421 4419 
8729 4471 4477 4473 
8730 4505 4578 4513 
8731 4366 4367 4365 
8732 4422 4942 4419 
8733 4490 4953 4489 
8734 4396 4397 4395 
8735 4501 4502 4499 
8736 4492 4947 4505 
8737 4608 4609 4493 
8738 4395 4952 4398 
8739 4391 4394 4393 
8740 4408 4413 4409 
8741 4532 4546 4533 
8742 4579 4638 4577 
8743 4673 4981 4976 
8744 1182 4270 1181 
8745 4394 4396 4395 
8746 4421 4423 4422 
8747 4396 4399 4397 
8748 4383 4411 4381 
8749 1338 4310 1337 
8750 4566 4567 4565 
8751 4500 4544 4501 
8752 4376 4377 4375 
8753 4413 4936 4414 
8754 4390 4391 4388 
8755 4501 4532 4502 
8756 4887 4937 4617 
8757 4500 4501 4499 
8758 4938 4952 4397 
8759 4397 4952 4395 
8760 4410 4495 4390 
8761 4525 4950 4573 
8762 4431 4435 4432 
8763 4524 4950 4525 
8764 1164 4305 1163 
8765 4353 4449 4355 
8766 4353 4951 4449 
8767 4617 4937 4936 
8768 4955 4962 4394 
8769 4387 4388 4385 
8770 4599 4601 4600 
8771 4577 4950 4524 
8772 4435 4444 4436 
8773 4387 4390 4388 
8774 4867 4885 4868 
8775 4566 4569 4567 
8776 4885 4886 4868 
8777 4349 4951 4350 
8778 4384 4387 4385 
8779 4666 4732 4731 
8780 4476 4504 4474 
8781 4517 4586 4519 
8782 4391 4955 4394 
8783 4563 4610 4561 
8784 4376 4378 4377 
8785 4874 4875 4619 
8786 4674 4962 4955 
8787 4396 4962 4417 
8788 4515 4945 4517 
8789 4378 4379 4377 
8790 4374 4376 4375 
8791 4666 4731 4544 
8792 4554 4959 4575 
8793 4493 4953 4490 
8794 4384 4385 4383 
8795 4769 4795 1340 
8796 4674 4955 4495 
8797 4512 4598 4597 
8798 4349 4350 4348 
8799 4373 4427 4371 
8800 4505 4947 4578 
8801 4692 4849 4693 
8802 4390 4955 4391 
8803 4868 4953 4609 
8804 4416 4957 4375 
8805 4552 4654 4554 
8806 4497 4954 4674 
8807 4475 4512 4507 
8808 4587 4855 4649 
8809 4368 4946 4367 
8810 4374 4375 4373 
8811 4609 4953 4493 
8812 4835 4836 4834 
8813 4992 5010 4863 
8814 4382 4384 4383 
8815 4382 4383 4381 
8816 4532 4956 4642 
8817 4495 4955 4390 
8818 1123 4277 1122 
8819 4558 4961 4612 
8820 4378 4380 4379 
8821 4380 4381 4379 
8822 4915 4918 4917 
8823 1233 4763 1232 
8824 4499 4954 4497 
8825 4471 4960 4477 
8826 4380 4382 4381 
8827 4370 4372 4371 
8828 4346 4348 4347 
8829 4903 4978 4616 
8830 4476 4664 4504 
8831 4502 4954 4499 
8832 4412 4964 4363 
8833 4501 4956 4532 
8834 4544 4956 4501 
8835 4570 4571 4567 
8836 4611 4619 4572 
8837 4338 4994 4545 
8838 4363 4964 4361 
8839 4675 4970 4954 
8840 4570 4596 4572 
8841 4427 4946 4371 
8842 4886 4978 4968 
8843 4394 4962 4396 
8844 4359 4973 4431 
8845 4561 4961 4558 
8846 1305 4289 1304 
8847 4371 4946 4368 
8848 4386 4975 4382 
8849 4909 4973 4357 
8850 4731 4956 4544 
8851 1305 4632 4289 
8852 4477 4963 4473 
8853 4693 4715 4300 
8854 4489 4968 4907 
8855 4453 4455 4454 
8856 4372 4374 4373 
8857 4921 4975 4386 
8858 4517 4945 4586 
8859 4439 4932 4437 
8860 4570 4572 4571 
8861 4603 4722 4708 
8862 4915 4917 4426 
8863 4611 4874 4619 
8864 4918 4919 4917 
8865 4370 4371 4368 
8866 4459 4461 4460 
8867 4645 4958 4592 
8868 4372 4373 4371 
8869 4610 4961 4561 
8870 4384 4975 4929 
8871 4953 4968 4489 
8872 4654 4959 4554 
8873 4596 4611 4572 
8874 4692 4693 4300 
8875 4889 4965 4594 
8876 4461 4463 4462 
8877 4569 4570 4567 
8878 4270 4603 4602 
8879 4346 4349 4348 
8880 4512 4597 4507 
8881 4805 4816 4806 
8882 4693 4716 4715 
8883 4816 4817 4806 
8884 4968 4978 4907 
8885 4470 4503 4468 
8886 4399 4976 4402 
8887 4596 4648 4611 
8888 4793 4877 4635 
8889 4868 4968 4953 
8890 4385 4971 4383 
8891 4675 4977 4970 
8892 4475 4963 4512 
8893 4315 4780 1158 
8894 4357 4973 4359 
8895 4475 4476 4474 
8896 4466 4537 4464 
8897 4886 4968 4868 
8898 4976 4977 4673 
8899 4788 4790 4598 
8900 4475 4507 4476 
8901 4473 4474 4472 
8902 1155 4643 1154 
8903 4954 4970 4674 
8904 1357 4284 1356 
8905 4402 4981 4892 
8906 4892 4974 4905 
8907 4473 4475 4474 
8908 4381 4986 4379 
8909 4431 4973 4443 
8910 4667 4863 4626 
8911 4929 4969 4629 
8912 1249 4583 1248 
8913 4453 4454 4452 
8914 4471 4473 4472 
8915 4970 4977 4417 
8916 4599 4600 4594 
8917 4463 4465 4464 
8918 4716 4717 4715 
8919 4455 4534 4454 
8920 4423 4983 4433 
8921 4571 4990 4887 
8922 4716 4805 4717 
8923 4690 4691 4636 
8924 4471 4472 4470 
8925 4463 4464 4462 
8926 4345 4346 4344 
8927 4931 4977 4675 
8928 4383 4971 4411 
8929 4635 4690 4636 
8930 1318 4641 1317 
8931 4461 4462 4460 
8932 4462 4621 4460 
8933 4452 4932 4439 
8934 4277 4751 1122 
8935 4805 4806 4717 
8936 4465 4467 4466 
8937 4592 4958 4702 
8938 4962 4970 4417 
8939 4473 4963 4475 
8940 4570 4966 4596 
8941 4469 4471 4470 
8942 1164 4746 4305 
8943 4534 4626 4454 
8944 4937 4993 4429 
8945 4342 4344 4343 
8946 4674 4970 4962 
8947 4467 4469 4468 
8948 4469 4470 4468 
8949 4431 4443 4435 
8950 4459 4460 4457 
8951 4467 4468 4466 
8952 4766 4966 4569 
8953 4417 4976 4399 
8954 4650 4972 4337 
8955 4465 4466 4464 
8956 4592 4702 4593 
8957 4569 4966 4570 
8958 4534 4667 4626 
8959 4342 4343 4340 
8960 4270 4633 4603 
8961 4504 5026 5025 
8962 4382 4975 4384 
8963 4604 4989 4927 
8964 4342 4345 4344 
8965 4979 4988 4534 
8966 4907 4978 4903 
8967 1162 4576 1161 
8968 4635 4636 4280 
8969 4567 4987 4565 
8970 4618 4981 4673 
8971 4892 4981 4974 
8972 4429 4983 4423 
8973 4542 4592 4543 
8974 4634 4793 4635 
8975 4593 4594 4543 
8976 1173 4276 1172 
8977 4292 5039 1287 
8978 4364 4992 4366 
8979 4593 4599 4594 
8980 4621 4988 4979 
8981 4974 4981 4618 
8982 4455 4979 4534 
8983 4411 4986 4381 
8984 4417 4977 4976 
8985 4510 4542 4541 
8986 4592 4593 4543 
8987 4572 4990 4571 
8988 4901 5006 4627 
8989 4446 4511 4451 
8990 4621 4979 4460 
8991 4329 4330 4328 
8992 4451 4510 4509 
8993 4571 4987 4567 
8994 4651 4703 4307 
8995 4457 4979 4455 
8996 1186 4660 1185 
8997 4542 4991 4645 
8998 4603 4984 4722 
8999 4542 4543 4541 
9000 4454 4982 4452 
9001 4702 4980 4593 
9002 4460 4979 4457 
9003 4882 5010 4425 
9004 4496 4998 4498 
9005 4576 4723 1161 
9006 4327 4328 4326 
9007 4626 4982 4454 
9008 4452 4982 4932 
9009 4888 4985 4442 
9010 4503 5020 5018 
9011 4340 4994 4338 
9012 4442 4985 4446 
9013 4312 4656 1151 
9014 4964 5005 4900 
9015 4906 4989 4604 
9016 4633 4984 4603 
9017 4307 4785 1272 
9018 4593 4980 4599 
9019 1162 4644 4576 
9020 5022 5025 4922 
9021 4591 5002 4671 
9022 4367 5000 4365 
9023 4339 4658 4341 
9024 4534 4988 4667 
9025 4341 4342 4340 
9026 4510 4540 4509 
9027 4446 4985 4511 
9028 4581 5007 4580 
9029 4476 5003 4664 
9030 4425 4992 4364 
9031 4658 4659 4341 
9032 4644 4815 4576 
9033 4334 4580 4329 
9034 4619 4990 4572 
9035 4319 5177 5031 
9036 1361 4696 1360 
9037 4619 4993 4990 
9038 4510 4541 4540 
9039 1298 4280 1297 
9040 1111 4302 1110 
9041 4273 4995 1215 
9042 1148 5044 1147 
9043 4875 4993 4619 
9044 4634 4635 4280 
9045 1215 4995 1214 
9046 4598 5011 4597 
9047 4621 5013 4913 
9048 4312 4678 4656 
9049 4626 5010 4982 
9050 4758 4783 4581 
9051 4338 4545 4337 
9052 4630 4996 4624 
9053 4276 4661 1172 
9054 4276 4662 4661 
9055 4982 5010 4882 
9056 4969 5027 4629 
9057 4996 4999 4624 
9058 4629 4998 4496 
9059 4511 4991 4451 
9060 4327 4334 4329 
9061 4297 5030 4856 
9062 4624 4999 4622 
9063 5013 5016 4913 
9064 4365 5000 4412 
9065 4343 4994 4340 
9066 4999 5002 4622 
9067 1298 4634 4280 
9068 4339 4341 4340 
9069 4622 5002 4591 
9070 1279 4733 1278 
9071 4451 4991 4510 
9072 4510 4991 4542 
9073 4328 4997 4326 
9074 4935 5014 4428 
9075 4900 5005 4479 
9076 4479 5006 4901 
9077 4748 5014 4613 
9078 5005 5006 4479 
9079 4507 5003 4476 
9080 4783 5007 4581 
9081 4703 5008 4307 
9082 4307 5008 4785 
9083 4336 4337 4333 
9084 4911 5016 4914 
9085 4507 5009 5003 
9086 4537 5013 4464 
9087 4325 4327 4326 
9088 4462 5013 4621 
9089 4597 5009 4507 
9090 4706 5087 4707 
9091 4336 4339 4338 
9092 4863 5010 4626 
9093 1230 4321 1229 
9094 4339 4340 4338 
9095 4266 5101 4782 
9096 5035 5229 4732 
9097 4339 5001 4658 
9098 4537 5018 4916 
9099 4790 5011 4598 
9100 4336 4338 4337 
9101 4326 4620 4324 
9102 4503 5018 4468 
9103 4466 5018 4537 
9104 1296 4699 1295 
9105 1270 5012 1269 
9106 4334 4581 4580 
9107 4330 4331 4328 
9108 5018 5020 4916 
9109 4915 5020 4918 
9110 4284 4325 4324 
9111 1113 4278 1112 
9112 4335 5001 4336 
9113 4326 4997 4620 
9114 4444 5023 4888 
9115 4336 5001 4339 
9116 4325 4326 4324 
9117 4470 5022 4503 
9118 4503 5022 4967 
9119 4956 5024 4642 
9120 4464 5013 4462 
9121 4330 4332 4331 
9122 4972 4997 4331 
9123 4335 4336 4333 
9124 4846 5108 4786 
9125 4504 5025 4474 
9126 4613 5014 4935 
9127 1191 5035 4268 
9128 4284 4324 4323 
9129 4325 5015 4327 
9130 4856 5041 4297 
9131 5025 5026 4922 
9132 4332 4335 4333 
9133 4332 4333 4331 
9134 4913 5016 4911 
9135 1277 5114 1276 
9136 4478 5028 4459 
9137 4331 4997 4328 
9138 4461 5028 4508 
9139 4757 4758 4581 
9140 1146 5017 4306 
9141 1286 5039 4316 
9142 4921 5026 4969 
9143 1231 5167 4679 
9144 4284 4323 1356 
9145 4334 4757 4581 
9146 4840 5201 4279 
9147 4327 5015 4334 
9148 4468 5018 4466 
9149 5192 5230 5045 
9150 4620 5004 4324 
9151 4541 5029 4540 
9152 4324 5004 4323 
9153 4916 5020 4915 
9154 4791 5221 5086 
9155 1135 5021 4745 
9156 1136 5021 1135 
9157 4278 4761 4760 
9158 5034 5139 4701 
9159 4472 5022 4470 
9160 4731 5024 4956 
9161 4710 5196 4844 
9162 4888 5023 4985 
9163 4296 5063 1130 
9164 4334 5015 4757 
9165 4472 5025 5022 
9166 4286 5169 4759 
9167 4458 5036 4478 
9168 4474 5025 4472 
9169 4922 5026 4921 
9170 1214 5030 1213 
9171 5026 5027 4969 
9172 4664 5027 4504 
9173 1213 5030 4297 
9174 4984 5097 4722 
9175 4459 5028 4461 
9176 4813 5139 1267 
9177 4847 5040 4640 
9178 4702 5063 4980 
9179 4319 5031 1115 
9180 1206 5045 1205 
9181 4278 4760 4694 
9182 5086 5233 4839 
9183 4966 5041 4856 
9184 4965 5029 4541 
9185 4487 5042 4488 
9186 4854 5043 4345 
9187 1264 5033 1263 
9188 1265 5034 4322 
9189 5084 5152 4764 
9190 1266 5034 1265 
9191 4585 5053 1313 
9192 4815 5092 4745 
9193 4995 5030 1214 
9194 4278 4694 1112 
9195 4823 5191 4296 
9196 4313 5122 4314 
9197 1235 5032 1234 
9198 4504 5027 5026 
9199 4826 5081 1307 
9200 5159 5215 4951 
9201 4805 5158 4560 
9202 5127 5177 4319 
9203 4300 5045 1206 
9204 4662 5227 4713 
9205 5054 5154 4292 
9206 4322 5033 1264 
9207 4713 5227 4314 
9208 4742 5148 4824 
9209 4305 5155 4809 
9210 4745 5212 4815 
9211 4902 5046 4725 
9212 4314 5228 4313 
9213 4877 5042 4690 
9214 4756 5226 5203 
9215 4575 5186 4816 
9216 1192 5035 1191 
9217 4819 5047 4776 
9218 4948 5104 4949 
9219 4606 5036 4458 
9220 4620 5057 4851 
9221 4320 5230 5192 
9222 4743 5037 4744 
9223 1256 5132 4646 
9224 1219 5190 4285 
9225 4791 5086 4283 
9226 4650 5057 4972 
9227 5083 5157 4290 
9228 4601 5191 4823 
9229 4575 5059 4555 
9230 4557 5059 4560 
9231 4755 5234 5037 
9232 1263 5033 4808 
9233 1320 4814 1319 
9234 4786 5108 4787 
9235 4772 5043 4854 
9236 4640 5040 4925 
9237 1287 5039 1286 
9238 4548 5062 4549 
9239 4766 5041 4966 
9240 4552 5062 4654 
9241 1321 5055 1320 
9242 5097 5142 4722 
9243 5033 5210 4808 
9244 4776 5047 4777 
9245 4488 5042 4491 
9246 1260 5210 1259 
9247 4312 5068 4680 
9248 4781 5066 4299 
9249 4909 5067 4973 
9250 1257 5132 1256 
9251 4823 5136 4601 
9252 4693 5070 4716 
9253 4456 5074 4606 
9254 4814 5178 1334 
9255 4441 5074 4453 
9256 5049 5113 4304 
9257 4346 5073 4349 
9258 1312 5053 4631 
9259 4521 5075 4523 
9260 4290 5157 4858 
9261 4587 5075 4855 
9262 4755 5215 5159 
9263 4997 5057 4620 
9264 4478 5193 5028 
9265 5014 5095 4428 
9266 4699 5119 5116 
9267 4279 5201 5054 
9268 1326 4812 1325 
9269 4715 5045 4300 
9270 1201 5050 1200 
9271 4751 5170 4753 
9272 1200 5050 4318 
9273 4304 5190 1220 
9274 4511 5060 4991 
9275 4812 5197 4724 
9276 4940 5087 4343 
9277 4889 5083 4965 
9278 4799 5095 5014 
9279 4942 5095 4939 
9280 5069 5096 4790 
9281 4649 5046 4902 
9282 4306 5196 4794 
9283 4467 5097 4529 
9284 5028 5193 4787 
9285 1260 5216 4808 
9286 4519 5099 4521 
9287 4736 5208 4738 
9288 5102 5223 4959 
9289 4435 5103 4444 
9290 5011 5138 4853 
9291 4774 5214 4840 
9292 4282 5050 1201 
9293 4653 5122 4313 
9294 1190 5096 1189 
9295 4482 5109 4483 
9296 4762 5175 4628 
9297 4568 5070 4849 
9298 4657 5135 4706 
9299 4277 5170 4751 
9300 4802 5113 4685 
9301 5019 5049 4830 
9302 4487 5077 5042 
9303 4647 5052 4684 
9304 4777 5240 4798 
9305 4696 5131 5065 
9306 4280 5119 1297 
9307 1247 5089 1246 
9308 1289 5054 1288 
9309 1313 5053 1312 
9310 1242 5088 1241 
9311 4718 5132 1258 
9312 4706 5232 5087 
9313 4879 5110 4836 
9314 1274 5238 1273 
9315 1353 5098 1352 
9316 1273 5238 4651 
9317 1269 5056 1268 
9318 4698 5147 1329 
9319 4508 5142 4463 
9320 4991 5060 4645 
9321 4984 5118 4529 
9322 4842 5098 1353 
9323 4719 5202 4720 
9324 1232 5167 1231 
9325 4792 5154 4941 
9326 4287 5164 4835 
9327 4555 5059 4557 
9328 4939 5146 4482 
9329 4890 5077 4487 
9330 4725 5224 4625 
9331 4540 5237 4509 
9332 4834 5184 4833 
9333 4775 5214 4774 
9334 1181 5213 1180 
9335 4602 5213 1181 
9336 1133 5092 4311 
9337 4760 5105 4694 
9338 4599 5191 4601 
9339 4759 5060 4804 
9340 4972 5057 4997 
9341 4959 5223 5051 
9342 4727 5162 4766 
9343 4925 5163 4940 
9344 4815 5212 4576 
9345 4711 5133 4726 
9346 1316 5149 1315 
9347 1203 5078 1202 
9348 4704 5193 4734 
9349 4549 5062 4552 
9350 4662 5061 4661 
9351 4745 5092 1134 
9352 1130 5063 1129 
9353 4632 5218 4289 
9354 4866 5105 4760 
9355 5042 5077 4690 
9356 4320 5078 1203 
9357 4731 5229 5024 
9358 4309 5180 5130 
9359 4580 5105 4866 
9360 4687 5174 5089 
9361 4688 5117 4779 
9362 4810 5149 1316 
9363 1189 5069 1188 
9364 5070 5158 4716 
9365 4642 5176 4546 
9366 5037 5215 4755 
9367 1142 5120 1141 
9368 4729 5183 4756 
9369 4893 5070 4568 
9370 1187 5090 1186 
9371 5090 5143 5091 
9372 4678 5220 4656 
9373 4601 5136 4809 
9374 4298 5213 4846 
9375 4757 5065 4758 
9376 4973 5067 4443 
9377 5032 5211 1234 
9378 4275 5102 4845 
9379 4714 5141 5012 
9380 1186 5090 4660 
9381 5076 5196 4306 
9382 1188 5069 4294 
9383 4849 5070 4693 
9384 1143 5120 1142 
9385 1152 5068 4312 
9386 4656 5220 5017 
9387 1129 5072 1128 
9388 1238 5124 4695 
9389 4683 5123 5040 
9390 4349 5159 4951 
9391 4631 5106 1311 
9392 4831 5173 4763 
9393 4508 5194 5142 
9394 4689 5134 5126 
9395 4477 5110 4879 
9396 4276 5228 5227 
9397 5043 5073 4345 
9398 4825 5112 4632 
9399 4449 5199 4909 
9400 4958 5072 4702 
9401 4453 5074 4456 
9402 4345 5073 4346 
9403 1225 5145 1282 
9404 4523 5075 4587 
9405 5105 5179 4694 
9406 4548 5176 4827 
9407 4681 5076 4678 
9408 4851 5181 4291 
9409 4630 5195 4848 
9410 4798 5240 5109 
9411 1266 5139 5034 
9412 1337 5222 1336 
9413 4701 5139 4813 
9414 4721 5128 5058 
9415 5037 5234 4744 
9416 1202 5078 4282 
9417 4749 5154 5054 
9418 4690 5077 4691 
9419 5060 5169 4645 
9420 4724 5100 1323 
9421 5061 5237 4540 
9422 4267 5150 1299 
9423 4827 5101 4266 
9424 4633 5118 4984 
9425 4697 5188 5041 
9426 4715 5192 5045 
9427 5051 5223 5082 
9428 1246 5085 1245 
9429 1314 5149 4585 
9430 4294 5143 5090 
9431 4583 5128 1248 
9432 4960 5110 4477 
9433 4628 5175 4332 
9434 1178 5171 1177 
9435 4687 5089 4721 
9436 5052 5155 4746 
9437 4759 5169 5060 
9438 4647 5155 5052 
9439 4860 5114 4679 
9440 5041 5188 4297 
9441 1177 5171 1176 
9442 4294 5090 1187 
9443 4343 5087 4994 
9444 1134 5092 1133 
9445 4691 5080 5038 
9446 5037 5199 4449 
9447 4761 5177 4762 
9448 4428 5095 4942 
9449 4754 5073 5043 
9450 1276 5114 4860 
9451 1185 5164 1184 
9452 4268 5096 1190 
9453 4737 5208 4736 
9454 4660 5164 1185 
9455 4730 5183 4729 
9456 5227 5228 4314 
9457 1226 5145 1225 
9458 4305 5151 1163 
9459 1320 5178 4814 
9460 1352 5098 4778 
9461 4465 5097 4467 
9462 5051 5082 4318 
9463 4695 5174 1237 
9464 4965 5083 5029 
9465 4728 5121 4321 
9466 4958 5169 4286 
9467 4709 5120 5079 
9468 1336 5117 1335 
9469 4723 5212 5021 
9470 1180 5213 4298 
9471 4586 5099 4519 
9472 1323 5100 1322 
9473 5064 5081 4682 
9474 5065 5131 4758 
9475 5021 5212 4745 
9476 4721 5107 4317 
9477 5090 5091 4660 
9478 5095 5146 4939 
9479 4679 5114 4728 
9480 5112 5224 4725 
9481 4842 5235 4323 
9482 4860 5167 4763 
9483 5055 5178 1320 
9484 5038 5080 4819 
9485 4948 5150 4267 
9486 4443 5103 4435 
9487 1327 5197 4812 
9488 4949 5104 4945 
9489 4857 5165 5015 
9490 1166 5125 1165 
9491 4763 5167 1232 
9492 5073 5159 4349 
9493 5007 5105 4580 
9494 1360 5198 1359 
9495 1311 5106 1310 
9496 1258 5132 1257 
9497 4707 5123 4288 
9498 5035 5138 4268 
9499 4708 5108 4846 
9500 5112 5218 4632 
9501 4893 5158 5070 
9502 4696 5198 1360 
9503 5183 5226 4756 
9504 4483 5109 4528 
9505 4796 5224 4825 
9506 1141 5120 4709 
9507 4757 5165 5065 
9508 1239 5124 1238 
9509 4836 5110 4837 
9510 5116 5119 4636 
9511 4691 5116 4636 
9512 4272 5162 5071 
9513 4685 5113 4686 
9514 4716 5158 4805 
9515 4465 5142 5097 
9516 5123 5163 5040 
9517 4636 5119 4280 
9518 5048 5135 4657 
9519 5121 5206 4582 
9520 4291 5181 5048 
9521 5101 5176 4642 
9522 5065 5165 4295 
9523 4734 5122 4653 
9524 1334 5178 1333 
9525 1322 5225 4771 
9526 4695 5093 5085 
9527 4839 5127 4838 
9528 1175 5126 4652 
9529 4322 5182 5033 
9530 4276 5227 4662 
9531 5194 5209 5108 
9532 1241 5088 4676 
9533 1248 5128 1247 
9534 5058 5128 4583 
9535 4584 5125 1167 
9536 1328 5197 1327 
9537 1167 5125 1166 
9538 1110 5172 12 
9539 4746 5155 4305 
9540 5106 5239 1310 
9541 1333 5187 1332 
9542 4831 5238 5173 
9543 1282 5185 1225 
9544 1226 5200 5145 
9545 4844 5133 4711 
9546 4662 5237 5061 
9547 1211 5188 4697 
9548 5116 5161 4699 
9549 1315 5149 1314 
9550 1212 5188 1211 
9551 5065 5198 4696 
9552 4686 5113 5049 
9553 5012 5141 1251 
9554 4758 5130 4783 
9555 4789 5143 4788 
9556 4309 5160 1362 
9557 4796 5195 4630 
9558 1261 5216 1260 
9559 5054 5201 4749 
9560 12 5172 4705 
9561 5126 5171 4689 
9562 5038 5116 4691 
9563 5087 5232 4994 
9564 4732 5138 5035 
9565 5007 5179 5105 
9566 1356 5235 1355 
9567 4708 5194 5108 
9568 5058 5107 4721 
9569 4767 5219 4768 
9570 5168 5225 5205 
9571 1251 5141 1250 
9572 4853 5138 4732 
9573 4858 5157 4684 
9574 1267 5139 1266 
9575 4301 5161 5038 
9576 4463 5142 4465 
9577 4644 5140 4815 
9578 1282 5145 1281 
9579 4650 5181 5057 
9580 4909 5199 5067 
9581 1170 5144 4290 
9582 1332 5168 1331 
9583 5053 5219 4631 
9584 4726 5202 4719 
9585 1362 5160 1361 
9586 4798 5146 4799 
9587 4313 5228 1173 
9588 1329 5147 1328 
9589 4744 5148 4742 
9590 5001 5233 4658 
9591 4295 5165 4857 
9592 1283 5185 1282 
9593 4689 5171 1178 
9594 4804 5153 4737 
9595 5085 5093 1245 
9596 4332 5175 4335 
9597 1361 5160 4696 
9598 4755 5159 4754 
9599 4941 5154 4749 
9600 1173 5228 4276 
9601 4809 5155 4647 
9602 4684 5157 4889 
9603 4773 5153 5023 
9604 5127 5129 4762 
9605 4560 5158 4893 
9606 5099 5183 4730 
9607 4679 5167 4860 
9608 4323 5235 1356 
9609 4705 5180 1364 
9610 5078 5166 4282 
9611 1184 5164 4287 
9612 4864 5162 4272 
9613 4808 5216 1262 
9614 1364 5180 1363 
9615 4816 5186 4817 
9616 4546 5176 4548 
9617 1330 5205 4698 
9618 4951 5215 4449 
9619 1275 5173 1274 
9620 4806 5166 4717 
9621 4310 5222 1337 
9622 5104 5226 4945 
9623 5202 5231 5189 
9624 4645 5169 4958 
9625 1363 5180 4309 
9626 5028 5209 4508 
9627 4267 5203 5104 
9628 4768 5219 5053 
9629 4295 5198 5065 
9630 4302 5172 1110 
9631 5142 5194 4722 
9632 5066 5111 4299 
9633 5166 5192 4717 
9634 4633 5184 5118 
9635 5103 5236 4444 
9636 4754 5159 5073 
9637 1225 5185 1224 
9638 5091 5143 4789 
9639 4837 5184 4834 
9640 4773 5236 4740 
9641 5071 5217 4272 
9642 5017 5220 4306 
9643 4297 5188 1212 
9644 4799 5146 5095 
9645 1359 5198 4295 
9646 1220 5190 1219 
9647 1259 5210 4718 
9648 4764 5189 4315 
9649 1333 5178 5055 
9650 4787 5193 4704 
9651 4717 5192 4715 
9652 4722 5194 4708 
9653 1227 5200 1226 
9654 5015 5165 4757 
9655 4980 5191 4599 
9656 4738 5208 4773 
9657 1331 5205 1330 
9658 4749 5201 4747 
9659 5094 5182 4322 
9660 5029 5204 4540 
9661 5046 5218 4725 
9662 1300 5203 4267 
9663 1205 5230 1204 
9664 5189 5231 4315 
9665 4771 5225 5168 
9666 4290 5144 5083 
9667 4272 5217 1208 
9668 4835 5207 4836 
9669 4846 5213 4602 
9670 4787 5209 5028 
9671 4801 5140 5137 
9672 1204 5230 4320 
9673 4576 5212 4723 
9674 4797 5214 4775 
9675 4753 5234 4755 
9676 4762 5177 5127 
9677 4625 5224 4796 
9678 4509 5237 4870 
9679 4994 5232 4545 
9680 4732 5229 4731 
9681 4315 5231 4780 
9682 4945 5226 4586 
9683 1310 5239 1309 
9684 5055 5187 1333 
9685 4817 5186 5051 
9686 4449 5215 5037 
9687 4586 5226 5183 
9688 5048 5181 4650 
9689 5040 5163 4925 
9690 4677 5204 5029 
9691 1262 5216 1261 
9692 5100 5225 1322 
9693 4707 5163 5123 
9694 5129 5175 4762 
9695 4743 5199 5037 
9696 5038 5161 5116 
9697 5047 5240 4777 
9698 5067 5199 4743 
9699 5118 5184 4837 
9700 5045 5230 1205 
9701 4789 5207 5091 
9702 5091 5207 4835 
9703 4658 5233 5086 
9704 4696 5160 5131 
9705 5057 5181 4851 
9706 5136 5137 4809 
9707 4801 5137 5136 
9708 4839 5129 5127 
9709 4651 5238 5211 
9710 5211 5238 4831 
9711 4289 5218 5046 
9712 4758 5131 5130 
9713 4528 5240 5047 
9714 5130 5131 4309 
9715 5131 5160 4309 
9716 4733 5206 5115 
9717 4724 5197 5147 
9718 4306 5220 5076 
9719 4540 5204 5061 
9720 5085 5174 4695 
9721 5173 5238 1274 
9722 5082 5223 4275 
9723 4508 5209 5194 
9724 4335 5175 5129 
9725 4827 5176 5101 
9726 4586 5183 5099 
9727 4275 5223 5102 
9728 4744 5170 5148 
9729 4825 5224 5112 
9730 5076 5220 4678 
9731 4740 5236 5103 
9732 5152 5189 4764 
9733 4720 5189 5152 
9734 5205 5225 4698 
9735 4698 5225 5100 
9736 5108 5209 4787 
9737 5148 5170 4277 
9738 5156 5222 4310 
9739 1332 5187 5168 
9740 5168 5187 4771 
9741 4725 5218 5112 
9742 5109 5240 4528 
9743 4773 5208 5153 
9744 5153 5208 4737 
9745 4744 5234 5170 
9746 5147 5197 1328 
9747 5168 5205 1331 
9748 4545 5232 5135 
9749 4726 5231 5202 
9750 5135 5232 4706 
9751 5170 5234 4753 
9752 4779 5222 5156 
9753 4720 5202 5189 
2 15 2 6
9754 1365 5241 13 
9755 13 5241 1369 
9756 1367 5241 1366 
9757 1369 5241 1368 
9758 1368 5241 1367 
9759 1366 5241 1365 
2 17 2 1
9760 14 1370 1371 
2 18 2 44
9761 1386 5245 1385 
9762 5246 5248 5243 
9763 5243 5252 5246 
9764 5245 5248 1385 
9765 5244 5247 1376 
9766 1385 5248 1384 
9767 1384 5248 5246 
9768 1376 5247 1375 
9769 1386 5255 5245 
9770 5252 5253 5242 
9771 1377 5244 1376 
9772 5247 5253 5252 
9773 1373 5245 1372 
9774 1375 5247 5243 
9775 1375 5243 1374 
9776 1382 5242 1381 
9777 1384 5246 1383 
9778 5248 5249 5243 
9779 5244 5253 5247 
9780 5242 5254 5252 
9781 5245 5249 5248 
9782 5243 5249 1374 
9783 1374 5249 1373 
9784 1373 5249 5245 
9785 5250 5253 5244 
9786 5251 5253 5250 
9787 1380 5250 1379 
9788 1379 5256 1378 
9789 1377 5256 5244 
9790 1383 5254 1382 
9791 5246 5254 1383 
9792 5242 5251 1381 
9793 1381 5251 1380 
9794 1378 5256 1377 
9795 5247 5252 5243 
9796 5245 5255 1372 
9797 1382 5254 5242 
9798 5252 5254 5246 
9799 15 5255 1386 
9800 1372 5255 15 
9801 5250 5256 1379 
9802 1380 5251 5250 
9803 5242 5253 5251 
9804 5244 5256 5250 
2 19 2 4178
9805 940 941 6403 
9806 5419 5918 6432 
9807 5963 5291 6029 
9808 5985 5878 6874 
9809 6078 6038 6347 
9810 5608 1288 6308 
9811 5542 5518 5883 
9812 6086 5714 6272 
9813 5648 5603 5892 
9814 6203 5543 6693 
9815 6283 5264 6673 
9816 5989 5809 6785 
9817 1255 5646 5715 
9818 899 5701 6730 
9819 6032 5294 6626 
9820 5602 5629 5878 
9821 5512 5422 6172 
9822 1262 1263 5569 
9823 5293 5966 6030 
9824 847 5560 5936 
9825 839 5603 5648 
9826 5998 5673 6006 
9827 5294 6032 6584 
9828 5966 5293 6004 
9829 6372 6283 6673 
9830 797 798 6777 
9831 5707 6150 6362 
9832 6129 5859 6803 
9833 779 5697 5763 
9834 5569 1263 5621 
9835 5809 5644 5882 
9836 1298 1299 6814 
9837 872 873 6473 
9838 1294 1295 5620 
9839 6342 6061 6547 
9840 5515 5978 6367 
9841 5579 5369 5580 
9842 5977 5634 6561 
9843 5622 5980 6854 
9844 5543 6028 6693 
9845 1294 5620 6170 
9846 5959 1170 6735 
9847 6032 5859 6129 
9848 986 5940 5996 
9849 6184 6268 6775 
9850 5606 749 5960 
9851 5634 5977 6919 
9852 900 901 6435 
9853 5971 5795 6001 
9854 6519 6507 6658 
9855 14 1370 5277 
9856 953 954 6557 
9857 1018 6069 6096 
9858 1382 5794 5869 
9859 5649 5962 6201 
9860 5554 6016 6694 
9861 1196 1197 6164 
9862 5288 6360 6361 
9863 5933 6350 6682 
9864 6264 5269 6265 
9865 5392 5979 6407 
9866 6418 5975 6710 
9867 5892 5603 5969 
9868 6042 5311 6339 
9869 5271 6000 6262 
9870 1177 5518 5542 
9871 5591 940 6403 
9872 5975 5974 6710 
9873 5809 5989 6734 
9874 5298 6085 6646 
9875 5936 5560 6163 
9876 6390 6391 6560 
9877 5995 5400 6464 
9878 5648 6056 6983 
9879 5528 6018 6186 
9880 1372 5644 5809 
9881 5978 5515 6010 
9882 5399 5388 5541 
9883 5962 5649 6963 
9884 5795 5971 6610 
9885 5352 6012 6334 
9886 6061 5478 6547 
9887 5426 980 6112 
9888 6090 6184 6775 
9889 5648 5892 6056 
9890 5983 5660 6049 
9891 6127 5786 6294 
9892 6150 5920 6362 
9893 5933 6169 6350 
9894 5713 5542 5883 
9895 5549 6310 6363 
9896 5918 5419 6463 
9897 5602 1185 5629 
9898 6216 5269 6264 
9899 5988 5454 6018 
9900 1254 5715 6145 
9901 5892 5969 6509 
9902 5882 5644 6001 
9903 890 5861 6558 
9904 6016 6015 6694 
9905 881 882 6210 
9906 798 5452 6777 
9907 5793 5681 6092 
9908 5669 5997 6931 
9909 972 973 6422 
9910 5291 5963 6194 
9911 779 780 5697 
9912 6507 6519 6597 
9913 1284 5718 6358 
9914 5878 5629 6874 
9915 6050 5270 6190 
9916 5986 6614 6772 
9917 898 899 6730 
9918 6532 5766 6565 
9919 5559 910 6437 
9920 5434 1154 6636 
9921 6556 5893 6566 
9922 986 987 5940 
9923 5659 5335 5660 
9924 5557 1258 5973 
9925 1254 1255 5715 
9926 6050 6190 6191 
9927 5897 6017 6480 
9928 14 5388 5399 
9929 5702 12 6371 
9930 5534 5868 6482 
9931 1205 5369 5579 
9932 6218 5608 6308 
9933 5425 1298 6814 
9934 5738 6108 6858 
9935 6560 6391 6814 
9936 750 5299 5960 
9937 910 911 6437 
9938 1374 5565 5971 
9939 1255 1256 5646 
9940 1101 1102 6161 
9941 6085 6202 6646 
9942 1228 1229 5665 
9943 5368 6129 6803 
9944 5578 6276 6571 
9945 6193 6228 6335 
9946 1149 1150 6186 
9947 5844 6438 6453 
9948 5620 5622 6854 
9949 6457 5861 6545 
9950 6237 5377 6824 
9951 6106 5588 6734 
9952 1228 5665 6309 
9953 970 971 6578 
9954 980 981 6112 
9955 5713 5883 6271 
9956 5878 5985 6674 
9957 5894 6078 6347 
9958 5981 5753 6352 
9959 5965 5718 6080 
9960 1382 1383 5794 
9961 5556 5672 5755 
9962 1203 1204 5793 
9963 6509 1343 6690 
9964 5882 6001 6474 
9965 955 956 6493 
9966 1108 1109 5730 
9967 6036 5317 6341 
9968 5683 6076 6077 
9969 1150 5528 6186 
9970 6438 6191 6453 
9971 5718 5965 6357 
9972 6659 6490 6695 
9973 6461 5634 6919 
9974 6236 5377 6237 
9975 5853 6087 6194 
9976 5579 5681 5793 
9977 5980 5622 6134 
9978 748 749 5606 
9979 6012 5352 6440 
9980 5412 6494 6495 
9981 6207 6529 6707 
9982 1170 5959 6325 
9983 6494 6075 6495 
9984 5423 872 6473 
9985 1227 6309 6675 
9986 5659 5660 5983 
9987 1203 5793 6768 
9988 819 5400 5995 
9989 11 694 5700 
9990 5262 6556 6566 
9991 5753 5981 6204 
9992 6101 5275 6580 
9993 6343 6595 6638 
9994 5809 6640 6785 
9995 5454 5988 6172 
9996 1354 5420 6082 
9997 6314 6483 6620 
9998 1108 5730 5958 
9999 6081 6080 6366 
10000 1272 1273 6024 
10001 5284 6314 6620 
10002 6614 5617 6772 
10003 6257 5712 6414 
10004 5977 1022 6091 
10005 6069 5699 6096 
10006 5556 1261 5672 
10007 5615 5974 6816 
10008 6471 5736 6789 
10009 5987 6471 6789 
10010 1227 1228 6309 
10011 5275 6101 6113 
10012 5873 6563 6650 
10013 5373 6146 6189 
10014 5649 6201 6862 
10015 6276 6019 6571 
10016 6016 5554 6234 
10017 5303 6193 6335 
10018 5666 6209 6355 
10019 5422 5454 6172 
10020 6354 5994 6569 
10021 5758 5342 5759 
10022 5424 5767 5849 
10023 6366 6080 6663 
10024 5273 6354 6569 
10025 6137 6059 6421 
10026 6074 5623 6720 
10027 5997 6168 6931 
10028 1350 1351 6124 
10029 6086 6272 6719 
10030 1017 1018 6096 
10031 6076 5683 6164 
10032 5995 6464 6822 
10033 6108 6109 6858 
10034 6068 5650 6133 
10035 1364 5335 5659 
10036 6448 5325 6511 
10037 5907 6434 6923 
10038 6189 6146 6200 
10039 5734 6044 6045 
10040 5386 6103 6587 
10041 5861 6457 6558 
10042 5646 5941 5996 
10043 5311 5976 6339 
10044 6209 5799 6355 
10045 1232 1233 6288 
10046 5557 5973 5974 
10047 5974 5973 6816 
10048 6134 5701 6435 
10049 5474 6125 6578 
10050 1288 1289 6308 
10051 879 880 6235 
10052 5514 5515 6367 
10053 6347 6038 6979 
10054 5335 12 5702 
10055 890 891 5861 
10056 5673 5998 6558 
10057 797 6777 6991 
10058 1341 6509 6712 
10059 5979 5392 6621 
10060 6095 6428 6447 
10061 5755 5672 6125 
10062 1213 5856 6019 
10063 6434 5907 6521 
10064 5832 5812 6037 
10065 5859 6032 6626 
10066 6125 6126 6578 
10067 5768 1381 6021 
10068 6376 6570 6934 
10069 6250 5300 6251 
10070 6310 6057 6363 
10071 6009 5737 6783 
10072 1157 1158 6623 
10073 1107 1108 5958 
10074 6251 5300 6252 
10075 6428 5268 6447 
10076 6469 6159 6634 
10077 5494 5915 6238 
10078 5701 900 6435 
10079 5997 5669 6684 
10080 5288 6361 6510 
10081 1159 5792 6452 
10082 6074 6494 6717 
10083 6014 6015 6016 
10084 1259 5909 5973 
10085 6516 5802 6634 
10086 6102 6101 6580 
10087 6053 6054 6152 
10088 5489 6357 6774 
10089 5981 5472 6727 
10090 5712 6257 6258 
10091 5365 6230 6260 
10092 5307 5694 6188 
10093 5701 6134 6440 
10094 5312 5493 6014 
10095 5931 5610 6499 
10096 6212 6238 6668 
10097 1342 1343 6509 
10098 6230 5365 6259 
10099 5472 5981 6352 
10100 5971 5565 6610 
10101 6315 6237 6824 
10102 5325 6448 6876 
10103 5271 6262 6263 
10104 1071 5500 6277 
10105 6576 5982 6683 
10106 5961 1196 6164 
10107 6459 5983 6935 
10108 1154 1155 6636 
10109 5846 5831 6194 
10110 5952 1187 6875 
10111 6442 5921 6790 
10112 5802 5803 6634 
10113 1353 1354 6082 
10114 5968 5593 6665 
10115 1251 1252 6181 
10116 6479 5912 6641 
10117 6439 6304 6728 
10118 6000 5271 6386 
10119 6014 5493 6015 
10120 5999 1017 6096 
10121 6049 5441 6935 
10122 6103 6102 6587 
10123 5858 6131 6132 
10124 5531 6127 6294 
10125 5998 890 6558 
10126 1022 1023 6091 
10127 5441 6049 6446 
10128 1070 1071 6277 
10129 6212 5509 6238 
10130 5541 5388 6470 
10131 931 932 6254 
10132 5907 5451 6521 
10133 5896 6492 6555 
10134 5996 5941 6764 
10135 903 904 6625 
10136 6113 5896 6555 
10137 5374 6154 6679 
10138 6563 5371 6650 
10139 6679 6154 6867 
10140 5714 5713 6272 
10141 1350 6124 6627 
10142 1077 1078 6515 
10143 1107 5958 6622 
10144 1362 1363 5800 
10145 5573 6265 6266 
10146 5983 6049 6935 
10147 5718 6357 6358 
10148 6757 5987 6789 
10149 5399 6461 6525 
10150 5810 5260 5811 
10151 5990 5760 6135 
10152 5858 6132 6870 
10153 6018 5528 6481 
10154 5880 5512 6172 
10155 1197 6076 6164 
10156 5917 5432 6203 
10157 1187 6058 6875 
10158 1280 1281 6224 
10159 1176 5432 5917 
10160 5424 902 5767 
10161 5811 5814 6098 
10162 6288 1233 6849 
10163 5996 5940 6985 
10164 5343 6051 6053 
10165 1074 5342 5758 
10166 5588 15 6734 
10167 5326 5315 6260 
10168 6350 5569 6682 
10169 5737 6009 6514 
10170 5319 6137 6421 
10171 1087 6111 6724 
10172 1172 5418 6735 
10173 6111 1087 6882 
10174 6181 1252 6704 
10175 6770 6027 6853 
10176 5704 6347 6979 
10177 6570 6370 6934 
10178 749 750 5960 
10179 1280 6224 6471 
10180 6190 5310 6191 
10181 1102 5708 6161 
10182 5573 6264 6265 
10183 1258 1259 5973 
10184 6285 5984 6426 
10185 1371 14 5301 
10186 6046 6518 6728 
10187 882 5734 6210 
10188 5650 6068 6792 
10189 5966 5779 6030 
10190 5599 1058 6128 
10191 708 709 5904 
10192 5317 881 6210 
10193 5290 5984 6168 
10194 5679 6295 6630 
10195 6207 6317 6529 
10196 5526 5661 6072 
10197 5897 6480 6731 
10198 6222 6015 6939 
10199 6107 6532 6565 
10200 6409 6642 6688 
10201 5263 6065 6843 
10202 6442 5804 6516 
10203 5317 6210 6341 
10204 6065 5263 6811 
10205 5700 694 6393 
10206 6027 1097 6853 
10207 5804 5802 6516 
10208 6595 5318 6638 
10209 6191 5310 6726 
10210 6294 5786 6337 
10211 5803 6469 6634 
10212 1380 1381 5768 
10213 5906 5485 5968 
10214 6466 5772 6596 
10215 6053 6152 6733 
10216 6304 6439 6616 
10217 6059 5475 6421 
10218 5755 6125 6422 
10219 1170 1171 6735 
10220 6008 5400 6377 
10221 1272 6024 6780 
10222 5904 709 6945 
10223 717 718 6536 
10224 6391 6455 6737 
10225 6213 5850 6328 
10226 1158 6452 6623 
10227 6022 5538 6822 
10228 5960 5299 6479 
10229 5805 903 6625 
10230 1362 5800 6826 
10231 5339 717 6536 
10232 5880 6172 6604 
10233 6006 5673 6881 
10234 6531 6077 6861 
10235 6138 5757 6811 
10236 5810 5811 6098 
10237 5705 6757 6789 
10238 6077 5676 6861 
10239 5320 5781 6173 
10240 6451 6167 6607 
10241 876 877 6267 
10242 5539 6576 6683 
10243 719 5561 6536 
10244 5729 6041 6627 
10245 5623 6074 6717 
10246 5925 6659 6695 
10247 5441 816 6067 
10248 5986 6613 6614 
10249 1259 1260 5909 
10250 5548 951 6057 
10251 6051 5343 6142 
10252 968 969 5874 
10253 973 6394 6422 
10254 1058 1059 6128 
10255 5474 972 6422 
10256 5387 6126 6528 
10257 6170 5849 6444 
10258 6127 6477 6697 
10259 849 5382 6063 
10260 5432 5543 6203 
10261 6140 5961 6164 
10262 5507 6281 6455 
10263 6083 6519 6658 
10264 6441 5541 6470 
10265 838 5494 6238 
10266 5757 6138 6661 
10267 1371 5301 5302 
10268 5634 5935 6561 
10269 5868 6309 6482 
10270 6030 5779 6417 
10271 6067 6459 6935 
10272 5874 970 6578 
10273 932 5294 6254 
10274 5708 6058 6161 
10275 1142 5260 5810 
10276 6509 5969 6712 
10277 5908 844 6068 
10278 718 719 6536 
10279 6529 5568 6707 
10280 5546 6390 6560 
10281 5709 6770 6853 
10282 6017 5897 6485 
10283 5935 6441 6609 
10284 1166 1167 6013 
10285 6412 6120 6825 
10286 6473 6215 6589 
10287 6275 6517 6540 
10288 6072 5661 6089 
10289 6382 6723 6791 
10290 6060 6157 6437 
10291 6082 6083 6658 
10292 5588 6106 6107 
10293 5423 6473 6589 
10294 6295 5679 6885 
10295 6149 5297 6384 
10296 6044 5734 6165 
10297 5399 5634 6461 
10298 877 5262 6267 
10299 5800 5983 6459 
10300 6040 5332 6380 
10301 6157 6060 6306 
10302 722 723 6980 
10303 901 5424 6435 
10304 6126 5387 6950 
10305 5757 6120 6412 
10306 5317 6036 6235 
10307 6009 6130 6514 
10308 6334 6012 6497 
10309 5400 6008 6464 
10310 5960 6479 6641 
10311 6010 5515 6011 
10312 5500 6025 6691 
10313 6081 6366 6456 
10314 6015 6222 6694 
10315 5880 6604 6725 
10316 6514 6130 6815 
10317 6782 6612 6807 
10318 6025 5500 6908 
10319 5694 5864 6188 
10320 6058 5708 6875 
10321 1055 5731 6522 
10322 5767 5805 6444 
10323 880 5317 6235 
10324 6222 5931 6499 
10325 6087 5291 6194 
10326 6391 6737 6814 
10327 6366 5608 6456 
10328 6203 5663 6467 
10329 5832 6037 6199 
10330 5277 1370 6346 
10331 5812 5260 6037 
10332 6212 6082 6658 
10333 5457 5720 6109 
10334 1101 6161 6362 
10335 5393 6180 6642 
10336 1283 1284 6358 
10337 6108 5457 6109 
10338 6518 5439 6728 
10339 5908 6068 6133 
10340 5734 6045 6210 
10341 5884 1079 6698 
10342 1079 1080 6698 
10343 6723 6382 6748 
10344 6161 5707 6362 
10345 6357 5965 6774 
10346 5948 5947 6409 
10347 6170 6444 6856 
10348 6411 5268 6428 
10349 6517 5508 6540 
10350 6064 6349 6420 
10351 5792 6167 6451 
10352 1158 1159 6452 
10353 5796 5534 6482 
10354 1328 5485 5906 
10355 883 884 6165 
10356 1165 5457 6108 
10357 1096 1097 6027 
10358 6266 5765 6279 
10359 6603 6548 6749 
10360 5510 6433 6601 
10361 5981 5797 6204 
10362 5485 6213 6328 
10363 6355 5799 6476 
10364 6481 5528 6605 
10365 6152 6054 6364 
10366 1269 1270 6337 
10367 6407 5979 6624 
10368 5831 5853 6194 
10369 6349 6098 6420 
10370 5934 5987 6757 
10371 5974 5615 6710 
10372 5751 6285 6426 
10373 1341 1342 6509 
10374 5489 5761 6357 
10375 5593 5968 6828 
10376 5297 6149 6575 
10377 6359 6853 6940 
10378 5548 6057 6310 
10379 6296 6047 6303 
10380 6066 5664 6246 
10381 6133 5614 6759 
10382 6268 6184 6915 
10383 5749 6252 6253 
10384 6419 5606 6641 
10385 5363 6003 6175 
10386 6073 6074 6720 
10387 5530 6303 6304 
10388 6087 5853 6726 
10389 5963 5846 6194 
10390 6477 5605 6697 
10391 6201 6112 6862 
10392 6122 6119 6821 
10393 5749 6251 6252 
10394 5573 6266 6279 
10395 5415 6845 6959 
10396 5667 6093 6877 
10397 6108 5738 6373 
10398 6156 6157 6306 
10399 6122 6821 6889 
10400 6244 5415 6959 
10401 5310 773 6087 
10402 1062 5916 6088 
10403 6523 6755 6786 
10404 6137 6436 6475 
10405 5715 5646 5996 
10406 6432 5918 6732 
10407 818 819 5995 
10408 785 5307 6188 
10409 6310 5549 6705 
10410 5479 6060 6437 
10411 5440 784 6188 
10412 5892 6509 6690 
10413 6355 6476 6784 
10414 6048 6023 6859 
10415 6074 6075 6494 
10416 5268 6411 6513 
10417 6004 6515 6581 
10418 6287 6530 6772 
10419 1078 5884 6515 
10420 6018 5454 6186 
10421 6376 5544 6570 
10422 5804 6442 6790 
10423 1011 1012 5922 
10424 926 5312 6014 
10425 6173 5781 6378 
10426 5439 6439 6728 
10427 6021 5627 6287 
10428 5760 5990 6363 
10429 6009 1183 6130 
10430 971 5474 6578 
10431 6853 5954 6940 
10432 6444 5805 6617 
10433 6554 5931 6939 
10434 6029 5291 6990 
10435 12 1110 6371 
10436 6056 5892 6690 
10437 5315 5365 6260 
10438 6204 5797 6449 
10439 5517 6092 6178 
10440 988 989 5263 
10441 6175 6003 6502 
10442 1166 6013 6890 
10443 1097 5954 6853 
10444 6363 5990 6396 
10445 5605 6119 6697 
10446 6281 5507 6497 
10447 1212 1213 6019 
10448 707 708 5533 
10449 1359 5290 6168 
10450 846 847 5936 
10451 5676 1199 6078 
10452 6147 5278 6274 
10453 5538 6022 6827 
10454 5972 6481 6605 
10455 754 5376 6354 
10456 5311 6042 6748 
10457 5768 6287 6772 
10458 5491 5326 6260 
10459 6082 5420 6083 
10460 5367 6156 6306 
10461 5342 6030 6417 
10462 1283 6358 6703 
10463 5906 5968 6665 
10464 5999 6096 6846 
10465 5614 6177 6759 
10466 5520 6263 6379 
10467 5778 6107 6565 
10468 1164 6108 6373 
10469 6063 6466 6596 
10470 6041 5729 6745 
10471 6134 6012 6440 
10472 5914 5931 6554 
10473 968 5874 6651 
10474 1373 1374 5971 
10475 5734 883 6165 
10476 1248 5363 6023 
10477 6093 6088 6877 
10478 6023 5363 6859 
10479 5333 6070 6871 
10480 6319 6782 6807 
10481 5338 1149 6186 
10482 6137 5319 6436 
10483 6156 5367 6286 
10484 6055 5633 6094 
10485 5976 859 6187 
10486 1270 5499 6337 
10487 1186 1187 5952 
10488 5637 1266 6118 
10489 6079 6027 6770 
10490 6019 5856 6571 
10491 5283 5823 6141 
10492 6272 6271 6424 
10493 5614 6133 6892 
10494 6064 5844 6349 
10495 6111 6882 6979 
10496 5498 6152 6364 
10497 1282 1283 6703 
10498 1385 5330 6121 
10499 5675 6099 6136 
10500 6473 873 6606 
10501 6409 5947 6900 
10502 5854 1240 6653 
10503 5451 5865 6521 
10504 6075 6472 6495 
10505 5917 6203 6467 
10506 5608 6218 6456 
10507 5537 6342 6547 
10508 6457 6545 6699 
10509 6494 1015 6717 
10510 6038 1201 6110 
10511 5606 6419 6947 
10512 5265 6026 6592 
10513 6441 6069 6609 
10514 5915 6594 6668 
10515 5264 6283 6660 
10516 6139 5666 6355 
10517 5637 6118 6119 
10518 1240 1241 6653 
10519 5982 6576 6907 
10520 5737 6166 6783 
10521 1249 1250 6003 
10522 5500 6097 6277 
10523 5844 6064 6438 
10524 1253 1254 6145 
10525 1314 6296 6303 
10526 724 725 6114 
10527 5665 5666 6753 
10528 6737 5425 6814 
10529 6541 6369 6610 
10530 5701 6440 6730 
10531 5948 6409 6688 
10532 6360 5288 6573 
10533 5544 6376 6980 
10534 5336 6100 6318 
10535 6508 6667 6917 
10536 5683 1094 6140 
10537 6688 5440 6765 
10538 6446 6049 6621 
10539 1299 6560 6814 
10540 858 859 5976 
10541 5263 6138 6811 
10542 5988 5942 6604 
10543 5332 6040 6953 
10544 6414 5712 6702 
10545 5276 6323 6406 
10546 6406 6323 6725 
10547 6478 5505 6740 
10548 5433 6431 6907 
10549 816 817 6067 
10550 5961 6140 6982 
10551 5697 5570 6749 
10552 6131 5619 6132 
10553 6196 5697 6749 
10554 5570 6603 6749 
10555 5632 6219 6895 
10556 6431 5433 6838 
10557 1085 5517 6178 
10558 5259 6567 6790 
10559 5580 5369 5581 
10560 5699 6069 6441 
10561 6122 5855 6123 
10562 5367 1367 6286 
10563 5579 5580 5681 
10564 6002 6478 6740 
10565 889 890 5998 
10566 6110 6111 6979 
10567 6113 6101 6670 
10568 5683 6140 6164 
10569 6749 5889 6802 
10570 1243 1244 5289 
10571 5931 6222 6939 
10572 6747 6327 6767 
10573 5314 6412 6825 
10574 6145 5715 6678 
10575 6168 5984 6931 
10576 6173 5652 6208 
10577 6196 6749 6802 
10578 6433 5891 6601 
10579 6436 5681 6475 
10580 5763 5697 6195 
10581 6024 1273 6618 
10582 5700 6393 6672 
10583 5526 6072 6387 
10584 1357 5997 6685 
10585 5437 5414 5619 
10586 1165 1166 5457 
10587 909 910 5334 
10588 6678 5715 6985 
10589 6523 5910 6755 
10590 6129 5368 6404 
10591 6177 5614 6666 
10592 986 5996 6764 
10593 6594 5719 6668 
10594 6482 5665 6753 
10595 5530 6304 6616 
10596 6472 5938 6495 
10597 5660 5335 5685 
10598 6242 5258 6243 
10599 6073 5587 6074 
10600 5320 5455 5781 
10601 5520 6379 6380 
10602 5454 5338 6186 
10603 848 849 6063 
10604 6237 6315 6498 
10605 6026 5265 6593 
10606 5783 5750 6253 
10607 844 845 6068 
10608 6058 5707 6161 
10609 5441 6067 6935 
10610 6259 6247 6458 
10611 6155 5559 6157 
10612 6119 6118 6697 
10613 1141 5283 6141 
10614 5426 6112 6201 
10615 5623 6615 6720 
10616 6427 5952 6875 
10617 5320 1279 5455 
10618 5259 1324 6567 
10619 879 6235 6556 
10620 952 5760 6057 
10621 5801 5923 6171 
10622 5457 1166 5458 
10623 5848 6051 6142 
10624 5847 5848 6142 
10625 952 953 5760 
10626 5731 5331 5875 
10627 5855 963 6144 
10628 5750 5749 6253 
10629 6303 6047 6304 
10630 1190 5680 6150 
10631 5478 6061 6941 
10632 6007 6590 6767 
10633 5657 6786 6844 
10634 5365 6247 6259 
10635 1183 1184 6130 
10636 907 908 5550 
10637 1253 6145 6704 
10638 1055 5331 5731 
10639 6302 5434 6636 
10640 705 706 5298 
10641 5758 5759 5932 
10642 5545 1055 6522 
10643 5747 6227 6696 
10644 1278 1279 5320 
10645 6267 5262 6566 
10646 5424 5849 5980 
10647 6070 5333 6506 
10648 5741 6071 6598 
10649 5949 6549 6894 
10650 5913 5755 6394 
10651 5557 5974 5975 
10652 5895 6048 6859 
10653 1060 5726 6039 
10654 5514 6367 6413 
10655 6076 5676 6077 
10656 926 927 5274 
10657 6004 5293 6515 
10658 1164 1165 6108 
10659 736 6171 6949 
10660 5475 6059 6581 
10661 1180 1181 6166 
10662 5538 6450 6822 
10663 1366 1367 5367 
10664 1159 1160 5792 
10665 5676 6078 6861 
10666 868 5281 6158 
10667 5664 6066 6976 
10668 6017 6016 6234 
10669 6179 5440 6688 
10670 6672 6393 6840 
10671 6453 6191 6726 
10672 6590 5930 6767 
10673 1018 1019 6069 
10674 6174 5511 6692 
10675 6033 6781 6913 
10676 1064 5860 6151 
10677 888 5633 6055 
10678 5937 6320 6771 
10679 6455 6281 6737 
10680 6572 5904 6945 
10681 735 736 6949 
10682 5754 6243 6851 
10683 6078 5894 6861 
10684 6293 6294 6295 
10685 6786 6039 6844 
10686 5610 13 6499 
10687 6642 6180 6688 
10688 6063 5382 6466 
10689 6030 5342 6924 
10690 5930 6747 6767 
10691 1384 1385 6121 
10692 6378 6389 6655 
10693 1021 1022 5977 
10694 5741 6490 6659 
10695 6001 5795 6899 
10696 6235 5893 6556 
10697 1147 1148 5377 
10698 6187 5968 6328 
10699 6143 5873 6650 
10700 5530 6094 6681 
10701 1238 5587 6073 
10702 915 916 6511 
10703 5627 6021 6667 
10704 5457 5458 5720 
10705 951 952 6057 
10706 5487 6586 6653 
10707 5766 6388 6565 
10708 6266 6265 6267 
10709 6549 5949 6956 
10710 5652 5953 6208 
10711 6158 5281 6159 
10712 6024 6031 6780 
10713 966 5387 6169 
10714 6107 5778 6920 
10715 6124 1351 6594 
10716 5952 6427 6874 
10717 1188 5707 6058 
10718 6098 5814 6420 
10719 5377 6236 6527 
10720 5556 5755 5913 
10721 5549 6363 6396 
10722 1270 1271 5499 
10723 5786 1269 6337 
10724 5730 6514 6815 
10725 1171 1172 6735 
10726 1243 5289 5348 
10727 5863 865 6189 
10728 6033 6065 6781 
10729 5860 1065 6153 
10730 5811 5260 5812 
10731 753 754 6354 
10732 6227 5747 6809 
10733 5363 1249 6003 
10734 909 5334 5488 
10735 5550 908 5965 
10736 1024 1025 5741 
10737 1026 1027 5282 
10738 6266 6267 6566 
10739 1061 1062 6088 
10740 1094 1095 6140 
10741 6561 5935 6609 
10742 6361 6448 6511 
10743 1386 15 5588 
10744 5920 6150 6946 
10745 1175 1176 5917 
10746 6311 6289 6656 
10747 5440 6188 6765 
10748 6359 5709 6853 
10749 773 774 6087 
10750 1241 1242 5487 
10751 911 5479 6437 
10752 5545 6640 6686 
10753 6109 5720 6570 
10754 6544 6562 6796 
10755 806 5267 6205 
10756 6615 6020 6720 
10757 6124 5729 6627 
10758 1198 5676 6076 
10759 6310 6034 6914 
10760 6403 941 6871 
10761 1200 6038 6078 
10762 5923 6174 6692 
10763 5319 6178 6436 
10764 5293 1077 6515 
10765 1266 1267 6118 
10766 6059 6004 6581 
10767 6141 6343 6638 
10768 6781 5566 6913 
10769 6117 5786 6127 
10770 5781 5455 5934 
10771 5758 6025 6908 
10772 6089 5661 6090 
10773 6219 5632 6583 
10774 1073 5758 6908 
10775 6180 5393 6835 
10776 1167 1168 5887 
10777 5977 6091 6919 
10778 6185 6205 6206 
10779 5858 5651 6378 
10780 1201 1202 6110 
10781 837 838 6238 
10782 6753 6139 6804 
10783 843 5908 6176 
10784 5524 5522 6182 
10785 6319 6318 6498 
10786 5888 6202 6813 
10787 5343 6053 6733 
10788 1114 1115 5286 
10789 1106 6622 6674 
10790 6439 6055 6616 
10791 6125 5474 6422 
10792 1167 5887 6013 
10793 5270 771 6190 
10794 6071 5741 6659 
10795 6586 5487 6766 
10796 6094 5530 6616 
10797 5388 5277 5389 
10798 957 5531 6293 
10799 6586 6585 6633 
10800 5499 6780 6888 
10801 956 957 6293 
10802 1163 1164 6373 
10803 5366 6311 6656 
10804 6348 6000 6386 
10805 5980 6134 6435 
10806 6414 5808 6415 
10807 5437 5619 6131 
10808 5801 6171 6356 
10809 923 924 5897 
10810 6293 5531 6294 
10811 5292 1368 5414 
10812 6070 6403 6871 
10813 5621 6144 6682 
10814 6317 5508 6517 
10815 6604 5942 6978 
10816 6205 5267 6206 
10817 6145 5870 6704 
10818 5768 6021 6287 
10819 1020 6561 6609 
10820 750 751 5299 
10821 6079 1194 6962 
10822 6271 5448 6424 
10823 1194 6079 6770 
10824 1248 1249 5363 
10825 6253 6252 6254 
10826 1189 1190 6150 
10827 6057 5760 6363 
10828 1329 1330 6213 
10829 5303 949 6192 
10830 1068 5578 6197 
10831 866 5373 6189 
10832 921 922 5374 
10833 1172 1173 5418 
10834 6141 5823 6343 
10835 5702 6371 6413 
10836 5498 1133 6152 
10837 752 753 5273 
10838 6228 6193 6926 
10839 1268 5786 6117 
10840 6238 5915 6668 
10841 5447 6095 6447 
10842 702 703 6430 
10843 5943 5942 5988 
10844 6415 5808 6721 
10845 805 806 6205 
10846 5658 1017 5999 
10847 867 868 6158 
10848 1357 1358 5997 
10849 5720 6370 6570 
10850 5362 6272 6424 
10851 5312 5340 5493 
10852 5278 6147 6348 
10853 5292 5414 5437 
10854 1002 1003 5753 
10855 1084 1085 6178 
10856 5353 5354 6221 
10857 864 865 5863 
10858 6095 5447 6552 
10859 5685 5335 5702 
10860 5637 6119 6122 
10861 950 951 5548 
10862 5643 1157 6623 
10863 1257 1258 5557 
10864 5638 5921 6198 
10865 6048 5895 6913 
10866 6311 6419 6641 
10867 5548 6310 6914 
10868 6050 6191 6438 
10869 1169 1170 6325 
10870 5792 6451 6452 
10871 1247 1248 6023 
10872 6023 6048 6976 
10873 5772 5770 6596 
10874 866 867 5373 
10875 6243 5754 6632 
10876 5282 1027 6333 
10877 1182 1183 6009 
10878 926 5274 5312 
10879 1260 1261 5556 
10880 1059 6039 6128 
10881 963 964 6144 
10882 6010 6011 6275 
10883 950 5548 6192 
10884 5399 5541 5634 
10885 5334 910 5559 
10886 924 925 6485 
10887 6544 5527 6562 
10888 1177 1178 5518 
10889 6083 5420 6084 
10890 5943 5988 6018 
10891 1316 1317 6099 
10892 6245 6129 6404 
10893 1331 1332 6820 
10894 1356 1357 6685 
10895 6780 6031 6888 
10896 1113 1114 6601 
10897 5373 867 6158 
10898 6309 5868 6675 
10899 5320 6173 6208 
10900 965 966 6169 
10901 865 866 6189 
10902 946 5370 6226 
10903 5891 6433 6865 
10904 6144 5621 6808 
10905 1063 1064 6151 
10906 862 863 5567 
10907 5354 5394 6221 
10908 738 739 5383 
10909 1385 1386 5330 
10910 5661 5524 6182 
10911 911 912 5479 
10912 6454 6645 6719 
10913 5580 5581 5582 
10914 6790 5921 6794 
10915 5922 1012 6832 
10916 5543 5714 6028 
10917 1314 1315 6296 
10918 5572 5467 5574 
10919 5660 5685 5807 
10920 5933 965 6169 
10921 6800 6423 6877 
10922 917 918 5288 
10923 5557 5975 6321 
10924 6074 5587 6075 
10925 5601 1322 6619 
10926 914 915 5325 
10927 1224 1225 5910 
10928 5333 943 6220 
10929 6884 1264 6925 
10930 1322 1323 6619 
10931 771 772 6190 
10932 6224 5736 6471 
10933 5632 6538 6583 
10934 1065 1066 6153 
10935 5932 5759 5982 
10936 979 980 5426 
10937 1318 1319 5308 
10938 5791 6104 6969 
10939 6100 5273 6569 
10940 5270 6050 6810 
10941 776 777 6244 
10942 6148 6572 6945 
10943 5572 5574 5575 
10944 5758 5932 6025 
10945 1114 5286 5287 
10946 839 840 5603 
10947 919 920 5711 
10948 6100 5901 6318 
10949 5418 6368 6735 
10950 6146 5373 6469 
10951 5769 1331 6820 
10952 6413 6371 6539 
10953 1055 1056 5331 
10954 931 6254 6671 
10955 5565 6541 6610 
10956 6199 6037 6955 
10957 1238 1239 5587 
10958 5900 5901 6100 
10959 964 965 5933 
10960 5898 5834 6199 
10961 1002 5753 6204 
10962 5834 5832 6199 
10963 1376 1377 5535 
10964 6657 5891 6865 
10965 5394 5477 5554 
10966 751 752 5336 
10967 6195 5697 6196 
10968 966 967 5387 
10969 6583 6538 6617 
10970 5901 6236 6237 
10971 842 843 6176 
10972 5719 1353 6082 
10973 6227 6228 6696 
10974 945 946 6226 
10975 896 5352 6334 
10976 5869 5794 6917 
10977 1372 1373 5644 
10978 6378 5781 6389 
10979 1067 1068 6197 
10980 1245 1246 6066 
10981 6119 5605 6821 
10982 6233 6239 6248 
10983 5309 5684 6223 
10984 6159 5281 6160 
10985 5306 6199 6955 
10986 5796 6753 6804 
10987 6183 805 6205 
10988 5908 6133 6759 
10989 964 5933 6144 
10990 5651 6173 6378 
10991 1284 1285 5718 
10992 983 984 5649 
10993 6239 5510 6248 
10994 5394 5554 6221 
10995 1010 1011 5922 
10996 6226 5370 6227 
10997 6107 6106 6532 
10998 5464 5638 6198 
10999 6411 5612 6513 
11000 5968 5485 6328 
11001 901 902 5424 
11002 1141 1142 5283 
11003 1348 1349 6041 
11004 5275 6113 6555 
11005 1344 1345 6056 
11006 943 944 6220 
11007 695 5448 6393 
11008 6202 6645 6813 
11009 6229 5695 6230 
11010 5574 5467 6198 
11011 1184 5602 6130 
11012 6227 5370 6228 
11013 5666 5427 6209 
11014 5558 6508 6917 
11015 993 994 5314 
11016 969 970 5874 
11017 5726 6093 6844 
11018 5393 6642 6677 
11019 5900 5899 5901 
11020 895 896 6334 
11021 1140 1141 6141 
11022 5572 5575 6214 
11023 1229 5427 5665 
11024 5935 5541 6441 
11025 1358 1359 6168 
11026 1215 5764 6225 
11027 1237 1238 6073 
11028 6206 5267 6207 
11029 1302 1303 5710 
11030 6097 5500 6691 
11031 5389 5277 5395 
11032 833 834 5577 
11033 1042 1043 5712 
11034 803 804 5257 
11035 949 950 6192 
11036 1144 1145 5306 
11037 1306 1307 5950 
11038 5310 6087 6726 
11039 5385 737 5942 
11040 5891 1113 6601 
11041 804 805 6183 
11042 1044 1045 5808 
11043 905 906 6217 
11044 5638 5876 5921 
11045 5984 6285 6931 
11046 991 992 6120 
11047 695 696 5448 
11048 1046 1047 5762 
11049 1242 5472 6762 
11050 5919 6259 6458 
11051 831 832 5404 
11052 6090 5661 6182 
11053 1039 1040 5867 
11054 1300 1301 5546 
11055 6229 6230 6259 
11056 5835 5834 5837 
11057 801 5309 6223 
11058 730 731 5357 
11059 1327 5906 5957 
11060 6127 5531 6477 
11061 829 830 5278 
11062 1379 1380 5617 
11063 754 755 5376 
11064 5353 6221 6222 
11065 971 972 5474 
11066 6013 5887 6375 
11067 5693 5695 6229 
11068 787 788 5258 
11069 998 999 5284 
11070 1304 1305 5791 
11071 703 5888 6430 
11072 1048 1049 5735 
11073 6120 5757 6661 
11074 5325 915 6511 
11075 5488 5334 5705 
11076 5994 5839 6211 
11077 6729 6005 6932 
11078 6104 5791 6643 
11079 744 745 5366 
11080 1037 1038 5986 
11081 882 883 5734 
11082 6187 859 6828 
11083 5937 5854 6909 
11084 6130 5602 6815 
11085 1297 1298 5425 
11086 6109 5544 6858 
11087 847 848 5560 
11088 6696 6228 6926 
11089 880 881 5317 
11090 896 897 5352 
11091 5837 5898 5899 
11092 1006 1007 5585 
11093 823 824 5520 
11094 1054 1055 5545 
11095 868 869 5281 
11096 1013 1014 5412 
11097 5847 6142 6324 
11098 5385 5942 5943 
11099 740 741 5276 
11100 5328 5359 6233 
11101 5807 5685 5978 
11102 5544 6109 6570 
11103 5521 905 6217 
11104 800 801 6223 
11105 5366 745 6419 
11106 1028 1029 5384 
11107 1004 1005 5785 
11108 6003 1250 6769 
11109 1008 1009 5604 
11110 5257 6183 6184 
11111 757 758 5265 
11112 5811 5812 5813 
11113 6254 5294 6584 
11114 709 710 5344 
11115 1205 1206 5369 
11116 1235 1236 6020 
11117 1323 1324 5259 
11118 5560 848 6063 
11119 5837 5900 6211 
11120 728 729 5746 
11121 772 5310 6190 
11122 5269 6216 6606 
11123 6065 6033 6843 
11124 733 734 5511 
11125 5837 5834 5898 
11126 5283 1142 5810 
11127 5596 5594 6065 
11128 877 878 5262 
11129 5359 5408 6233 
11130 1214 1215 6225 
11131 713 714 5671 
11132 948 949 5303 
11133 6350 6169 6528 
11134 1116 1117 5351 
11135 5416 1384 6121 
11136 1146 6527 6591 
11137 6527 5902 6591 
11138 6230 5695 6231 
11139 946 947 5370 
11140 907 5550 6488 
11141 1361 1362 5538 
11142 5328 6233 6248 
11143 981 982 6112 
11144 5797 5956 6449 
11145 1034 1035 5627 
11146 5408 5670 6233 
11147 770 771 5270 
11148 5408 5449 5670 
11149 1032 1033 5558 
11150 694 695 6393 
11151 772 773 5310 
11152 6515 5884 6581 
11153 894 895 5507 
11154 785 786 5307 
11155 765 766 5264 
11156 5613 5572 6214 
11157 5919 5696 6229 
11158 1030 1031 5618 
11159 5290 5564 5984 
11160 5918 5696 5919 
11161 5901 5899 6236 
11162 5257 804 6183 
11163 5526 5524 5661 
11164 1292 1293 5552 
11165 1129 1130 5889 
11166 6443 6405 6460 
11167 6585 5585 6633 
11168 1110 1111 5261 
11169 5307 786 5692 
11170 860 861 5593 
11171 6940 6291 6946 
11172 711 712 5371 
11173 742 743 5706 
11174 5309 802 5522 
11175 5835 5837 6211 
11176 5879 846 5936 
11177 763 764 5447 
11178 1050 1051 5795 
11179 5693 5692 5695 
11180 745 746 6419 
11181 996 997 5592 
11182 761 762 5268 
11183 5582 5581 5779 
11184 1359 1360 5290 
11185 1074 1075 5342 
11186 726 727 5555 
11187 5719 6082 6212 
11188 5449 5514 6241 
11189 5934 5455 5987 
11190 801 802 5309 
11191 5696 5693 6229 
11192 5680 6940 6946 
11193 899 900 5701 
11194 6233 5670 6239 
11195 5837 5899 5900 
11196 6157 5559 6437 
11197 1352 1353 5719 
11198 697 698 5362 
11199 1127 1128 5537 
11200 5660 5807 6049 
11201 6274 5278 6805 
11202 962 963 5855 
11203 5319 1084 6178 
11204 806 807 5267 
11205 703 704 5888 
11206 5521 6217 6218 
11207 836 837 5509 
11208 6742 5643 6880 
11209 1071 1072 5500 
11210 774 5291 6087 
11211 1085 1086 5517 
11212 5285 945 6226 
11213 809 810 5508 
11214 1327 1328 5906 
11215 5336 6318 6319 
11216 5658 5999 6002 
11217 5311 858 5976 
11218 1068 1069 5578 
11219 1321 1322 5601 
11220 5523 5522 5524 
11221 5485 1329 6213 
11222 6263 6262 6379 
11223 5665 5427 5666 
11224 1083 1084 5319 
11225 6239 5670 6240 
11226 784 785 6188 
11227 5695 5692 6242 
11228 759 760 5612 
11229 904 905 5521 
11230 719 720 5561 
11231 716 717 5339 
11232 6369 5795 6610 
11233 768 769 5482 
11234 857 858 5311 
11235 819 820 5400 
11236 821 822 5332 
11237 1076 1077 5293 
11238 798 799 5452 
11239 811 812 5279 
11240 1118 1119 5419 
11241 5525 5524 5526 
11242 1125 1126 5478 
11243 5774 818 5995 
11244 817 818 5774 
11245 5641 1067 6197 
11246 1104 1105 5985 
11247 6099 5675 6910 
11248 5340 5443 5473 
11249 5586 6176 6177 
11250 815 816 5441 
11251 885 886 5439 
11252 5566 5664 6048 
11253 783 784 5440 
11254 1209 1210 5433 
11255 989 990 6138 
11256 1097 1098 5954 
11257 817 5774 6067 
11258 6184 6183 6185 
11259 813 814 5392 
11260 841 842 5586 
11261 5991 5839 5994 
11262 887 888 6055 
11263 1370 5350 6346 
11264 5726 6088 6093 
11265 871 872 5423 
11266 793 794 5386 
11267 874 875 5269 
11268 6053 6052 6054 
11269 1090 1091 5894 
11270 5682 1096 6027 
11271 976 977 5615 
11272 1095 1096 5682 
11273 790 791 5275 
11274 1059 1060 6039 
11275 854 855 5469 
11276 5633 5998 6006 
11277 5427 1230 5505 
11278 1081 1082 5475 
11279 1123 1124 5393 
11280 5586 842 6176 
11281 843 844 5908 
11282 777 5415 6244 
11283 5682 6027 6079 
11284 1066 5641 6153 
11285 1099 5920 6291 
11286 721 722 5297 
11287 5916 1063 6151 
11288 1184 1185 5602 
11289 5307 5692 5693 
11290 1102 1103 5708 
11291 1093 1094 5683 
11292 942 943 5333 
11293 5726 1061 6088 
11294 5633 6006 6094 
11295 1088 1089 5704 
11296 1062 1063 5916 
11297 5309 5522 5523 
11298 1099 1100 5920 
11299 1060 1061 5726 
11300 5979 5978 6010 
11301 939 940 5591 
11302 959 960 5605 
11303 5583 5453 6322 
11304 1064 1065 5860 
11305 1066 1067 5641 
11306 5633 889 5998 
11307 957 958 5531 
11308 849 850 5382 
11309 826 827 5271 
11310 1150 1151 5528 
11311 845 846 5879 
11312 932 933 5294 
11313 1207 1208 5539 
11314 929 930 5300 
11315 5997 1358 6168 
11316 777 778 5415 
11317 781 782 5686 
11318 5779 5581 5945 
11319 888 889 5633 
11320 774 775 5291 
11321 699 700 5481 
11322 5784 6129 6245 
11323 5822 5829 6064 
11324 1202 1203 5642 
11325 5740 5696 5918 
11326 944 5285 6220 
11327 845 5879 6068 
11328 5694 5693 5696 
11329 1120 1121 5356 
11330 1133 1134 6152 
11331 1098 1099 6291 
11332 1156 1157 5643 
11333 5807 5978 5979 
11334 1095 5682 6140 
11335 5827 5820 5857 
11336 5467 5464 6198 
11337 934 935 5859 
11338 1312 1313 5530 
11339 6105 5705 6649 
11340 1132 1133 5498 
11341 944 945 5285 
11342 1192 1193 5709 
11343 1336 1337 5614 
11344 1364 12 5335 
11345 5784 6032 6129 
11346 1138 1139 5318 
11347 5290 1360 5563 
11348 1197 1198 6076 
11349 6353 5785 6766 
11350 5613 6214 6215 
11351 6111 5642 6162 
11352 1195 1196 5961 
11353 1135 1136 5343 
11354 1334 1335 5650 
11355 1287 1288 5608 
11356 5408 5409 5449 
11357 851 852 5871 
11358 1222 1223 5657 
11359 1268 1269 5786 
11360 1200 1201 6038 
11361 1290 1291 5632 
11362 1339 1340 5775 
11363 5271 827 6386 
11364 1199 1200 6078 
11365 795 796 5788 
11366 5523 5524 5525 
11367 1213 1214 5856 
11368 1332 1333 5600 
11369 1217 1218 5645 
11370 1265 1266 5637 
11371 736 737 5385 
11372 1309 1310 5673 
11373 1190 1191 5680 
11374 1215 1216 5764 
11375 1219 1220 5667 
11376 1188 1189 5707 
11377 1267 1268 6117 
11378 5359 5406 5408 
11379 1229 1230 5427 
11380 6051 6052 6053 
11381 936 937 5368 
11382 5364 5272 6305 
11383 5967 6059 6137 
11384 5309 5523 5684 
11385 1328 1329 5485 
11386 5856 1214 6225 
11387 1187 1188 6058 
11388 1198 1199 5676 
11389 5833 5834 5835 
11390 5784 5783 6032 
11391 6247 5286 6351 
11392 6070 5784 6245 
11393 5564 5789 5790 
11394 827 828 6386 
11395 1267 6117 6118 
11396 5525 5526 5668 
11397 6512 6588 6592 
11398 5707 1189 6150 
11399 6231 6242 6243 
11400 736 5385 6171 
11401 5694 5696 5740 
11402 5848 5964 6051 
11403 5790 6008 6040 
11404 1073 1074 5758 
11405 5307 5693 5694 
11406 5286 1115 6351 
11407 5638 5463 5639 
11408 5864 5947 5948 
11409 5967 6004 6059 
11410 5571 5467 5572 
11411 5777 5784 6070 
11412 5670 5449 6241 
11413 5703 6102 6103 
11414 1202 5642 6110 
11415 5582 5779 5966 
11416 5864 5740 5947 
11417 6110 5642 6111 
11418 707 5533 6416 
11419 1185 1186 5629 
11420 5464 5463 5638 
11421 1211 1212 5630 
11422 1363 1364 5659 
11423 6051 5964 6052 
11424 5789 5563 6022 
11425 5607 5893 6036 
11426 5694 5740 5864 
11427 5777 5783 5784 
11428 1078 1079 5884 
11429 5967 5966 6004 
11430 5582 5966 5967 
11431 5790 5789 6008 
11432 6028 5714 6085 
11433 1363 5659 5800 
11434 5964 5963 6029 
11435 1204 1205 5579 
11436 5833 5835 5836 
11437 859 860 6828 
11438 5944 6288 6849 
11439 1383 1384 5416 
11440 5848 5963 5964 
11441 5571 5572 5613 
11442 5521 6218 6219 
11443 5466 5464 5467 
11444 6062 6179 6180 
11445 5462 5402 5463 
11446 1295 1296 5459 
11447 6231 5695 6242 
11448 5638 5639 5876 
11449 5316 5327 5328 
11450 6062 5687 6179 
11451 5564 5563 5789 
11452 6017 6234 6480 
11453 5272 1366 6305 
11454 5876 5639 5877 
11455 5848 5846 5963 
11456 5449 5450 5514 
11457 5290 5563 5564 
11458 5405 5358 5407 
11459 5408 5406 5409 
11460 5703 5668 6101 
11461 5684 5523 6261 
11462 1374 1375 5565 
11463 5629 1186 5952 
11464 5607 6036 6256 
11465 780 781 5570 
11466 5919 6229 6259 
11467 6061 5687 6062 
11468 5525 5668 5703 
11469 6060 5479 6857 
11470 5466 5571 5573 
11471 5800 5659 5983 
11472 5466 5467 5571 
11473 5703 6103 6261 
11474 5840 5992 5993 
11475 5449 5409 5450 
11476 5639 5463 6278 
11477 5703 6101 6102 
11478 5748 5750 5776 
11479 5777 5750 5783 
11480 6185 6183 6205 
11481 5466 5573 6279 
11482 5654 5689 6147 
11483 5691 5739 6072 
11484 5258 788 6492 
11485 5780 5630 6097 
11486 5839 5835 6211 
11487 5830 5824 5844 
11488 5523 5525 6261 
11489 5813 5812 5815 
11490 5502 5669 6285 
11491 5817 5821 5822 
11492 6240 5670 6241 
11493 1204 5579 5793 
11494 5690 5655 5751 
11495 5402 5381 6278 
11496 5293 6030 6924 
11497 5462 5463 5464 
11498 5811 5813 5814 
11499 5381 5675 6278 
11500 902 903 5767 
11501 1142 1143 5260 
11502 1211 5630 5780 
11503 1001 1002 6204 
11504 5329 5492 5691 
11505 5836 5835 5839 
11506 5287 5296 5510 
11507 5554 5477 6234 
11508 5686 5687 6061 
11509 1295 5459 5620 
11510 5622 6012 6134 
11511 6036 5893 6235 
11512 5328 5358 5359 
11513 5525 5703 6261 
11514 5316 5328 6248 
11515 5427 5505 6209 
11516 1016 1017 5609 
11517 5776 5750 5777 
11518 5833 5832 5834 
11519 5847 5846 5848 
11520 5690 5751 5752 
11521 5655 5502 6285 
11522 5630 1212 6019 
11523 5822 5828 5829 
11524 5462 5464 5466 
11525 747 748 5606 
11526 6457 5673 6558 
11527 1315 1316 5280 
11528 5328 5327 5358 
11529 5607 5765 5893 
11530 5739 5492 5754 
11531 5819 5816 5820 
11532 5359 5358 5405 
11533 1153 1154 5390 
11534 5316 5326 5327 
11535 5329 5326 5491 
11536 5359 5405 5406 
11537 5841 5827 5842 
11538 1176 1177 5432 
11539 780 5570 5697 
11540 5414 1368 6396 
11541 5826 5820 5827 
11542 5914 5610 5931 
11543 5514 5450 5515 
11544 5862 5754 5896 
11545 6093 6398 6844 
11546 5622 5459 5782 
11547 5826 5841 5843 
11548 5829 5872 6050 
11549 5691 5492 5739 
11550 891 892 5597 
11551 5296 5315 5316 
11552 5450 5409 5568 
11553 5828 5821 5838 
11554 6132 5619 6135 
11555 5406 5405 5519 
11556 5296 5316 6248 
11557 5993 5992 6026 
11558 1383 5416 5794 
11559 5620 5459 5622 
11560 5748 5776 6255 
11561 5739 5754 5862 
11562 5508 6317 6664 
11563 5855 6122 6889 
11564 5862 5896 6113 
11565 5573 5571 6264 
11566 5532 5801 5972 
11567 5571 5613 6264 
11568 5781 5934 6389 
11569 6273 6147 6274 
11570 5622 5782 6012 
11571 1153 5390 5532 
11572 1112 1113 5891 
11573 5613 6215 6216 
11574 5686 782 5687 
11575 13 1365 6499 
11576 5822 5821 5828 
11577 5836 5839 5840 
11578 5840 5839 5991 
11579 5329 5491 5492 
11580 5748 5743 5749 
11581 1239 1240 5445 
11582 5405 5407 6268 
11583 5327 5326 5329 
11584 5815 5812 5832 
11585 5401 5461 5607 
11586 5840 5991 5992 
11587 6301 5434 6302 
11588 5407 5358 6269 
11589 15 1372 5809 
11590 5510 5296 6248 
11591 5690 5752 6262 
11592 6097 6276 6277 
11593 5613 6216 6264 
11594 5689 5655 5690 
11595 5316 5315 5326 
11596 5607 5461 5765 
11597 5829 5828 5872 
11598 5826 5827 5841 
11599 5315 5295 5365 
11600 5843 5841 6095 
11601 5345 5770 5771 
11602 5857 5820 6298 
11603 925 926 5266 
11604 5463 5402 6278 
11605 5689 5690 6000 
11606 5532 5723 5801 
11607 5923 5723 6174 
11608 5295 5286 6247 
11609 5747 5743 5748 
11610 5636 5743 5747 
11611 5459 1296 6280 
11612 5380 5401 6256 
11613 5813 5815 6298 
11614 5358 5327 6269 
11615 5845 5846 5847 
11616 5747 5748 6255 
11617 5767 903 5805 
11618 5819 5820 5826 
11619 5899 5898 5902 
11620 1330 1331 5345 
11621 5483 5442 5566 
11622 6097 5630 6276 
11623 1313 1314 6303 
11624 5461 5402 5462 
11625 5817 5819 5821 
11626 5609 1017 5658 
11627 5817 5816 5819 
11628 5381 5379 5675 
11629 5654 6147 6273 
11630 5814 5816 5817 
11631 5296 5295 5315 
11632 1354 1355 5313 
11633 5818 5810 6098 
11634 5794 5416 6007 
11635 5429 5349 5442 
11636 5831 5830 5853 
11637 5329 5691 6269 
11638 6042 5806 6043 
11639 5825 5831 5845 
11640 5519 5405 6268 
11641 5814 5813 5816 
11642 5401 5402 5461 
11643 5815 5832 5833 
11644 5409 5406 6270 
11645 5312 5324 5340 
11646 5748 5749 5750 
11647 6162 5517 6724 
11648 5816 5813 6298 
11649 6282 5838 6283 
11650 1216 1217 6292 
11651 5390 1154 5434 
11652 5743 5742 6251 
11653 5327 5329 6269 
11654 5749 5743 6251 
11655 5435 5501 5725 
11656 5401 5381 5402 
11657 5683 6077 6977 
11658 5429 5442 5483 
11659 5287 5295 5296 
11660 6000 5690 6262 
11661 5825 5824 5830 
11662 5438 5437 5497 
11663 5509 837 6238 
11664 5406 5519 6270 
11665 5532 5390 5723 
11666 1217 5645 6292 
11667 5720 5458 5721 
11668 1278 5320 6208 
11669 5462 5466 6279 
11670 5401 5607 6256 
11671 5654 5655 5689 
11672 5445 5937 5938 
11673 5771 5773 5850 
11674 5825 5830 5831 
11675 5759 5342 6417 
11676 5644 5971 6001 
11677 5445 1240 5854 
11678 5616 6046 6047 
11679 5568 5409 6270 
11680 5765 5461 6279 
11681 5283 5810 5818 
11682 5845 5831 5846 
11683 892 893 5851 
11684 1378 1379 5576 
11685 5619 5414 5990 
11686 5630 6019 6276 
11687 1377 1378 5529 
11688 5419 6429 6463 
11689 5502 5436 5669 
11690 5782 6280 6281 
11691 1016 5609 5623 
11692 5487 1242 6762 
11693 5773 5806 6042 
11694 5751 5655 6285 
11695 5828 5838 6282 
11696 5745 5905 6149 
11697 5782 5459 6280 
11698 6330 5836 6344 
11699 5801 5723 5923 
11700 5365 5295 6247 
11701 5838 5821 6284 
11702 5461 5462 6279 
11703 6198 5921 6442 
11704 5513 5728 5911 
11705 5899 5902 6236 
11706 5771 5772 5773 
11707 5723 5390 6300 
11708 5826 5843 6284 
11709 5510 6239 6433 
11710 5390 5434 6300 
11711 5380 5381 5401 
11712 1315 5280 5375 
11713 1368 1369 6396 
11714 5378 5280 5379 
11715 6044 5486 6045 
11716 5636 5742 5743 
11717 5267 807 6316 
11718 5863 6189 6968 
11719 5838 6284 6307 
11720 5597 892 6104 
11721 5872 5828 6282 
11722 5553 5797 5981 
11723 6300 5434 6301 
11724 5260 1143 6037 
11725 5654 5502 5655 
11726 5821 5819 6284 
11727 5954 1098 6291 
11728 5603 5949 5969 
11729 5742 6250 6251 
11730 5432 1177 5542 
11731 5819 5826 6284 
11732 5823 5824 5825 
11733 6815 5602 6952 
11734 6231 6243 6632 
11735 6080 5718 6663 
11736 5773 5772 5806 
11737 5901 6237 6318 
11738 6284 5843 6307 
11739 1257 5557 6321 
11740 1256 1257 5506 
11741 6060 5688 6306 
11742 838 839 5494 
11743 5530 1313 6303 
11744 5684 6261 6290 
11745 5445 5854 5937 
11746 5823 5818 5824 
11747 5636 5444 5742 
11748 5375 5280 5378 
11749 5725 5501 6273 
11750 807 808 6316 
11751 5394 5476 5477 
11752 5764 1216 6292 
11753 5905 5873 6143 
11754 6253 6254 6584 
11755 5344 6340 6465 
11756 5375 5486 5616 
11757 975 976 6297 
11758 1261 1262 5551 
11759 6261 6103 6290 
11760 5771 5770 5772 
11761 1054 5545 6686 
11762 1106 1107 6622 
11763 5609 5658 5944 
11764 5543 5713 5714 
11765 5453 5513 6322 
11766 5354 5372 5394 
11767 5380 5379 5381 
11768 6184 6090 6831 
11769 5644 1373 5971 
11770 5896 5754 6851 
11771 5501 5502 5654 
11772 5442 5349 6246 
11773 6207 6316 6317 
11774 5283 5818 5823 
11775 5941 5506 5962 
11776 5501 5654 6273 
11777 6236 5902 6527 
11778 5369 1206 6842 
11779 5484 5483 5594 
11780 6088 5916 6877 
11781 6085 6086 6202 
11782 5713 6271 6272 
11783 1365 5272 5353 
11784 5443 5444 5635 
11785 5617 1380 5768 
11786 6189 6200 6968 
11787 5340 5324 5443 
11788 5647 6155 6156 
11789 5375 5378 5486 
11790 5432 5542 5543 
11791 5760 953 6928 
11792 5497 5437 6131 
11793 5616 6044 6046 
11794 5543 5542 5713 
11795 5742 5444 6249 
11796 5550 6081 6488 
11797 5287 5286 5295 
11798 6174 5723 6300 
11799 5820 5816 6298 
11800 5429 5483 5484 
11801 6046 6044 6165 
11802 5348 5349 5428 
11803 711 5371 6340 
11804 5875 5331 6139 
11805 5349 5289 6246 
11806 1315 5375 6296 
11807 976 5615 6297 
11808 5378 5379 5380 
11809 6223 5684 6365 
11810 5615 977 6710 
11811 5444 5324 6249 
11812 5616 5486 6044 
11813 978 6418 6710 
11814 5742 6249 6250 
11815 6265 5269 6714 
11816 5635 5444 5636 
11817 1008 5604 6320 
11818 5501 5436 5502 
11819 5516 5364 5688 
11820 1367 5292 6286 
11821 5345 5769 5770 
11822 5477 5678 6234 
11823 5850 6213 6943 
11824 6219 6218 6308 
11825 6449 5956 6631 
11826 1354 5313 5420 
11827 1378 5576 6257 
11828 776 6244 6990 
11829 947 948 6335 
11830 5428 5349 5429 
11831 840 841 6956 
11832 5833 5836 6330 
11833 5348 5289 5349 
11834 5345 1331 5769 
11835 5330 6501 6574 
11836 5292 5437 5438 
11837 5484 5595 5716 
11838 5585 1007 6320 
11839 5745 5873 5905 
11840 5438 5504 5647 
11841 6283 5838 6307 
11842 5447 6491 6552 
11843 5688 5364 6305 
11844 5854 6633 6909 
11845 6255 5285 6809 
11846 5595 5594 5596 
11847 710 711 6340 
11848 891 5597 5861 
11849 6207 5267 6316 
11850 5911 5728 5912 
11851 6320 5937 6909 
11852 5529 1378 6257 
11853 1256 5506 5646 
11854 5756 5596 5757 
11855 5647 6156 6286 
11856 5384 1029 6327 
11857 6637 6742 6886 
11858 909 5488 5489 
11859 5438 5647 6286 
11860 1365 1366 5272 
11861 5584 839 5648 
11862 5313 1355 5417 
11863 5484 5594 5595 
11864 5849 5767 6444 
11865 5616 6047 6296 
11866 1001 6204 6449 
11867 5348 5428 5553 
11868 1148 1149 5337 
11869 5435 5436 5501 
11870 5842 6381 6410 
11871 6091 1023 6598 
11872 1155 1156 6332 
11873 6210 6045 6341 
11874 6171 5385 6356 
11875 5595 5596 5756 
11876 5844 5824 6349 
11877 5727 5512 5880 
11878 6454 5481 6645 
11879 1057 1058 5534 
11880 5380 6256 6299 
11881 5566 5442 5664 
11882 5477 5626 5678 
11883 6089 5407 6918 
11884 6092 5681 6436 
11885 5944 5658 6288 
11886 5292 5438 6286 
11887 1366 5367 6305 
11888 6314 5284 6819 
11889 5391 5453 5583 
11890 5851 893 5852 
11891 1351 1352 6594 
11892 5840 5993 6344 
11893 5494 5729 5915 
11894 5949 840 6956 
11895 5443 5324 5444 
11896 1367 1368 5292 
11897 5533 5904 6375 
11898 5745 5744 5873 
11899 6147 5689 6348 
11900 5494 839 5584 
11901 5647 5504 6105 
11902 5370 947 6335 
11903 5881 5688 6060 
11904 5823 5825 6343 
11905 6503 5725 6608 
11906 1007 1008 6320 
11907 1030 5618 6327 
11908 6257 5576 6258 
11909 5378 5380 6299 
11910 5912 5728 6289 
11911 1261 5551 5672 
11912 5324 5274 6249 
11913 5300 6250 6718 
11914 6045 5486 6299 
11915 6143 5671 6535 
11916 5486 5378 6299 
11917 5438 5497 5504 
11918 5773 6042 6339 
11919 5731 5875 6434 
11920 6299 6256 6341 
11921 5551 1262 5569 
11922 1082 1083 6421 
11923 5412 1014 6494 
11924 5762 6415 6721 
11925 5646 5506 5941 
11926 1325 1326 5495 
11927 6465 6340 6563 
11928 1090 5894 6347 
11929 1226 6675 6944 
11930 6085 5714 6086 
11931 6592 6588 6715 
11932 5741 1025 6490 
11933 5915 6124 6594 
11934 5375 5616 6296 
11935 5857 6330 6344 
11936 1326 1327 6562 
11937 5728 5727 5939 
11938 948 5303 6335 
11939 5475 1082 6421 
11940 1109 11 5503 
11941 5266 6014 6016 
11942 1029 1030 6327 
11943 1089 1090 6347 
11944 6318 6237 6498 
11945 5647 6105 6155 
11946 5728 5939 6289 
11947 6552 6491 6660 
11948 728 5746 6385 
11949 5603 840 5949 
11950 6040 6380 6787 
11951 5915 5729 6124 
11952 5818 6098 6349 
11953 6434 5547 6923 
11954 5507 895 6334 
11955 5435 5417 5436 
11956 5313 5417 5435 
11957 5735 6405 6443 
11958 5494 5584 5729 
11959 5912 6289 6311 
11960 5857 6298 6330 
11961 5912 6311 6641 
11962 5513 5727 5728 
11963 5353 5272 5354 
11964 5678 5970 6154 
11965 5842 5827 6381 
11966 5984 5564 6426 
11967 6085 5298 6736 
11968 6224 1281 6703 
11969 5394 5372 5476 
11970 6045 6299 6341 
11971 5815 5833 6330 
11972 6228 5370 6335 
11973 5477 5476 5626 
11974 14 5277 5388 
11975 5428 5429 6336 
11976 6249 5274 6468 
11977 1191 1192 6359 
11978 1260 5556 5909 
11979 5658 6002 6288 
11980 5779 5945 6417 
11981 1192 5709 6359 
11982 1375 1376 6399 
11983 5803 5631 6146 
11984 1242 1243 5472 
11985 6298 5815 6330 
11986 5972 5801 6356 
11987 6325 5724 6326 
11988 6244 6029 6990 
11989 6072 5739 6387 
11990 1369 13 5355 
11991 6148 5344 6465 
11992 5584 5648 5890 
11993 6125 5787 6126 
11994 5344 710 6340 
11995 706 707 5321 
11996 5794 6007 6331 
11997 5716 6312 6314 
11998 1057 5534 5796 
11999 1156 5643 6332 
12000 5733 5744 5745 
12001 5883 5518 6672 
12002 5612 6411 6848 
12003 5672 5551 5787 
12004 6177 6176 6759 
12005 6300 6301 6329 
12006 727 728 6385 
12007 5822 6064 6420 
12008 5553 5428 5624 
12009 5785 6353 6905 
12010 5672 5787 6125 
12011 1027 1028 6333 
12012 5513 5911 6322 
12013 6463 6429 6900 
12014 5281 869 6445 
12015 6219 6308 6895 
12016 6165 884 6518 
12017 1056 1057 6804 
12018 5553 5624 5797 
12019 6395 5369 6842 
12020 1028 5384 6333 
12021 5595 5756 6312 
12022 5745 6149 6384 
12023 5716 5595 6312 
12024 5534 1058 5599 
12025 5337 1149 5338 
12026 6163 5769 6820 
12027 6576 5433 6907 
12028 5565 1375 6399 
12029 5763 6195 6364 
12030 6312 5756 6313 
12031 1115 1116 6351 
12032 5721 5722 5732 
12033 6397 5518 6568 
12034 5814 5817 6420 
12035 5797 5624 5956 
12036 5877 6639 6741 
12037 6496 6526 6648 
12038 6117 6127 6697 
12039 5565 6399 6541 
12040 5732 5722 6148 
12041 5664 5442 6246 
12042 6256 6036 6341 
12043 6038 6110 6979 
12044 5354 5272 5364 
12045 5990 5414 6396 
12046 5721 5732 5733 
12047 5685 5702 6367 
12048 5686 6061 6342 
12049 5340 5473 6554 
12050 5626 5476 5628 
12051 5266 926 6014 
12052 6495 5938 6496 
12053 6195 5498 6364 
12054 5506 1257 6321 
12055 5735 1049 6369 
12056 5533 708 5904 
12057 5266 6016 6017 
12058 6501 6500 6574 
12059 6174 6300 6329 
12060 5721 5458 5722 
12061 869 870 6445 
12062 1287 5608 6366 
12063 5850 5773 6339 
12064 5678 5626 5970 
12065 6526 5922 6648 
12066 5513 5512 5727 
12067 991 6120 6661 
12068 6046 6165 6518 
12069 5681 5580 6475 
12070 5920 1100 6362 
12071 5473 6729 6932 
12072 5516 5881 5903 
12073 5354 5364 5372 
12074 6156 6155 6157 
12075 5704 1089 6347 
12076 6320 5604 6771 
12077 1100 1101 6362 
12078 6152 1134 6733 
12079 1251 6181 6769 
12080 5372 5364 5516 
12081 5824 5818 6349 
12082 6122 6123 6925 
12083 5825 5845 6343 
12084 5581 5369 6395 
12085 5727 5880 6323 
12086 5624 5428 6336 
12087 6133 5650 6892 
12088 6395 5539 6683 
12089 5611 6005 6034 
12090 5279 6275 6540 
12091 6185 6206 6806 
12092 6579 6619 6794 
12093 5836 5840 6344 
12094 821 5332 6377 
12095 5422 5338 5454 
12096 5453 5512 5513 
12097 5499 1271 6780 
12098 5913 6394 6778 
12099 5355 13 5610 
12100 1210 1211 6838 
12101 5962 5506 6321 
12102 5429 5484 6336 
12103 5733 5732 5744 
12104 820 821 6377 
12105 5503 11 5656 
12106 5337 5391 6315 
12107 6260 6230 6942 
12108 5829 6050 6438 
12109 1319 1320 6345 
12110 6273 6274 6400 
12111 1325 5495 5496 
12112 5611 5610 5914 
12113 5689 6000 6348 
12114 1116 5351 6351 
12115 6095 5841 6428 
12116 6158 6159 6469 
12117 6234 5678 6480 
12118 5516 5688 5881 
12119 5484 5716 6336 
12120 1110 5261 6371 
12121 6869 6654 6893 
12122 5373 6158 6469 
12123 5391 5583 6315 
12124 5939 5727 6323 
12125 5591 6245 6404 
12126 6622 5878 6674 
12127 5587 1239 6472 
12128 6305 5367 6306 
12129 5868 5599 6232 
12130 5556 5913 6975 
12131 5924 5589 5925 
12132 6586 6633 6653 
12133 1211 5780 6838 
12134 6381 5993 6410 
12135 5680 1191 6359 
12136 5625 5895 6175 
12137 5903 5881 5951 
12138 5534 5599 5868 
12139 5656 11 5700 
12140 5978 5685 6367 
12141 6197 5578 6571 
12142 5342 1075 6924 
12143 1049 1050 6369 
12144 5385 5943 6356 
12145 5720 5721 6370 
12146 6323 5880 6725 
12147 5302 5301 5304 
12148 1050 5795 6369 
12149 5302 5304 5305 
12150 5337 5338 5391 
12151 6681 6006 6881 
12152 740 5276 6406 
12153 6034 6005 6035 
12154 5740 5918 6463 
12155 5948 6688 6765 
12156 5495 1326 5527 
12157 5301 14 5399 
12158 990 991 6661 
12159 6178 6092 6436 
12160 6755 6128 6786 
12161 5383 739 6406 
12162 5274 927 6468 
12163 6093 5667 6988 
12164 6285 5669 6931 
12165 6390 5852 6391 
12166 5505 1230 6740 
12167 6245 5591 6403 
12168 5291 775 6990 
12169 6390 5546 6392 
12170 6123 6884 6925 
12171 6193 5303 6984 
12172 1109 5503 5730 
12173 5967 6137 6475 
12174 5602 5878 6952 
12175 5830 5844 6453 
12176 5798 6478 6846 
12177 5517 1086 6724 
12178 6274 5404 6400 
12179 5496 5631 5802 
12180 5929 5928 5930 
12181 5453 5422 5512 
12182 1230 1231 6740 
12183 876 6267 6714 
12184 5611 5914 6005 
12185 5705 6105 6757 
12186 5668 5526 6387 
12187 6008 5789 6464 
12188 6415 5762 6460 
12189 6230 6231 6942 
12190 5400 820 6377 
12191 1286 1287 6366 
12192 6094 6006 6681 
12193 6375 5904 6572 
12194 5637 6122 6925 
12195 5737 5656 5946 
12196 6282 6283 6372 
12197 6142 5343 6582 
12198 5518 1178 6568 
12199 856 857 6382 
12200 6313 5756 6412 
12201 5555 6637 6886 
12202 857 5311 6382 
12203 6100 5336 6883 
12204 5737 5946 6166 
12205 1118 5419 6432 
12206 6357 5761 6358 
12207 5684 6290 6365 
12208 6654 5706 6893 
12209 5496 5802 5804 
12210 5555 727 6385 
12211 6344 5993 6381 
12212 987 5540 5940 
12213 6400 5404 6401 
12214 5827 5857 6381 
12215 739 740 6406 
12216 1281 1282 6703 
12217 5391 5338 5422 
12218 5802 5631 5803 
12219 5446 707 6416 
12220 5580 5582 6475 
12221 6262 5752 6379 
12222 5942 737 6978 
12223 1117 1118 6432 
12224 1369 5355 5549 
12225 6075 5587 6472 
12226 5503 5656 5737 
12227 5419 1119 6429 
12228 6602 5788 6711 
12229 1104 5985 6427 
12230 5777 6070 6506 
12231 5550 6080 6081 
12232 5842 6410 6411 
12233 5994 6211 6569 
12234 5870 6181 6704 
12235 5675 6136 6639 
12236 5439 886 6439 
12237 1103 1104 6427 
12238 1119 1120 6429 
12239 5302 5305 6388 
12240 5529 6414 6415 
12241 5765 6266 6566 
12242 6223 6365 6873 
12243 5273 753 6354 
12244 5516 5903 6338 
12245 987 988 5397 
12246 5550 5965 6080 
12247 5391 5422 5453 
12248 886 887 6439 
12249 1365 5353 6499 
12250 5875 6139 6355 
12251 1239 5445 6472 
12252 6328 5850 6801 
12253 5355 5610 5611 
12254 5739 5862 6387 
12255 5489 5488 5736 
12256 5909 5556 6975 
12257 6241 5514 6413 
12258 5900 6100 6569 
12259 6084 6503 6608 
12260 5448 696 6424 
12261 5794 6331 6917 
12262 1146 1147 6527 
12263 1221 1222 6398 
12264 1333 1334 6520 
12265 5606 5960 6641 
12266 1312 5530 6681 
12267 5496 5495 5631 
12268 6012 5782 6497 
12269 6500 5927 6574 
12270 5504 5497 6389 
12271 1355 1356 6685 
12272 5653 5959 6368 
12273 5972 6356 6481 
12274 5531 958 6477 
12275 6360 5628 6361 
12276 5688 6305 6306 
12277 5305 5347 5410 
12278 5489 5736 5761 
12279 6072 6089 6918 
12280 5476 5372 6338 
12281 959 5605 6477 
12282 6243 5258 6851 
12283 5945 5581 6395 
12284 6177 6486 6549 
12285 5850 6339 6801 
12286 1178 1179 6568 
12287 5539 6395 6842 
12288 5308 1319 6345 
12289 1222 5657 6398 
12290 6163 5560 6970 
12291 5600 1333 6520 
12292 5911 5912 6479 
12293 5925 5589 6484 
12294 1226 1227 6675 
12295 5809 5882 6640 
12296 5312 5274 5324 
12297 5851 6390 6392 
12298 6276 5578 6836 
12299 5787 5551 6350 
12300 6352 5753 6353 
12301 6423 5667 6877 
12302 5551 5569 6350 
12303 5372 5516 6338 
12304 1218 1219 6423 
12305 5333 6220 6506 
12306 5725 6273 6400 
12307 5443 5635 6462 
12308 5927 5928 5929 
12309 6602 6711 6788 
12310 6348 6386 6746 
12311 6195 6196 6487 
12312 1219 5667 6423 
12313 6958 6687 6972 
12314 5761 5736 6224 
12315 813 5392 6407 
12316 1057 5796 6804 
12317 5716 6314 6425 
12318 6159 6542 6634 
12319 973 974 6394 
12320 1376 5535 6399 
12321 978 979 6418 
12322 6070 6245 6403 
12323 5628 5476 6338 
12324 906 907 6488 
12325 812 813 6407 
12326 6543 6544 6796 
12327 6055 6094 6616 
12328 723 724 5403 
12329 5929 6590 6992 
12330 737 738 6978 
12331 6297 5615 6816 
12332 696 697 6424 
12333 5897 924 6485 
12334 5279 812 6407 
12335 6252 5300 6671 
12336 1336 5614 6892 
12337 5798 5471 5799 
12338 6175 5895 6859 
12339 5522 802 6644 
12340 1121 1122 6408 
12341 6065 5594 6781 
12342 904 5521 6625 
12343 6562 5957 6796 
12344 5712 6258 6738 
12345 5356 1121 6408 
12346 5653 5446 5724 
12347 5297 722 6376 
12348 5753 1003 6905 
12349 802 803 6644 
12350 6202 5888 6646 
12351 6103 5386 6788 
12352 6327 5618 6767 
12353 1080 1081 6698 
12354 5424 5980 6435 
12355 5857 6344 6381 
12356 5285 6226 6809 
12357 6389 5497 6655 
12358 6160 6445 6589 
12359 5350 5907 6346 
12360 5435 5725 6503 
12361 5561 6149 6818 
12362 5989 5598 6106 
12363 5569 5621 6682 
12364 5626 5628 6360 
12365 6483 5592 6620 
12366 5851 5852 6390 
12367 5360 5322 6374 
12368 5877 5639 6639 
12369 5993 6026 6410 
12370 6081 6456 6488 
12371 763 5447 6447 
12372 5574 6442 6516 
12373 979 5426 6418 
12374 1083 5319 6421 
12375 1026 5282 6490 
12376 5733 5745 6384 
12377 6007 5416 6590 
12378 5842 6411 6428 
12379 6192 6035 6984 
12380 6024 5640 6031 
12381 5970 5626 6360 
12382 697 5362 6424 
12383 1370 1371 5341 
12384 6338 5903 6448 
12385 779 5763 6864 
12386 701 702 6430 
12387 6365 5452 6873 
12388 5817 5822 6420 
12389 5645 1218 6423 
12390 5718 1285 6663 
12391 781 5686 6603 
12392 1081 5475 6698 
12393 6302 6636 6637 
12394 5890 6713 6745 
12395 5843 6095 6552 
12396 5263 989 6138 
12397 725 726 6886 
12398 5650 1335 6892 
12399 5756 5757 6412 
12400 6356 5943 6481 
12401 1224 5910 6523 
12402 5559 6155 6649 
12403 5570 781 6603 
12404 5564 5790 6426 
12405 6025 5932 6431 
12406 5590 5926 5927 
12407 5336 6319 6807 
12408 5351 1117 6432 
12409 6169 5387 6528 
12410 5708 1103 6427 
12411 6543 5863 6544 
12412 5284 999 6631 
12413 5528 1151 6605 
12414 5762 1047 6443 
12415 1151 1152 6605 
12416 5628 6338 6448 
12417 1120 5356 6429 
12418 5553 5981 6727 
12419 5321 707 5446 
12420 5268 762 6447 
12421 6329 6301 6402 
12422 987 5456 5540 
12423 5895 5866 6033 
12424 6026 5992 6592 
12425 5841 5842 6428 
12426 5621 1263 6884 
12427 6278 5675 6639 
12428 5538 1362 6826 
12429 5790 6040 6647 
12430 6352 6353 6762 
12431 1135 5343 6733 
12432 6121 5330 6992 
12433 5480 5446 5653 
12434 5624 6336 6425 
12435 5321 5446 5480 
12436 6239 6240 6433 
12437 5529 6257 6414 
12438 6084 5420 6503 
12439 6222 6221 6694 
12440 5273 6100 6883 
12441 1264 1265 6925 
12442 5482 769 6505 
12443 751 5336 6807 
12444 5754 5492 6632 
12445 5959 5724 6325 
12446 5619 5990 6135 
12447 5586 6177 6549 
12448 6336 5716 6425 
12449 6002 5999 6478 
12450 988 5263 6921 
12451 760 761 6513 
12452 5334 5559 6649 
12453 5946 5656 6397 
12454 6159 6160 6542 
12455 5752 5751 6647 
12456 769 770 6505 
12457 5649 984 6550 
12458 5955 5562 6167 
12459 5413 5651 5858 
12460 5493 6554 6939 
12461 1009 1010 6526 
12462 850 851 6546 
12463 6342 5537 6548 
12464 5618 1031 6600 
12465 723 5468 5544 
12466 962 5855 6889 
12467 1020 1021 6561 
12468 5663 5480 6383 
12469 6326 5887 6863 
12470 1048 5735 6443 
12471 1025 1026 6490 
12472 698 699 6454 
12473 5807 5979 6621 
12474 851 5871 6546 
12475 954 5360 5361 
12476 6345 6680 6741 
12477 6064 5829 6438 
12478 699 5481 6454 
12479 1047 1048 6443 
12480 5420 5313 6503 
12481 5356 6408 6409 
12482 5721 5733 6370 
12483 5392 814 6446 
12484 5653 5724 5959 
12485 5662 5480 5663 
12486 5343 1136 6582 
12487 5574 6198 6442 
12488 5470 5698 5699 
12489 6149 5561 6575 
12490 5590 5589 5924 
12491 5258 6492 6851 
12492 5732 6148 6465 
12493 6353 5753 6905 
12494 5389 5396 5470 
12495 1076 5293 6924 
12496 814 815 6446 
12497 887 6055 6439 
12498 6675 6232 6944 
12499 1243 5348 6727 
12500 5357 6402 6756 
12501 6126 5787 6528 
12502 5764 6799 6834 
12503 5927 5926 5928 
12504 5490 6115 6451 
12505 6399 6405 6541 
12506 5956 5624 6425 
12507 6035 6192 6914 
12508 1276 1277 6751 
12509 5692 786 6957 
12510 6456 6217 6488 
12511 6311 5366 6419 
12512 6160 5281 6445 
12513 927 928 6468 
12514 5407 6089 6775 
12515 5656 5700 6397 
12516 6032 5783 6584 
12517 1052 1053 6474 
12518 1175 5917 6524 
12519 709 5344 6945 
12520 786 787 6957 
12521 5671 6143 6650 
12522 5642 1203 6768 
12523 5780 6097 6691 
12524 6035 6005 6729 
12525 6199 5306 6817 
12526 5483 5566 6781 
12527 815 5441 6446 
12528 1371 5302 6537 
12529 1087 1088 6882 
12530 6548 5889 6749 
12531 765 5264 6491 
12532 5612 760 6513 
12533 5623 5609 6615 
12534 5430 5360 6374 
12535 5719 6212 6668 
12536 6640 5882 6686 
12537 5590 5924 5926 
12538 5669 5436 6684 
12539 985 986 6764 
12540 6364 6054 6533 
12541 6633 5854 6653 
12542 5567 863 6543 
12543 6399 5535 6405 
12544 6392 5710 6662 
12545 5762 6443 6460 
12546 762 763 6447 
12547 987 5397 5456 
12548 1361 5538 6827 
12549 6206 6207 6707 
12550 5636 5747 6696 
12551 5774 5995 6450 
12552 6312 6313 6483 
12553 5870 6145 6678 
12554 6340 5371 6563 
12555 1010 5922 6526 
12556 1360 1361 6827 
12557 5308 6345 6741 
12558 5411 5347 5589 
12559 764 765 6491 
12560 5305 5346 5347 
12561 5774 6450 6459 
12562 5653 6368 6383 
12563 6394 5755 6422 
12564 6367 5702 6413 
12565 5599 6128 6755 
12566 1223 1224 6523 
12567 1324 1325 6567 
12568 1308 1309 6457 
12569 5362 698 6454 
12570 5389 5395 5396 
12571 5417 1355 6685 
12572 1278 6208 6938 
12573 5563 1360 6827 
12574 6213 1330 6943 
12575 1309 5673 6457 
12576 790 5275 6555 
12577 6104 892 6662 
12578 6140 5682 6982 
12579 6039 5726 6844 
12580 5321 5480 5662 
12581 6029 6244 6959 
12582 1000 1001 6449 
12583 6687 6761 6972 
12584 5691 6072 6918 
12585 1111 1112 6657 
12586 6041 1349 6627 
12587 5634 5541 5935 
12588 5746 6402 6577 
12589 782 783 6933 
12590 892 5851 6662 
12591 5964 6029 6959 
12592 5888 704 6646 
12593 6343 5845 6595 
12594 5392 6446 6621 
12595 873 874 6606 
12596 5625 5866 5895 
12597 5853 5830 6453 
12598 1277 1278 6938 
12599 6068 5879 6792 
12600 5605 960 6821 
12601 6502 6003 6904 
12602 803 5257 6644 
12603 6011 5515 6793 
12604 6218 6217 6456 
12605 6589 6445 6829 
12606 6071 6091 6598 
12607 1013 5412 6832 
12608 6067 5774 6459 
12609 5287 5510 6601 
12610 5893 5765 6566 
12611 954 5361 6557 
12612 1032 5558 6600 
12613 916 6510 6511 
12614 5498 6195 6487 
12615 6370 5733 6384 
12616 6644 5257 6831 
12617 6184 6185 6915 
12618 6293 6295 6885 
12619 5687 782 6933 
12620 6326 5724 6416 
12621 734 735 6692 
12622 6667 5869 6917 
12623 5480 5653 6383 
12624 5652 5430 5717 
12625 5269 875 6714 
12626 6495 6496 6648 
12627 925 5266 6485 
12628 5715 5996 6985 
12629 6250 6249 6468 
12630 721 5297 6575 
12631 5947 5740 6463 
12632 5724 5446 6416 
12633 5789 6022 6464 
12634 5898 6199 6817 
12635 5536 5885 5886 
12636 6111 6162 6724 
12637 5785 1005 6585 
12638 5539 1208 6576 
12639 1208 1209 6576 
12640 5411 5589 5590 
12641 1382 5869 6860 
12642 6154 5374 6731 
12643 1070 6277 6836 
12644 6048 5664 6976 
12645 5535 1377 6833 
12646 5771 5850 6943 
12647 6391 5852 6455 
12648 6534 5339 6536 
12649 5262 878 6556 
12650 6217 906 6488 
12651 6490 5282 6695 
12652 1034 5627 6508 
12653 5393 1124 6504 
12654 5666 6139 6753 
12655 1124 1125 6504 
12656 5673 1310 6881 
12657 5305 5304 5346 
12658 5456 5397 5625 
12659 5943 6018 6481 
12660 1021 5977 6561 
12661 5507 6455 6866 
12662 1014 1015 6494 
12663 5958 5730 6815 
12664 1250 1251 6769 
12665 958 959 6477 
12666 1131 1132 6487 
12667 5928 6669 6747 
12668 1132 5498 6487 
12669 5582 5967 6475 
12670 5473 5443 6462 
12671 6139 5331 6804 
12672 5929 5930 6590 
12673 6187 6328 6801 
12674 6231 6632 6942 
12675 5540 5677 5870 
12676 6292 6752 6799 
12677 5395 5277 6346 
12678 893 894 6866 
12679 5445 5938 6472 
12680 6402 6301 6577 
12681 6713 5890 6743 
12682 6185 6806 6915 
12683 6216 6215 6473 
12684 6382 5311 6748 
12685 5806 5772 6466 
12686 1349 1350 6627 
12687 5847 6324 6595 
12688 6478 5999 6846 
12689 1316 6099 6910 
12690 1005 1006 6585 
12691 6324 5318 6595 
12692 6590 6121 6992 
12693 6723 5469 6791 
12694 6444 5552 6856 
12695 5447 764 6491 
12696 878 879 6556 
12697 5410 5411 5778 
12698 1033 1034 6508 
12699 5675 5379 6910 
12700 5698 5471 5798 
12701 862 5567 6628 
12702 5396 5395 5547 
12703 6501 5330 6901 
12704 5870 5677 6181 
12705 1338 1339 6486 
12706 5305 5410 6388 
12707 5470 5471 5698 
12708 761 5268 6513 
12709 5744 5732 6465 
12710 1369 5549 6396 
12711 6361 5628 6448 
12712 1339 5775 6486 
12713 5783 6253 6584 
12714 5403 724 5490 
12715 5757 5596 6811 
12716 5785 6585 6586 
12717 836 5509 6507 
12718 6752 5645 6800 
12719 1286 6366 6663 
12720 1069 1070 6836 
12721 5508 810 6540 
12722 5699 5698 6096 
12723 6209 5505 6929 
12724 5575 5574 6516 
12725 5350 5451 5907 
12726 5592 997 6620 
12727 788 789 6492 
12728 5470 5396 5471 
12729 5465 5674 6071 
12730 770 5270 6505 
12731 1294 6170 6856 
12732 1330 5345 6943 
12733 6354 5376 6839 
12734 1024 5741 6598 
12735 1274 1275 6489 
12736 5668 6387 6670 
12737 863 864 6543 
12738 5407 6269 6918 
12739 917 5288 6510 
12740 810 811 6540 
12741 5472 1243 6727 
12742 835 836 6507 
12743 5795 1051 6899 
12744 5558 1033 6508 
12745 1174 1175 6524 
12746 5266 6017 6485 
12747 5280 1316 6910 
12748 5699 6441 6470 
12749 5452 6365 6777 
12750 864 5863 6543 
12751 1125 5478 6504 
12752 6309 5665 6482 
12753 997 998 6620 
12754 1377 5529 6833 
12755 6282 6372 6635 
12756 6553 6927 6936 
12757 6247 6351 6458 
12758 6114 725 6116 
12759 5968 6187 6828 
12760 5275 791 6580 
12761 6200 6146 6930 
12762 5678 6154 6480 
12763 5410 5347 5411 
12764 5803 6146 6469 
12765 6092 5517 6850 
12766 5889 1130 6802 
12767 6149 5905 6818 
12768 5782 6281 6497 
12769 5625 5397 5866 
12770 5751 6426 6647 
12771 1232 6288 6879 
12772 5540 5456 5677 
12773 967 968 6651 
12774 5776 5777 6506 
12775 6034 6310 6705 
12776 6314 6312 6483 
12777 5431 5341 5766 
12778 5558 6331 6600 
12779 6116 725 6886 
12780 6387 5862 6670 
12781 6071 5674 6091 
12782 5503 5737 6514 
12783 5738 5562 5955 
12784 6047 6046 6728 
12785 794 795 6602 
12786 5611 6034 6705 
12787 5353 6222 6499 
12788 6028 6085 6736 
12789 5747 6255 6809 
12790 5738 5955 6373 
12791 6372 5482 6635 
12792 1037 5986 6530 
12793 5518 6397 6672 
12794 5412 6495 6648 
12795 5282 6333 6599 
12796 5887 1168 6863 
12797 1127 5537 6547 
12798 6639 6136 6741 
12799 5346 5460 5465 
12800 831 5404 6805 
12801 795 5788 6602 
12802 1091 1092 6531 
12803 5271 6263 6898 
12804 6254 6252 6671 
12805 6146 5631 6930 
12806 5729 5584 6745 
12807 6652 913 6706 
12808 885 5439 6518 
12809 5604 1009 6526 
12810 5465 5460 5674 
12811 6241 6413 6539 
12812 1093 5683 6977 
12813 5651 5652 6173 
12814 6206 6707 6806 
12815 6615 5944 6709 
12816 6240 6241 6539 
12817 5440 6179 6933 
12818 5313 5435 6503 
12819 5992 5991 6512 
12820 1126 1127 6547 
12821 1370 5341 5350 
12822 6214 5575 6542 
12823 5705 5334 6649 
12824 723 5403 5468 
12825 5987 5455 6902 
12826 884 885 6518 
12827 6613 5867 6614 
12828 5308 6136 6708 
12829 5346 5304 5460 
12830 5278 830 6805 
12831 6388 5766 6537 
12832 6743 5890 6773 
12833 5300 930 6671 
12834 1334 5650 6520 
12835 6762 6353 6766 
12836 5869 6667 6860 
12837 6496 5604 6526 
12838 6131 5858 6655 
12839 5577 834 6597 
12840 6275 6011 6517 
12841 5667 1220 6988 
12842 5567 6543 6796 
12843 829 5278 6746 
12844 5509 6212 6658 
12845 6431 5780 6691 
12846 5404 6274 6805 
12847 793 5386 6587 
12848 1036 1037 6530 
12849 5657 1223 6523 
12850 5708 6427 6875 
12851 5785 6586 6766 
12852 1293 1294 6856 
12853 6882 5704 6979 
12854 5640 5421 6630 
12855 6105 5504 6973 
12856 6351 5351 6458 
12857 5468 5562 5738 
12858 6630 6295 6888 
12859 6667 6021 6860 
12860 5285 6255 6855 
12861 6166 1181 6783 
12862 912 913 6652 
12863 5593 6628 6665 
12864 5808 6414 6702 
12865 5614 1337 6666 
12866 705 5298 6646 
12867 5507 6334 6497 
12868 5517 6162 6850 
12869 1000 6449 6631 
12870 1039 5867 6613 
12871 5894 1091 6531 
12872 5852 893 6866 
12873 5560 6596 6970 
12874 6405 5535 6460 
12875 6083 6084 6519 
12876 5493 5340 6554 
12877 1327 5957 6562 
12878 5731 6521 6522 
12879 5793 6092 6850 
12880 5806 6466 6564 
12881 6319 6498 6782 
12882 1291 1292 6538 
12883 5865 5598 5989 
12884 1292 5552 6538 
12885 5632 1291 6538 
12886 5799 5471 6476 
12887 5527 6200 6930 
12888 1320 1321 6967 
12889 5511 6174 6868 
12890 861 862 6628 
12891 5404 832 6961 
12892 6297 6816 6975 
12893 6358 5761 6703 
12894 5625 6175 6502 
12895 5413 5360 5430 
12896 916 917 6510 
12897 6200 5527 6968 
12898 5662 6693 6736 
12899 5799 6209 6929 
12900 5856 6225 6758 
12901 1300 5546 6560 
12902 732 733 6553 
12903 5855 6144 6808 
12904 6317 6316 6664 
12905 6506 6220 6855 
12906 6492 789 6555 
12907 6709 5944 6849 
12908 811 5279 6540 
12909 5344 6148 6945 
12910 6163 6820 6912 
12911 5500 1072 6908 
12912 5458 1166 6890 
12913 6267 6265 6714 
12914 5468 5403 5562 
12915 6773 5890 6983 
12916 733 5511 6553 
12917 5413 5430 5651 
12918 6302 6637 6841 
12919 1296 1297 6954 
12920 5561 720 6575 
12921 1112 5891 6657 
12922 5361 5360 5413 
12923 5527 6544 6968 
12924 933 934 6626 
12925 5478 1126 6547 
12926 6466 5382 6564 
12927 5382 850 6546 
12928 6676 5791 6969 
12929 833 5577 6961 
12930 5377 1148 6824 
12931 6144 5933 6682 
12932 1038 1039 6613 
12933 934 5859 6626 
12934 5885 5640 6024 
12935 6106 5598 6532 
12936 5744 6465 6563 
12937 5356 6409 6900 
12938 5412 6648 6832 
12939 5951 6652 6706 
12940 5651 5430 5652 
12941 5905 6143 6534 
12942 5761 6224 6703 
12943 5322 5398 6374 
12944 6451 6115 6452 
12945 5674 5460 6461 
12946 6297 5913 6778 
12947 6486 6177 6666 
12948 5575 6516 6634 
12949 5730 5503 6514 
12950 1299 1300 6560 
12951 5515 5450 6793 
12952 984 985 6550 
12953 5875 6355 6784 
12954 6246 5289 6701 
12955 789 790 6555 
12956 6151 6752 6800 
12957 5590 5927 6500 
12958 6151 5860 6752 
12959 5973 5909 6816 
12960 5865 5989 6785 
12961 6035 6729 6984 
12962 5577 6401 6961 
12963 1161 1162 6611 
12964 6752 5860 6799 
12965 5775 1340 6712 
12966 5398 5323 5421 
12967 5652 5717 5953 
12968 6211 5900 6569 
12969 956 6293 6885 
12970 6315 5583 6498 
12971 6182 5522 6644 
12972 5886 5885 6489 
12973 6401 5404 6961 
12974 6758 6225 6834 
12975 6272 5362 6719 
12976 6066 6246 6701 
12977 6225 5764 6834 
12978 6288 6002 6879 
12979 5536 5421 5640 
12980 5717 5430 6374 
12981 6135 5760 6928 
12982 5916 6800 6877 
12983 1004 5785 6905 
12984 5451 5598 5865 
12985 6188 5864 6765 
12986 6116 6742 6880 
12987 5306 1145 6591 
12988 5536 5640 5885 
12989 5532 5972 6906 
12990 6069 1019 6609 
12991 5778 6500 6501 
12992 6043 5806 6564 
12993 6263 5520 6830 
12994 6172 5988 6604 
12995 5527 1326 6562 
12996 1344 6056 6690 
12997 1263 1264 6884 
12998 6280 1296 6954 
12999 6021 1381 6860 
13000 5284 6631 6819 
13001 6138 990 6661 
13002 1194 1195 6962 
13003 6136 6099 6708 
13004 5861 5597 6545 
13005 6524 6467 6750 
13006 5301 5399 6525 
13007 6307 5843 6552 
13008 5350 5431 5451 
13009 1006 5585 6585 
13010 6665 6628 6993 
13011 5303 6192 6984 
13012 6524 6750 6911 
13013 6167 5562 6607 
13014 5332 822 6852 
13015 5873 5744 6563 
13016 975 6297 6778 
13017 941 942 6871 
13018 1386 5588 6901 
13019 720 721 6575 
13020 1209 5433 6576 
13021 5279 6407 6624 
13022 6150 5680 6946 
13023 5663 6383 6467 
13024 6277 6276 6836 
13025 5278 6348 6746 
13026 5376 755 6588 
13027 5350 5341 5431 
13028 5947 6463 6900 
13029 6799 6153 6834 
13030 6539 5261 6865 
13031 791 792 6580 
13032 5451 5431 5598 
13033 1136 1137 6582 
13034 5876 5877 6579 
13035 6050 5872 6810 
13036 6136 5308 6741 
13037 5416 6121 6590 
13038 6324 6142 6582 
13039 5410 5778 6565 
13040 1145 1146 6591 
13041 5560 6063 6596 
13042 6645 6086 6719 
13043 6471 5987 6902 
13044 6240 6539 6865 
13045 5589 5347 6484 
13046 6392 5546 6763 
13047 792 793 6587 
13048 6301 6302 6577 
13049 6521 5865 6522 
13050 6573 5711 6867 
13051 5941 6550 6764 
13052 783 5440 6933 
13053 755 756 6588 
13054 1221 6398 6988 
13055 5717 6559 6689 
13056 6568 1179 6754 
13057 5881 6060 6857 
13058 1193 1194 6770 
13059 5763 6364 6533 
13060 1317 1318 6708 
13061 1275 1276 6551 
13062 6061 6062 6941 
13063 6128 6039 6786 
13064 5845 5847 6595 
13065 1343 1344 6690 
13066 1129 5889 6779 
13067 5792 1160 6744 
13068 6182 6644 6831 
13069 834 835 6597 
13070 6371 5261 6539 
13071 6398 6093 6988 
13072 1031 1032 6600 
13073 5546 1301 6763 
13074 5398 5421 5536 
13075 5663 6203 6693 
13076 1114 5287 6601 
13077 5986 1038 6613 
13078 6148 5722 6572 
13079 5787 6350 6528 
13080 1352 5719 6594 
13081 6459 6450 6826 
13082 5386 794 6602 
13083 1311 6681 6881 
13084 6402 5746 6756 
13085 6332 5643 6742 
13086 6729 6193 6984 
13087 6487 6196 6802 
13088 5265 758 6966 
13089 5735 6369 6541 
13090 874 5269 6606 
13091 1148 5337 6824 
13092 5496 5804 6567 
13093 998 5284 6620 
13094 5259 6790 6794 
13095 742 5706 6654 
13096 6015 5493 6939 
13097 6693 6028 6736 
13098 5860 6153 6799 
13099 6013 6375 6572 
13100 6619 5259 6794 
13101 1323 5259 6619 
13102 1180 6166 6754 
13103 5928 5926 6669 
13104 5505 6478 6929 
13105 6375 5887 6776 
13106 787 5258 6957 
13107 6372 6673 6716 
13108 1023 1024 6598 
13109 741 742 6654 
13110 6643 5791 6812 
13111 5549 5355 6705 
13112 5627 1035 6951 
13113 5258 6242 6957 
13114 6522 5865 6785 
13115 1042 5712 6738 
13116 6010 6275 6624 
13117 5479 912 6652 
13118 1304 5791 6676 
13119 6283 6307 6660 
13120 5322 5323 5398 
13121 1019 1020 6609 
13122 954 5322 5360 
13123 6669 5384 6747 
13124 1289 1290 6895 
13125 6385 5746 6577 
13126 6049 5807 6621 
13127 921 5374 6679 
13128 929 5300 6718 
13129 6398 5657 6844 
13130 5482 6505 6635 
13131 5887 6326 6776 
13132 1302 5710 6763 
13133 6417 5945 6964 
13134 5387 967 6651 
13135 5490 6114 6115 
13136 5389 5470 6470 
13137 6008 6377 6953 
13138 1325 5496 6567 
13139 6275 5279 6624 
13140 5965 908 6774 
13141 5910 6232 6755 
13142 6798 5576 6981 
13143 5879 5936 6629 
13144 5470 5699 6470 
13145 5382 6546 6564 
13146 6176 5908 6759 
13147 5979 6010 6624 
13148 6510 6361 6511 
13149 5593 861 6628 
13150 6342 6548 6603 
13151 5294 933 6626 
13152 5288 918 6700 
13153 5413 5858 6870 
13154 1044 5808 6702 
13155 5609 5944 6615 
13156 1143 1144 6955 
13157 5711 920 6679 
13158 6400 6401 6608 
13159 5867 1040 6739 
13160 5886 6489 6551 
13161 6232 5599 6755 
13162 1303 1304 6676 
13163 6167 5792 6744 
13164 6380 5332 6852 
13165 5776 6506 6855 
13166 5521 6219 6625 
13167 999 1000 6631 
13168 5639 6278 6639 
13169 5927 5929 6574 
13170 5736 5488 6789 
13171 1147 5377 6527 
13172 5471 5396 6476 
13173 5322 955 5323 
13174 6431 5932 6907 
13175 6321 5975 6965 
13176 5347 5346 6484 
13177 5330 1386 6901 
13178 6512 5991 6839 
13179 1139 1140 6638 
13180 6545 5597 6643 
13181 5318 1139 6638 
13182 6405 5735 6541 
13183 5346 5465 6484 
13184 5492 5491 6632 
13185 5731 6434 6521 
13186 5276 741 6654 
13187 5456 5625 6502 
13188 6380 6379 6787 
13189 704 705 6646 
13190 6287 5627 6951 
13191 778 779 6864 
13192 5635 6696 6926 
13193 914 5325 6706 
13194 5950 1307 6699 
13195 1053 1054 6686 
13196 1140 6141 6638 
13197 923 5897 6795 
13198 6612 5299 6807 
13199 5388 5389 6470 
13200 894 5507 6866 
13201 5376 6512 6839 
13202 1235 6020 6709 
13203 6308 1289 6895 
13204 808 809 6664 
13205 1122 1123 6677 
13206 5536 5886 6559 
13207 5396 5547 6476 
13208 6033 5866 6843 
13209 6174 6329 6868 
13210 6474 1053 6686 
13211 1273 1274 6618 
13212 1043 1044 6702 
13213 6461 5460 6525 
13214 1040 1041 6739 
13215 6559 5886 6689 
13216 5261 1111 6657 
13217 5808 1045 6721 
13218 6739 6258 6798 
13219 5872 6282 6635 
13220 5495 5527 6930 
13221 5957 5906 6665 
13222 5710 1303 6676 
13223 756 757 6715 
13224 5415 778 6864 
13225 6202 6086 6645 
13226 5411 5590 6500 
13227 6290 6103 6788 
13228 6101 5668 6670 
13229 6066 1246 6760 
13230 1318 5308 6708 
13231 6498 5583 6782 
13232 700 701 6971 
13233 5677 5456 6502 
13234 5686 6342 6603 
13235 5314 994 6687 
13236 6365 6711 6777 
13237 809 5508 6664 
13238 6295 6294 6989 
13239 1123 5393 6677 
13240 5302 6388 6537 
13241 6112 982 6862 
13242 6031 5640 6630 
13243 5264 766 6673 
13244 6402 5357 6927 
13245 6322 5911 6612 
13246 5778 6501 6920 
13247 5597 6104 6643 
13248 982 983 6862 
13249 5926 5924 6599 
13250 6304 6047 6728 
13251 1245 6066 6701 
13252 1285 1286 6663 
13253 5298 706 6797 
13254 5363 6175 6859 
13255 1337 1338 6666 
13256 6171 5923 6949 
13257 1155 6332 6636 
13258 920 921 6679 
13259 5985 1105 6674 
13260 5911 6479 6612 
13261 826 5271 6898 
13262 1105 1106 6674 
13263 5883 6672 6840 
13264 766 767 6673 
13265 823 5520 6852 
13266 930 931 6671 
13267 919 5711 6700 
13268 5950 6545 6643 
13269 5876 6579 6794 
13270 6647 6040 6787 
13271 5970 6360 6573 
13272 6123 5855 6808 
13273 1348 6041 6713 
13274 1045 1046 6721 
13275 5882 6474 6686 
13276 5917 6467 6524 
13277 6345 1320 6967 
13278 1181 1182 6783 
13279 5304 5301 6525 
13280 5712 1043 6702 
13281 5547 6434 6784 
13282 6221 5554 6694 
13283 5849 6170 6854 
13284 5588 6107 6920 
13285 994 995 6687 
13286 5862 6113 6670 
13287 5352 897 6730 
13288 5778 5411 6500 
13289 6564 6546 6722 
13290 1160 1161 6744 
13291 1311 1312 6681 
13292 5351 6432 6732 
13293 6322 6612 6782 
13294 6155 6105 6649 
13295 6479 5299 6612 
13296 6013 6572 6890 
13297 5511 734 6692 
13298 6316 808 6664 
13299 5946 6397 6568 
13300 1138 5318 6974 
13301 5764 6292 6799 
13302 1244 1245 6701 
13303 913 914 6706 
13304 6614 6798 6981 
13305 5725 6400 6608 
13306 5858 6378 6655 
13307 5976 6187 6801 
13308 6517 6011 6529 
13309 5711 6573 6700 
13310 897 898 6730 
13311 5980 5849 6854 
13312 6554 5473 6932 
13313 6180 6179 6688 
13314 1246 1247 6760 
13315 1252 1253 6704 
13316 5299 751 6807 
13317 6317 6517 6529 
13318 1307 1308 6699 
13319 1308 6457 6699 
13320 6549 5775 6894 
13321 1046 5762 6721 
13322 730 5357 6756 
13323 1015 1016 6717 
13324 5889 6548 6779 
13325 6118 6117 6697 
13326 744 5366 6887 
13327 918 919 6700 
13328 1234 1235 6709 
13329 757 5265 6715 
13330 1347 1348 6713 
13331 996 5592 6761 
13332 5490 724 6114 
13333 6519 5577 6597 
13334 5374 922 6795 
13335 6291 5920 6946 
13336 5497 6131 6655 
13337 6394 974 6778 
13338 5540 5870 6678 
13339 6410 6026 6848 
13340 6751 1277 6938 
13341 6220 5285 6855 
13342 729 730 6756 
13343 15 5809 6734 
13344 6216 6473 6606 
13345 5257 6184 6831 
13346 1340 1341 6712 
13347 6486 5775 6549 
13348 977 978 6710 
13349 1247 6023 6760 
13350 5710 6392 6763 
13351 6536 5561 6818 
13352 5769 6163 6970 
13353 6037 1143 6955 
13354 6448 5903 6876 
13355 995 996 6761 
13356 6427 5985 6874 
13357 6325 6326 6863 
13358 6553 6868 6927 
13359 5436 5417 6684 
13360 6388 5410 6565 
13361 5537 1128 6779 
13362 768 5482 6716 
13363 6572 5722 6890 
13364 875 876 6714 
13365 5490 6451 6607 
13366 6492 5896 6851 
13367 928 929 6718 
13368 6507 5509 6658 
13369 767 768 6716 
13370 6534 6143 6535 
13371 5955 6167 6611 
13372 5282 6599 6695 
13373 5940 6678 6985 
13374 1182 6009 6783 
13375 5323 955 6493 
13376 5635 5636 6696 
13377 6376 722 6980 
13378 5289 1244 6701 
13379 1086 1087 6724 
13380 5851 6392 6662 
13381 6409 6408 6642 
13382 5918 5919 6732 
13383 5465 6071 6922 
13384 5566 6048 6913 
13385 5568 6270 6707 
13386 5339 6534 6535 
13387 5421 5679 6630 
13388 5418 1173 6911 
13389 5945 6395 6683 
13390 5568 6529 6793 
13391 1207 5539 6842 
13392 1346 1347 6743 
13393 713 5671 6903 
13394 5371 712 6903 
13395 1016 5623 6717 
13396 5780 6431 6838 
13397 1134 1135 6733 
13398 5520 6380 6852 
13399 1041 1042 6738 
13400 1279 1280 6902 
13401 752 5273 6883 
13402 5997 6684 6685 
13403 5318 6324 6974 
13404 5552 6444 6617 
13405 5348 5553 6727 
13406 6096 5698 6846 
13407 5450 5568 6793 
13408 6099 1317 6708 
13409 1131 6487 6802 
13410 6089 6090 6775 
13411 5910 1225 6944 
13412 5600 6520 6629 
13413 6662 5710 6969 
13414 5936 6163 6912 
13415 835 6507 6597 
13416 5868 6232 6675 
13417 6258 5576 6798 
13418 922 923 6795 
13419 6170 5620 6854 
13420 6281 6280 6737 
13421 6043 6723 6748 
13422 5766 5341 6537 
13423 5746 729 6756 
13424 5946 6568 6754 
13425 828 829 6746 
13426 1271 1272 6780 
13427 6056 1345 6773 
13428 6193 6462 6926 
13429 6307 6552 6660 
13430 5431 5766 6532 
13431 1012 1013 6832 
13432 6464 6022 6822 
13433 6114 6116 6880 
13434 6530 6287 6951 
13435 6102 6580 6587 
13436 6181 5677 6904 
13437 6489 5885 6618 
13438 1237 6073 6878 
13439 6020 1236 6878 
13440 6452 6115 6623 
13441 5341 1371 6537 
13442 6271 5883 6840 
13443 6425 6314 6819 
13444 1169 6325 6863 
13445 5706 743 6887 
13446 759 5612 6966 
13447 6062 6180 6835 
13448 5421 5323 5679 
13449 6450 5538 6826 
13450 6580 792 6587 
13451 5759 6417 6964 
13452 5641 6197 6758 
13453 6042 6043 6748 
13454 6599 5924 6695 
13455 1345 1346 6773 
13456 6757 6105 6973 
13457 855 856 6791 
13458 5791 1305 6812 
13459 6268 5407 6775 
13460 1301 1302 6763 
13461 870 871 6829 
13462 6636 6332 6637 
13463 5460 5304 6525 
13464 5885 6024 6618 
13465 5355 5611 6705 
13466 6408 1122 6677 
13467 1241 5487 6653 
13468 6386 828 6746 
13469 6162 5642 6768 
13470 6115 6114 6880 
13471 5520 824 6830 
13472 5384 6327 6747 
13473 5864 5948 6765 
13474 6201 5962 6965 
13475 6333 5384 6669 
13476 1179 1180 6754 
13477 5387 6651 6950 
13478 799 800 6873 
13479 5452 799 6873 
13480 6192 5548 6914 
13481 993 5314 6825 
13482 5709 1193 6770 
13483 5919 6458 6732 
13484 6091 5674 6919 
13485 1152 1153 6906 
13486 5331 1056 6804 
13487 6738 6258 6739 
13488 5469 855 6791 
13489 5598 5431 6532 
13490 5583 6322 6782 
13491 974 975 6778 
13492 5921 5876 6794 
13493 1162 1163 6823 
13494 5383 6604 6978 
13495 6426 5790 6647 
13496 5604 6496 6771 
13497 6542 6160 6986 
13498 5426 6201 6837 
13499 6474 6001 6899 
13500 5584 5890 6745 
13501 5594 5483 6781 
13502 1128 1129 6779 
13503 6292 5645 6752 
13504 1305 1306 6812 
13505 6512 5376 6588 
13506 1338 6486 6666 
13507 1173 1174 6911 
13508 5970 6573 6867 
13509 5798 5799 6929 
13510 6707 6270 6806 
13511 824 825 6830 
13512 1306 5950 6812 
13513 6496 5938 6771 
13514 5992 6512 6592 
13515 5641 6758 6834 
13516 5472 6352 6762 
13517 5930 5928 6747 
13518 6034 6035 6914 
13519 5924 5925 6695 
13520 6120 992 6825 
13521 6232 5910 6944 
13522 6397 5700 6672 
13523 5972 6605 6906 
13524 5368 937 6891 
13525 6226 6227 6809 
13526 6326 6416 6776 
13527 5617 5768 6772 
13528 5940 5540 6678 
13529 738 5383 6978 
13530 5958 6815 6952 
13531 1381 1382 6860 
13532 5938 5937 6771 
13533 5916 6151 6800 
13534 935 936 6803 
13535 983 5649 6862 
13536 5886 6551 6689 
13537 936 5368 6803 
13538 1130 1131 6802 
13539 6480 6154 6731 
13540 830 831 6805 
13541 6365 6290 6711 
13542 5859 935 6803 
13543 6531 1092 6977 
13544 992 993 6825 
13545 5423 6589 6829 
13546 6571 5856 6758 
13547 5448 6271 6840 
13548 6197 6571 6758 
13549 5894 6531 6861 
13550 6002 6740 6879 
13551 908 909 6774 
13552 6458 5351 6732 
13553 6323 5276 6869 
13554 1052 6474 6899 
13555 6294 6337 6989 
13556 6215 6214 6986 
13557 1168 1169 6863 
13558 860 5593 6828 
13559 1206 1207 6842 
13560 6090 6182 6831 
13561 1332 5600 6820 
13562 1274 6489 6618 
13563 960 961 6821 
13564 5596 6065 6811 
13565 871 5423 6829 
13566 6022 5563 6827 
13567 5578 1069 6836 
13568 6631 5956 6819 
13569 5488 5705 6789 
13570 5711 6679 6867 
13571 5562 5403 6607 
13572 6389 5934 6973 
13573 6153 5641 6834 
13574 6132 6135 6896 
13575 5482 6372 6716 
13576 5902 5898 6817 
13577 5433 1210 6838 
13578 1233 1234 6849 
13579 5552 1293 6856 
13580 5991 5994 6839 
13581 6270 5519 6806 
13582 6054 6052 6845 
13583 6635 6505 6810 
13584 6401 5577 6847 
13585 5950 6643 6812 
13586 6077 6531 6977 
13587 716 5339 6916 
13588 5383 6406 6725 
13589 5645 6423 6800 
13590 6530 5986 6772 
13591 5468 5738 6858 
13592 822 823 6852 
13593 939 5591 6937 
13594 5336 752 6883 
13595 6546 5871 6722 
13596 6593 5265 6966 
13597 6821 961 6889 
13598 6374 5398 6559 
13599 6416 5533 6776 
13600 5680 6359 6940 
13601 5805 6583 6617 
13602 5951 6706 6876 
13603 5662 5663 6693 
13604 1144 5306 6955 
13605 5671 714 6872 
13606 5939 6323 6869 
13607 800 6223 6873 
13608 1153 5532 6906 
13609 5618 6600 6960 
13610 825 826 6898 
13611 6368 5959 6735 
13612 701 6430 6971 
13613 6166 5946 6754 
13614 6025 6431 6691 
13615 6548 5537 6779 
13616 6538 5552 6617 
13617 1003 1004 6905 
13618 731 732 6936 
13619 1231 1232 6879 
13620 909 5489 6774 
13621 5533 6375 6776 
13622 6026 6593 6848 
13623 942 5333 6871 
13624 5491 6260 6942 
13625 1379 5617 6981 
13626 938 939 6937 
13627 6534 6536 6818 
13628 6591 5902 6817 
13629 726 5555 6886 
13630 714 715 6872 
13631 1236 1237 6878 
13632 5932 5982 6907 
13633 1072 1073 6908 
13634 5398 5536 6559 
13635 6040 6008 6953 
13636 5357 731 6936 
13637 746 747 6947 
13638 5403 5490 6607 
13639 6579 5601 6619 
13640 6255 5776 6855 
13641 6806 5519 6915 
13642 1088 5704 6882 
13643 1051 1052 6899 
13644 743 744 6887 
13645 6845 6052 6959 
13646 1310 1311 6881 
13647 5321 5662 6797 
13648 5629 5952 6874 
13649 5586 6549 6956 
13650 5455 1279 6902 
13651 1297 5425 6954 
13652 937 938 6891 
13653 961 962 6889 
13654 6289 5939 6893 
13655 6491 5264 6660 
13656 5982 5759 6964 
13657 1335 1336 6892 
13658 1225 1226 6944 
13659 1290 5632 6895 
13660 712 713 6903 
13661 6383 6368 6750 
13662 5529 6415 6833 
13663 6368 5418 6750 
13664 715 716 6916 
13665 5770 5769 6970 
13666 6250 6468 6718 
13667 5481 700 6971 
13668 6324 6582 6974 
13669 1036 6530 6951 
13670 5994 6354 6839 
13671 6242 5692 6957 
13672 1075 1076 6924 
13673 6542 5575 6634 
13674 841 5586 6956 
13675 1321 5601 6967 
13676 5337 6315 6824 
13677 832 833 6961 
13678 5989 6106 6734 
13679 1035 1036 6951 
13680 852 853 6987 
13681 1265 5637 6925 
13682 6411 6410 6848 
13683 6583 5805 6625 
13684 758 759 6966 
13685 854 5469 6948 
13686 6337 5499 6989 
13687 6508 5627 6667 
13688 5717 6374 6559 
13689 6123 6808 6884 
13690 6478 5798 6929 
13691 5951 5881 6857 
13692 6614 5867 6798 
13693 6179 5687 6933 
13694 6604 5383 6725 
13695 6533 5415 6864 
13696 796 797 6991 
13697 1195 5961 6962 
13698 5925 6484 6922 
13699 5788 796 6991 
13700 1092 1093 6977 
13701 6750 5418 6911 
13702 853 854 6948 
13703 5682 6079 6982 
13704 775 776 6990 
13705 5871 852 6987 
13706 6052 5964 6959 
13707 5345 5771 6943 
13708 1137 1138 6974 
13709 1220 1221 6988 
13710 6339 5976 6801 
13711 5913 6297 6975 
13712 6692 735 6949 
13713 6468 928 6718 
13714 6544 5863 6968 
13715 5379 5280 6910 
13716 747 5606 6947 
13717 6269 5691 6918 
13718 6379 5752 6787 
13719 5519 6268 6915 
13720 6927 5357 6936 
13721 5473 6462 6729 
13722 6440 5352 6730 
13723 5969 5949 6894 
13724 6219 6583 6625 
13725 5362 6454 6719 
13726 6706 5325 6876 
13727 5953 5717 6689 
13728 6611 1162 6823 
13729 856 6382 6791 
13730 6545 5950 6699 
13731 706 5321 6797 
13732 5585 6320 6909 
13733 5954 6291 6940 
13734 5643 6623 6880 
13735 6489 1275 6551 
13736 6582 1137 6974 
13737 5853 6453 6726 
13738 5722 5458 6890 
13739 5955 6611 6823 
13740 6154 5970 6867 
13741 6404 5368 6891 
13742 5926 6599 6669 
13743 5975 6418 6837 
13744 5903 5951 6876 
13745 6418 5426 6837 
13746 6808 5621 6884 
13747 6588 756 6715 
13748 6313 6412 6958 
13749 6346 5907 6923 
13750 5866 5397 6921 
13751 6713 6041 6745 
13752 6680 5877 6741 
13753 5941 5962 6963 
13754 6581 5884 6698 
13755 6462 5635 6926 
13756 5576 1379 6981 
13757 6434 5875 6784 
13758 5796 6482 6753 
13759 5775 6712 6894 
13760 6214 6542 6986 
13761 5617 6614 6981 
13762 5555 6385 6841 
13763 6462 6193 6729 
13764 5649 6550 6963 
13765 6020 6615 6709 
13766 5395 6346 6923 
13767 6445 870 6829 
13768 5962 6321 6965 
13769 5867 6739 6798 
13770 5601 6579 6680 
13771 6573 5288 6700 
13772 6467 6383 6750 
13773 6896 6135 6928 
13774 5890 5648 6983 
13775 6331 5558 6917 
13776 6579 5877 6680 
13777 5591 6404 6937 
13778 6329 6402 6927 
13779 6331 6007 6960 
13780 723 5544 6980 
13781 6370 6384 6934 
13782 6415 6460 6833 
13783 5895 6033 6913 
13784 6742 6116 6886 
13785 5631 5495 6930 
13786 6637 6332 6742 
13787 6393 5448 6840 
13788 6843 5866 6921 
13789 6684 5417 6685 
13790 5330 6574 6992 
13791 5475 6581 6698 
13792 6005 5914 6932 
13793 6577 6302 6841 
13794 6642 6408 6677 
13795 6043 6564 6722 
13796 6031 6630 6888 
13797 1163 6373 6823 
13798 6533 6054 6845 
13799 6208 5953 6938 
13800 5698 5798 6846 
13801 5956 6425 6819 
13802 6385 6577 6841 
13803 6599 6333 6669 
13804 6373 5955 6823 
13805 5265 6592 6715 
13806 6066 6760 6976 
13807 6071 6659 6922 
13808 6450 5995 6822 
13809 6535 5671 6872 
13810 6377 5332 6953 
13811 5487 6762 6766 
13812 6629 6520 6792 
13813 6460 5535 6833 
13814 6313 6958 6972 
13815 6483 6313 6972 
13816 5297 6376 6934 
13817 6430 5888 6813 
13818 1280 6471 6902 
13819 5800 6459 6826 
13820 5752 6647 6787 
13821 6433 6240 6865 
13822 6611 6167 6744 
13823 5547 5395 6923 
13824 6567 5804 6790 
13825 6632 5491 6942 
13826 5366 6656 6887 
13827 6384 5297 6934 
13828 6520 5650 6792 
13829 5504 6389 6973 
13830 6429 5356 6900 
13831 5612 6593 6966 
13832 6505 5270 6810 
13833 6711 6290 6788 
13834 1234 6709 6849 
13835 6637 5555 6841 
13836 6529 6011 6793 
13837 5671 6650 6903 
13838 6550 985 6764 
13839 6412 5314 6958 
13840 5657 6523 6786 
13841 6476 5547 6784 
13842 6455 5852 6866 
13843 1161 6611 6744 
13844 6648 5922 6832 
13845 6593 5612 6848 
13846 6419 746 6947 
13847 6645 5481 6813 
13848 6673 767 6716 
13849 6650 5371 6903 
13850 5872 6635 6810 
13851 5393 6504 6835 
13852 6493 956 6885 
13853 5544 5468 6858 
13854 5361 5413 6870 
13855 6519 6084 6847 
13856 6084 6608 6847 
13857 6043 6722 6723 
13858 5577 6519 6847 
13859 6769 6181 6904 
13860 5905 6534 6818 
13861 954 955 5322 
13862 6622 5958 6952 
13863 5397 988 6921 
13864 5339 6535 6916 
13865 6656 5706 6887 
13866 5415 6533 6845 
13867 1347 6713 6743 
13868 6689 6551 6751 
13869 5386 6602 6788 
13870 5306 6591 6817 
13871 6723 6722 6897 
13872 5763 6533 6864 
13873 6600 6331 6960 
13874 6722 5871 6897 
13875 1041 6738 6739 
13876 5679 5323 6493 
13877 6687 995 6761 
13878 6551 1276 6751 
13879 732 6553 6936 
13880 6504 5478 6941 
13881 6589 6215 6986 
13882 5879 6629 6792 
13883 5878 6622 6952 
13884 5975 6837 6965 
13885 6578 6126 6950 
13886 6720 6020 6878 
13887 6073 6720 6878 
13888 6553 5511 6868 
13889 6550 5941 6963 
13890 6640 5545 6785 
13891 6768 5793 6850 
13892 5545 6522 6785 
13893 5592 6483 6972 
13894 6712 5969 6894 
13895 5662 6736 6797 
13896 6656 6289 6893 
13897 1346 6743 6773 
13898 5874 6578 6950 
13899 6608 6401 6847 
13900 6711 5788 6777 
13901 6629 5936 6912 
13902 6652 5951 6857 
13903 5674 6461 6919 
13904 6623 6115 6880 
13905 6820 5600 6912 
13906 6680 6345 6967 
13907 5953 6689 6751 
13908 5361 6870 6896 
13909 5261 6657 6865 
13910 6731 5374 6795 
13911 5897 6731 6795 
13912 5914 6554 6932 
13913 5601 6680 6967 
13914 6557 6896 6928 
13915 5479 6652 6857 
13916 5939 6869 6893 
13917 5677 6502 6904 
13918 5957 6665 6993 
13919 6628 5567 6993 
13920 5276 6654 6869 
13921 1174 6524 6911 
13922 6557 5361 6896 
13923 6605 1152 6906 
13924 5945 6683 6964 
13925 5263 6843 6921 
13926 6683 5982 6964 
13927 6484 5465 6922 
13928 5600 6629 6912 
13929 6816 5909 6975 
13930 6633 5585 6909 
13931 6596 5770 6970 
13932 5706 6656 6893 
13933 6160 6589 6986 
13934 6162 6768 6850 
13935 6659 5925 6922 
13936 5953 6751 6938 
13937 5469 6723 6897 
13938 5923 6692 6949 
13939 6651 5874 6950 
13940 6056 6773 6983 
13941 6870 6132 6896 
13942 6796 5957 6993 
13943 6740 1231 6879 
13944 6574 5929 6992 
13945 5314 6687 6958 
13946 5710 6676 6969 
13947 5425 6737 6954 
13948 6737 6280 6954 
13949 6007 6767 6960 
13950 6104 6662 6969 
13951 6767 5618 6960 
13952 6830 825 6898 
13953 5567 6796 6993 
13954 6003 6769 6904 
13955 6263 6830 6898 
13956 6891 938 6937 
13957 6888 6295 6989 
13958 6501 6901 6920 
13959 6901 5588 6920 
13960 6835 6504 6941 
13961 5499 6888 6989 
13962 6736 5298 6797 
13963 6760 6023 6976 
13964 5679 6493 6885 
13965 6813 5481 6971 
13966 6761 5592 6972 
13967 6777 5788 6991 
13968 5934 6757 6973 
13969 6872 715 6916 
13970 6062 6835 6941 
13971 6535 6872 6916 
13972 6868 6329 6927 
13973 6430 6813 6971 
13974 6837 6201 6965 
13975 6897 5871 6987 
13976 6404 6891 6937 
13977 5469 6897 6948 
13978 6948 6897 6987 
13979 953 6557 6928 
13980 853 6948 6987 
13981 6079 6962 6982 
13982 6962 5961 6982 
$EndElements
