$MeshFormat
4.1 0 8
$EndMeshFormat
$PhysicalNames
3
1 10 "exterior_boundary"
2 1 "gray_matter"
2 2 "white_matter"
$EndPhysicalNames
$Entities
1044 18 18 0
1 -38.032829226563 20.03089804324836 0 0 
2 -37.75473371092534 21.15720449191933 0 0 
3 -37.04461066608369 22.30879764958515 0 0 
4 -35.75870614177868 25.14636850940155 0 0 
5 -34.90791877095011 26.26093501576553 0 0 
6 -33.85764551574403 26.58321249736945 0 0 
7 -33.01210638854537 26.33773655338334 0 0 
8 -32.31042130446259 25.45267483436411 0 0 
9 -31.92834134756934 24.6283799510598 0 0 
10 -31.30187413734611 20.86426213467151 0 0 
11 -30.5766684480719 18.85612889374558 0 0 
12 -30.19956872566445 16.7969591336055 0 0 
13 -29.20792846963517 13.88185679555053 0 0 
14 -29.16945184521069 11.31008802363583 0 0 
15 -29.00507781581895 10.93904367826 0 0 
16 -28.57108898202414 10.6978765391362 0 0 
17 -28.33384911284711 11.31177177274617 0 0 
18 -28.52185757770935 12.85700325650335 0 0 
19 -29.85847172374628 17.5100406398524 0 0 
20 -30.06828576276987 21.27139385896816 0 0 
21 -29.92225342636555 22.85442810794497 0 0 
22 -30.52182465196026 26.20731645842496 0 0 
23 -30.79294693801085 26.80991632473587 0 0 
24 -32.62335184682476 27.89540233552745 0 0 
25 -33.56393810755954 28.87247895470319 0 0 
26 -33.90697535576256 30.77220723366939 0 0 
27 -33.67997124113485 32.1184411335053 0 0 
28 -32.93134474783429 33.49333003854075 0 0 
29 -31.22500747083976 35.10476907733725 0 0 
30 -29.26572907819213 36.59596517677635 0 0 
31 -28.11378412164383 37.22712932772969 0 0 
32 -26.13265351415409 37.75126638167158 0 0 
33 -25.09687274095667 37.65672520551894 0 0 
34 -23.52252240796732 37.05529543739478 0 0 
35 -22.68729814869987 35.87467078065659 0 0 
36 -22.51197080256668 34.97628556692932 0 0 
37 -22.61369900679949 33.40024517545259 0 0 
38 -22.92259378666965 32.34834318296339 0 0 
39 -23.58240700697934 30.96317096930789 0 0 
40 -23.61973636831119 30.35716326164492 0 0 
41 -22.55709515090907 27.94952787940725 0 0 
42 -22.13412003780482 25.5202732064011 0 0 
43 -21.6308485446119 24.24427371558063 0 0 
44 -20.79464421683626 22.86383753945946 0 0 
45 -19.56039034649381 22.00564163692499 0 0 
46 -18.79752899928219 21.87859808442034 0 0 
47 -18.32412707930363 22.08005022121848 0 0 
48 -17.91357102114032 22.53402904296668 0 0 
49 -17.19706204360807 25.9468635424787 0 0 
50 -16.53818976372809 26.97253436892723 0 0 
51 -15.60900050067822 27.74933374059125 0 0 
52 -14.38484215958023 28.31150719359627 0 0 
53 -13.48077427082268 28.48686728011038 0 0 
54 -9.914232614997436 28.05897052543926 0 0 
55 -8.227980596222139 28.68700684242071 0 0 
56 -7.617247173710718 29.18665562800362 0 0 
57 -7.539435709347782 29.69972912593803 0 0 
58 -8.911962440069244 29.43555319177949 0 0 
59 -12.46747799275749 29.81852165066535 0 0 
60 -13.34136711262288 29.66876253125769 0 0 
61 -16.9560058226693 28.3312263722957 0 0 
62 -18.3242420395028 28.82979117884253 0 0 
63 -18.82201051360778 29.69410705504419 0 0 
64 -18.92519566268192 30.4915782455749 0 0 
65 -18.56186436152466 31.73612426416547 0 0 
66 -17.08174767539518 34.70000646659073 0 0 
67 -15.86337406940578 38.48835112621536 0 0 
68 -15.43025231164852 39.14345326337885 0 0 
69 -14.64254566486252 39.74245658554612 0 0 
70 -13.81683838609806 39.98389519942494 0 0 
71 -12.88460088406995 39.88683236907714 0 0 
72 -10.8854888838454 39.04780427772439 0 0 
73 -12.31009512916308 41.18798335168426 0 0 
74 -12.55733844990891 41.78797184206398 0 0 
75 -12.6536067764605 42.62230161964503 0 0 
76 -12.3085179038772 43.75140827529646 0 0 
77 -11.51482019203928 45.11101936120416 0 0 
78 -10.78141869061676 46.0174451236775 0 0 
79 -9.782835163981847 46.55688922185725 0 0 
80 -8.85928802186115 46.55828602135755 0 0 
81 -9.385737348915276 48.00002559674831 0 0 
82 -9.147646067407631 48.76880745229118 0 0 
83 -8.381960089515474 49.7422711995654 0 0 
84 -6.808523985009614 50.57471593817935 0 0 
85 -3.436139078921888 50.89104748575897 0 0 
86 -3.744326409629991 51.73647241698268 0 0 
87 -4.371123983600101 52.34629971406635 0 0 
88 -5.555539315272371 53.07424587702761 0 0 
89 -6.081183255824653 53.67513543763751 0 0 
90 -6.331574482393843 54.39722945536474 0 0 
91 -6.298338595473815 55.17129389788052 0 0 
92 -5.459582905335806 58.28146377985971 0 0 
93 -3.777472734131275 59.71324280773698 0 0 
94 -2.655220637972314 62.72142006262524 0 0 
95 -1.907820910662518 63.86555288930199 0 0 
96 -1.171765388809384 64.44913647825439 0 0 
97 0.005613923721823222 64.87985480363659 0 0 
98 0.7842586749249167 64.92177923691928 0 0 
99 2.509261377971938 64.55294210636526 0 0 
100 3.60808706157507 63.9894907612782 0 0 
101 5.124310634153418 62.67262509817572 0 0 
102 7.256847699882788 61.35639952231739 0 0 
103 8.061963027999036 60.54939145997693 0 0 
104 8.521117523713682 59.74830078527865 0 0 
105 8.711906581266572 58.51768186577169 0 0 
106 8.53537937424788 57.57684078888519 0 0 
107 6.861825736179461 54.5114954850084 0 0 
108 5.166597705578178 52.09591149617744 0 0 
109 4.954231327178002 51.51539593419091 0 0 
110 5.134093351770201 51.10126595372852 0 0 
111 5.714509305653299 51.16867198013357 0 0 
112 6.056394377080689 51.54776355480205 0 0 
113 7.280095364227001 53.59905478933288 0 0 
114 8.357279025964736 54.88479122411137 0 0 
115 9.533594772601955 55.94844034844799 0 0 
116 10.80767606660234 56.75455028763481 0 0 
117 11.95165182528977 57.04687507094568 0 0 
118 12.7444462005738 57.02656464934542 0 0 
119 13.09362950812488 56.83078264791138 0 0 
120 14.49285841175446 57.69711383295736 0 0 
121 15.43673467683643 57.92980076753354 0 0 
122 16.79368340497693 57.82646422114553 0 0 
123 17.8819239395005 57.40893605761557 0 0 
124 18.51981717262101 56.94360498230808 0 0 
125 18.9404226857295 56.39492613434292 0 0 
126 19.16804543781089 55.75270505876453 0 0 
127 19.33899249610355 54.37220566718409 0 0 
128 19.02051476221866 52.63658487803621 0 0 
129 19.07573448875274 51.918753584981 0 0 
130 18.83165369415393 51.03559042849622 0 0 
131 18.40133162497747 50.55186975391374 0 0 
132 17.4163957919627 50.28088338180568 0 0 
133 16.42161229583212 50.47884585484784 0 0 
134 15.82978606064659 50.81144590393595 0 0 
135 15.41614085957003 51.38663755131703 0 0 
136 14.80851157793865 53.31778686250116 0 0 
137 14.27173791716697 53.67607408263282 0 0 
138 13.82121942044955 53.62611275907977 0 0 
139 13.09961051069167 52.96063857454899 0 0 
140 12.79778937476025 52.02634395575074 0 0 
141 12.882959164973 50.63347006012884 0 0 
142 13.30866455570468 49.54195942610885 0 0 
143 13.91427043978893 48.8723576092496 0 0 
144 15.07442237222686 48.51405667506994 0 0 
145 16.39493268482012 48.67849910002289 0 0 
146 19.03381263650363 49.45402700487134 0 0 
147 20.17049405809178 49.52659852638025 0 0 
148 21.01101463827792 49.28009116537814 0 0 
149 21.6802608082996 48.79276315373757 0 0 
150 21.88999332488531 48.42060457028581 0 0 
151 21.7022504409472 47.29150503474812 0 0 
152 22.29639496905066 46.5544472282448 0 0 
153 22.31155846082131 45.90002630978051 0 0 
154 21.83817061149615 43.89211981127971 0 0 
155 22.81846650211751 44.14176207139911 0 0 
156 23.69171033979167 44.85390759675692 0 0 
157 24.48127550114231 45.01687725734059 0 0 
158 25.02341820584906 44.90345009287567 0 0 
159 25.53313608713356 44.6204781409149 0 0 
160 26.21027922011845 43.69091931943219 0 0 
161 26.28059812558228 42.64072158152096 0 0 
162 25.99857737899388 41.88385117760492 0 0 
163 25.38942197751692 41.18822757742453 0 0 
164 24.44607184356747 40.56638884011129 0 0 
165 20.58268186975169 38.58021695866751 0 0 
166 19.47778542181643 38.32690264839042 0 0 
167 18.92294130551926 38.37616222666357 0 0 
168 18.1824906287756 38.66629770401421 0 0 
169 17.52164716126694 39.20705309438429 0 0 
170 16.52465538602237 40.54580908369183 0 0 
171 15.94639652163743 42.12276800099622 0 0 
172 15.89000873679677 43.85681553779247 0 0 
173 15.60174887003371 43.88275580529979 0 0 
174 13.7902972896187 39.87164095774469 0 0 
175 13.97259370894042 39.69974069646644 0 0 
176 16.04835889539882 39.606145686861 0 0 
177 16.83872398641236 39.32582350056172 0 0 
178 17.40822691764194 38.53565545137338 0 0 
179 17.23460928845966 37.48028358770877 0 0 
180 15.38116688321055 34.29665394849189 0 0 
181 15.15784119577818 33.16506706017701 0 0 
182 15.33749364677793 32.97812162941576 0 0 
183 15.63434462759186 33.13376758133274 0 0 
184 17.17167722512939 35.59384261550298 0 0 
185 18.91942898349385 36.7840196075638 0 0 
186 24.22571974965317 39.2272523483006 0 0 
187 25.18230165255065 39.48979802266412 0 0 
188 26.41128894805678 39.58599837877242 0 0 
189 27.4841888897189 39.13475758120819 0 0 
190 28.04596085564148 37.80329101689211 0 0 
191 27.73276964278362 36.12447843746921 0 0 
192 27.46056689699689 35.67995095855701 0 0 
193 27.47359954256144 35.11445981269497 0 0 
194 27.93206175700417 34.65832421311699 0 0 
195 28.79042384246476 33.21099593792616 0 0 
196 28.77751217454108 31.58026800370368 0 0 
197 28.37369746178258 30.59516499753763 0 0 
198 27.08573346653576 29.21269695420994 0 0 
199 25.66139198451548 26.33732847240335 0 0 
200 24.89647442484447 25.39714476596487 0 0 
201 22.7757600078374 23.86821246972283 0 0 
202 20.35159891515377 23.25931740688902 0 0 
203 20.18996507389775 23.06508807889155 0 0 
204 20.60409094028651 22.65583939585889 0 0 
205 21.94524397024043 21.95106906185684 0 0 
206 22.29523392803562 21.81576094008078 0 0 
207 22.68265434329995 21.87855030782316 0 0 
208 24.30005243982876 23.29585076405112 0 0 
209 26.4043195777362 26.30449214690212 0 0 
210 27.64475355922782 27.7232013771347 0 0 
211 28.45018417248566 28.33514340163222 0 0 
212 29.54962729705262 28.66363713217481 0 0 
213 30.89324005878299 28.26500752566639 0 0 
214 31.48158363773406 26.71605340356447 0 0 
215 31.34739967689121 25.17861855620394 0 0 
216 30.87678678273122 22.90220605862661 0 0 
217 30.95883492302987 21.63876436712407 0 0 
218 31.26557307239126 20.51654762861327 0 0 
219 31.12177517768152 19.84798855135524 0 0 
220 30.69201136804214 18.99926198881964 0 0 
221 28.45673352816571 16.75307764182174 0 0 
222 28.08723127011797 16.19969213867763 0 0 
223 27.97050350860362 15.55293212420588 0 0 
224 28.24949261508453 15.29577181197486 0 0 
225 29.08958590852081 15.23851048325355 0 0 
226 29.79206441494489 15.56462339584899 0 0 
227 30.24592640404812 15.97640891783366 0 0 
228 31.72890287226859 17.93455522211768 0 0 
229 32.57223956629605 19.62807272718776 0 0 
230 33.02529572161617 20.9724699362393 0 0 
231 33.58934713353914 21.81334612541216 0 0 
232 34.29576909167247 21.99366167077904 0 0 
233 34.57185449154096 21.82105390048748 0 0 
234 35.10159590707346 21.3342121800993 0 0 
235 35.57021320354951 20.11613809707186 0 0 
236 36.75200221243647 15.83888703758885 0 0 
237 37.45538334358054 11.73950433979752 0 0 
238 37.3603699732519 10.53089218147292 0 0 
239 37.05384883845533 9.717495750480978 0 0 
240 36.20414869355014 8.578184853543139 0 0 
241 34.56457635274372 7.684384628490234 0 0 
242 31.74023205046515 6.888722670504099 0 0 
243 30.33434013373144 6.865641037604978 0 0 
244 29.19276416941307 7.046528883363623 0 0 
245 27.9704882498613 7.728892914837673 0 0 
246 27.56122684381827 8.67169003763153 0 0 
247 27.19056548347437 10.37223810417157 0 0 
248 26.34836412374788 11.40878530102153 0 0 
249 25.77015361595213 11.63574361721503 0 0 
250 24.87270818407777 11.70231504998142 0 0 
251 24.0916424834255 11.51640518475905 0 0 
252 23.85267137587066 11.35988674279701 0 0 
253 23.80287294402969 11.29351780121239 0 0 
254 23.80334723531537 11.26364515477155 0 0 
255 25.0659382094211 11.25356142236325 0 0 
256 25.48758370632429 11.03787796137987 0 0 
257 25.91598027117215 10.5473749069818 0 0 
258 26.29232626264892 9.642051800348298 0 0 
259 26.49120691778514 7.25696704150308 0 0 
260 26.72896001717193 6.469055841831545 0 0 
261 27.08674416999111 6.068122915852308 0 0 
262 27.7840337918252 5.672155002488734 0 0 
263 30.12653811113767 4.972054804435383 0 0 
264 31.95116510936033 3.885360553593983 0 0 
265 32.25899100788579 4.004456111199382 0 0 
266 33.58904960804898 5.484201721253059 0 0 
267 34.12465238411136 5.730985299244637 0 0 
268 34.86947614605586 5.847628595908466 0 0 
269 35.8138443992741 5.719110974038894 0 0 
270 36.93528039636493 5.14517435528975 0 0 
271 37.58955403075328 4.43185829833605 0 0 
272 38.20949419390941 3.12443457376842 0 0 
273 38.46836080267778 0.941852063116572 0 0 
274 38.22229316127995 -0.7243117015620733 0 0 
275 37.36227966114808 -2.081357172504301 0 0 
276 36.83884418742065 -2.475030966675424 0 0 
277 35.91571760403812 -2.847301084624881 0 0 
278 33.45723658817295 -3.206269307138027 0 0 
279 31.38340119428914 -3.156485446330698 0 0 
280 29.43050919109031 -2.809771824221325 0 0 
281 29.04103741793919 -2.431178567548357 0 0 
282 28.30307471160728 -0.6895508290077079 0 0 
283 27.91479641557812 -0.2136391829368414 0 0 
284 27.18280355448275 0.1975184776341479 0 0 
285 26.13087204251413 0.3902945128948944 0 0 
286 23.67760044470007 0.3773787552676466 0 0 
287 21.39922929883405 0.7048353169430926 0 0 
288 21.10621253193821 0.6506731977851282 0 0 
289 21.00560826655939 0.2354626954918283 0 0 
290 21.27318312242053 -0.1827239552557648 0 0 
291 22.11364942521228 -0.4934885429453827 0 0 
292 24.50308862616841 -0.3499335030884859 0 0 
293 25.50111333283024 -0.4305994737020646 0 0 
294 26.53800636624039 -0.7734827374157704 0 0 
295 27.53242361820683 -1.634869972504499 0 0 
296 27.9712341706235 -2.40223974234757 0 0 
297 28.27353484562877 -3.905572760406473 0 0 
298 28.55215289906986 -4.552426934108296 0 0 
299 29.19400700575536 -5.090578184901542 0 0 
300 30.14380806232881 -5.353670949101599 0 0 
301 31.25091095890011 -5.354661729205806 0 0 
302 34.70202171527006 -4.604084605559586 0 0 
303 36.37167046004627 -4.591709191690992 0 0 
304 37.62073203567289 -5.006843415268119 0 0 
305 38.41923182584989 -5.603080535882004 0 0 
306 38.86280634751249 -6.286840878363795 0 0 
307 39.00845230829451 -6.873392180222416 0 0 
308 38.98768298552362 -7.44197604478666 0 0 
309 38.65749028675423 -8.414774563860457 0 0 
310 36.74266484397148 -10.91146355234068 0 0 
311 36.65210310756014 -11.53336946370746 0 0 
312 37.2150759670603 -13.33049520100906 0 0 
313 37.32297944340383 -15.07662195134165 0 0 
314 37.11301751812066 -15.75655151965404 0 0 
315 36.65606615044511 -16.39794006335889 0 0 
316 35.96739782429712 -16.90763893165057 0 0 
317 35.10340260319489 -17.17529983622972 0 0 
318 33.35355821240952 -17.20448065021076 0 0 
319 29.86333840317116 -16.45392996464651 0 0 
320 24.97753201087298 -15.7790801412696 0 0 
321 22.1390813433667 -15.98943488040998 0 0 
322 19.60620939262667 -15.21183446490467 0 0 
323 21.75693077278062 -16.69061044848939 0 0 
324 23.10920873159024 -17.26192830710511 0 0 
325 26.92272262329779 -17.26593758213185 0 0 
326 30.6163516034399 -17.85563893495065 0 0 
327 32.66809204711539 -18.39073650478701 0 0 
328 33.73068124346566 -19.11159894055423 0 0 
329 33.94992003345691 -19.44388444867999 0 0 
330 33.97947952659593 -19.99984729110705 0 0 
331 33.59728330027056 -20.62356907377292 0 0 
332 32.28013516440582 -21.54027938593013 0 0 
333 30.33229212841924 -22.43019564768166 0 0 
334 26.79036025839813 -23.6102609277226 0 0 
335 24.69841563485939 -23.8280113487156 0 0 
336 23.18728485446143 -23.53841190792589 0 0 
337 19.38430827006301 -22.05154058395748 0 0 
338 18.22658000328074 -21.81217390707495 0 0 
339 16.75902699927085 -21.78312807876808 0 0 
340 14.72992351225355 -20.76563300208961 0 0 
341 14.54222065428656 -20.8176233349759 0 0 
342 14.98888837250858 -21.90793675066319 0 0 
343 16.06048817578741 -22.94027284561344 0 0 
344 16.85425197081846 -23.29399095462982 0 0 
345 20.58531315960372 -24.2016823614352 0 0 
346 23.85638417672001 -25.38433960799355 0 0 
347 25.09106276343996 -25.58728335291496 0 0 
348 26.16966953875517 -25.54578614107118 0 0 
349 29.46303057431622 -24.57238298025808 0 0 
350 30.51137771690687 -24.47868972329722 0 0 
351 31.34273524864701 -24.70876116734087 0 0 
352 31.67761203680752 -24.95453073501998 0 0 
353 32.00815096186418 -25.5658364774773 0 0 
354 32.25761170982729 -26.40345224578416 0 0 
355 32.08991337021182 -27.35005993711234 0 0 
356 31.86365366225819 -28.0488596478941 0 0 
357 30.61237931871651 -30.05549708304837 0 0 
358 29.49136884749512 -31.35294198750833 0 0 
359 26.36922718044773 -34.24703018319965 0 0 
360 25.62608931220114 -34.73876495435118 0 0 
361 24.52690418736992 -35.02158500009711 0 0 
362 23.00441292783915 -34.9476714461596 0 0 
363 21.36380776039626 -34.43917491370514 0 0 
364 19.40924407591956 -33.45430067542225 0 0 
365 17.45070042041086 -32.98264593776158 0 0 
366 17.78155451120801 -34.06597189488397 0 0 
367 18.54497453402035 -34.85780871146967 0 0 
368 19.90955360736653 -35.56445369196748 0 0 
369 22.51519470539295 -36.4494921841243 0 0 
370 23.66060481211496 -37.28415530417787 0 0 
371 24.04191997221582 -37.90901811550491 0 0 
372 24.06215363291535 -38.94306691807436 0 0 
373 23.75839241489084 -39.64700495598655 0 0 
374 22.94124411855912 -40.68065207262014 0 0 
375 21.34368108875602 -41.75630708695449 0 0 
376 20.08060468151964 -42.0618622144708 0 0 
377 19.05174789289178 -41.85993772097147 0 0 
378 17.38927259732999 -40.59685671978674 0 0 
379 13.55723589125898 -36.42112042290826 0 0 
380 12.42765912116746 -35.7478517010018 0 0 
381 11.71579904045215 -35.71770922232336 0 0 
382 11.52596706795718 -35.94602387472566 0 0 
383 11.6247470300619 -36.48070230949153 0 0 
384 13.71162198780732 -40.89367092287126 0 0 
385 15.2651523260047 -44.89081122020247 0 0 
386 15.36533030946238 -45.70916582120434 0 0 
387 15.26197500472857 -46.56640563620083 0 0 
388 14.73648582285085 -47.55611480041355 0 0 
389 13.76824707102931 -48.21532582930268 0 0 
390 12.48641284702749 -48.41254364214727 0 0 
391 11.71726711668837 -48.99676348094972 0 0 
392 10.84018632152335 -49.98267544341316 0 0 
393 9.849644328638407 -50.55861395754658 0 0 
394 8.319657950246937 -50.86247289087677 0 0 
395 7.040268520310843 -50.85514922867493 0 0 
396 1.389353059333693 -50.3631258695295 0 0 
397 1.028743242905377 -50.65783767780682 0 0 
398 0.2286647074243052 -52.31493825804239 0 0 
399 -0.317488480055844 -52.74998684860058 0 0 
400 -0.986806548069183 -53.01641338650643 0 0 
401 -3.184183207782683 -53.06960406987267 0 0 
402 -4.449882198591778 -52.51230311242162 0 0 
403 -5.2095006260717 -51.52645427754901 0 0 
404 -6.255870170590782 -49.10377115027094 0 0 
405 -7.198064056169912 -47.55614675891739 0 0 
406 -9.303756075779217 -44.27122657419283 0 0 
407 -9.604119406324946 -43.87223677050122 0 0 
408 -9.817370111875798 -43.8389648825462 0 0 
409 -9.934882421383213 -44.32085799915012 0 0 
410 -9.746084531200616 -45.13611131723909 0 0 
411 -7.257095353183485 -50.57702475743219 0 0 
412 -6.727815052688395 -51.95333033476172 0 0 
413 -6.510009086435229 -53.00597698498611 0 0 
414 -6.726330592480272 -53.79168810786945 0 0 
415 -7.421659570750145 -54.52028481448367 0 0 
416 -11.41500199206069 -55.92559269687319 0 0 
417 -12.37827796864365 -55.87598329718188 0 0 
418 -13.60214671696095 -55.53860163673134 0 0 
419 -15.46730425147007 -54.23935404257551 0 0 
420 -16.47076087396784 -53.25263350679526 0 0 
421 -17.14803853087251 -52.29300141135456 0 0 
422 -17.45238081999901 -51.49196581486066 0 0 
423 -17.55335843077631 -50.27654794431636 0 0 
424 -16.85234491055235 -47.24332285059356 0 0 
425 -16.79533821690203 -46.36297477744792 0 0 
426 -17.96616298384385 -43.20153763702527 0 0 
427 -18.44840405738325 -42.70290114125916 0 0 
428 -18.94808132959526 -42.6149600123296 0 0 
429 -19.12006258353478 -42.96212618540341 0 0 
430 -18.21670299499285 -45.73938203623326 0 0 
431 -18.16705959857671 -51.95649911040444 0 0 
432 -17.92773705695333 -52.77501092261416 0 0 
433 -16.66292290199503 -54.3595197485248 0 0 
434 -16.18419241859542 -55.25249009594486 0 0 
435 -16.01545450207941 -56.1679499534127 0 0 
436 -16.29071212507507 -56.78215931863723 0 0 
437 -17.32429773820839 -57.0901079808399 0 0 
438 -18.76631783504652 -56.94931491233571 0 0 
439 -19.85513662986186 -56.58737565987748 0 0 
440 -20.80131334822633 -56.02208015520171 0 0 
441 -21.36595296548087 -55.39173719107905 0 0 
442 -21.6998077581137 -54.04594183064792 0 0 
443 -21.96066715437365 -53.67813878323975 0 0 
444 -25.63744176042844 -52.56766385084894 0 0 
445 -26.02095609861797 -52.23696284293595 0 0 
446 -26.31216374780084 -51.5544005583321 0 0 
447 -26.19635001902924 -51.23868354566242 0 0 
448 -27.17603851770806 -51.25751414129579 0 0 
449 -27.99694374774142 -50.95090345606958 0 0 
450 -28.25921710944446 -50.46412222103213 0 0 
451 -28.26739382119007 -49.71402903199269 0 0 
452 -28.05907233287112 -48.23385874776464 0 0 
453 -27.51033611115991 -46.21768398116291 0 0 
454 -27.89491112802925 -46.87796998254551 0 0 
455 -28.47058006841379 -48.6862298979789 0 0 
456 -28.87527453024959 -49.37812240483252 0 0 
457 -29.55768230842494 -49.92246435620046 0 0 
458 -30.19427170493776 -50.06575760888389 0 0 
459 -31.31159475351596 -49.77499635943959 0 0 
460 -32.83774301335689 -48.70361420906617 0 0 
461 -34.11286918709121 -47.13094361452452 0 0 
462 -34.46345658216154 -46.03493325467092 0 0 
463 -34.07985994253786 -43.64476500884073 0 0 
464 -34.29696432811298 -41.66949996632595 0 0 
465 -34.15978500007186 -40.80304603108217 0 0 
466 -33.6961404375764 -39.89774816459878 0 0 
467 -32.8254721782967 -39.21390482785277 0 0 
468 -31.89716147954094 -38.97170184632709 0 0 
469 -31.97595512209692 -38.86668247938726 0 0 
470 -30.76296680567144 -39.18389240478066 0 0 
471 -29.41750551721497 -38.97946442832079 0 0 
472 -25.6393723905986 -39.23823311982836 0 0 
473 -24.60422452804751 -38.75328471038717 0 0 
474 -23.6040892497764 -37.9918456936586 0 0 
475 -23.98052206184868 -37.62884144877823 0 0 
476 -27.0779557353228 -36.9158302508025 0 0 
477 -28.50521405822344 -36.17554500731664 0 0 
478 -30.70623439156887 -34.1722282891599 0 0 
479 -31.26123074242008 -33.36617338769818 0 0 
480 -31.62531417833 -32.46465322321265 0 0 
481 -31.59891407750635 -30.95743708613091 0 0 
482 -31.08636588989691 -29.54375353537612 0 0 
483 -29.84475887574184 -27.02815812485711 0 0 
484 -29.09034664528551 -26.55386839542027 0 0 
485 -29.36888433794054 -25.63584855282868 0 0 
486 -29.10947887884456 -24.25621068000488 0 0 
487 -27.67624413975021 -22.30087403293515 0 0 
488 -26.42013425728895 -21.04671784426555 0 0 
489 -25.95067170310234 -19.95238825380905 0 0 
490 -26.01418034200671 -16.39699459767381 0 0 
491 -26.41594035802179 -16.1164620124606 0 0 
492 -27.87766817908734 -15.8112482509498 0 0 
493 -28.46311169909778 -15.324522622048 0 0 
494 -28.92900508972606 -14.66710034966527 0 0 
495 -29.36051064108798 -13.1808885250564 0 0 
496 -29.22982780590846 -11.86401972998293 0 0 
497 -28.70470362977595 -10.93606792431865 0 0 
498 -28.14485264694854 -10.71314062304377 0 0 
499 -27.48325307253929 -10.78630341504069 0 0 
500 -26.83028646024519 -11.11873074081141 0 0 
501 -26.77159465487583 -11.01670889774611 0 0 
502 -29.76550662035591 -7.777404997539183 0 0 
503 -30.83236075120295 -6.178002549158406 0 0 
504 -31.1976192243893 -4.986737023319196 0 0 
505 -30.81679752191887 -3.293647322751347 0 0 
506 -29.67784364991461 -1.891526432214067 0 0 
507 -28.20148310914351 -1.163994677655639 0 0 
508 -27.27849048125088 -1.406405277328787 0 0 
509 -26.77403818133829 -1.615363419231098 0 0 
510 -25.35399564836279 -2.861089265193063 0 0 
511 -24.33258347657819 -3.994155611570456 0 0 
512 -23.19619560230563 -5.734506378389883 0 0 
513 -22.40640378535512 -8.142517046144723 0 0 
514 -21.23037822930629 -10.56008369422013 0 0 
515 -20.02805921338425 -14.52951754044137 0 0 
516 -19.57812142192014 -15.24665511415494 0 0 
517 -19.4049652444145 -15.08777586235211 0 0 
518 -20.44751639836917 -12.81651461689596 0 0 
519 -21.64498556705678 -8.969683491563218 0 0 
520 -23.80470050213466 -3.240926216052862 0 0 
521 -25.05377658036157 -1.70443539859291 0 0 
522 -27.32944273377263 -0.5825461545518698 0 0 
523 -29.24213333005401 0.6152333286956417 0 0 
524 -30.41807225512462 1.756831470494546 0 0 
525 -31.12803118807793 2.752442753973319 0 0 
526 -31.7547404109202 4.18686252440337 0 0 
527 -31.50290870221713 6.624738254585592 0 0 
528 -31.68343192397285 8.899063824378874 0 0 
529 -33.05422025417509 11.08168464599355 0 0 
530 -34.13683300506161 12.44498311456418 0 0 
531 -34.48400754604931 13.63727098029581 0 0 
532 -34.87284082070893 16.86999465322549 0 0 
533 -35.3078123468956 17.82404569595111 0 0 
534 -35.76326369184614 18.39793105798532 0 0 
535 -36.17554856880216 18.65320151125686 0 0 
536 -37.66158328314321 18.95151186791937 0 0 
537 -38.0061895398411 19.49357821405205 0 0 
538 -29.91508176591653 29.82907187909167 0 0 
539 -30.80416666647911 30.58472908491504 0 0 
540 -30.23189067952654 31.81576859890075 0 0 
541 -29.8388629230855 32.15738559596103 0 0 
542 -28.67080662080273 32.54476017743333 0 0 
543 -28.17722076187194 32.3484248363791 0 0 
544 -28.18889907838797 31.98847929816779 0 0 
545 -28.52109914212754 31.49606887934785 0 0 
546 -28.49477046956815 30.62163879467741 0 0 
547 -28.27179898285297 30.29665745368831 0 0 
548 -28.33845278051989 29.47119533000645 0 0 
549 -28.59253135769756 29.39805925110134 0 0 
550 -21.62047536968507 -40.6690127595708 0 0 
551 -21.99907826115709 -42.65276392906064 0 0 
552 -22.47967166556335 -43.22693547380461 0 0 
553 -22.40016209701406 -43.51340935754659 0 0 
554 -22.69989940949902 -44.2723194976864 0 0 
555 -23.10513752491922 -43.64094604034065 0 0 
556 -24.39573033129127 -42.94882690487691 0 0 
557 -25.88864543129714 -42.88095263345732 0 0 
558 -28.6335111353264 -43.56714125961729 0 0 
559 -30.03993506285092 -44.39926215215849 0 0 
560 -30.5909275384483 -44.99315181560464 0 0 
561 -30.71118317899264 -44.3720817658938 0 0 
562 -31.07220138689515 -43.81917370964301 0 0 
563 -31.12635410288599 -43.16772383706584 0 0 
564 -31.00939693434855 -43.05416574082662 0 0 
565 -31.13080413305239 -42.86509111376593 0 0 
566 -30.39270621090922 -42.04357878823534 0 0 
567 -27.81844303437695 -42.13042270057505 0 0 
568 -26.0884293451099 -42.5227569112806 0 0 
569 -24.28948163454731 -42.57185819818098 0 0 
570 -24.08202749001632 -42.46185889726986 0 0 
571 -23.94228585941753 -41.70970104777929 0 0 
572 -22.72456022194508 -40.99202671648719 0 0 
573 -26.57531402475833 6.834853233427992 0 0 
574 -25.1634409664006 7.043391489441021 0 0 
575 -24.38866303131687 6.393779113882189 0 0 
576 -23.83982467136429 4.50149946770135 0 0 
577 -23.62966830983517 3.074143427939106 0 0 
578 -24.76943236053415 3.248685247775697 0 0 
579 -26.80861473506894 3.997871455077544 0 0 
580 -26.92731967280852 4.520835219868502 0 0 
581 -27.65483830895649 5.055662425725743 0 0 
582 -26.90782443920991 17.93976992256839 0 0 
583 -27.03674449492081 20.73912037683715 0 0 
584 -26.89352015431277 22.96515457270722 0 0 
585 -27.15164164836408 26.30253644581752 0 0 
586 -26.54409108769643 25.969752460463 0 0 
587 -24.84015048818556 22.01094308779334 0 0 
588 -23.56582492846396 20.33166219695245 0 0 
589 -24.2687743326585 17.65163661335369 0 0 
590 -26.07696492744247 16.18797290582475 0 0 
591 -26.72826791315795 16.99570266841035 0 0 
592 -24.2011508792362 -14.11402318594803 0 0 
593 -24.5249591145832 -13.82011686790226 0 0 
594 -24.49422001882208 -13.38554420569108 0 0 
595 -23.83192015396861 -13.2683101470903 0 0 
596 -23.74144594643319 -13.39500800089456 0 0 
597 -21.95155249787002 -45.63008949843113 0 0 
598 -22.39358126320721 -45.27194030644317 0 0 
599 -22.57283966544927 -44.41812332035919 0 0 
600 -21.78812347044697 -44.37497971718599 0 0 
601 -21.64600540512184 -45.27194030644317 0 0 
602 -21.5468221494577 -40.39872943596128 0 0 
603 -20.96723605171685 -39.4640603699816 0 0 
604 -20.79337201472393 -40.2999362883173 0 0 
605 -21.19883008869452 -40.48184050798485 0 0 
606 -16.71898069888612 -3.244318374569723 0 0 
607 -16.51376613642068 -5.66062469864633 0 0 
608 -15.24269043425094 -9.879353747965496 0 0 
609 -15.62377639676352 -10.89207474559321 0 0 
610 -16.06672940709516 -11.3319309173126 0 0 
611 -16.34872720814833 -11.37917989792886 0 0 
612 -16.89964554878139 -10.86206359110276 0 0 
613 -17.42282458453662 -8.17818477952018 0 0 
614 -17.84919727475637 -6.896339537617976 0 0 
615 -18.97588180446475 -5.172801241259862 0 0 
616 -19.11734711365469 -4.212025964812078 0 0 
617 -19.09634004794568 -2.344266973754117 0 0 
618 -20.26411135064019 3.86071393131914 0 0 
619 -21.50461979683897 7.107026214324549 0 0 
620 -21.83171046788336 8.652730644984473 0 0 
621 -22.06783785458756 9.215029137967136 0 0 
622 -22.5541482415255 9.67496841837449 0 0 
623 -24.52084694999675 10.47048250744301 0 0 
624 -24.75769389490299 10.7946914329609 0 0 
625 -24.83862410599979 11.4149803400099 0 0 
626 -24.67919972290804 11.98352456908005 0 0 
627 -23.15869720280437 14.73320162622227 0 0 
628 -22.1294560854844 14.64331601152111 0 0 
629 -20.72501134219921 14.25136485718859 0 0 
630 -19.06537776787838 13.69993749910888 0 0 
631 -17.65221805013837 13.01315262678271 0 0 
632 -17.52616256694446 12.58840799470705 0 0 
633 -17.64293241001176 11.72682894398126 0 0 
634 -17.23487407737968 10.5988241693175 0 0 
635 -16.39007818851653 9.611520741488064 0 0 
636 -16.32634219039176 9.202348665790737 0 0 
637 -16.45245829112715 9.026006357813898 0 0 
638 -17.29650467773759 8.745959731104534 0 0 
639 -17.59094070656725 8.31673945932323 0 0 
640 -17.76736974797062 6.980827736984963 0 0 
641 -16.82495751640775 3.050636779332208 0 0 
642 -16.29749533679319 -0.6325182977621253 0 0 
643 -16.25475123931951 -1.543726821460716 0 0 
644 -5.301465634596532 -43.10861711691318 0 0 
645 -5.174636938249663 -44.54813782951729 0 0 
646 -4.539595162413639 -46.01482595251408 0 0 
647 -3.380750925547982 -47.51135658649519 0 0 
648 -2.679000945539698 -47.83124245375364 0 0 
649 -2.273062385329782 -47.67092531990731 0 0 
650 -2.030184324930614 -47.40874638456764 0 0 
651 -1.812342348744525 -46.45816994230503 0 0 
652 -1.829969451111193 -42.67279967810241 0 0 
653 -1.980708587392516 -41.815110275263 0 0 
654 -2.346170778894804 -41.6013672992087 0 0 
655 -2.938460107602236 -42.65796221188554 0 0 
656 -3.653205259217394 -43.28501353509093 0 0 
657 -4.973510451877348 -42.86976357806587 0 0 
658 -25.96745520369048 -34.1076816868342 0 0 
659 -27.08850579147144 -33.4360639370376 0 0 
660 -27.82627617905306 -32.60147602805705 0 0 
661 -28.3083750629916 -31.62393768193145 0 0 
662 -28.18963609779609 -31.27073367930597 0 0 
663 -28.31570493352349 -30.77157409550567 0 0 
664 -27.88480539627037 -29.79779746775415 0 0 
665 -27.52797548414848 -29.89464278854229 0 0 
666 -26.99562214255068 -29.31999557357813 0 0 
667 -26.16846753185009 -29.93381588427444 0 0 
668 -25.90919783784791 -30.77157409550567 0 0 
669 -25.25844356843456 -31.88223203109458 0 0 
670 -24.40607998200878 -31.90383934514162 0 0 
671 -23.99342967762446 -31.08891394053199 0 0 
672 -23.56609600759571 -29.91775710942169 0 0 
673 -23.54179684623132 -29.02652256553254 0 0 
674 -24.40607998200878 -27.41991558419495 0 0 
675 -25.44600885932523 -26.37665114481727 0 0 
676 -25.7517847518695 -24.67632471199533 0 0 
677 -23.73527259487784 -23.21938920089956 0 0 
678 -23.0555343636384 -21.88745960093682 0 0 
679 -22.76099852314012 -20.53594024540801 0 0 
680 -23.07788067494392 -17.975938872117 0 0 
681 -22.7063813915671 -16.49969689110774 0 0 
682 -21.19332244940575 -19.37965885558389 0 0 
683 -21.02427940725249 -20.94878526805969 0 0 
684 -19.95791474048231 -22.67517473961945 0 0 
685 -18.43517086335644 -22.83795415461791 0 0 
686 -17.55863266509228 -22.69318457981642 0 0 
687 -16.74984715042088 -21.66939046812836 0 0 
688 -16.55483264137816 -20.9799663735071 0 0 
689 -16.30212567809716 -18.01690490779672 0 0 
690 -16.42456312595603 -16.62984735377892 0 0 
691 -16.28180389532204 -15.3763774232695 0 0 
692 -15.58418099625383 -14.81230709329428 0 0 
693 -14.63518815266281 -14.50644279684916 0 0 
694 -13.338198485491 -13.70911575834159 0 0 
695 -12.68368968994302 -12.85517024878322 0 0 
696 -12.26270267836748 -11.78525776492565 0 0 
697 -12.13171751579215 -10.30030258061309 0 0 
698 -12.27127392614639 -9.100385472222769 0 0 
699 -13.38979262586069 -6.123924617560668 0 0 
700 -13.71096983997319 -4.828553045761041 0 0 
701 -13.72087828273867 -3.475572661179498 0 0 
702 -13.43343634262412 -2.270005072128228 0 0 
703 -13.35940860858847 -0.9170285022439515 0 0 
704 -14.36146938741055 6.037380198099811 0 0 
705 -14.16649113418922 6.889619808613077 0 0 
706 -13.3907790805069 8.385127979224151 0 0 
707 -13.2320523450346 9.31860916255097 0 0 
708 -13.28024147806132 10.17097274897675 0 0 
709 -14.61276440934554 12.91098390971857 0 0 
710 -14.89954837300064 14.13682643635804 0 0 
711 -15.278500368941 14.73703694262805 0 0 
712 -15.80602691271585 15.34316329225933 0 0 
713 -17.99043576670733 16.63792249822616 0 0 
714 -17.92066537700705 17.5178839301901 0 0 
715 -17.48967650522988 18.83324245196785 0 0 
716 -15.87662479707226 19.93543075724945 0 0 
717 -15.19288619030339 19.72432215184266 0 0 
718 -15.02280781098828 20.0215484435344 0 0 
719 -14.17044422456249 19.62846687834205 0 0 
720 -13.8128044650961 20.07341679370667 0 0 
721 -13.65144339119303 20.40660659907441 0 0 
722 -13.67565468894525 20.84845281112059 0 0 
723 -13.27321913096666 21.03914330701872 0 0 
724 -13.19378992532958 21.25916333821614 0 0 
725 -14.55356185321023 21.9436486740159 0 0 
726 -14.15173886359314 22.54200516291239 0 0 
727 -14.35667110706886 23.2399367113745 0 0 
728 -14.1392407074391 24.72947298336604 0 0 
729 -13.31807873078808 25.25595463868333 0 0 
730 -10.7580792648457 24.88587826901977 0 0 
731 -9.905715678419917 24.9106306175786 0 0 
732 -9.053352091994135 25.07064783752475 0 0 
733 -7.88188514148321 25.56857183161547 0 0 
734 -6.473383827221127 26.38055196262609 0 0 
735 -5.610973492586304 27.2298278398336 0 0 
736 -4.843688512331752 28.37811810612112 0 0 
737 -4.186660558314465 28.58414884806575 0 0 
738 -4.100942080931723 29.41126596042835 0 0 
739 -3.596303916478995 29.00575317652351 0 0 
740 -3.227867030782591 28.15890059302444 0 0 
741 -2.383741605853956 27.30044090252792 0 0 
742 -2.410019594558399 26.50078300922424 0 0 
743 -2.431066990162527 26.17591653290906 0 0 
744 -3.524394869560993 24.22270666819624 0 0 
745 -4.016689642683829 20.81961965350932 0 0 
746 -5.312550397977589 18.37255218442859 0 0 
747 -5.180171524689264 17.3880350650536 0 0 
748 -4.611605022641825 15.96631674407756 0 0 
749 -3.942763671852624 15.10473396562827 0 0 
750 -2.909494145055945 14.53989813475943 0 0 
751 -0.863391815128665 14.03095860997881 0 0 
752 0.5136001311322858 14.10735919912993 0 0 
753 1.729007100540883 15.08312072336209 0 0 
754 1.949535991535896 15.45680198366837 0 0 
755 3.267836514086731 19.21760672434746 0 0 
756 3.352750580086472 19.805552176451 0 0 
757 3.121971849920676 20.70713650036571 0 0 
758 2.850423941042067 23.81897537348847 0 0 
759 2.929277160668008 24.67133895991425 0 0 
760 2.688463988689783 25.91271375529783 0 0 
761 2.444610720339988 26.2737424289591 0 0 
762 2.409989720402642 27.4798967091145 0 0 
763 2.843823074243893 28.42654846763372 0 0 
764 3.040178472753681 30.6422480785666 0 0 
765 2.78574119828022 31.91007798633444 0 0 
766 1.986744750544212 34.0662732409704 0 0 
767 1.205890058407221 35.54051933356237 0 0 
768 0.4985792396880058 36.34385658777316 0 0 
769 -0.298609080511639 36.81752858358536 0 0 
770 -1.061690685879782 36.85578563411143 0 0 
771 -1.633845529861738 36.73569539708905 0 0 
772 -3.082442973341792 35.83904927963714 0 0 
773 -3.934806559767573 35.78084338123593 0 0 
774 -5.640987132277338 36.14246510778682 0 0 
775 -6.695692655376376 35.96800322823432 0 0 
776 -7.480908683851943 35.66646261571663 0 0 
777 -8.639513479704654 34.86624968050165 0 0 
778 -9.840691350013223 33.23938342157808 0 0 
779 -10.09371475319703 33.31208151129832 0 0 
780 -10.6908739627566 32.80962664468413 0 0 
781 -11.40985908931729 33.12725182206623 0 0 
782 -13.73878908196989 32.91176046107523 0 0 
783 -14.21388625005541 33.22190215344406 0 0 
784 -14.06808230537628 34.00347064788077 0 0 
785 -13.46939960365067 35.53403124319024 0 0 
786 -13.01417729020502 36.2560250170896 0 0 
787 -10.7580792648457 36.08994830316728 0 0 
788 -9.322362667630102 36.60828187616967 0 0 
789 -8.202883432848488 37.85664257513093 0 0 
790 -7.901587213113281 38.44984658311772 0 0 
791 -7.756426709785138 39.50613445776585 0 0 
792 -8.630598575532144 41.99384870939809 0 0 
793 -8.204912786643462 42.04706248230977 0 0 
794 -7.831038810683587 41.83317119822814 0 0 
795 -7.048046201070662 42.28215476510714 0 0 
796 -5.559110913388025 42.69967687682515 0 0 
797 -4.874502152553333 43.42321525030584 0 0 
798 -4.502733908502975 45.1426142895041 0 0 
799 -4.607296390749845 45.99643509028535 0 0 
800 -4.847834581210883 46.36625988782184 0 0 
801 -4.915112482216252 47.45836650176369 0 0 
802 -2.563494580160878 47.78110989064798 0 0 
803 -1.412555582165588 48.77548910948987 0 0 
804 -0.6395178652539997 50.55963789464008 0 0 
805 -0.6535529424277371 51.66622123155388 0 0 
806 -0.3313573838680028 53.4406116079258 0 0 
807 0.05549302327728611 53.66652546845775 0 0 
808 0.3299219863750054 54.13906533205414 0 0 
809 1.128051089356148 53.69087674104021 0 0 
810 1.517613439036282 52.96447429842937 0 0 
811 1.365029619985229 52.18225304254337 0 0 
812 1.59770037589157 51.96733657954316 0 0 
813 1.292657062128342 50.28802566209782 0 0 
814 1.480913056760201 49.40733902094941 0 0 
815 2.080468957504912 48.4554093742498 0 0 
816 2.915855358038776 47.88466971066477 0 0 
817 3.951377176758726 47.70724351101825 0 0 
818 5.077456611810334 47.20113037432596 0 0 
819 10.20498512603554 46.45413414049999 0 0 
820 11.15224163718536 45.44335178976065 0 0 
821 10.98360404271212 45.12824927119559 0 0 
822 11.10395558131999 44.59135368403741 0 0 
823 10.56555965116993 44.42802893308254 0 0 
824 10.10452389979103 43.90360994890133 0 0 
825 9.649339453210935 42.58406631587128 0 0 
826 10.06238343328261 41.40665837398863 0 0 
827 10.0093928269004 40.94681720835146 0 0 
828 10.47954782598585 40.34209440322367 0 0 
829 10.59513530255749 38.82865961238726 0 0 
830 11.07504694213181 38.31881081044432 0 0 
831 11.8618216316671 36.70850638624296 0 0 
832 11.9729462127889 35.53002386878127 0 0 
833 11.82797702756751 34.80399228345507 0 0 
834 11.96800222889529 33.63127287511887 0 0 
835 12.34285356498881 32.34429627738641 0 0 
836 13.10107548613347 31.0870363073673 0 0 
837 13.90981362877447 30.39026033574942 0 0 
838 15.41954623773486 29.816539551921 0 0 
839 17.35779368523525 29.47346681936517 0 0 
840 18.24220823388752 28.64093958170619 0 0 
841 18.85357468229481 28.37314578552279 0 0 
842 19.0046248502677 27.01707493740227 0 0 
843 17.69226654518354 25.56306982480052 0 0 
844 17.15784482676086 24.44069730723429 0 0 
845 17.11281296702023 23.86700389232082 0 0 
846 17.1715011752696 22.8252859337282 0 0 
847 18.32608000101176 20.63546392866216 0 0 
848 19.39895257907477 19.79180657993658 0 0 
849 21.65356090239063 18.97410387726516 0 0 
850 23.00653747227491 18.98676894807464 0 0 
851 24.91800789865074 19.58229846453933 0 0 
852 25.59166491226649 19.37332906245669 0 0 
853 24.69070752373604 17.32984452632593 0 0 
854 24.60190721618141 14.91545804051759 0 0 
855 24.20681678642547 14.6336534855763 0 0 
856 23.44313204861231 14.41864503563866 0 0 
857 23.18709098005846 14.63970988464176 0 0 
858 22.39120569319337 14.83946726492917 0 0 
859 22.15226811568 15.89055534100551 0 0 
860 21.28247818728732 17.39915376558156 0 0 
861 20.4790829938915 18.0075286129229 0 0 
862 19.53531741129353 18.28144412483809 0 0 
863 18.24264934233204 18.35072513469764 0 0 
864 16.65285396613604 18.01446976973148 0 0 
865 15.3726324916415 17.3641456119866 0 0 
866 14.70829301077611 17.28224185083069 0 0 
867 14.48578000344278 16.99278823969941 0 0 
868 13.78050770946091 16.62087228793538 0 0 
869 13.27391865406731 16.55108317649389 0 0 
870 12.24455350800234 15.91255769315775 0 0 
871 11.37675840748363 14.37620581385917 0 0 
872 11.26265934159435 13.58333389399628 0 0 
873 11.39662464672568 12.80521414680865 0 0 
874 11.94875223794302 11.90909332033769 0 0 
875 13.0492866497714 11.12635553788138 0 0 
876 13.97792461088672 11.00539778643194 0 0 
877 16.19273666717532 11.66409112717287 0 0 
878 17.36807352178106 11.09245623975197 0 0 
879 18.40032195625191 9.601140043168144 0 0 
880 19.61203203280597 8.404792230791969 0 0 
881 20.39482008940253 7.943123567658773 0 0 
882 21.72581392731316 7.644871822921516 0 0 
883 22.96292236743027 7.15533766097505 0 0 
884 23.3676321219728 5.680955394785244 0 0 
885 24.4011840062952 4.225896981084119 0 0 
886 24.23226553224406 3.864700377882471 0 0 
887 23.82690561642644 4.190247289574202 0 0 
888 23.26214904452712 3.755377697855792 0 0 
889 21.38949460606626 4.890812261512608 0 0 
890 19.94883372953907 5.280579504265361 0 0 
891 18.23637497596791 4.924161358418431 0 0 
892 17.57290430498359 4.169840202358941 0 0 
893 17.41431498400411 2.495336457472845 0 0 
894 17.93517984233939 1.054618450860723 0 0 
895 18.2480588400658 -0.5183291395382525 0 0 
896 18.97038020412711 -1.917298281318018 0 0 
897 19.92612504183262 -2.700979549507146 0 0 
898 20.80119731596485 -3.152889678209007 0 0 
899 22.82970054212274 -3.444219923413051 0 0 
900 23.47051208966594 -4.329393461960748 0 0 
901 23.56015320274078 -5.18175704838653 0 0 
902 24.09774684297357 -6.689524154080445 0 0 
903 25.30823583907189 -8.015176919906679 0 0 
904 26.86366250043772 -8.508523203307263 0 0 
905 30.18362936025796 -8.65602003318709 0 0 
906 30.673698100855 -9.437158019104992 0 0 
907 30.18162030817198 -10.36055678062215 0 0 
908 30.46670742038119 -10.67252285617094 0 0 
909 30.59351385643462 -11.41058779108022 0 0 
910 31.47839883559173 -12.52003331605714 0 0 
911 31.48752680586295 -13.46081823830733 0 0 
912 31.19598004123261 -13.51545069238788 0 0 
913 30.18446757963672 -13.21806521232408 0 0 
914 26.39987572026319 -11.79155550060494 0 0 
915 24.90436568760867 -11.52020253759668 0 0 
916 23.3597414749004 -11.47581242786016 0 0 
917 22.52009805856748 -10.9307216247593 0 0 
918 22.81988869744532 -10.48344667613674 0 0 
919 22.93387262433578 -9.446481779831842 0 0 
920 22.29982064448451 -7.680347407722905 0 0 
921 21.35486490298486 -6.919588937555822 0 0 
922 20.38271912825351 -6.5485843775365 0 0 
923 19.94883372953907 -6.46535664088951 0 0 
924 18.52720548212796 -6.907091459114426 0 0 
925 17.71697332055791 -8.587884880901896 0 0 
926 18.37941509054293 -10.37630005382768 0 0 
927 18.79709534434106 -10.85658204470891 0 0 
928 19.94883372953907 -11.57585093911782 0 0 
929 19.96836919410129 -12.0041856313984 0 0 
930 19.51791095220824 -12.07255281924294 0 0 
931 18.39736839920474 -11.75689671484438 0 0 
932 17.42115257185851 -12.09397381158567 0 0 
933 16.72651148293994 -12.71020606123079 0 0 
934 16.28133295972018 -13.38146378766624 0 0 
935 15.85746454118953 -15.03444594217501 0 0 
936 13.11564086988636 -14.90977377376249 0 0 
937 11.86601552284147 -15.87832720447053 0 0 
938 11.21293399003338 -17.26939961748511 0 0 
939 11.14710056924763 -18.82975967289825 0 0 
940 11.75248844838424 -22.20308445440799 0 0 
941 11.46927332838425 -22.63542287819493 0 0 
942 10.05164033603032 -22.88085604785656 0 0 
943 9.685058049199881 -23.08351073792621 0 0 
944 8.559607212923794 -24.14870717336783 0 0 
945 8.182153171067498 -25.65303237797637 0 0 
946 8.400689975890302 -26.79067096630497 0 0 
947 8.923673553203074 -27.88914973386042 0 0 
948 11.28924121643033 -30.92091323772549 0 0 
949 13.14350460723873 -32.66837007065433 0 0 
950 10.56555965116993 -32.813267343367 0 0 
951 9.4540032579539 -33.33098895226028 0 0 
952 8.578920209422989 -34.15081049268431 0 0 
953 7.635243385607005 -35.68299759941368 0 0 
954 5.078186357406622 -37.27462378259642 0 0 
955 4.578926372747269 -37.13799768126434 0 0 
956 4.048069136528191 -37.26106422002481 0 0 
957 3.688955359244929 -37.05029113358668 0 0 
958 1.182285572800787 -37.24642500584894 0 0 
959 -2.307403109046099 -38.24971537722917 0 0 
960 -2.807414587441862 -38.67445130725739 0 0 
961 -4.516227070357118 -39.54224947954027 0 0 
962 -4.882245902307936 -39.55150195767215 0 0 
963 -6.043754246601573 -40.09176404052079 0 0 
964 -7.298428528375311 -40.41348056465127 0 0 
965 -9.053352091994135 -39.9724184629335 0 0 
966 -10.05709532885726 -40.2180180302424 0 0 
967 -11.42313275003359 -41.21338508431545 0 0 
968 -12.58327522107129 -42.81758011247675 0 0 
969 -12.91098089378803 -44.41812332035919 0 0 
970 -12.71938436582528 -45.71667849207927 0 0 
971 -12.80430891392277 -46.37709850228391 0 0 
972 -13.12326913898247 -46.52734121042315 0 0 
973 -13.74176135438724 -46.37861761809045 0 0 
974 -14.00701957365384 -45.11243281466082 0 0 
975 -14.76235179383436 -43.17216871803978 0 0 
976 -14.70810707037412 -42.66512182724002 0 0 
977 -14.96460380450479 -42.06001456831555 0 0 
978 -15.75192863468434 -41.0352935683584 0 0 
979 -17.53591194285374 -39.87973375695756 0 0 
980 -18.78837486598193 -39.65359080542734 0 0 
981 -20.03191568435139 -39.91709142718358 0 0 
982 -20.8746626975749 -39.3228376479485 0 0 
983 -20.46500417452694 -38.09401019908135 0 0 
984 -20.51047264748044 -36.74248702885528 0 0 
985 -21.03332773287333 -35.6690554538512 0 0 
986 -21.52234684933546 -35.16208819796609 0 0 
987 -22.70800593385342 -34.43226785744535 0 0 
988 -25.58235133196175 -33.96221889234292 0 0 
989 5.212217692923545 -45.07209914998417 0 0 
990 4.910828609639019 -45.21534499493706 0 0 
991 4.245899886858773 -44.99900774367109 0 0 
992 2.828859193081342 -43.510769890703 0 0 
993 1.573400188153549 -40.62573818817279 0 0 
994 1.525373097863529 -40.11417232730054 0 0 
995 2.994316336263822 -40.01089098581035 0 0 
996 3.603526784159463 -40.49690507016318 0 0 
997 5.143089259985331 -43.69066161206111 0 0 
998 5.34162892369649 -44.5890309846839 0 0 
999 15.23481945419629 -30.26507266178755 0 0 
1000 14.12359011921842 -29.49552322370342 0 0 
1001 13.75239710962676 -29.05693501456559 0 0 
1002 15.40512147440913 -29.66214356366383 0 0 
1003 16.09478850047554 -30.31931052813966 0 0 
1004 15.87732208708626 -30.5035283419546 0 0 
1005 21.57119704580921 32.25777107762121 0 0 
1006 21.23708035658536 32.04763170591258 0 0 
1007 20.77574620823035 32.32185122494931 0 0 
1008 20.90167668383415 32.80907913987575 0 0 
1009 20.74804389076583 33.35608334245178 0 0 
1010 21.01877750471935 33.95572492021732 0 0 
1011 21.82062047343191 34.46363188689433 0 0 
1012 22.45678053300065 33.64530105115675 0 0 
1013 22.39476325404492 33.32953488315634 0 0 
1014 22.76191419980191 33.35502062427163 0 0 
1015 22.93719105345281 33.12875320668449 0 0 
1016 22.97727792973225 32.33380268352822 0 0 
1017 22.2282325451712 31.79355537807837 0 0 
1018 20.41320946962248 -27.69682270726474 0 0 
1019 23.34708447912958 -28.34782456568533 0 0 
1020 24.24331715683166 -29.13183055973002 0 0 
1021 24.69364955840225 -28.97417533251489 0 0 
1022 24.07174555992264 -30.51800526487961 0 0 
1023 23.06730287988591 -30.78200177880755 0 0 
1024 22.48883606462891 -30.0412445594667 0 0 
1025 22.00725075924298 -29.93394372799526 0 0 
1026 20.06317969550781 -28.15820512845917 0 0 
1027 31.6352031403381 10.96376005360337 0 0 
1028 31.74706385508076 11.52583953161626 0 0 
1029 31.32835407061948 12.00495006923673 0 0 
1030 31.88919475248829 12.09018274687097 0 0 
1031 33.04522922420269 11.88417399095152 0 0 
1032 32.87174588537716 11.45427742262032 0 0 
1033 32.96041523079447 10.84764406291825 0 0 
1034 32.1373223469373 10.78937597556204 0 0 
1035 31.73274659865404 10.55797590237461 0 0 
1036 34.84968962515951 1.092397188179085 0 0 
1037 34.77728456262115 0.5251241257068386 0 0 
1038 33.97045683694456 0.6726397209997899 0 0 
1039 33.50428796536523 0.4840751157616836 0 0 
1040 32.77460692892394 0.8623223699414027 0 0 
1041 33.47787234195412 1.097094933256614 0 0 
1042 -31.50368799781089 -38.80472328889549 0 0 
1043 -31.77842471722717 -38.67645713950678 0 0 
1044 -31.97035075088024 -38.84001925251638 0 0 
1 -37.98204002616974 -54.68193256490706 0 36.44502308396719 57.74131085136717 0 1 10 2 1 -1 
2 -30.54234850496646 29.45197816443971 0 -28.20804338065381 32.44747519034557 0 0 2 538 -538 
3 -31.10034083030446 -44.75998629800425 0 -21.86758999364041 -41.05347361397183 0 0 2 550 -550 
4 -27.35366448889879 3.341126404538911 0 -23.85465504520652 6.900366384179044 0 0 2 573 -573 
5 -26.98906648517775 16.6935741813108 0 -24.10124307748644 25.98798281949543 0 0 2 582 -582 
6 -24.47989761599235 -13.94520293543149 0 -23.81603076819195 -13.31407120327314 0 0 2 592 -592 
7 -22.46386114160902 -45.51070643443515 0 -21.714344805856 -44.45977091685478 0 0 2 597 -597 
8 -21.39222578970703 -40.44138980648889 0 -20.87817976609649 -39.77496952408348 0 0 2 602 -602 
9 -24.10017495938386 -11.31061103169556 0 -16.1172656645615 14.39075933946684 0 0 2 606 -606 
10 -5.225668321418857 -47.71636993604713 0 -1.836921357092159 -41.78350403202893 0 0 2 644 -644 
11 -26.09011298969918 -34.54726745875545 0 24.22677767410988 51.94119207074073 0 0 2 658 -658 
12 1.608756938689009 -45.14892561908406 0 5.280873972312952 -40.07960865049433 0 0 2 989 -989 
13 14.04889743686974 -30.41833019967977 0 15.94359959389959 -29.23090114093826 0 0 2 999 -999 
14 20.85509430155715 32.06609759192194 0 22.9256400294923 34.24659507511404 0 0 2 1005 -1005 
15 20.44552983514945 -30.61454282326275 0 24.51494349172722 -27.88222008720057 0 0 2 1018 -1018 
16 31.49161248167449 10.66417327311064 0 32.91543799941763 12.04164250794535 0 0 2 1027 -1027 
17 33.01343133716918 0.5728461241423581 0 34.75623684488178 1.080230636844742 0 0 2 1036 -1036 
18 -31.87334132620858 -38.81785988934145 0 -31.62725457655849 -38.72509518323984 0 1 10 2 1042 -1042 
1 -30.54234850496646 29.45197816443971 0 -28.20804338065381 32.44747519034557 0 1 2 1 2 
2 -31.10034083030446 -44.75998629800425 0 -21.86758999364041 -41.05347361397183 0 1 2 1 3 
3 -27.35366448889879 3.341126404538911 0 -23.85465504520652 6.900366384179044 0 1 2 1 4 
4 -26.98906648517775 16.6935741813108 0 -24.10124307748644 25.98798281949543 0 1 2 1 5 
5 -24.47989761599235 -13.94520293543149 0 -23.81603076819195 -13.31407120327314 0 1 2 1 6 
6 -22.46386114160902 -45.51070643443515 0 -21.714344805856 -44.45977091685478 0 1 2 1 7 
7 -21.39222578970703 -40.44138980648889 0 -20.87817976609649 -39.77496952408348 0 1 2 1 8 
8 -24.10017495938386 -11.31061103169556 0 -16.1172656645615 14.39075933946684 0 1 2 1 9 
9 -5.225668321418857 -47.71636993604713 0 -1.836921357092159 -41.78350403202893 0 1 2 1 10 
10 -26.09011298969918 -34.54726745875545 0 24.22677767410988 51.94119207074073 0 1 2 1 11 
11 1.608756938689009 -45.14892561908406 0 5.280873972312952 -40.07960865049433 0 1 2 1 12 
12 14.04889743686974 -30.41833019967977 0 15.94359959389959 -29.23090114093826 0 1 2 1 13 
13 20.85509430155715 32.06609759192194 0 22.9256400294923 34.24659507511404 0 1 2 1 14 
14 20.44552983514945 -30.61454282326275 0 24.51494349172722 -27.88222008720057 0 1 2 1 15 
15 31.49161248167449 10.66417327311064 0 32.91543799941763 12.04164250794535 0 1 2 1 16 
16 33.01343133716918 0.5728461241423581 0 34.75623684488178 1.080230636844742 0 1 2 1 17 
17 -37.98204002616974 -54.68193256490706 0 36.44502308396719 57.74131085136717 0 1 1 17 1 -2 -3 -4 -5 -6 -7 -8 -9 -10 -11 -12 -13 -14 -15 -16 -17 
18 -31.87334132620858 -38.81785988934145 0 -31.62725457655849 -38.72509518323984 0 1 1 1 18 
$EndEntities
$Nodes
52 8493 1 8493
0 1 0 1
1
-37.98204002616974 20.12906247982747 0
0 538 0 1
2
-29.84283751464046 29.88317930873051 0
0 550 0 1
3
-21.86758999364041 -41.05347361397183 0
0 573 0 1
4
-26.5199225623984 6.573077808146455 0
0 582 0 1
5
-26.8993850274864 18.24898378925351 0
0 592 0 1
6
-24.17850142966019 -13.94520293543149 0
0 597 0 1
7
-21.97429944330152 -45.51070643443515 0
0 606 0 1
8
-16.60740669521411 -3.363604169730989 0
0 644 0 1
9
-5.225668321418857 -43.30872831253932 0
0 658 0 1
10
-26.09011298969918 -33.97150159611955 0
0 989 0 1
11
5.183554717504949 -45.01546209659293 0
0 999 0 1
12
15.15669833718164 -30.17655703546804 0
0 1005 0 1
13
21.62501684749891 32.14537856574596 0
0 1018 0 1
14
20.84385034218788 -27.88222008720057 0
0 1027 0 1
15
31.67010383584786 10.98980927473405 0
0 1036 0 1
16
34.60898590086889 0.9986346352799652 0
0 1042 0 1
17
-31.62725457655849 -38.78922825793418 0
1 1 0 798
18
19
20
21
22
23
24
25
26
27
28
29
30
31
32
33
34
35
36
37
38
39
40
41
42
43
44
45
46
47
48
49
50
51
52
53
54
55
56
57
58
59
60
61
62
63
64
65
66
67
68
69
70
71
72
73
74
75
76
77
78
79
80
81
82
83
84
85
86
87
88
89
90
91
92
93
94
95
96
97
98
99
100
101
102
103
104
105
106
107
108
109
110
111
112
113
114
115
116
117
118
119
120
121
122
123
124
125
126
127
128
129
130
131
132
133
134
135
136
137
138
139
140
141
142
143
144
145
146
147
148
149
150
151
152
153
154
155
156
157
158
159
160
161
162
163
164
165
166
167
168
169
170
171
172
173
174
175
176
177
178
179
180
181
182
183
184
185
186
187
188
189
190
191
192
193
194
195
196
197
198
199
200
201
202
203
204
205
206
207
208
209
210
211
212
213
214
215
216
217
218
219
220
221
222
223
224
225
226
227
228
229
230
231
232
233
234
235
236
237
238
239
240
241
242
243
244
245
246
247
248
249
250
251
252
253
254
255
256
257
258
259
260
261
262
263
264
265
266
267
268
269
270
271
272
273
274
275
276
277
278
279
280
281
282
283
284
285
286
287
288
289
290
291
292
293
294
295
296
297
298
299
300
301
302
303
304
305
306
307
308
309
310
311
312
313
314
315
316
317
318
319
320
321
322
323
324
325
326
327
328
329
330
331
332
333
334
335
336
337
338
339
340
341
342
343
344
345
346
347
348
349
350
351
352
353
354
355
356
357
358
359
360
361
362
363
364
365
366
367
368
369
370
371
372
373
374
375
376
377
378
379
380
381
382
383
384
385
386
387
388
389
390
391
392
393
394
395
396
397
398
399
400
401
402
403
404
405
406
407
408
409
410
411
412
413
414
415
416
417
418
419
420
421
422
423
424
425
426
427
428
429
430
431
432
433
434
435
436
437
438
439
440
441
442
443
444
445
446
447
448
449
450
451
452
453
454
455
456
457
458
459
460
461
462
463
464
465
466
467
468
469
470
471
472
473
474
475
476
477
478
479
480
481
482
483
484
485
486
487
488
489
490
491
492
493
494
495
496
497
498
499
500
501
502
503
504
505
506
507
508
509
510
511
512
513
514
515
516
517
518
519
520
521
522
523
524
525
526
527
528
529
530
531
532
533
534
535
536
537
538
539
540
541
542
543
544
545
546
547
548
549
550
551
552
553
554
555
556
557
558
559
560
561
562
563
564
565
566
567
568
569
570
571
572
573
574
575
576
577
578
579
580
581
582
583
584
585
586
587
588
589
590
591
592
593
594
595
596
597
598
599
600
601
602
603
604
605
606
607
608
609
610
611
612
613
614
615
616
617
618
619
620
621
622
623
624
625
626
627
628
629
630
631
632
633
634
635
636
637
638
639
640
641
642
643
644
645
646
647
648
649
650
651
652
653
654
655
656
657
658
659
660
661
662
663
664
665
666
667
668
669
670
671
672
673
674
675
676
677
678
679
680
681
682
683
684
685
686
687
688
689
690
691
692
693
694
695
696
697
698
699
700
701
702
703
704
705
706
707
708
709
710
711
712
713
714
715
716
717
718
719
720
721
722
723
724
725
726
727
728
729
730
731
732
733
734
735
736
737
738
739
740
741
742
743
744
745
746
747
748
749
750
751
752
753
754
755
756
757
758
759
760
761
762
763
764
765
766
767
768
769
770
771
772
773
774
775
776
777
778
779
780
781
782
783
784
785
786
787
788
789
790
791
792
793
794
795
796
797
798
799
800
801
802
803
804
805
806
807
808
809
810
811
812
813
814
815
-37.71305184584838 21.0896271504579 0
-37.2640629774483 21.98243389839144 0
-36.8092376025991 22.87271035600195 0
-36.37610819379534 23.77381994430634 0
-35.93180795413195 24.66943146795042 0
-35.42559157848701 25.53081803438217 0
-34.72328960700774 26.23202905516643 0
-33.77158789535349 26.48880694689472 0
-32.8757454187982 26.09818715509259 0
-32.27069685619286 25.30687917041698 0
-31.94003065557421 24.36662373311936 0
-31.73545162114205 23.38806168384034 0
-31.54715235999118 22.40615288353764 0
-31.34659202386496 21.42670018749358 0
-31.10648404060627 20.4562843470178 0
-30.82390169636032 19.49728138329926 0
-30.55371550113486 18.53481616366425 0
-30.32549116735647 17.56142331049191 0
-30.07997493855913 16.59231595982307 0
-29.79947516337824 15.63268048338781 0
-29.53069207151257 14.66974726478993 0
-29.32386698266673 13.69193824962757 0
-29.20970272251343 12.69895934055961 0
-29.15009373733471 11.70096119797195 0
-28.78043351117462 10.83659082781409 0
-28.40502926947603 11.60346136494166 0
-28.53664179721272 12.59337986152928 0
-28.76130372610603 13.56750895452877 0
-29.01180561586191 14.53541689334877 0
-29.25948846579829 15.50404719551365 0
-29.48974995302248 16.47694547549115 0
-29.68795799348815 17.45682724239033 0
-29.83891427685275 18.44506196006133 0
-29.94177580372672 19.43946389456411 0
-29.99825596432473 20.43758035106619 0
-30.00944961647904 21.43724046401722 0
-30.00629233262453 22.43698859183529 0
-30.07612600859397 23.43396387683943 0
-30.21640602725007 24.42378177348146 0
-30.39536508012552 25.4073820269288 0
-30.64328620766866 26.37458207452262 0
-31.32032216867916 27.08878330834812 0
-32.14992714671394 27.64674135708554 0
-32.9339865662743 28.2648832787482 0
-33.4906397333239 29.08713665475257 0
-33.75064101924298 30.05015181307809 0
-33.81000892952601 31.04648090319111 0
-33.62653582220322 32.02609800624194 0
-33.20447622862116 32.92997375412132 0
-32.60470533943703 33.72829806804746 0
-31.90534370523838 34.44230682852149 0
-31.15772953476083 35.10596019099193 0
-30.3804674238631 35.7347107249807 0
-29.5773006305647 36.32997927410857 0
-28.73455120405922 36.86693482694383 0
-27.81883292540911 37.26514493676236 0
-26.85800860272379 37.53997901326774 0
-25.87047081295507 37.68533492284353 0
-24.885925062306 37.53836523071376 0
-23.96220548717608 37.16112387507216 0
-23.19316060038357 36.53138490054141 0
-22.69198532536759 35.67210836524877 0
-22.55567578637175 34.68687737416256 0
-22.6198214486624 33.68974714146763 0
-22.82925807712114 32.71364380914346 0
-23.19544992733136 31.78380405921347 0
-23.54746876218814 30.84973385679824 0
-23.37291301413698 29.87837020847581 0
-23.01352734741389 28.94540591734027 0
-22.68128431591609 28.00258643746355 0
-22.4213441271801 27.03739567761839 0
-22.2030967955238 26.06171507816352 0
-21.94231932765578 25.09701357968218 0
-21.55062126071828 24.17818502698109 0
-21.0333156401102 23.32381037540097 0
-20.35187516749546 22.59595470216233 0
-19.50728872132933 22.0670349100732 0
-18.53658388774165 22.00423024403013 0
-17.94479190402529 22.76625499708876 0
-17.67811300754061 23.72951623201487 0
-17.43919984906037 24.70035014571025 0
-17.17035573075909 25.66313283382884 0
-16.76406010501283 26.57379641545558 0
-16.10131126406081 27.31776360960807 0
-15.27550976418158 27.87784297767797 0
-14.35878150420909 28.27368682829827 0
-13.37205333337418 28.39911234203127 0
-12.37432690639545 28.33756889776273 0
-11.37743770005975 28.26153833330331 0
-10.37835517181263 28.23094910889418 0
-9.385212737363226 28.3327344339528 0
-8.439768648281799 28.64979812614702 0
-7.664982265726891 29.25674821144024 0
-8.36745631659095 29.56110550327453 0
-9.366781677576487 29.54598830330103 0
-10.36477173535812 29.60488709590475 0
-11.36141108449288 29.68432427379945 0
-12.3594094549111 29.7412912408441 0
-13.34676951399506 29.61083475830802 0
-14.29740262031674 29.30158542408117 0
-15.24598886793568 28.98576779096727 0
-16.20785098336584 28.71380855900759 0
-17.1968403765619 28.58639562098906 0
-18.14182727860285 28.86427763493414 0
-18.74182446216921 29.64422444909437 0
-18.83896275091173 30.62696425294414 0
-18.55839560160465 31.58445213850455 0
-18.15965334986511 32.50114038286594 0
-17.74092279907672 33.40903017489592 0
-17.33718471134501 34.32365540651999 0
-16.9640470346102 35.25115163543662 0
-16.61992353200212 36.18984112824054 0
-16.28985577846557 37.13358536982179 0
-15.95330107724277 38.07500211731661 0
-15.5140839341595 38.96963619625821 0
-14.75780935118706 39.61526989511998 0
-13.81643856438198 39.92598508112156 0
-12.83079829431533 39.80125376715777 0
-11.8777842145622 39.49994432193031 0
-11.59828539313786 40.0596817287736 0
-12.10701141945036 40.92005968332411 0
-12.53066032580722 41.82073398329208 0
-12.55815615715025 42.8125264285656 0
-12.2472043142478 43.76020878314768 0
-11.77666506833601 44.6416884618336 0
-11.21116856020303 45.46538443614498 0
-10.48358613282382 46.14501901125099 0
-9.56497923080604 46.52228350071396 0
-9.12223364619849 47.22383196575709 0
-9.266883164302754 48.2088583769445 0
-8.857840645093898 49.10721672580646 0
-8.140471672980267 49.79814065878668 0
-7.258694974856459 50.26348502099498 0
-6.297548126360151 50.53473943167855 0
-5.312973566086475 50.70816145138259 0
-4.330891839929604 50.89413930763143 0
-3.69263513109135 51.49105303089621 0
-4.319914885588396 52.25525426948948 0
-5.137583627423286 52.83014215295821 0
-5.890126700152812 53.48234624656846 0
-6.281971421590778 54.39026342804497 0
-6.203018288345972 55.38121706060114 0
-5.96281365946172 56.35151911644038 0
-5.645210198960643 57.29912476619541 0
-5.205096125920967 58.19529361072985 0
-4.610339846748783 58.99801265800971 0
-3.996100534512487 59.7864709590119 0
-3.496985798717846 60.65173263946976 0
-3.083196577911647 61.5617479039639 0
-2.686500183574283 62.47944990120151 0
-2.215891514811349 63.36058752451653 0
-1.565048568170994 64.11459362324743 0
-0.6998551120844865 64.60748145753983 0
0.2610692842487539 64.87319072834102 0
1.25509829376707 64.80470498376266 0
2.227865024459325 64.57604012203815 0
3.151919810086825 64.19951292929419 0
3.978102120748136 63.63838008357467 0
4.763707466322693 63.01998437887346 0
5.57133426774977 62.43088628438194 0
6.402265158883377 61.87488860391295 0
7.221869364628093 61.30264526299551 0
7.948741593584167 60.61937612251192 0
8.448463850236656 59.75965187558226 0
8.642469325801189 58.78181685051869 0
8.521362335912094 57.79712648039121 0
8.121896334186623 56.88135959574785 0
7.657437072215423 55.99606712566415 0
7.163212361140083 55.12700517692413 0
6.642288937754217 54.27368651939207 0
6.097640960213309 53.43528208212936 0
5.543953216935615 52.60279872472154 0
5.055110490831134 51.7332744544395 0
5.569317471142205 51.17954726463743 0
6.242663574648249 51.88781779814958 0
6.77342436036815 52.73510108412131 0
7.323975102922324 53.56954318420846 0
7.934158722277517 54.36111682783805 0
8.615493408646364 55.09234949594882 0
9.361277856019303 55.7576352332263 0
10.17447054540857 56.33822564945034 0
11.06715617380513 56.78464571938064 0
12.03797813415786 57.0120852634147 0
13.03045309711317 56.94776171200864 0
13.94120358899458 57.34625525095629 0
14.84901613201391 57.76093279973354 0
15.83737462513724 57.87890455557776 0
16.82792751090002 57.75648764151557 0
17.76737046905737 57.42088237070785 0
18.57366334218588 56.83890857648959 0
19.07257574493579 55.98307764748232 0
19.24547421500077 55.00005574604427 0
19.2345648121733 54.00169239325488 0
19.10746108611026 53.01007976709051 0
19.03725610227333 52.01326500975745 0
18.77639995668034 51.05504453836787 0
18.00640575735046 50.46209915728474 0
17.01826059551886 50.37892900980431 0
16.07521542238557 50.68982079059828 0
15.45305076767968 51.45110819256281 0
15.09611441959074 52.38478515187659 0
14.68206743350807 53.29207521040136 0
13.82128385179337 53.549753904525 0
13.12682213977958 52.84552095697823 0
12.85738718413439 51.89161431325435 0
12.90182374233515 50.89487203031229 0
13.17450362507559 49.93588476441504 0
13.7356688324904 49.11809224624896 0
14.62370823963397 48.67909797973263 0
15.61604010599864 48.60462792458939 0
16.59997695758995 48.77686891088038 0
17.56813905646936 49.02625678900252 0
18.53556858130097 49.27853164869322 0
19.51720339358045 49.46428879704197 0
20.51046194934367 49.41003460143075 0
21.40570903759931 48.98063655631695 0
21.81983966600275 48.13605508368485 0
21.89832472845661 47.14928355045194 0
22.28017147525545 46.2349365655294 0
22.15097547104195 45.24581046929751 0
22.08440929368707 44.2554636324794 0
22.95176749080591 44.30353210528128 0
23.80450278431847 44.82332642450489 0
24.78172405748503 44.94420627314194 0
25.62587950596652 44.44364876837017 0
26.13680884341788 43.59222438965209 0
26.2100981882145 42.604218346763 0
25.81083021943799 41.69896046050075 0
25.09034270007393 41.01123390189633 0
24.23694427621047 40.49130702083384 0
23.35656592796295 40.0175003109501 0
22.46800541977175 39.55919533468266 0
21.57170972197433 39.11622739034713 0
20.66109958643998 38.70374637270648 0
19.71098511637242 38.39854046193681 0
18.72590877835104 38.46597555868716 0
17.85755920545602 38.9493099401982 0
17.18269024815487 39.68454569978901 0
16.63164736661689 40.51773764567002 0
16.22458515492788 41.42945116714789 0
15.99091130706117 42.4000870793987 0
15.87866389802931 43.39347317787054 0
15.39854996446358 43.30463805478376 0
14.95355475325623 42.40946329914043 0
14.53876379728235 41.49979123322129 0
14.1491524226329 40.57908921625445 0
14.16147609092229 39.73129676817189 0
15.15684689521584 39.64044947302835 0
16.14905253721675 39.52286673588127 0
17.0045810141918 39.04568637056749 0
17.29941299172065 38.12089639404333 0
16.97943938475028 37.1778696609336 0
16.52335443621757 36.28827856120207 0
16.04886961789166 35.40824174328078 0
15.59549346490359 34.51729076510557 0
15.25739932670839 33.57859672593414 0
15.65486211837961 33.26671511597348 0
16.22726432710776 34.08614969938769 0
16.80842624073041 34.89951844926848 0
17.46598665151808 35.65143723608862 0
18.2476864606208 36.27245408932743 0
19.10854252613017 36.78024513227719 0
19.9973721304802 37.23795046674615 0
20.89646995362749 37.67521880084528 0
21.80140404135442 38.10028989127024 0
22.71104678619511 38.51518964963332 0
23.62621167021184 38.9177444759075 0
24.55484926638761 39.28769032822402 0
25.52863206466353 39.50291306732497 0
26.52365758432536 39.46909252013322 0
27.3885574455973 38.99932630742698 0
27.84025791136503 38.11952112600069 0
27.88895412298314 37.12581918709213 0
27.68490932116303 36.14890629183721 0
27.52519746898333 35.18773573031915 0
28.086089461368 34.36305331432146 0
28.54706612461856 33.47793723869443 0
28.75331721423747 32.50387414580192 0
28.67895348779878 31.50978572672792 0
28.27709142184663 30.60159050067124 0
27.66608935144653 29.8104630602202 0
27.08458875350769 28.99760389562953 0
26.5771165433039 28.13636897308835 0
26.10073578545185 27.25736417497836 0
25.60902627381598 26.3870060769469 0
24.99738740475395 25.59913154148503 0
24.23720300618153 24.95085906444234 0
23.41018989046295 24.38984509921524 0
22.52305186735775 23.93044110201678 0
21.5851232738643 23.58539710052391 0
20.6281116807232 23.2961686481097 0
20.65234640304232 22.67643417825916 0
21.51894739572948 22.17884987963268 0
22.44686255251369 21.85778313824759 0
23.26969484619622 22.41381941668715 0
23.9846708858032 23.11204790008433 0
24.63486554166168 23.87123406596423 0
25.2434184984054 24.66444005994988 0
25.83676068553812 25.46914052249211 0
26.43598811066013 26.26943960088959 0
27.06701675974278 27.04477400558484 0
27.75821508943351 27.76642939257541 0
28.58096045932717 28.32669200955876 0
29.54881896456946 28.54322583081222 0
30.5017791348063 28.28380684050026 0
31.13063480125321 27.52625115507365 0
31.38042583475638 26.5625616623154 0
31.36158576683578 25.56484564052674 0
31.21043608045037 24.57670431943933 0
31.04037592781741 23.59148789962434 0
30.93449874979052 22.59798814792404 0
31.00631072035199 21.60260608053958 0
31.18778835484773 20.61971609514694 0
31.00415686462592 19.65045457933133 0
30.44266393647156 18.82678942700468 0
29.77029133899199 18.0870091636636 0
29.07927673875911 17.36444617604166 0
28.40602112911998 16.62564456640351 0
28.02792274561094 15.72118418093734 0
28.78599154045658 15.27743414369673 0
29.72963940585649 15.56566875768954 0
30.44005902581256 16.26188272696642 0
31.04877961675857 17.05488024369645 0
31.61486409740533 17.87879903005351 0
32.11608403644924 18.74352638879505 0
32.54041691670631 19.64847686707376 0
32.90965126724611 20.57757232567129 0
33.37756600622595 21.45766291880791 0
34.2177098972672 21.93476254386856 0
34.99501962485811 21.36272826886473 0
35.41677182960461 20.45980317312346 0
35.71881716870551 19.50680688338644 0
35.9948866791046 18.54589032041173 0
36.25486067480924 17.58049175283161 0
36.49873601743833 16.610903482153 0
36.72375991986245 15.63677423664207 0
36.92705505496134 14.65788078612078 0
37.10816068638159 13.67464293696272 0
37.26283681089725 12.68692087925286 0
37.37161828611754 11.69325897205315 0
37.34336246297823 10.69619375202111 0
37.01704926588983 9.756744541789843 0
36.42918828276267 8.951195589301893 0
35.65640452310872 8.321115138069617 0
34.76906053529952 7.862667221687759 0
33.83303735579745 7.512178061199471 0
32.87494798545245 7.226901435662216 0
31.90075831576504 7.003124974275967 0
30.9083590389183 6.890048355599906 0
29.91136748056687 6.946908504757036 0
28.95323974546411 7.22136842674149 0
28.11751577488807 7.760923407421381 0
27.6236007876272 8.618289183534944 0
27.35072375624582 9.580028958682673 0
26.98890767465227 10.50976212893946 0
26.37288559332549 11.29096142220073 0
25.45886029333472 11.64814189531383 0
24.46478291460452 11.59810718787987 0
24.06293082894624 11.26552561519802 0
25.05918043421902 11.19672087205815 0
25.82973048120753 10.60389491789498 0
26.20486958977301 9.683269769993652 0
26.36065787014621 8.696170846072821 0
26.47432779351389 7.702857286556849 0
26.66845575471373 6.723932939976521 0
27.28957813079447 5.968466547586752 0
28.20435278566874 5.56988662024104 0
29.15094642823475 5.248095070315623 0
30.08373092410505 4.888836358732696 0
30.98316081856582 4.452716830727955 0
31.88090108421531 4.015004411658173 0
32.6886550309056 4.495332120710954 0
33.38581166013316 5.211869047117895 0
34.22617512653204 5.727199700722738 0
35.21869863784872 5.787286301942522 0
36.17591752611117 5.512935945426646 0
37.02499294987515 4.990868632074467 0
37.65291536056763 4.219267746812077 0
38.05590668220616 3.306517537249883 0
38.27861204831284 2.332863220622924 0
38.37694687980671 1.338423698992584 0
38.35005241100089 0.3399363191443312 0
38.13394613451312 -0.6339355796992112 0
37.69381330180826 -1.529392331876116 0
37.05549117517387 -2.292752936409255 0
36.15676686308283 -2.718937788210772 0
35.18168785868643 -2.937201418708032 0
34.19187909014972 -3.077174885925843 0
33.19541411579601 -3.156373937851413 0
32.19588492599276 -3.160459552262972 0
31.19916583280888 -3.0852878566465 0
30.21139002079313 -2.932631657242046 0
29.27615398824289 -2.604138008894108 0
28.76293300569811 -1.754630433847515 0
28.33578004993706 -0.8507610490181561 0
27.6906527388368 -0.1055006553999799 0
26.76558881609727 0.2585877397179264 0
25.77217199284049 0.3617981962827418 0
24.77276138735217 0.3893074784544402 0
23.77383619551237 0.4297866656516315 0
22.77805227506033 0.518265261249246 0
21.78512376842191 0.6352460234328542 0
21.06034232288322 0.2773717427350626 0
21.77421020792274 -0.3361640638633813 0
22.76735690651548 -0.4263688953318577 0
23.76681114792988 -0.4019462029273969 0
24.7663322188004 -0.3894802295079072 0
25.75327094988922 -0.5334241493911025 0
26.66129029359223 -0.9415918516878785 0
27.41644312743151 -1.592910681754743 0
27.92209967001246 -2.446937633812767 0
28.18162186516698 -3.412026394904726 0
28.49474038235348 -4.358070030849118 0
29.21687973410398 -5.030134747370981 0
30.17132143885192 -5.310153504314319 0
31.16831613102514 -5.297506349017219 0
32.15518372198039 -5.138345236458053 0
33.13718322955128 -4.950524907099543 0
34.12089252889027 -4.772007423555106 0
35.11210189064186 -4.643429561209827 0
36.11059440193543 -4.640770450042316 0
37.08655875751509 -4.847134278835412 0
37.9779139150147 -5.292524515758353 0
38.66835145686311 -6.006818018408928 0
38.9872123640267 -6.943131826907946 0
38.80507489559872 -7.917383833743825 0
38.31539222077422 -8.787333209407883 0
37.74108929423772 -9.605674561936546 0
37.16384651368563 -10.42196519361038 0
36.73061956362903 -11.31282813954144 0
36.89592740074931 -12.29383663326859 0
37.12842489683172 -13.26606935121045 0
37.25844220169135 -14.25670913185792 0
37.23513382452401 -15.25415918958489 0
36.81676492270105 -16.15052071541596 0
36.06444601433738 -16.79960965069008 0
35.12179002767278 -17.11373797389586 0
34.12473078648271 -17.16749476361865 0
33.12892624965571 -17.08336271305932 0
32.14190031008354 -16.9245797360128 0
31.15880293767178 -16.74260094924566 0
30.17550451310117 -16.56171233465722 0
29.19000638229666 -16.3932665209984 0
28.20179662948487 -16.24154863717671 0
27.21092401579606 -16.10835968151638 0
26.2172388825978 -15.99821245572281 0
25.22049779451064 -15.92095045204714 0
24.22130982405185 -15.88799804497836 0
23.22156217916864 -15.87793950687129 0
22.22330404233077 -15.82821388725134 0
21.23546655098239 -15.67607519409331 0
20.4388000204226 -15.70334340171167 0
21.23653978298682 -16.3023737304367 0
22.10484074393813 -16.79674403900491 0
23.05474021105873 -17.09936877496121 0
24.04748711336376 -17.21283322811547 0
25.04597767353445 -17.26351897834696 0
26.04475771790133 -17.30859966688982 0
27.04230584891829 -17.37499801344284 0
28.03667422158235 -17.47853620699479 0
29.02693566183177 -17.61601408881582 0
30.01254772634685 -17.78363984605159 0
30.99245022444432 -17.98185158325199 0
31.96023922838638 -18.23184381049564 0
32.88962326012713 -18.5969162626659 0
33.71414494147119 -19.15656670205674 0
33.88702488014746 -20.08130990190927 0
33.24855135523123 -20.8356060711961 0
32.42099935539417 -21.39525871929139 0
31.53744864296613 -21.86245382823508 0
30.62125298119222 -22.26231732365592 0
29.68722021476538 -22.61879583572313 0
28.74251050605575 -22.94599204150696 0
27.78822961768235 -23.24407477510516 0
26.82195042756537 -23.50027193596197 0
25.83916343347473 -23.68179880433369 0
24.84217484947674 -23.74421323992141 0
23.84999176042932 -23.63588694456163 0
22.88775660395151 -23.36621314490438 0
21.94421211314734 -23.0356861695355 0
21.00624252465935 -22.68954769778186 0
20.06763492017243 -22.34515384822525 0
19.1182856926219 -22.0321312994415 0
18.13801723944243 -21.84354289139809 0
17.14480423855429 -21.73253141206156 0
16.18745641775271 -21.45044860453103 0
15.2716446872986 -21.04968237435023 0
14.70370031805051 -21.17289450900513 0
15.19804392277097 -22.03724370564383 0
15.90418555228385 -22.74223743879228 0
16.7782039055628 -23.21492619912223 0
17.73825392381366 -23.49338443119842 0
18.70518349799245 -23.74764520627754 0
19.67065776401971 -24.00735492997626 0
20.63129081225842 -24.28437107869964 0
21.58472680904012 -24.58524101637626 0
22.53358558169531 -24.90030318448687 0
23.48391419592565 -25.21084681528889 0
24.45045872120487 -25.46475854337051 0
25.44414655019771 -25.55599554933441 0
26.43236553927573 -25.41465700879006 0
27.40177107444359 -25.17031401724975 0
28.3665015009482 -24.90783280739116 0
29.33523304667276 -24.66082273102714 0
30.32371090954723 -24.5262940242242 0
31.29694634186682 -24.72692695158719 0
31.93457786799314 -25.46217439269499 0
32.18815693561036 -26.42319752521357 0
32.0546895296499 -27.41042921950591 0
31.6602157939124 -28.32600691081132 0
31.14452689555322 -29.1823715714946 0
30.58228821734421 -30.00893262157633 0
29.95573273761838 -30.78752329409771 0
29.26629825350123 -31.51139080306547 0
28.54934042378521 -32.20819103890911 0
27.820407568528 -32.89247376301913 0
27.08177144030189 -33.56626769916596 0
26.32558598004753 -34.22017452204719 0
25.47722832549077 -34.73992425209703 0
24.50475304607346 -34.95800462244804 0
23.50644862224997 -34.94894042298434 0
22.5232465795672 -34.77310292346024 0
21.572835872835 -34.46457019761254 0
20.65384563406349 -34.07115350185658 0
19.73844282700531 -33.66924609983029 0
18.79540320210326 -33.33892497960179 0
17.81363036906865 -33.2494844812375 0
17.92614833753683 -34.13338580496048 0
18.63151867093303 -34.83395659636256 0
19.49939435371989 -35.32767167901941 0
20.42150288721981 -35.71348518676954 0
21.35700164393807 -36.06624593565175 0
22.28180972292231 -36.44568364664077 0
23.15125645316143 -36.93644626166865 0
23.85106661900655 -37.64013591809824 0
24.03619915214222 -38.60996338325295 0
23.76020390851092 -39.55958741149525 0
23.15800231209405 -40.35497271938869 0
22.40599238208845 -41.01179940456667 0
21.56179762562322 -41.54579183808804 0
20.63188639862914 -41.90542383249587 0
19.63999354179189 -41.9458800730442 0
18.72644973180343 -41.55403855794305 0
17.92949113890933 -40.9518150854284 0
17.1941042839732 -40.27469146993809 0
16.48854111618768 -39.56636977310852 0
15.79494964551004 -38.84628173847239 0
15.10402441047505 -38.12363072905043 0
14.4084957361446 -37.40541882626633 0
13.69407151695868 -36.70612201504239 0
12.91976913341843 -36.07531157559702 0
11.98927800552563 -35.74462698244317 0
11.67032355584413 -36.4384827037409 0
12.05961972927892 -37.35918313034634 0
12.47406046251071 -38.269038663613 0
12.88957453399864 -39.17840638712005 0
13.30009934984757 -40.09003484467193 0
13.70099693608893 -41.00593253648013 0
14.08846738155279 -41.92758882036689 0
14.46183135903698 -42.85504805146557 0
14.81847555984387 -43.78905579665678 0
15.14560061267213 -44.73371804124062 0
15.33141325033699 -45.71176499289385 0
15.15481936113577 -46.68987066320035 0
14.63163637034891 -47.5346250790909 0
13.81454054408149 -48.09853482943332 0
12.85760871281363 -48.38486511348738 0
11.9690894864474 -48.82615096372053 0
11.24702253218653 -49.51678607355437 0
10.4862636578233 -50.16237124248132 0
9.5780739472929 -50.57225981705815 0
8.601337443918709 -50.78119836936507 0
7.604504359689274 -50.8423867946725 0
6.605941811614742 -50.79486385607711 0
5.608844590238262 -50.72144228446994 0
4.612036459259708 -50.6441386316051 0
3.614956608974396 -50.570448077711 0
2.617070616972159 -50.50885279447846 0
1.617929625051856 -50.49940230036074 0
0.8616368608210784 -51.04923149426502 0
0.3831807117968512 -51.92706290050032 0
-0.2629927188993795 -52.67644724677277 0
-1.206439836476501 -52.9768498017858 0
-2.204428306448788 -53.02538524417435 0
-3.199236017636844 -52.93929127748827 0
-4.133427608542943 -52.59774406872697 0
-4.865534196219215 -51.92699428105811 0
-5.371098657934872 -51.06583025883 0
-5.80179977095603 -50.16359301327812 0
-6.232608544874235 -49.26140375511339 0
-6.708068920601544 -48.38209002360446 0
-7.227658174781446 -47.52795932289276 0
-7.761815153801529 -46.68281137034673 0
-8.299984246523106 -45.84021113159551 0
-8.841697202090453 -44.99988539787232 0
-9.394768297099397 -44.16705693489894 0
-9.884694084542723 -44.35874921912027 0
-9.608391922438553 -45.31504513406615 0
-9.220284441126443 -46.23639568897106 0
-8.81595454240346 -47.150788416112 0
-8.406920807174339 -48.06308941628445 0
-7.996829180426769 -48.97491575350712 0
-7.588961927896768 -49.8877379136078 0
-7.19115641778624 -50.80497488451747 0
-6.831466895050353 -51.73757105143525 0
-6.59748165668447 -52.70783725602852 0
-6.74960805213969 -53.68058448413297 0
-7.452753093486341 -54.36925685373659 0
-8.354759298629476 -54.79879785471058 0
-9.287753528312667 -55.1579058607369 0
-10.23395374624336 -55.48069737760293 0
-11.19478828791209 -55.75628255530067 0
-12.18444278853167 -55.86129242108949 0
-13.15443814449396 -55.62991409575544 0
-14.04831616602255 -55.18532108011719 0
-14.87917220214162 -54.62973380881633 0
-15.66285646026725 -54.0093907456777 0
-16.37311763792714 -53.30680508662579 0
-16.9738197641921 -52.50894724561159 0
-17.37829894747658 -51.59919883704919 0
-17.47958089620953 -50.60824244478276 0
-17.36291507389228 -49.61603514353224 0
-17.17228922134809 -48.63461961247205 0
-16.97009199307258 -47.65548295768217 0
-16.86860156068718 -46.66409484788899 0
-17.08583792071359 -45.69032109525465 0
-17.40886365938836 -44.74426134582554 0
-17.77681009237878 -43.81474794743507 0
-18.25374727591175 -42.93973706234191 0
-19.00906353213117 -42.91557328329294 0
-18.80624792149119 -43.89233639264783 0
-18.57940282247564 -44.86592362821663 0
-18.41435336266257 -45.85182950791078 0
-18.30991827766822 -46.84603444979447 0
-18.24632356461527 -47.84377600203849 0
-18.20447013055155 -48.84269035500309 0
-18.17370975085654 -49.84201635816314 0
-18.14363134082897 -50.84136291946508 0
-18.08584875947265 -51.83932994167365 0
-17.82163999042004 -52.7948259281296 0
-17.25428558001477 -53.61744333679311 0
-16.6685357223693 -54.42753473418267 0
-16.21537352561586 -55.31535118519347 0
-16.11708203955385 -56.2980121072906 0
-16.83465296924522 -56.9212347637694 0
-17.82525973716608 -57.01955909401586 0
-18.81538763197149 -56.88993752255552 0
-19.7651856569547 -56.58306883943392 0
-20.63315307754484 -56.0907192292108 0
-21.2900266863967 -55.35084142173473 0
-21.62287723065288 -54.40933185860749 0
-22.22838638411126 -53.67666910508092 0
-23.16649039329926 -53.33190727964205 0
-24.1168947510894 -53.02154162799398 0
-25.06549994628914 -52.70578853350349 0
-25.94768575196274 -52.25628843269551 0
-26.30426893442849 -51.33880144724103 0
-27.28229408426648 -51.1781796725917 0
-28.11941989918288 -50.6842307485249 0
-28.24063945760323 -49.7057977647071 0
-28.11353052347485 -48.71448855480333 0
-27.90913681947082 -47.73597684247365 0
-27.68189254281614 -46.76241263481472 0
-28.01162254284872 -47.29599849144324 0
-28.34403523442582 -48.23891344281315 0
-28.76082733891537 -49.14503258665943 0
-29.48658254293291 -49.82081262292389 0
-30.45186116135366 -49.97079563734398 0
-31.39084799615969 -49.63914499932861 0
-32.23101625602108 -49.09940217649234 0
-32.98070021135852 -48.43917884326129 0
-33.63451044812214 -47.68371367675999 0
-34.1573536646059 -46.83408952148463 0
-34.34127760289899 -45.85900094146597 0
-34.27289549708015 -44.86193517153762 0
-34.18710472517711 -43.86590877329904 0
-34.18516761040739 -42.86652252844159 0
-34.23751340933564 -41.86811886433398 0
-34.13182420579438 -40.87870544600085 0
-33.67703277147393 -39.99464078789097 0
-32.92358863315801 -39.3463644038122 0
-32.00123706981493 -38.96509455728375 0
-31.02390167568005 -39.07276146237314 0
-30.02568314147101 -39.07990833710521 0
-29.02632065001669 -39.05651941202538 0
-28.02695720186011 -39.08504326698262 0
-27.02770607199376 -39.1179178554932 0
-26.02818362163273 -39.11070698541391 0
-25.04892744989035 -38.92942494200013 0
-24.19161117395794 -38.42115846737904 0
-24.05719167210919 -37.70664657776652 0
-25.01027634614077 -37.40750870353861 0
-25.97657539327709 -37.15086819198483 0
-26.9349955397382 -36.86672176672766 0
-27.85393575754164 -36.47599741736495 0
-28.68685861701276 -35.92492147386067 0
-29.45723317831766 -35.28791966725927 0
-30.19205863800476 -34.61010863797519 0
-30.87556837690265 -33.88123285759264 0
-31.38423433395958 -33.02463772594816 0
-31.58970010546346 -32.05114040628505 0
-31.53221338615817 -31.05489444561603 0
-31.26802348451714 -30.09225890820487 0
-30.87949150171579 -29.17128362928106 0
-30.44317226292639 -28.27181283863181 0
-29.94896085225273 -27.4031741776349 0
-29.33246205869488 -26.61725726627121 0
-29.2772608143197 -25.63995076593259 0
-29.12551603951349 -24.65757710165849 0
-28.68871216063572 -23.76056195264275 0
-28.12100438658075 -22.93806124371679 0
-27.48846926066219 -22.16404912045617 0
-26.82576165454185 -21.41545957362165 0
-26.26736809961133 -20.59084041928129 0
-26.0467086565669 -19.61982539018967 0
-25.99973832617753 -18.62143243781283 0
-26.0176992052038 -17.6219261585447 0
-26.12282398155806 -16.62878894967871 0
-26.83673150484897 -16.04247843851911 0
-27.79379680702911 -15.75594336450929 0
-28.57103031809248 -15.14608223135368 0
-29.02513821605279 -14.2606889984822 0
-29.25725643866359 -13.28990925816187 0
-29.24582718337692 -12.29360647659368 0
-28.919792140738 -11.35444870980301 0
-28.15719061810044 -10.76644633080863 0
-27.18640774674716 -10.94164871874206 0
-27.24499681073071 -10.53418968021282 0
-27.9113741524342 -9.788852996590915 0
-28.57918733459849 -9.044793125732202 0
-29.23842652964295 -8.293142628270108 0
-29.87368720594877 -7.52122620347398 0
-30.45233493578237 -6.706406997993863 0
-30.90744392663721 -5.81800856265953 0
-31.07219037407976 -4.838545331648588 0
-30.89788787342417 -3.857352877370301 0
-30.47190901269383 -2.956040697676931 0
-29.8336555788092 -2.189669261420956 0
-29.02615026584428 -1.604887118023788 0
-28.08267329384014 -1.2964330942919 0
-27.11050579267094 -1.487164744266738 0
-26.29066333525046 -2.053555781008663 0
-25.54643543130776 -2.720948733453982 0
-24.84959427247535 -3.437481873293946 0
-24.22361655010213 -4.216582064489952 0
-23.67282485105068 -5.050509487420949 0
-23.21210259148822 -5.937258669672337 0
-22.83457374748921 -6.862880178648023 0
-22.4797374612954 -7.797591428041187 0
-22.09816389154438 -8.721639474886189 0
-21.70009545681852 -9.638775500677999 0
-21.32241968600167 -10.56444184534072 0
-20.98105568120252 -11.50410252067457 0
-20.66317288004433 -12.45201266765186 0
-20.35191055172212 -13.40212703924181 0
-20.0216005655934 -14.34567992247724 0
-19.52159466152906 -15.09772406107189 0
-19.83915698517694 -14.15458316723543 0
-20.21646973323579 -13.22872769947569 0
-20.5675842150564 -12.29266088911444 0
-20.89313398375591 -11.34735911249735 0
-21.21051910639205 -10.39927239458711 0
-21.53018981782945 -9.451955249548027 0
-21.8576479348914 -8.507304493972184 0
-22.19524137584114 -7.566229114721805 0
-22.54366267675008 -6.629109932430425 0
-22.90494255877878 -5.696876627888423 0
-23.28371634812533 -4.771625895295485 0
-23.69117117990609 -3.858701433171196 0
-24.15947441530925 -2.975839377089296 0
-24.76073856690464 -2.179720449741996 0
-25.53758831057551 -1.553549803134654 0
-26.39737144946268 -1.043813873942662 0
-27.27568924331569 -0.5661621316128583 0
-28.13849142828454 -0.0612141541857667 0
-28.96934998118179 0.4945071725946117 0
-29.74418071746102 1.125526671736503 0
-30.43762833878696 1.844842779650183 0
-31.0182531404608 2.657228082828325 0
-31.4420916072425 3.560617030587571 0
-31.62226817982416 4.540960043081943 0
-31.61479674561211 5.540347589279794 0
-31.57597459244775 6.539366742539433 0
-31.60430784259551 7.538286473207818 0
-31.77156284071075 8.522754047316205 0
-32.11961260352572 9.458441365464534 0
-32.60281072443973 10.33312492230629 0
-33.1592674354337 11.163575109794 0
-33.73872471071547 11.97830772569266 0
-34.21875197319744 12.85248728667558 0
-34.46398819192414 13.82022883556582 0
-34.61692270002687 14.80822104987464 0
-34.76185237341628 15.79745683401046 0
-34.9430085693914 16.78045323546577 0
-35.28562768212819 17.71600935743238 0
-35.9204551956364 18.47775691436318 0
-36.86433993900738 18.79433967032369 0
-37.76966091782946 19.19140124910751 0
1 2 0 8
816
817
818
819
820
821
822
823
-30.53437879856773 30.55696263125097 0
-30.35501589992823 31.50327844270578 0
-29.67116642599384 32.18263528340876 0
-28.72488549770426 32.45288326892937 0
-28.28976824593346 31.86274023844577 0
-28.48963243603137 30.91142359127741 0
-28.31135534151531 29.94638398193706 0
-28.92523327725125 29.52141586409589 0
1 3 0 24
824
825
826
827
828
829
830
831
832
833
834
835
836
837
838
839
840
841
842
843
844
845
846
847
-21.90133120130794 -42.00248641585195 0
-22.22881489422588 -42.9026637372355 0
-22.52808676600764 -43.8029594355989 0
-23.22240925731655 -43.65486123763334 0
-24.05421454756257 -43.17960971094222 0
-24.98505973240298 -42.9545086185631 0
-25.9440959479817 -42.98583714838058 0
-26.89003965643646 -43.1551031057972 0
-27.82023487595631 -43.39694042964778 0
-28.72693414205039 -43.71503171992318 0
-29.58350674943478 -44.14919309492169 0
-30.35770148376795 -44.71780643881209 0
-30.87808424938842 -44.11892607722444 0
-31.09006814892092 -43.19802618271002 0
-30.63279503151342 -42.4106023606709 0
-29.71993980849929 -42.13863239439025 0
-28.75955943208887 -42.11989905233934 0
-27.80185273161726 -42.19989608436158 0
-26.85175360002278 -42.34575148999335 0
-25.90088329733852 -42.48588895096088 0
-24.94173529304643 -42.54606632984147 0
-24.08050213075338 -42.32101865081803 0
-23.56202906755044 -41.53347935372145 0
-22.73216294896967 -41.05273837267691 0
1 4 0 11
848
849
850
851
852
853
854
855
856
857
858
-25.64625100762669 6.923150364589431 0
-24.76027294986285 6.645102744458057 0
-24.26843894556274 5.835096231763494 0
-23.98048246706781 4.924483723315298 0
-23.78542706102153 3.989560449862146 0
-24.10461379057326 3.211605760474727 0
-25.03932593063188 3.380186194432094 0
-25.93990783853697 3.698845369279092 0
-26.76500109717389 4.169005859726743 0
-27.32631020168488 4.937408415070336 0
-27.12794619175412 5.842713326231428 0
1 5 0 21
859
860
861
862
863
864
865
866
867
868
869
870
871
872
873
874
875
876
877
878
879
-26.958553027457 19.20328118799533 0
-26.98809310758507 20.15897135654855 0
-26.98583708401106 21.11509644744417 0
-26.96312046914285 22.07100626144867 0
-26.95823412771542 23.02712308009635 0
-26.988731870859 23.98278804578157 0
-27.02377231539501 24.93831211052321 0
-26.96642884874234 25.88921210078375 0
-26.37657943866242 25.39353307169494 0
-25.94974573053034 24.53802710756856 0
-25.5421286614021 23.67308235354909 0
-25.12701109998804 22.81173079683966 0
-24.67996881983904 21.9666160162618 0
-24.2181860313427 21.12944223648459 0
-23.9048815853348 20.23018373215071 0
-23.92265025813808 19.2783610256954 0
-24.19311261150296 18.36347065019069 0
-24.66842493523695 17.53657124967705 0
-25.33757093251705 16.85777792998612 0
-26.21309206306806 16.56338008898391 0
-26.75779926425129 17.30486392356539 0
1 6 0 2
880
881
-24.43348131246904 -13.48250032349885 0
-23.80304015748916 -13.37156176076334 0
1 7 0 2
882
883
-22.46413787259886 -44.75469199533955 0
-21.79264066856055 -44.67685786969623 0
1 9 0 60
884
885
886
887
888
889
890
891
892
893
894
895
896
897
898
899
900
901
902
903
904
905
906
907
908
909
910
911
912
913
914
915
916
917
918
919
920
921
922
923
924
925
926
927
928
929
930
931
932
933
934
935
936
937
938
939
940
941
942
943
-16.59394136788994 -4.354254883801148 0
-16.46214492393387 -5.336692504594932 0
-16.25610017897806 -6.30651889161212 0
-16.01342300161239 -7.267963685687948 0
-15.76577866731336 -8.228153392218328 0
-15.54526185336979 -9.194806377895814 0
-15.45630426431022 -10.17985292531944 0
-15.83067412619354 -11.07775316784183 0
-16.63158847393948 -11.0603909755228 0
-17.00095921175616 -10.14531592782657 0
-17.23177403903323 -9.181018843588143 0
-17.4551708511934 -8.214932093888841 0
-17.75702299506018 -7.271293469571066 0
-18.20541307747295 -6.387697571170748 0
-18.69714737178573 -5.526658756356567 0
-19.03954571349445 -4.600945252219729 0
-19.10587321148159 -3.612360138439774 0
-19.17271855437352 -2.623158278709913 0
-19.29199981817913 -1.638821781242367 0
-19.4444445823522 -0.6590218950650237 0
-19.61724021109611 0.3174073827999033 0
-19.8066566821692 1.290750668759753 0
-20.01312444570464 2.260617040178701 0
-20.24046205352247 3.225792957447153 0
-20.49667352240857 4.183687819925047 0
-20.78441022032681 5.132593675031153 0
-21.09793863398604 6.073318531155826 0
-21.41334218318551 7.013404854831183 0
-21.68433948821146 7.967133539259895 0
-21.95661923511645 8.919711130210235 0
-22.61748812896149 9.631418626854989 0
-23.51100152881821 10.06044494496718 0
-24.40578255708458 10.48666597638693 0
-24.80161374581933 11.33217604498887 0
-24.49351221032896 12.26508665718912 0
-24.0235073805186 13.13805453047294 0
-23.48386561166199 13.96930553463093 0
-22.73849154340218 14.59914930465048 0
-21.76189614735801 14.52619763121248 0
-20.80612353323412 14.26257671992078 0
-19.86241366059203 13.95828300817695 0
-18.93532451883989 13.60692656894427 0
-18.04474099008741 13.17252849926593 0
-17.56921594956864 12.38678151955223 0
-17.49658173428955 11.40281595129096 0
-17.0885092268012 10.50330655362566 0
-16.51274041585969 9.696238575549716 0
-16.72637976383688 8.942657382582752 0
-17.50122874168144 8.375135635285481 0
-17.65515996273352 7.402147353109465 0
-17.56074253351562 6.415901854443955 0
-17.37970331128846 5.441030925237725 0
-17.17667972774547 4.470425696448894 0
-16.97474311316126 3.499594645650298 0
-16.78869111647249 2.525611476044917 0
-16.62321232928874 1.547918376809829 0
-16.47617807950781 0.567279926477803 0
-16.34884033699112 -0.4161004137760139 0
-16.30546866464189 -1.405085307414159 0
-16.47518615049683 -2.381529522305602 0
1 10 0 15
944
945
946
947
948
949
950
951
952
953
954
955
956
957
958
-5.15109835014601 -44.2888578180857 0
-4.858492103822998 -45.22921380044048 0
-4.40155786398686 -46.10232546435594 0
-3.827996378035771 -46.90415382525381 0
-3.123399434696902 -47.58939699624024 0
-2.215758106139897 -47.58909066287248 0
-1.901434999698448 -46.67279224297509 0
-1.841394228830649 -45.68843191881527 0
-1.828801675063941 -44.70204975539054 0
-1.837346584603448 -43.71561280229145 0
-1.873180681479013 -42.72985468598724 0
-2.107767691374502 -41.78958736349866 0
-2.789631165730103 -42.35249211497942 0
-3.480926928117288 -43.03852584413285 0
-4.450674478043244 -43.04148611449642 0
1 11 0 421
959
960
961
962
963
964
965
966
967
968
969
970
971
972
973
974
975
976
977
978
979
980
981
982
983
984
985
986
987
988
989
990
991
992
993
994
995
996
997
998
999
1000
1001
1002
1003
1004
1005
1006
1007
1008
1009
1010
1011
1012
1013
1014
1015
1016
1017
1018
1019
1020
1021
1022
1023
1024
1025
1026
1027
1028
1029
1030
1031
1032
1033
1034
1035
1036
1037
1038
1039
1040
1041
1042
1043
1044
1045
1046
1047
1048
1049
1050
1051
1052
1053
1054
1055
1056
1057
1058
1059
1060
1061
1062
1063
1064
1065
1066
1067
1068
1069
1070
1071
1072
1073
1074
1075
1076
1077
1078
1079
1080
1081
1082
1083
1084
1085
1086
1087
1088
1089
1090
1091
1092
1093
1094
1095
1096
1097
1098
1099
1100
1101
1102
1103
1104
1105
1106
1107
1108
1109
1110
1111
1112
1113
1114
1115
1116
1117
1118
1119
1120
1121
1122
1123
1124
1125
1126
1127
1128
1129
1130
1131
1132
1133
1134
1135
1136
1137
1138
1139
1140
1141
1142
1143
1144
1145
1146
1147
1148
1149
1150
1151
1152
1153
1154
1155
1156
1157
1158
1159
1160
1161
1162
1163
1164
1165
1166
1167
1168
1169
1170
1171
1172
1173
1174
1175
1176
1177
1178
1179
1180
1181
1182
1183
1184
1185
1186
1187
1188
1189
1190
1191
1192
1193
1194
1195
1196
1197
1198
1199
1200
1201
1202
1203
1204
1205
1206
1207
1208
1209
1210
1211
1212
1213
1214
1215
1216
1217
1218
1219
1220
1221
1222
1223
1224
1225
1226
1227
1228
1229
1230
1231
1232
1233
1234
1235
1236
1237
1238
1239
1240
1241
1242
1243
1244
1245
1246
1247
1248
1249
1250
1251
1252
1253
1254
1255
1256
1257
1258
1259
1260
1261
1262
1263
1264
1265
1266
1267
1268
1269
1270
1271
1272
1273
1274
1275
1276
1277
1278
1279
1280
1281
1282
1283
1284
1285
1286
1287
1288
1289
1290
1291
1292
1293
1294
1295
1296
1297
1298
1299
1300
1301
1302
1303
1304
1305
1306
1307
1308
1309
1310
1311
1312
1313
1314
1315
1316
1317
1318
1319
1320
1321
1322
1323
1324
1325
1326
1327
1328
1329
1330
1331
1332
1333
1334
1335
1336
1337
1338
1339
1340
1341
1342
1343
1344
1345
1346
1347
1348
1349
1350
1351
1352
1353
1354
1355
1356
1357
1358
1359
1360
1361
1362
1363
1364
1365
1366
1367
1368
1369
1370
1371
1372
1373
1374
1375
1376
1377
1378
1379
-26.94985797505221 -33.46802056631162 0
-27.65262354957704 -32.76095240974615 0
-28.15075842638501 -31.89725027925973 0
-28.24763646821809 -30.91101626958765 0
-27.90636284824141 -29.98675761020993 0
-27.03271754227212 -29.52494605955705 0
-26.2228291718171 -30.02779433394741 0
-25.79038316079503 -30.92795166012577 0
-25.19682398909976 -31.72098109071528 0
-24.3040785536784 -31.60597855192491 0
-23.86390390661561 -30.71237995299391 0
-23.59533307068878 -29.75134808832925 0
-23.73842050903703 -28.77332246707689 0
-24.19015136742394 -27.88279621401027 0
-24.77520118806273 -27.07290856002657 0
-25.33372285417923 -26.24635781664624 0
-25.53328709488545 -25.27861185578389 0
-25.13182562756101 -24.38123658993102 0
-24.42157954920122 -23.6786642446687 0
-23.71850521888074 -22.96936668765902 0
-23.20918570585682 -22.11281475942521 0
-22.92394251843654 -21.15680433646764 0
-22.86603817334024 -20.16028388806804 0
-22.92398200833225 -19.16216455595253 0
-22.96323801556931 -18.16332822378087 0
-22.75925235792241 -17.20421540144097 0
-22.0694617077684 -17.80272773775644 0
-21.61198846358184 -18.69116003524629 0
-21.25944558488933 -19.62606404096702 0
-20.99925711389848 -20.59140328383052 0
-20.62515148711926 -21.51613412435303 0
-20.01794649672694 -22.30465454830019 0
-19.1281360180496 -22.73307428856149 0
-18.13266689516748 -22.76332386242632 0
-17.27596711865497 -22.28961593285518 0
-16.72287342030684 -21.46310169314298 0
-16.53134265596219 -20.48443429382162 0
-16.43551889613636 -19.48922173269819 0
-16.37241047186845 -18.49140756181093 0
-16.3623749003491 -17.49178216184424 0
-16.3770624507647 -16.49219222561006 0
-16.19954459365077 -15.51395061174605 0
-15.49761270937281 -14.83228783936801 0
-14.58351243994372 -14.42763340040567 0
-13.72537265653487 -13.91659092412516 0
-12.99743047250471 -13.2364256316098 0
-12.50786219927762 -12.36831653597045 0
-12.25377679608616 -11.40354102657551 0
-12.17688343140223 -10.40750574228307 0
-12.27472324906805 -9.414601965904268 0
-12.545484233668 -8.452595616157963 0
-12.87068156140062 -7.507116813174532 0
-13.20247179178102 -6.563911782816161 0
-13.50132336012234 -5.609967377672677 0
-13.6797382237193 -4.627459502382566 0
-13.68371510427465 -3.628862130047342 0
-13.53353245479713 -2.640771149305231 0
-13.42278042655286 -1.648402810387323 0
-13.47143791900405 -0.6501199782709444 0
-13.57656233022601 0.3441632380967248 0
-13.69998427688443 1.33637621559906 0
-13.82890140650529 2.32789379467602 0
-13.95790930823396 3.31939960494983 0
-14.08192974292255 4.311538756858254 0
-14.18973399842491 5.305539943176521 0
-14.22975738909782 6.303814772733272 0
-13.95598528880687 7.257517856435472 0
-13.54296298935187 8.168013008322381 0
-13.28167651009382 9.129543790021351 0
-13.36704858709517 10.1175501627827 0
-13.72894497845773 11.04898208009702 0
-14.13705841698573 11.96175954185816 0
-14.52703996358604 12.88229675117053 0
-14.84651779197998 13.82952877988513 0
-15.28949592851628 14.71961003757778 0
-16.00975631830351 15.40646477329431 0
-16.83926031191771 15.96462530305337 0
-17.6253535585901 16.57980327389015 0
-17.8806213884539 17.49675478002463 0
-17.54628760959194 18.43454134068278 0
-16.89497603760013 19.18562980080262 0
-16.04793541058561 19.71007932154622 0
-15.07566719479059 19.88165998834365 0
-14.1015128632489 19.8049100071678 0
-13.65438509790669 20.65308006337436 0
-13.50700766159912 21.38575294723923 0
-14.29576148533626 21.98580978731272 0
-14.26380675824999 22.96815523427328 0
-14.22981119538093 23.96377335526688 0
-13.82017218395589 24.85607181387738 0
-12.87494329515328 25.1100807661639 0
-11.87771324823249 25.04417628793602 0
-10.88367212140921 24.93664019824567 0
-9.885682157912024 24.93538384998504 0
-8.912721385380825 25.15624610949123 0
-7.992616225055437 25.54597429961358 0
-7.114520722257609 26.02352032599642 0
-6.296260854570876 26.59641023230398 0
-5.600483736988734 27.31216527852202 0
-4.981400886704668 28.09706532244675 0
-4.239803735441468 28.75609676377305 0
-3.639219438226439 28.96052047055078 0
-3.114635933845747 28.11015987528803 0
-2.525857374663555 27.30421236200986 0
-2.440113543752232 26.32457712648509 0
-2.854211179082943 25.41620124326246 0
-3.251547628358699 24.49914904007468 0
-3.542477832275935 23.54312745858251 0
-3.76250868169199 22.56781991690208 0
-3.982854869395816 21.59258009602107 0
-4.263618013533391 20.63333927370576 0
-4.627819195121302 19.7023726991588 0
-5.015104439660144 18.78063177281512 0
-5.20405756014734 17.80697948693319 0
-4.94892753843988 16.84360677057984 0
-4.526767951050635 15.93844652388869 0
-3.897809575406508 15.16752361803571 0
-3.039868514244976 14.66240042288287 0
-2.090132919773744 14.35203095292761 0
-1.111944651845909 14.14736472118246 0
-0.1156214357753118 14.10735889275081 0
0.8241925861105108 14.42491795360547 0
1.615141034558469 15.03270614728069 0
2.088214736464983 15.90319102361251 0
2.43012407767265 16.84276372977115 0
2.75999880225006 17.78663927882524 0
3.07709072334955 18.73487329396982 0
3.307104020531318 19.70473692852933 0
3.167513491801307 20.69378787464375 0
3.046853190643728 21.68624770670039 0
2.958116583553052 22.68214219041604 0
2.899072806674722 23.68018319760881 0
2.879947505548059 24.67976423999512 0
2.716689872553849 25.6647495368162 0
2.452631486131337 26.62512722168351 0
2.528276004565702 27.61747508603204 0
2.792642007775074 28.58142358325448 0
2.930252128852147 29.57117420893456 0
2.963035997716391 30.56997735556715 0
2.832916737262069 31.55949472992079 0
2.54537941791145 32.51673468699179 0
2.197400480475425 33.45398425660621 0
1.799651859008736 34.37114842284632 0
1.329033432497123 35.25282876239643 0
0.732794774149543 36.05310445452525 0
-0.06204406640789895 36.65105935693579 0
-1.034011815546786 36.8291372504055 0
-1.970265515849505 36.50608264420919 0
-2.852659086773483 36.03628870171814 0
-3.819211088011125 35.82858554765466 0
-4.809617047551964 35.96201923618842 0
-5.803326545038469 36.06161779861723 0
-6.788015496379471 35.90892024887684 0
-7.694353355299582 35.49405642277646 0
-8.486209867093283 34.88644774417851 0
-9.158442136756166 34.14718845709424 0
-9.815113562662063 33.39454767555702 0
-10.70226853326646 32.94763423229896 0
-11.69556802789583 33.03894415642196 0
-12.69490877049674 33.01386350527049 0
-13.69333090986504 33.02204760088507 0
-14.09514296893805 33.76219408620197 0
-13.78408600517133 34.71159996902818 0
-13.37879261573301 35.62491075097904 0
-12.56860304091792 36.13179804481713 0
-11.57009542246896 36.17309361298075 0
-10.5740748111586 36.24707540622806 0
-9.632779895262075 36.5704554818665 0
-8.842474603213899 37.17768837738812 0
-8.198491593478137 37.94071413826538 0
-7.863070092795221 38.87125867086007 0
-7.9520480688354 39.86270014808922 0
-8.216162265243895 40.82690492913763 0
-8.434563549452792 41.79985807715653 0
-7.596291915830489 41.99514791016554 0
-6.670065242261441 42.37068158840042 0
-5.737083591592426 42.72818953733811 0
-5.019053116950355 43.39953871047202 0
-4.692201966563236 44.34123820577398 0
-4.562083012486036 45.33084761318887 0
-4.768408741141104 46.30046658648423 0
-4.639495508533842 47.23346672972888 0
-3.724982332513136 47.61477050501418 0
-2.764950454830106 47.89254459935231 0
-1.911718847359253 48.4020430525391 0
-1.298319751550565 49.18662339029992 0
-0.8801109326245971 50.09325816883997 0
-0.6607037422860745 51.06614830878966 0
-0.5624418207121378 52.0610142892458 0
-0.3659222782232932 53.04058843246456 0
0.174548540019437 53.8626557289982 0
1.043394574759436 53.66062764809823 0
1.442226180644195 52.77345922436075 0
1.509341475598744 51.78230334631236 0
1.405225363158547 50.78829556606425 0
1.419472776403826 49.79313778871192 0
1.827886267353917 48.88666131135108 0
2.52223821811944 48.17599071955668 0
3.441487314302272 47.79682766654446 0
4.397859317222342 47.50680912880329 0
5.361662955867087 47.24230684108052 0
6.342418957517935 47.04818761607564 0
7.32685145313684 46.87320508803757 0
8.309676980317336 46.68949561877065 0
9.285282845715155 46.47120273515016 0
10.22943227472119 46.14639269438619 0
10.98746470863035 45.5211148947289 0
10.91721266582287 44.57112334239061 0
10.18360633211488 43.91683901180664 0
9.835472930305526 42.98405511187993 0
9.86880684004274 41.9929943845422 0
10.06724257864824 41.01423930807358 0
10.4453508619659 40.0923587267323 0
10.62601967368372 39.10916987689441 0
11.07314535221662 38.22227058366881 0
11.53493975354731 37.33633627147763 0
11.85352465344268 36.39048431509318 0
11.920678579146 35.39631966461512 0
11.88949443273567 34.39860141464238 0
12.05171455206362 33.41292646487364 0
12.35795271544869 32.46226972903779 0
12.82382091789193 31.5790120027101 0
13.45691083536991 30.80884200449921 0
14.29748006961489 30.27449811862605 0
15.23417694319054 29.92721456858298 0
16.20319393127934 29.68139983614282 0
17.16174866823396 29.40029462026449 0
18.01046401629351 28.87864612628894 0
18.75834759265121 28.22891605046474 0
18.84291962435579 27.25280277672683 0
18.3884429700915 26.36946232447468 0
17.78779766999743 25.57020960482583 0
17.30189966370523 24.69870867104119 0
17.13106714770757 23.72261124209725 0
17.31434755180867 22.74416680368765 0
17.71900908210394 21.83077590636603 0
18.2316435243085 20.9730723551717 0
18.89782968130795 20.2321194001863 0
19.75361988149949 19.71996308489824 0
20.68139079428532 19.34844493266847 0
21.64458825405626 19.08298029995067 0
22.63928424326396 19.02087362596647 0
23.62205989883318 19.19894485134172 0
24.59505834886085 19.42856184356404 0
25.3306754672063 19.08327672531886 0
25.06564966568615 18.12092668076187 0
24.80245844056173 17.15687564102801 0
24.65777687159487 16.16789544905304 0
24.53201994226457 15.17641285356784 0
23.854137410404 14.54359147258069 0
22.90052961003332 14.70973640433709 0
22.25881806850161 15.42193129477866 0
21.86805218827844 16.34134999148323 0
21.3400101267474 17.18908485064472 0
20.61230358672229 17.86554467176294 0
19.67956471859905 18.21169776880707 0
18.68582270639572 18.30646811604896 0
17.69140418710961 18.21517293794172 0
16.72340742360647 17.96860524597376 0
15.79748259509092 17.59214277750682 0
14.85157093888231 17.27298203414083 0
14.00478311489964 16.75097602640419 0
13.07078164139607 16.39905628548596 0
12.28964232805839 15.78354231401649 0
11.72619076412308 14.9599899261761 0
11.34939561960859 14.03719211426272 0
11.3772946088916 13.04711080529801 0
11.83185932900613 12.16401518392713 0
12.5671233626349 11.49220148625416 0
13.47835195815047 11.10259051596642 0
14.46951204618833 11.18925974869615 0
15.44787757076767 11.39506663916804 0
16.44164691544892 11.42707124733532 0
17.31426981793282 10.9667787643593 0
17.97622782139278 10.21891618640423 0
18.60764829771689 9.443865330672208 0
19.3075812262812 8.730507057503024 0
20.10791008258535 8.135623010347063 0
21.04733585747326 7.799573725940321 0
22.00531111351328 7.51432454409323 0
22.83489613615769 6.978219241962143 0
23.29015494935474 6.09193419690704 0
23.73835173798911 5.199296385467388 0
24.2344326015777 4.332080296190253 0
23.6227260815992 4.017437767298823 0
22.66061948119881 4.167061310671627 0
21.76820909426197 4.617820380281775 0
20.84778890258617 5.005241443736216 0
19.86333679175372 5.156398958533326 0
18.87511560348801 5.023564570752779 0
17.99222583627218 4.577365971908019 0
17.57064222376179 3.687709128874584 0
17.51271290195278 2.692406944575322 0
17.70257671723667 1.712602161303606 0
17.97503965031945 0.7506584411019528 0
18.22831238667838 -0.2164999514013128 0
18.59401837856151 -1.145644620889643 0
19.14316276814192 -1.978088232536111 0
19.89462502032932 -2.633445100606866 0
20.78989571431635 -3.069078624081011 0
21.76311615165803 -3.296973864103058 0
22.71340536618814 -3.59866889550653 0
23.37654275351365 -4.318932950677241 0
23.6329773749722 -5.284070214866695 0
23.9735878551894 -6.222649567977274 0
24.49902659628743 -7.070692724106689 0
25.2114482254504 -7.768316603420501 0
26.09532028317006 -8.226061339792455 0
27.07085645603447 -8.439080484733468 0
28.06480696429171 -8.54684482423052 0
29.05932390527062 -8.649653360143576 0
30.03303354150246 -8.864065578519471 0
30.49081075472977 -9.642046413340189 0
30.37664930363477 -10.60267920213978 0
30.75084125877898 -11.52739420644647 0
31.27758444678402 -12.37680178440773 0
31.42820845998655 -13.34190462961483 0
30.51189340139519 -13.30243733485964 0
29.56755647062323 -12.97402317451101 0
28.62830259913142 -12.63119812835526 0
27.68757714417632 -12.29244390661121 0
26.74080476029306 -11.9710813723078 0
25.77806043231051 -11.70228470717809 0
24.79101014039381 -11.5476171634046 0
23.79582420206269 -11.45236490270697 0
22.86515279137458 -11.11774174141449 0
22.82903723584338 -10.20683219711068 0
22.78679340034363 -9.214088299455407 0
22.4703117909393 -8.267493742005444 0
21.92727009483115 -7.43385186281578 0
21.11637992926567 -6.85751515581048 0
20.17692914324267 -6.525892410411957 0
19.20821914061414 -6.732649100550038 0
18.42684907739305 -7.339235027760716 0
18.01040578294681 -8.239574062758754 0
18.01901669758149 -9.231706587152075 0
18.34614000346184 -10.17399211665569 0
18.97269527206204 -10.93646143531621 0
19.77048487919834 -11.53763604452608 0
19.37973271394022 -12.00422943876665 0
18.3915792124308 -11.86625515059321 0
17.44492481680765 -12.15388153299702 0
16.69405073681829 -12.80628173977332 0
16.23346968759272 -13.68730814600105 0
15.74859639214095 -14.5496778990752 0
14.83371562640366 -14.91255225387329 0
13.8397345190393 -15.01972962200903 0
12.86996204151585 -15.24653987554257 0
12.06724607228859 -15.82904472615053 0
11.52707492717225 -16.66577557015686 0
11.24710670331568 -17.62240377645263 0
11.21512018328638 -18.6199708411856 0
11.31870784667134 -19.61420532314757 0
11.46161010009461 -20.60379763297332 0
11.59330670371336 -21.5948739624815 0
11.42299705146694 -22.53242414587302 0
10.46893459098525 -22.81777914382685 0
9.569269107663741 -23.21820761039368 0
8.876045985567643 -23.93594495038249 0
8.422917186762298 -24.82135428463747 0
8.276283676256512 -25.80636031588312 0
8.452192786423987 -26.78643922483741 0
8.883266442192211 -27.68593009909206 0
9.445789654200597 -28.51224420076358 0
10.04882383463733 -29.30973049668914 0
10.67573513837065 -30.08860015791081 0
11.32807635825602 -30.84626311997118 0
11.99492179692835 -31.59123041951831 0
12.3767771855104 -32.45320840892556 0
11.45081885105157 -32.77648900355646 0
10.46656592932399 -32.94957592254832 0
9.552167956157357 -33.342607653058 0
8.796821684033862 -33.99299301940415 0
8.186143973295588 -34.78415084643184 0
7.531840080936185 -35.5388047239669 0
6.760664818533342 -36.17379230894985 0
5.922389545908841 -36.71810958834753 0
5.020154120566949 -37.14341808594963 0
4.026118101892427 -37.19837029224416 0
3.032751049434865 -37.12404453648747 0
2.037135182951561 -37.21267359845313 0
1.050647169099022 -37.37454585404796 0
0.07555027146465665 -37.59523438875957 0
-0.8890963209295579 -37.85801500461211 0
-1.840633565796427 -38.16463042882065 0
-2.744045445370459 -38.58845955967688 0
-3.615713227528591 -39.07763535475468 0
-4.526105168260266 -39.48928411702992 0
-5.467749871812281 -39.82241597251785 0
-6.405910763757627 -40.16635525349623 0
-7.394297532245622 -40.28582993405091 0
-8.38516249435545 -40.15646955442745 0
-9.379573569046615 -40.0960061388712 0
-10.30708143168422 -40.44923307778295 0
-11.1081701006113 -41.04497263983652 0
-11.79101832897102 -41.77370292796675 0
-12.34032395330358 -42.60754244124621 0
-12.70089409665317 -43.53753699970067 0
-12.82896686912565 -44.52675926493961 0
-12.77094242746145 -45.52451371479808 0
-12.99584143520215 -46.44560635588371 0
-13.7740827423319 -46.00794184434064 0
-14.07176974146732 -45.05374464441086 0
-14.3957720678133 -44.10789409430804 0
-14.69115409810895 -43.15346095585507 0
-14.93276101465573 -42.19222840562043 0
-15.5227578297107 -41.38817191156645 0
-16.2759333559889 -40.73280941622347 0
-17.11995507057773 -40.19813048084995 0
-18.04332530754478 -39.82133382335026 0
-19.03567728757862 -39.7469222125018 0
-20.03175090859663 -39.76164288813984 0
-20.6835352965083 -39.10140168762953 0
-20.54670184535751 -38.11341595508883 0
-20.53166273179688 -37.11677844826198 0
-20.80962730025965 -36.16067401615815 0
-21.37329761292072 -35.34222309753441 0
-22.19739059423069 -34.78151499153704 0
-23.13345272613542 -34.43476799147909 0
-24.10944659288539 -34.21893797075688 0
-25.09825274764102 -34.07201068548377 0
1 12 0 13
1380
1381
1382
1383
1384
1385
1386
1387
1388
1389
1390
1391
1392
4.321993924992597 -44.93856822665153 0
3.611882629594665 -44.29730848938878 0
3.024035204503232 -43.54080076798571 0
2.538417035163095 -42.71451859590463 0
2.121226346785615 -41.85130415683128 0
1.753529069501926 -40.96585937198 0
1.849362558297851 -40.15578828043332 0
2.799858429846583 -40.1005443195974 0
3.558759672241769 -40.62985421441535 0
4.039440215662149 -41.45896748961406 0
4.468393952279159 -42.31650617837643 0
4.868026861398089 -43.1880944131407 0
5.20779771976557 -44.08410210467727 0
1 13 0 4
1393
1394
1395
1396
14.35916594154704 -29.63946376480108 0
14.37358534229654 -29.30285676662297 0
15.25818862957633 -29.67815872905962 0
15.96999159411976 -30.30141590990754 0
1 14 0 7
1397
1398
1399
1400
1401
1402
1403
20.85728986084152 32.40526953924827 0
20.81456783811165 33.29503242317558 0
21.23071183819488 34.05292860889254 0
22.03893049011632 34.11337883522033 0
22.49459182306023 33.36769983409862 0
22.93857867505221 32.73565039974836 0
22.47592223204369 32.02401058972726 0
1 15 0 10
1404
1405
1406
1407
1408
1409
1410
1411
1412
1413
21.80335268580128 -28.02888337520875 0
22.74200245065362 -28.27787833367766 0
23.63354943388158 -28.65957054112831 0
24.48963632568135 -29.1070656126995 0
24.218537319442 -30.01170338574866 0
23.49832944019554 -30.62263919570816 0
22.644373735652 -30.27118051570397 0
21.84751127460821 -29.71976031512701 0
21.10770195145386 -29.0907883217016 0
20.44743849099397 -28.37993773057751 0
1 16 0 4
1414
1415
1416
1417
31.48909690748876 11.9101428175649 0
32.38099893890111 11.99079438166534 0
32.91353416167139 11.39720446740564 0
32.36112801301509 10.7915428415001 0
1 17 0 3
1418
1419
1420
34.15986249179847 0.6154126966425861 0
33.203904462468 0.6610774991526513 0
33.64557608127008 1.062974120395711 0
1 18 0 1
1421
-31.86620685431717 -38.76720299881951 0
2 1 0 3
1422
1423
1424
-29.56179192619625 30.7691006379101 0
-28.98632749523223 30.26553381018652 0
-29.09031516150143 31.54833347294828 0
2 2 0 13
1425
1426
1427
1428
1429
1430
1431
1432
1433
1434
1435
1436
1437
-23.22379737652311 -42.77052551003624 2.782050974806168e-16
-29.8897337031942 -42.86029546639338 -2.703683779805188e-16
-22.81318314572928 -42.00379517468796 3.217525073180296e-16
-26.40672951133769 -42.71863545706301 1.747999744339256e-17
-24.45604797706657 -42.80410323911499 1.765793263812997e-16
-28.44819713338304 -42.91013607130056 -1.526246605358449e-16
-30.35789757085673 -43.36294236526894 -3.152572896847933e-16
-29.2409450049422 -42.70064145042149 -2.1504206915697e-16
-22.77959251033032 -43.2450959631739 3.086019711482284e-16
-27.56241559948317 -42.80156543622009 -7.849063034093356e-17
-23.41987793013905 -42.15720467231591 2.699630859379481e-16
-30.18955610764968 -44.03855096542651 -3.100915884459566e-16
-29.4613465576162 -43.41476276358885 -2.42294488743359e-16
2 3 0 8
1438
1439
1440
1441
1442
1443
1444
1445
-26.22490830172353 5.736593831889556 0
-24.8737161768929 5.101229863921908 0
-26.05036302405692 4.474425060276157 0
-24.54643438477738 4.180825384534991 0
-25.42287748372717 6.051365143938032 0
-25.34349805575987 4.353173601660005 0
-25.74978152068552 5.126754857345828 0
-26.56158746336112 5.045820851250211 0
2 4 0 18
1446
1447
1448
1449
1450
1451
1452
1453
1454
1455
1456
1457
1458
1459
1460
1461
1462
1463
-24.64863801871823 19.75578444126842 0
-25.20160004794576 21.15719310750741 0
-25.20458146642664 18.33617425714481 0
-26.17344803112467 19.71919116115103 0
-26.14668089644658 21.57337924170509 0
-26.02578578544688 17.8973174159576 0
-26.07938192261834 22.67592987158857 0
-26.14741006835396 20.67442505555353 0
-26.13558944040183 18.77634984693376 0
-25.37829928318918 19.19208276161189 0
-25.38137502909966 20.26695415366492 0
-25.44692855736755 22.0369698067805 0
-26.35044736529195 23.72882803196297 0
-24.66945632759502 18.98517462718224 0
-24.67093614248823 20.50791153421521 0
-25.39979864909223 17.57220769678179 0
-25.97105612192714 17.20951341800227 0
-26.5844618786265 24.47601773319369 0
2 5 0 0
2 6 0 0
2 7 0 0
2 8 0 86
1464
1465
1466
1467
1468
1469
1470
1471
1472
1473
1474
1475
1476
1477
1478
1479
1480
1481
1482
1483
1484
1485
1486
1487
1488
1489
1490
1491
1492
1493
1494
1495
1496
1497
1498
1499
1500
1501
1502
1503
1504
1505
1506
1507
1508
1509
1510
1511
1512
1513
1514
1515
1516
1517
1518
1519
1520
1521
1522
1523
1524
1525
1526
1527
1528
1529
1530
1531
1532
1533
1534
1535
1536
1537
1538
1539
1540
1541
1542
1543
1544
1545
1546
1547
1548
1549
-21.6176142406529 9.832937384828263 1.873209413082521e-16
-19.79550854229056 12.90585321105161 5.951610291302746e-16
-18.15602619929933 10.76205948924169 5.230560867215144e-16
-21.50267172868613 13.53382984491623 5.267418607240173e-16
-18.41029054264237 8.020282938367764 2.592570819410627e-16
-23.5060729075951 12.29645949841735 2.698541033300213e-16
-20.17348788149834 5.854326805901044 -6.315935756122896e-17
-20.96968798386449 9.184678706811201 1.766223459353755e-16
-20.7142867906104 10.07233106466635 2.746591564102623e-16
-21.32297501270487 10.76342410954743 2.920527515840354e-16
-18.13880862857629 4.802135463137716 -8.782490894262447e-18
-19.33250388567194 2.897801453418402 -2.662351864472551e-16
-18.86901043268307 0.9681181127482485 -4.050128922237785e-16
-18.55600871497322 -1.023066783400301 -5.602746616884174e-16
-20.48870337284863 11.0242524355239 3.762684984533812e-16
-20.05666375032872 9.351725375276082 2.581970403866415e-16
-20.81445464311683 7.775459690733597 6.190145422764691e-17
-18.40614456718864 11.71214521539732 5.897842991939249e-16
-21.10104464891384 11.71635104523143 3.93485436436864e-16
-17.37917496050871 -2.753680600808633 -6.29186362682313e-16
-18.32225031672949 9.020774038566042 3.551728565860365e-16
-22.06042805737366 11.37020226098371 2.925073470353411e-16
-18.21821184596055 -4.049321578210733 -8.063103845628906e-16
-17.23256888565138 0.05680256422404817 -3.67098733206194e-16
-17.50011694076549 2.023904535578956 -2.106738708091654e-16
-18.45023914212712 6.884119398177241 1.547156138880976e-16
-19.31010250612895 7.430250654607322 1.408119869338902e-16
-19.04524235322548 11.02521933040595 4.816994398140686e-16
-18.80613442913319 10.0274904675498 4.099061619793444e-16
-17.41653694721226 -4.871151557228681 -8.213137006881968e-16
-17.27218054677185 9.504465081662421 4.750719704301445e-16
-23.5192850655922 10.83915052710408 1.385384963900706e-16
-19.30473100331355 8.451754049341421 2.325740387092637e-16
-21.76208549905304 12.44133034704245 4.100893240045433e-16
-20.81313567105905 12.65519794924961 4.984738598049777e-16
-22.48514473216019 13.18615542497925 4.239422189782719e-16
-18.48398904102963 5.84496510670636 5.930368033754246e-17
-18.9695486575723 5.084540765991246 -4.415008132901144e-17
-18.88563615698688 4.223712226871697 -1.150243205650416e-16
-19.34959854734142 11.98316698446195 5.451725734907855e-16
-17.21721994654311 -6.028522408606442 -9.102903766085564e-16
-17.20162600062068 -1.803208770239807 -5.312122541875569e-16
-18.24105520362477 -2.023147500038482 -6.267430587228279e-16
-19.11484912095127 1.944476405863174 -3.356223541473659e-16
-18.40884010418349 2.455844960600115 -2.383572937631054e-16
-18.70584097139865 -0.03801557791278576 -4.830999778862096e-16
-17.89250635569841 3.878261228863965 -7.34446741167024e-17
-22.76841455604641 10.62947827981828 1.745828989543951e-16
-19.37244962683866 6.48983906162298 5.214521654422771e-17
-17.38194005712393 1.063545798773925 -2.879501202951701e-16
-20.2943133694327 6.939823980808194 2.511680722402844e-17
-19.72713549966593 10.30092554500365 3.671489223568028e-16
-18.2434399021932 -3.155115975241443 -7.281678614049261e-16
-18.68342218588609 12.62790033311222 6.514596596655074e-16
-16.77965006133773 -6.922108609395941 -9.582845980682566e-16
-16.25873169492953 -10.39573200277301 -1.230971642846207e-15
-16.37413239844826 -9.515347017354397 -1.160646169058492e-15
-20.23597562537685 11.95876340218511 4.783015442943666e-16
-16.50443366564216 -8.678417052741274 -1.095295050533033e-15
-22.65722069612061 12.29075234032451 3.31293246053268e-16
-17.34360563721008 -3.869027755241129 -7.263545420721276e-16
-20.3709832324922 8.530533943033547 1.618050516881429e-16
-19.81927527004912 4.874554002608121 -1.249461328025695e-16
-17.12557781845316 -0.8797620991531403 -4.430630290723739e-16
-18.00655181410798 9.844038190656841 4.518508846452888e-16
-19.66417307181995 3.861939034654608 -2.042016994880322e-16
-20.55597062717237 13.46314814666303 5.895103071999865e-16
-19.23350275801909 9.27537414762476 3.114423519909884e-16
-17.70060596537172 2.961690346917194 -1.414238717447084e-16
-18.30251774137233 1.572408587217517 -3.096182454462509e-16
-18.11841145861539 0.5751083299392654 -3.853872312955396e-16
-18.25460662026286 -4.932885868245633 -8.879983409352066e-16
-23.10021281321104 11.50674778809308 2.288369098008385e-16
-17.94327902964427 -0.4253887377103034 -4.620970770805412e-16
-17.94201520128565 -5.568517222290428 -9.220403569891268e-16
-16.7125798736932 -7.763811383917233 -1.028677261923283e-15
-22.3944139526537 13.96292754807788 5.00043442728213e-16
-18.63873816194919 3.386925234764907 -1.718533673104476e-16
-23.2311622656113 12.97614546576499 3.507128294882501e-16
-24.00501580134799 11.50011329342438 1.622105341430294e-16
-20.01891695089684 7.825564463704816 1.244418677565943e-16
-19.75413080012709 11.30398524526785 4.548991034610922e-16
-17.78424877834859 -1.22145364462669 -5.21696299270028e-16
-21.14091443553158 8.455695952047616 9.892110861672721e-17
-19.37651427309213 5.668102720363072 -2.165297035503644e-17
-22.03834621832413 10.45673880181718 2.124126611323918e-16
2 9 0 12
1550
1551
1552
1553
1554
1555
1556
1557
1558
1559
1560
1561
-3.874126650256704 -45.2701778143597 0
-2.612085370556801 -44.17659682472517 0
-3.9634352737095 -43.81489105910161 0
-2.526552431539827 -46.1034418918094 0
-2.819675857866164 -45.21587491877653 0
-2.638085350394362 -43.29039332711054 0
-4.332966153824508 -44.47157318790205 0
-3.472938446348866 -44.44639858256869 0
-2.858851364513563 -46.81877724539689 0
-3.384793424366481 -46.06912519332538 0
-4.639927978063959 -43.74508505929979 0
-3.23534137187952 -43.72927769054715 0
2 10 0 2750
1562
1563
1564
1565
1566
1567
1568
1569
1570
1571
1572
1573
1574
1575
1576
1577
1578
1579
1580
1581
1582
1583
1584
1585
1586
1587
1588
1589
1590
1591
1592
1593
1594
1595
1596
1597
1598
1599
1600
1601
1602
1603
1604
1605
1606
1607
1608
1609
1610
1611
1612
1613
1614
1615
1616
1617
1618
1619
1620
1621
1622
1623
1624
1625
1626
1627
1628
1629
1630
1631
1632
1633
1634
1635
1636
1637
1638
1639
1640
1641
1642
1643
1644
1645
1646
1647
1648
1649
1650
1651
1652
1653
1654
1655
1656
1657
1658
1659
1660
1661
1662
1663
1664
1665
1666
1667
1668
1669
1670
1671
1672
1673
1674
1675
1676
1677
1678
1679
1680
1681
1682
1683
1684
1685
1686
1687
1688
1689
1690
1691
1692
1693
1694
1695
1696
1697
1698
1699
1700
1701
1702
1703
1704
1705
1706
1707
1708
1709
1710
1711
1712
1713
1714
1715
1716
1717
1718
1719
1720
1721
1722
1723
1724
1725
1726
1727
1728
1729
1730
1731
1732
1733
1734
1735
1736
1737
1738
1739
1740
1741
1742
1743
1744
1745
1746
1747
1748
1749
1750
1751
1752
1753
1754
1755
1756
1757
1758
1759
1760
1761
1762
1763
1764
1765
1766
1767
1768
1769
1770
1771
1772
1773
1774
1775
1776
1777
1778
1779
1780
1781
1782
1783
1784
1785
1786
1787
1788
1789
1790
1791
1792
1793
1794
1795
1796
1797
1798
1799
1800
1801
1802
1803
1804
1805
1806
1807
1808
1809
1810
1811
1812
1813
1814
1815
1816
1817
1818
1819
1820
1821
1822
1823
1824
1825
1826
1827
1828
1829
1830
1831
1832
1833
1834
1835
1836
1837
1838
1839
1840
1841
1842
1843
1844
1845
1846
1847
1848
1849
1850
1851
1852
1853
1854
1855
1856
1857
1858
1859
1860
1861
1862
1863
1864
1865
1866
1867
1868
1869
1870
1871
1872
1873
1874
1875
1876
1877
1878
1879
1880
1881
1882
1883
1884
1885
1886
1887
1888
1889
1890
1891
1892
1893
1894
1895
1896
1897
1898
1899
1900
1901
1902
1903
1904
1905
1906
1907
1908
1909
1910
1911
1912
1913
1914
1915
1916
1917
1918
1919
1920
1921
1922
1923
1924
1925
1926
1927
1928
1929
1930
1931
1932
1933
1934
1935
1936
1937
1938
1939
1940
1941
1942
1943
1944
1945
1946
1947
1948
1949
1950
1951
1952
1953
1954
1955
1956
1957
1958
1959
1960
1961
1962
1963
1964
1965
1966
1967
1968
1969
1970
1971
1972
1973
1974
1975
1976
1977
1978
1979
1980
1981
1982
1983
1984
1985
1986
1987
1988
1989
1990
1991
1992
1993
1994
1995
1996
1997
1998
1999
2000
2001
2002
2003
2004
2005
2006
2007
2008
2009
2010
2011
2012
2013
2014
2015
2016
2017
2018
2019
2020
2021
2022
2023
2024
2025
2026
2027
2028
2029
2030
2031
2032
2033
2034
2035
2036
2037
2038
2039
2040
2041
2042
2043
2044
2045
2046
2047
2048
2049
2050
2051
2052
2053
2054
2055
2056
2057
2058
2059
2060
2061
2062
2063
2064
2065
2066
2067
2068
2069
2070
2071
2072
2073
2074
2075
2076
2077
2078
2079
2080
2081
2082
2083
2084
2085
2086
2087
2088
2089
2090
2091
2092
2093
2094
2095
2096
2097
2098
2099
2100
2101
2102
2103
2104
2105
2106
2107
2108
2109
2110
2111
2112
2113
2114
2115
2116
2117
2118
2119
2120
2121
2122
2123
2124
2125
2126
2127
2128
2129
2130
2131
2132
2133
2134
2135
2136
2137
2138
2139
2140
2141
2142
2143
2144
2145
2146
2147
2148
2149
2150
2151
2152
2153
2154
2155
2156
2157
2158
2159
2160
2161
2162
2163
2164
2165
2166
2167
2168
2169
2170
2171
2172
2173
2174
2175
2176
2177
2178
2179
2180
2181
2182
2183
2184
2185
2186
2187
2188
2189
2190
2191
2192
2193
2194
2195
2196
2197
2198
2199
2200
2201
2202
2203
2204
2205
2206
2207
2208
2209
2210
2211
2212
2213
2214
2215
2216
2217
2218
2219
2220
2221
2222
2223
2224
2225
2226
2227
2228
2229
2230
2231
2232
2233
2234
2235
2236
2237
2238
2239
2240
2241
2242
2243
2244
2245
2246
2247
2248
2249
2250
2251
2252
2253
2254
2255
2256
2257
2258
2259
2260
2261
2262
2263
2264
2265
2266
2267
2268
2269
2270
2271
2272
2273
2274
2275
2276
2277
2278
2279
2280
2281
2282
2283
2284
2285
2286
2287
2288
2289
2290
2291
2292
2293
2294
2295
2296
2297
2298
2299
2300
2301
2302
2303
2304
2305
2306
2307
2308
2309
2310
2311
2312
2313
2314
2315
2316
2317
2318
2319
2320
2321
2322
2323
2324
2325
2326
2327
2328
2329
2330
2331
2332
2333
2334
2335
2336
2337
2338
2339
2340
2341
2342
2343
2344
2345
2346
2347
2348
2349
2350
2351
2352
2353
2354
2355
2356
2357
2358
2359
2360
2361
2362
2363
2364
2365
2366
2367
2368
2369
2370
2371
2372
2373
2374
2375
2376
2377
2378
2379
2380
2381
2382
2383
2384
2385
2386
2387
2388
2389
2390
2391
2392
2393
2394
2395
2396
2397
2398
2399
2400
2401
2402
2403
2404
2405
2406
2407
2408
2409
2410
2411
2412
2413
2414
2415
2416
2417
2418
2419
2420
2421
2422
2423
2424
2425
2426
2427
2428
2429
2430
2431
2432
2433
2434
2435
2436
2437
2438
2439
2440
2441
2442
2443
2444
2445
2446
2447
2448
2449
2450
2451
2452
2453
2454
2455
2456
2457
2458
2459
2460
2461
2462
2463
2464
2465
2466
2467
2468
2469
2470
2471
2472
2473
2474
2475
2476
2477
2478
2479
2480
2481
2482
2483
2484
2485
2486
2487
2488
2489
2490
2491
2492
2493
2494
2495
2496
2497
2498
2499
2500
2501
2502
2503
2504
2505
2506
2507
2508
2509
2510
2511
2512
2513
2514
2515
2516
2517
2518
2519
2520
2521
2522
2523
2524
2525
2526
2527
2528
2529
2530
2531
2532
2533
2534
2535
2536
2537
2538
2539
2540
2541
2542
2543
2544
2545
2546
2547
2548
2549
2550
2551
2552
2553
2554
2555
2556
2557
2558
2559
2560
2561
2562
2563
2564
2565
2566
2567
2568
2569
2570
2571
2572
2573
2574
2575
2576
2577
2578
2579
2580
2581
2582
2583
2584
2585
2586
2587
2588
2589
2590
2591
2592
2593
2594
2595
2596
2597
2598
2599
2600
2601
2602
2603
2604
2605
2606
2607
2608
2609
2610
2611
2612
2613
2614
2615
2616
2617
2618
2619
2620
2621
2622
2623
2624
2625
2626
2627
2628
2629
2630
2631
2632
2633
2634
2635
2636
2637
2638
2639
2640
2641
2642
2643
2644
2645
2646
2647
2648
2649
2650
2651
2652
2653
2654
2655
2656
2657
2658
2659
2660
2661
2662
2663
2664
2665
2666
2667
2668
2669
2670
2671
2672
2673
2674
2675
2676
2677
2678
2679
2680
2681
2682
2683
2684
2685
2686
2687
2688
2689
2690
2691
2692
2693
2694
2695
2696
2697
2698
2699
2700
2701
2702
2703
2704
2705
2706
2707
2708
2709
2710
2711
2712
2713
2714
2715
2716
2717
2718
2719
2720
2721
2722
2723
2724
2725
2726
2727
2728
2729
2730
2731
2732
2733
2734
2735
2736
2737
2738
2739
2740
2741
2742
2743
2744
2745
2746
2747
2748
2749
2750
2751
2752
2753
2754
2755
2756
2757
2758
2759
2760
2761
2762
2763
2764
2765
2766
2767
2768
2769
2770
2771
2772
2773
2774
2775
2776
2777
2778
2779
2780
2781
2782
2783
2784
2785
2786
2787
2788
2789
2790
2791
2792
2793
2794
2795
2796
2797
2798
2799
2800
2801
2802
2803
2804
2805
2806
2807
2808
2809
2810
2811
2812
2813
2814
2815
2816
2817
2818
2819
2820
2821
2822
2823
2824
2825
2826
2827
2828
2829
2830
2831
2832
2833
2834
2835
2836
2837
2838
2839
2840
2841
2842
2843
2844
2845
2846
2847
2848
2849
2850
2851
2852
2853
2854
2855
2856
2857
2858
2859
2860
2861
2862
2863
2864
2865
2866
2867
2868
2869
2870
2871
2872
2873
2874
2875
2876
2877
2878
2879
2880
2881
2882
2883
2884
2885
2886
2887
2888
2889
2890
2891
2892
2893
2894
2895
2896
2897
2898
2899
2900
2901
2902
2903
2904
2905
2906
2907
2908
2909
2910
2911
2912
2913
2914
2915
2916
2917
2918
2919
2920
2921
2922
2923
2924
2925
2926
2927
2928
2929
2930
2931
2932
2933
2934
2935
2936
2937
2938
2939
2940
2941
2942
2943
2944
2945
2946
2947
2948
2949
2950
2951
2952
2953
2954
2955
2956
2957
2958
2959
2960
2961
2962
2963
2964
2965
2966
2967
2968
2969
2970
2971
2972
2973
2974
2975
2976
2977
2978
2979
2980
2981
2982
2983
2984
2985
2986
2987
2988
2989
2990
2991
2992
2993
2994
2995
2996
2997
2998
2999
3000
3001
3002
3003
3004
3005
3006
3007
3008
3009
3010
3011
3012
3013
3014
3015
3016
3017
3018
3019
3020
3021
3022
3023
3024
3025
3026
3027
3028
3029
3030
3031
3032
3033
3034
3035
3036
3037
3038
3039
3040
3041
3042
3043
3044
3045
3046
3047
3048
3049
3050
3051
3052
3053
3054
3055
3056
3057
3058
3059
3060
3061
3062
3063
3064
3065
3066
3067
3068
3069
3070
3071
3072
3073
3074
3075
3076
3077
3078
3079
3080
3081
3082
3083
3084
3085
3086
3087
3088
3089
3090
3091
3092
3093
3094
3095
3096
3097
3098
3099
3100
3101
3102
3103
3104
3105
3106
3107
3108
3109
3110
3111
3112
3113
3114
3115
3116
3117
3118
3119
3120
3121
3122
3123
3124
3125
3126
3127
3128
3129
3130
3131
3132
3133
3134
3135
3136
3137
3138
3139
3140
3141
3142
3143
3144
3145
3146
3147
3148
3149
3150
3151
3152
3153
3154
3155
3156
3157
3158
3159
3160
3161
3162
3163
3164
3165
3166
3167
3168
3169
3170
3171
3172
3173
3174
3175
3176
3177
3178
3179
3180
3181
3182
3183
3184
3185
3186
3187
3188
3189
3190
3191
3192
3193
3194
3195
3196
3197
3198
3199
3200
3201
3202
3203
3204
3205
3206
3207
3208
3209
3210
3211
3212
3213
3214
3215
3216
3217
3218
3219
3220
3221
3222
3223
3224
3225
3226
3227
3228
3229
3230
3231
3232
3233
3234
3235
3236
3237
3238
3239
3240
3241
3242
3243
3244
3245
3246
3247
3248
3249
3250
3251
3252
3253
3254
3255
3256
3257
3258
3259
3260
3261
3262
3263
3264
3265
3266
3267
3268
3269
3270
3271
3272
3273
3274
3275
3276
3277
3278
3279
3280
3281
3282
3283
3284
3285
3286
3287
3288
3289
3290
3291
3292
3293
3294
3295
3296
3297
3298
3299
3300
3301
3302
3303
3304
3305
3306
3307
3308
3309
3310
3311
3312
3313
3314
3315
3316
3317
3318
3319
3320
3321
3322
3323
3324
3325
3326
3327
3328
3329
3330
3331
3332
3333
3334
3335
3336
3337
3338
3339
3340
3341
3342
3343
3344
3345
3346
3347
3348
3349
3350
3351
3352
3353
3354
3355
3356
3357
3358
3359
3360
3361
3362
3363
3364
3365
3366
3367
3368
3369
3370
3371
3372
3373
3374
3375
3376
3377
3378
3379
3380
3381
3382
3383
3384
3385
3386
3387
3388
3389
3390
3391
3392
3393
3394
3395
3396
3397
3398
3399
3400
3401
3402
3403
3404
3405
3406
3407
3408
3409
3410
3411
3412
3413
3414
3415
3416
3417
3418
3419
3420
3421
3422
3423
3424
3425
3426
3427
3428
3429
3430
3431
3432
3433
3434
3435
3436
3437
3438
3439
3440
3441
3442
3443
3444
3445
3446
3447
3448
3449
3450
3451
3452
3453
3454
3455
3456
3457
3458
3459
3460
3461
3462
3463
3464
3465
3466
3467
3468
3469
3470
3471
3472
3473
3474
3475
3476
3477
3478
3479
3480
3481
3482
3483
3484
3485
3486
3487
3488
3489
3490
3491
3492
3493
3494
3495
3496
3497
3498
3499
3500
3501
3502
3503
3504
3505
3506
3507
3508
3509
3510
3511
3512
3513
3514
3515
3516
3517
3518
3519
3520
3521
3522
3523
3524
3525
3526
3527
3528
3529
3530
3531
3532
3533
3534
3535
3536
3537
3538
3539
3540
3541
3542
3543
3544
3545
3546
3547
3548
3549
3550
3551
3552
3553
3554
3555
3556
3557
3558
3559
3560
3561
3562
3563
3564
3565
3566
3567
3568
3569
3570
3571
3572
3573
3574
3575
3576
3577
3578
3579
3580
3581
3582
3583
3584
3585
3586
3587
3588
3589
3590
3591
3592
3593
3594
3595
3596
3597
3598
3599
3600
3601
3602
3603
3604
3605
3606
3607
3608
3609
3610
3611
3612
3613
3614
3615
3616
3617
3618
3619
3620
3621
3622
3623
3624
3625
3626
3627
3628
3629
3630
3631
3632
3633
3634
3635
3636
3637
3638
3639
3640
3641
3642
3643
3644
3645
3646
3647
3648
3649
3650
3651
3652
3653
3654
3655
3656
3657
3658
3659
3660
3661
3662
3663
3664
3665
3666
3667
3668
3669
3670
3671
3672
3673
3674
3675
3676
3677
3678
3679
3680
3681
3682
3683
3684
3685
3686
3687
3688
3689
3690
3691
3692
3693
3694
3695
3696
3697
3698
3699
3700
3701
3702
3703
3704
3705
3706
3707
3708
3709
3710
3711
3712
3713
3714
3715
3716
3717
3718
3719
3720
3721
3722
3723
3724
3725
3726
3727
3728
3729
3730
3731
3732
3733
3734
3735
3736
3737
3738
3739
3740
3741
3742
3743
3744
3745
3746
3747
3748
3749
3750
3751
3752
3753
3754
3755
3756
3757
3758
3759
3760
3761
3762
3763
3764
3765
3766
3767
3768
3769
3770
3771
3772
3773
3774
3775
3776
3777
3778
3779
3780
3781
3782
3783
3784
3785
3786
3787
3788
3789
3790
3791
3792
3793
3794
3795
3796
3797
3798
3799
3800
3801
3802
3803
3804
3805
3806
3807
3808
3809
3810
3811
3812
3813
3814
3815
3816
3817
3818
3819
3820
3821
3822
3823
3824
3825
3826
3827
3828
3829
3830
3831
3832
3833
3834
3835
3836
3837
3838
3839
3840
3841
3842
3843
3844
3845
3846
3847
3848
3849
3850
3851
3852
3853
3854
3855
3856
3857
3858
3859
3860
3861
3862
3863
3864
3865
3866
3867
3868
3869
3870
3871
3872
3873
3874
3875
3876
3877
3878
3879
3880
3881
3882
3883
3884
3885
3886
3887
3888
3889
3890
3891
3892
3893
3894
3895
3896
3897
3898
3899
3900
3901
3902
3903
3904
3905
3906
3907
3908
3909
3910
3911
3912
3913
3914
3915
3916
3917
3918
3919
3920
3921
3922
3923
3924
3925
3926
3927
3928
3929
3930
3931
3932
3933
3934
3935
3936
3937
3938
3939
3940
3941
3942
3943
3944
3945
3946
3947
3948
3949
3950
3951
3952
3953
3954
3955
3956
3957
3958
3959
3960
3961
3962
3963
3964
3965
3966
3967
3968
3969
3970
3971
3972
3973
3974
3975
3976
3977
3978
3979
3980
3981
3982
3983
3984
3985
3986
3987
3988
3989
3990
3991
3992
3993
3994
3995
3996
3997
3998
3999
4000
4001
4002
4003
4004
4005
4006
4007
4008
4009
4010
4011
4012
4013
4014
4015
4016
4017
4018
4019
4020
4021
4022
4023
4024
4025
4026
4027
4028
4029
4030
4031
4032
4033
4034
4035
4036
4037
4038
4039
4040
4041
4042
4043
4044
4045
4046
4047
4048
4049
4050
4051
4052
4053
4054
4055
4056
4057
4058
4059
4060
4061
4062
4063
4064
4065
4066
4067
4068
4069
4070
4071
4072
4073
4074
4075
4076
4077
4078
4079
4080
4081
4082
4083
4084
4085
4086
4087
4088
4089
4090
4091
4092
4093
4094
4095
4096
4097
4098
4099
4100
4101
4102
4103
4104
4105
4106
4107
4108
4109
4110
4111
4112
4113
4114
4115
4116
4117
4118
4119
4120
4121
4122
4123
4124
4125
4126
4127
4128
4129
4130
4131
4132
4133
4134
4135
4136
4137
4138
4139
4140
4141
4142
4143
4144
4145
4146
4147
4148
4149
4150
4151
4152
4153
4154
4155
4156
4157
4158
4159
4160
4161
4162
4163
4164
4165
4166
4167
4168
4169
4170
4171
4172
4173
4174
4175
4176
4177
4178
4179
4180
4181
4182
4183
4184
4185
4186
4187
4188
4189
4190
4191
4192
4193
4194
4195
4196
4197
4198
4199
4200
4201
4202
4203
4204
4205
4206
4207
4208
4209
4210
4211
4212
4213
4214
4215
4216
4217
4218
4219
4220
4221
4222
4223
4224
4225
4226
4227
4228
4229
4230
4231
4232
4233
4234
4235
4236
4237
4238
4239
4240
4241
4242
4243
4244
4245
4246
4247
4248
4249
4250
4251
4252
4253
4254
4255
4256
4257
4258
4259
4260
4261
4262
4263
4264
4265
4266
4267
4268
4269
4270
4271
4272
4273
4274
4275
4276
4277
4278
4279
4280
4281
4282
4283
4284
4285
4286
4287
4288
4289
4290
4291
4292
4293
4294
4295
4296
4297
4298
4299
4300
4301
4302
4303
4304
4305
4306
4307
4308
4309
4310
4311
16.93723603497892 1.075907586119866 7.228546097503072e-16
-11.61104867806773 -8.738629279288256 1.035532839925992e-15
-12.60212008363083 -1.077550209575286 2.878779118071255e-16
11.96398745901185 -14.84216826486764 2.124167356881849e-15
7.412867008200942 -25.38817723421349 3.025381929394062e-15
-1.655858708183434 -37.14141106126122 3.943290183033747e-15
-15.79529121198382 -21.15557410565255 2.122035669393562e-15
10.53324967606656 -16.92617289472509 2.29076003048441e-15
-0.6461354415070564 13.26847971206973 -8.133395644700633e-16
-12.00130153745852 -13.1892747757639 1.448976891806112e-15
11.60029325725674 11.44530843137869 -3.755552056975653e-16
-13.23439791907166 2.894279179163775 -1.023012887081316e-16
-17.3007157006304 -23.28085950177787 2.290925538939348e-15
-8.820134819785116 -39.27379974608993 3.99041949564158e-15
-20.38690709682207 -35.31611552703692 3.365004396962449e-15
-12.62243790885776 8.392196465174822 -6.102219602255259e-16
17.43904420915922 -7.428704353833051 1.539884455492272e-15
1.405065103428731 -36.44611330955522 3.943606817525459e-15
3.876464028030336 24.2139815899354 -1.753040114539521e-15
1.773514900132054 14.05159339018903 -8.352216921987742e-16
13.36539747701774 29.79637812854625 -2.076908180369372e-15
7.889394093382517 -27.44978031832087 3.23111634539703e-15
8.613264118947411 -22.94479515577938 2.819739385581813e-15
-3.906063372281574 14.172265210474 -9.695428000034815e-16
4.086275337504793 20.30329493431755 -1.377797191844239e-15
0.7405662724948696 37.02216021013406 -3.03500618263263e-15
16.80443732284411 3.272457883640051 5.117650649409033e-16
16.3576193314246 23.01906902372492 -1.369731422124948e-15
-16.23549596373754 -39.73546856140975 3.873744784864559e-15
2.632560597676614 47.13890702832682 -3.953062327733863e-15
-4.399156476100808 -38.46104047035414 4.009027562079534e-15
3.666990408547469 29.05009975066022 -2.215999630291086e-15
-11.46075636032771 -10.92523235073648 1.246057951526227e-15
-22.81987813250802 -29.13841740374814 2.726766069502552e-15
-12.93765518580803 20.88536798799355 -1.801300005729155e-15
-12.62567680525451 -5.7848229376115 7.335820536594056e-16
7.287704111391108 -34.5356058314926 3.889780893585764e-15
12.15267744040444 16.78153973345941 -8.694382421038749e-16
9.179005566554894 41.29386026550738 -3.25735844894106e-15
-4.029726779607685 43.51678574054894 -3.753856706839403e-15
-5.909025856458594 17.13848779383131 -1.294053976177428e-15
-12.76012062062485 10.8608372008609 -8.472092876231813e-16
10.46322981301518 37.35658374974722 -2.856349203972222e-15
10.50534483320085 13.51778150546069 -5.957000671919828e-16
-14.30349341678612 14.66111549824045 -1.240839030214435e-15
2.220260897216888 35.32972423760092 -2.842561661169545e-15
3.49095112716192 32.29161482628216 -2.527079468694239e-15
11.86216725325956 31.76782307413063 -2.296309851786992e-15
3.659759736264053 17.99045726934119 -1.167785708923356e-15
-13.92107415030011 -14.86655064977575 1.566434089595259e-15
5.641172652383164 46.1716896013142 -3.796283650727938e-15
14.0455755718923 10.28781526396511 -2.12927930118867e-16
11.15254377014699 33.75286132761515 -2.499829733300851e-15
-5.546404862163845 19.62524345823937 -1.521933980738538e-15
17.9926495610225 -2.013347798518805 1.038527365207504e-15
-11.26998643210776 -40.0067787689634 4.006895808420671e-15
-1.860292677625708 47.34491192382695 -4.069796596536376e-15
-1.790708323744879 37.46825623018226 -3.132058908910036e-15
-19.95159778569051 -23.29078759359544 2.234512639327829e-15
10.39200282400986 -19.32926383225883 2.515498863538902e-15
-9.174126334353055 24.22610868907707 -2.036549895222835e-15
8.611663191428516 -33.01413745489156 3.774202152438375e-15
3.679736180575972 -36.24100467361148 3.973378445837796e-15
15.00931117603667 18.28017585950839 -9.496919858735162e-16
15.70181039693536 -12.84612680311618 2.015828604608904e-15
16.84367963200881 25.55877739431056 -1.599960231662901e-15
-7.074814165404836 39.44212626677203 -3.433492804769374e-15
-15.61880152710204 -19.03028214254921 1.924392583189078e-15
-23.86369837313527 -26.94209940495731 2.4959878470794e-15
17.64357501182893 9.207378561852511 -3.266504378100776e-17
-4.725553978546333 22.28960260162874 -1.756735270894125e-15
-12.71352812510926 -3.214126794874953 4.879987894675954e-16
3.109047226768765 16.11401511436987 -1.001828317882705e-15
-13.39694041696101 5.800676610773771 -3.813224980138865e-16
9.00353185888914 -29.40814434580046 3.440859710451583e-15
-13.53487244069401 12.759748576036 -1.043974098204657e-15
-12.78953997130222 21.67751037266128 -1.873184511526552e-15
-12.19733039745977 21.13417334048492 -1.808867335338894e-15
-12.36660075542927 20.35215652470871 -1.738400365676247e-15
-11.5969216807482 20.58829594054333 -1.744131956343944e-15
-11.78098421581091 19.78487827112467 -1.671956388685131e-15
-10.97521383473681 20.02664276833525 -1.677440329466377e-15
-11.1659248190207 19.19146042829081 -1.602397556206803e-15
-10.33799842441294 19.44699970110108 -1.608707877891449e-15
-10.53298390265364 18.58373782539148 -1.53109585945259e-15
-11.38990494479685 18.33211277161372 -1.525783899067515e-15
-10.73901435825799 17.70117304943312 -1.451893039374725e-15
-10.14961009507469 20.30297988742937 -1.685772382040322e-15
-9.688725716738503 18.84338524508246 -1.537442250657945e-15
-12.78867971240106 0.9218335856940731 9.431509693997109e-17
7.65401282282207 45.96604888982363 -3.733241020858504e-15
-23.32995863337353 -31.54981304017691 2.944312106706066e-15
15.37844492848202 28.94650202033182 -1.952792428388208e-15
-11.6280613121874 17.45407084418778 -1.447704881226823e-15
-10.95490901884587 16.80636410226903 -1.371742984743342e-15
-10.06452130588147 17.06888712403491 -1.377363911108862e-15
-10.27872958480123 16.15744512703161 -1.295600683049103e-15
3.450721536317944 26.27536525619707 -1.957654965070888e-15
-11.43566307712904 21.38477999956232 -1.816143651993816e-15
-14.60397313489112 19.03268303430035 -1.661731655921001e-15
-6.234090884685516 -39.18354993936629 4.03781567834191e-15
-23.42293545685485 -23.87898772684102 2.215164321180019e-15
18.10281228415042 5.552845715172293 3.236929726670613e-16
3.773476721968361 22.21710167241828 -1.565979233677076e-15
-9.375372248733623 16.42772139369272 -1.301675949892143e-15
-9.592207917015129 15.50120413517293 -1.218540546914695e-15
-10.50787259846327 15.23251443238079 -1.212881953821763e-15
-9.815999867366624 14.56715047124719 -1.134841254637409e-15
-8.889344885304274 14.83987122979743 -1.140644177127345e-15
-9.113042816409735 13.89435552482309 -1.055856335966496e-15
-8.177302843218103 14.17259652151128 -1.061985973999853e-15
-8.403907033044122 13.21875022818229 -9.764713354331923e-16
-9.340486937247721 12.94457076016961 -9.707448721602711e-16
-8.630533992830252 12.26346934122944 -8.908212009005848e-16
-7.687260889108838 12.54146000641455 -8.967641239470632e-16
-7.913949779208788 11.58332183557444 -8.108444804506049e-16
-7.024085591785973 11.87566511653137 -8.19303468490844e-16
-7.204715386891708 10.90422038329097 -7.311259373499738e-16
-6.215556338016921 11.32710078545559 -7.498105302992854e-16
-6.474742848291657 10.24152452559361 -6.525138335924929e-16
-5.528409490706052 10.498469632247 -6.56395585946861e-16
-5.755862907947368 9.540270875994837 -5.704867405836849e-16
-4.807270223282972 9.816761629938274 -5.761723899063099e-16
-5.034826338178065 8.85496831391011 -4.899250294425588e-16
-4.086275733107886 9.133591610718826 -4.958137381075825e-16
-4.316648757654368 8.168521399673356 -4.093166989591285e-16
-3.36558889321991 8.450079112801097 -4.154292781877535e-16
-3.594392097906936 7.486571275489023 -3.290463758989733e-16
-2.644297691408331 7.766806909763453 -3.350545205372553e-16
-2.874706061791019 6.801816164760451 -2.485657789040541e-16
-1.923337376718468 7.083250483582455 -2.546599796991175e-16
-2.152391550964261 6.119634177279542 -1.682722253035302e-16
-1.2020981987587 6.400244931804461 -1.74311624147625e-16
-1.433317488650062 5.434061609089708 -8.772738008612175e-17
-0.4812849413836923 5.716541611277618 -9.390634054338342e-17
-0.7125569287772998 4.750283323454656 -7.316130510933765e-18
0.2396958503068749 5.033043418744825 -1.351687677744585e-17
0.00847047134811818 4.06687118613344 7.306618428426731e-17
0.9607061013224064 4.349677441764666 6.68606913318982e-17
0.7295189567712044 3.383607742018395 1.534348602871423e-16
1.681705761914313 3.666388353002926 1.472307418878397e-16
1.450531124986487 2.70037487255379 2.337998522920992e-16
0.4983197292841567 2.417551096902869 2.400075303380178e-16
1.219373119988476 1.734220883957408 3.203826416502199e-16
0.2669894959513524 1.451332007488691 3.265927644594735e-16
0.9882086642061646 0.7679073539323023 4.069804147597177e-16
1.94080821837469 1.050695905549031 4.007844738122143e-16
1.709516854673484 0.08438856696434993 4.873789142631564e-16
0.7598431472539893 -0.1973041377746178 4.935342803179786e-16
1.480158592511998 -0.8821818308108006 5.740401149703404e-16
2.431284167146469 -0.5992532802548579 5.677990124276503e-16
2.200028075781493 -1.565703569793559 6.544077666925161e-16
1.251533163221258 -1.84788680591119 6.606351356010498e-16
1.97061053527041 -2.532443197563429 7.410837265860791e-16
2.921478428612104 -2.249317870731438 7.348183959963637e-16
2.690204237811624 -3.215839042523901 8.214334777660331e-16
1.738858212868839 -3.499198025492413 8.277106124189905e-16
2.458815495803327 -4.1825269659 9.08061887913868e-16
1.507371738864861 -4.465951722005433 9.143431428503038e-16
2.227549354420196 -5.149432542538336 9.947135825079321e-16
1.275873865472625 -5.432907642021894 1.000994595903382e-15
1.996692856711413 -6.116682127749719 1.081406749486653e-15
2.949184372117884 -5.833160021779634 1.075138935633768e-15
1.042958703657454 -6.399793396871811 1.08760873363281e-15
1.765190062485676 -7.084051602504684 1.16809729793121e-15
0.811082178575613 -7.367220768871089 1.174296684324208e-15
1.533314551866917 -8.051620405402481 1.254798677149604e-15
0.5792731450654545 -8.334948145079149 1.261014533378441e-15
1.301715372586076 -9.019519232861988 1.341537318852559e-15
0.3475375096090945 -9.302927104492456 1.347757818642605e-15
1.070097794750369 -9.987547866357575 1.428287867117013e-15
0.1158081249977401 -10.27104498274988 1.434514407603445e-15
0.8385563302251637 -10.95587263941865 1.515068133943771e-15
-0.1159207992953268 -11.23938192946328 1.521291772554476e-15
0.6068468758893664 -11.92422696632296 1.601847567653785e-15
-0.3476754748416924 -12.20776057716004 1.608072533293484e-15
0.3751279835543904 -12.89262438413948 1.688630881857138e-15
-0.579388347915212 -13.17616693934063 1.694856825586483e-15
0.1434234964822285 -13.86105985210685 1.775418114596347e-15
-0.8111439540988412 -14.14460821794933 1.781643503126599e-15
-0.08829854876495036 -14.82953078013563 1.862208328795359e-15
-1.042892487027964 -15.11308399356773 1.868433603757681e-15
0.3259918861005677 -5.713749892293253 1.007064839179902e-15
-0.3200291340136379 -15.79801530450361 1.948999647054438e-15
-1.274624766676612 -16.08157566023169 1.955225562392606e-15
-0.5517713700046145 -16.76649099285965 2.03578987565313e-15
-1.506338391325532 -17.0500455364763 2.042015859076989e-15
-0.7835144100911506 -17.73493788073293 2.122577356786869e-15
-1.738049418857707 -18.01848374280967 2.128803209884345e-15
-1.01523820051955 -18.70335578489394 2.209362506966289e-15
-1.969760058938673 -18.98689158455924 2.215587690741903e-15
-1.246937764511898 -19.67178106756949 2.296148880731826e-15
-2.201451318447205 -19.9555214356112 2.302393635714835e-15
-1.480772020378923 -20.63970821382992 2.382841849128051e-15
-2.433246981994734 -20.92383421840759 2.389167266151009e-15
-1.713363075954887 -21.60800900266155 2.469597133668456e-15
-2.664748363606859 -21.89164700647074 2.475899867903438e-15
-1.94303108095892 -22.57609834114646 2.556395616913029e-15
-2.895724743930211 -22.85919992828321 2.562619195136392e-15
-2.173647344496764 -23.54313233957793 2.643073545560724e-15
-3.126871743758128 -23.82638293064244 2.649299765313349e-15
-2.404808214773163 -24.51030932033824 2.729753244837174e-15
-3.358180319321248 -24.79364105875156 2.735983961019023e-15
-3.386586539477296 -21.20768293325663 2.395447691966834e-15
-2.381917740913904 5.162179138760931 -8.24787248871602e-17
1.912887110283279 4.63238024037036 6.066382355175342e-17
-2.636060391615111 -25.47757716877653 2.816439582189027e-15
-3.589418183183582 -25.76080640370482 2.822660891489708e-15
-4.311244484801637 -25.07694587916839 2.742218788092858e-15
-4.542610689793317 -26.04394863108463 2.82887752920923e-15
2.024648754308955 -9.704543678456634 1.422113705738275e-15
-5.26435386294076 -25.36010495442234 2.748438821415898e-15
-5.495748739959065 -26.32708589536947 2.835094874674747e-15
-0.6068359055060348 -9.586274447978839 1.35396834989206e-15
-2.867502756594478 -26.44483617767805 2.903120966743427e-15
-6.217510733748272 -25.64320024052892 2.754651780467963e-15
-6.448910440220164 -26.6102232488038 2.841311716901757e-15
-2.46088439668773 -17.3336119249638 2.048243420002414e-15
0.1710597714207456 -17.45142275406686 2.11635526470806e-15
-7.170934125002884 -25.92649771101208 2.760878138679562e-15
-7.402431081896174 -26.8937447397198 2.847557206461483e-15
-6.680296636956796 -27.57726311989574 2.927973544097122e-15
-7.633733978802309 -27.86088569844257 2.934230418258944e-15
-6.9116746163236 -28.54453829144436 3.014657853783603e-15
-7.8649490847533 -28.82761374177689 3.020866388233503e-15
-8.586544077534628 -28.14436402684208 2.940487189518144e-15
-8.817636560066259 -29.11042703940163 3.027062772669136e-15
-1.533993372158542 -13.45967848213907 1.701077910633992e-15
1.329619554438045 -12.60903165259829 1.682399646075118e-15
2.633796152206155 3.94916210934896 1.410251872419989e-16
2.865006087404693 4.915037458389372 5.446993435637651e-17
3.585796432423616 4.231940192960876 1.348172727987725e-16
3.642473629575548 -2.93281563296043 8.152081307291931e-16
-4.545424913271531 7.212028271145549 -3.235981527184566e-16
3.816953272699861 5.197643585995057 4.827717128829879e-17
4.537664579899221 4.514661350159299 1.286118957482804e-16
-1.913937534941597 -26.1616097041103 2.896904407118777e-15
-2.145389979521683 -27.12917169597602 2.98361429408355e-15
-9.538513257428013 -28.42742731274092 2.946722811859613e-15
-9.769096603878822 -29.39282761656095 3.033246590816755e-15
-10.48959183401863 -28.71056106538348 2.952984382847526e-15
-10.72026443578999 -29.67510550231662 3.039425100992425e-15
-0.5286759437159416 -20.35274423549426 2.37623921619553e-15
-8.096515231473489 -29.79405245175534 3.107467336541893e-15
-11.44033737043713 -28.99306085580559 2.959193064614549e-15
-11.67079613342888 -29.95755592700355 3.04563372983889e-15
-12.39073338692234 -29.27595184941288 2.965446391631662e-15
-12.62115946808889 -30.24011003993756 3.051855830217144e-15
-13.34055435534248 -29.55831138355815 2.971661781952428e-15
-1.192324256008103 -26.84573165899299 2.977366683212433e-15
-1.423181672256808 -27.81365800692087 3.064123982298823e-15
4.768753241186426 5.480242281911012 4.208192753176766e-17
5.48937927130341 4.797316237319349 1.224094804476915e-16
-11.90163835946928 -30.9220559650785 3.132066569348076e-15
-12.85207062807602 -31.20447965632668 3.138274815295614e-15
-11.21126123243798 -28.02746614202652 2.872618247374667e-15
-0.4699038352516878 -27.53017052082901 3.057876462860791e-15
-6.939353735030719 -24.95925785308821 2.674201555776726e-15
4.048181774994032 6.163189685789368 -3.824646954755171e-17
4.999927983850609 6.445738372095036 -4.443813590537944e-17
-0.7008371956426789 -28.49848009583183 3.144668445858275e-15
-12.13240709655887 -31.88674575720782 3.218518986098495e-15
-13.08338108826354 -32.1691347366508 3.224712221006323e-15
0.2547030078609183 -28.21384701832507 3.13836128118286e-15
0.4832035873778793 -27.24146443272267 3.051130572412636e-15
4.279432726922228 7.128579753226514 -1.247548339811902e-16
5.230950347637642 7.411124802029653 -1.309511012231898e-16
0.02214720720942065 -29.18333260419605 3.225229638280433e-15
-0.9317901645720488 -29.46238003704421 3.231042004715654e-15
0.978124263351039 -28.89854891789685 3.218917648696942e-15
-12.36311219260223 -32.85161704907402 3.304989984575862e-15
-13.31413700718275 -33.13405140830558 3.311186421549436e-15
-14.03457099402462 -32.45153938863075 3.23090227007433e-15
-14.26538453819603 -33.4165851729668 3.317387462752397e-15
-14.98553264163901 -32.73395507382298 3.237098303559485e-15
-6.705452446493348 9.26609821683056 -5.650423968444716e-16
-0.9706317291077868 7.365768288819893 -2.608279605213596e-16
5.258343916129405 3.831768689025593 2.089374374866398e-16
6.210040167006817 4.114415202599044 2.027354169627377e-16
5.97913035281718 3.149051522260486 2.892486608939295e-16
6.930702814046732 3.431566685724941 2.83056413075234e-16
6.699791289931175 2.466186409034909 3.695711932192274e-16
7.651393139220063 2.748719234110951 3.633779070482493e-16
7.420514220413414 1.783300582588002 4.498970302784199e-16
8.372937287753796 2.066698664572463 4.436394920302195e-16
8.141471121909269 1.10032441399376 5.302364932438306e-16
8.584547695640328 3.012252422509673 3.585865202604479e-16
9.094518579009502 1.384635601975718 5.239059086455978e-16
8.862432276428599 0.4169930945281419 6.106097138402724e-16
9.814442926691385 0.6994964046513805 6.044280702076034e-16
9.583486299292884 -0.2667200294529204 6.910211358965212e-16
10.53603754045515 0.01647957550773027 6.847851849130315e-16
10.30476005271308 -0.9500778237823342 7.714036294431216e-16
10.7679782949488 0.9846184394962871 5.980311798245039e-16
0.7452016948599436 -29.86851073696353 3.305823213772453e-15
1.700353217951975 -29.58483135793429 3.29959804307183e-15
4.510570258153168 8.093855855179507 -2.112548492996712e-16
5.462011652296374 8.376289466711587 -2.174422023565774e-16
6.182325404331319 7.693668717403242 -1.371503455141582e-16
11.25738275585476 -0.6667743689136607 7.651593804132305e-16
11.02593833852566 -1.633434011368521 8.517839051626599e-16
10.07373739899392 -1.91624403976483 8.579905063007607e-16
10.79475106992713 -2.599411388503366 9.383493199495477e-16
9.842593865462398 -2.882235553437824 9.445582073684585e-16
10.56361320293364 -3.565427429722954 1.024919468643135e-15
9.611735037998507 -3.848349850624104 1.031143707232713e-15
10.33252149076841 -4.531567862357473 1.111502407298513e-15
9.38087556617624 -4.814553954439904 1.117737706144203e-15
10.10141167488782 -5.497750800609631 1.198088983475861e-15
9.149649076229196 -5.780718190269123 1.204319985134376e-15
9.870213510199143 -6.463926235673704 1.284672936908888e-15
8.917907410722195 -6.746750581231197 1.290878619983817e-15
9.638909359941405 -7.43007429984887 1.37125200270421e-15
8.686575494348464 -7.712866997627419 1.377454085066647e-15
11.51577406718794 -3.282557428299165 1.018706315454661e-15
9.407691259853708 -8.396215984029478 1.457832325490344e-15
8.455302664727334 -8.679025512397414 1.46403481914688e-15
10.35991363650475 -8.113373640067557 1.451623124890972e-15
-13.54495504729119 -34.09937219803346 3.397697585383005e-15
9.176646951580581 -9.362974793160285 1.544474907177257e-15
8.224128093954832 -9.645409012840268 1.550639006076053e-15
6.413363022090063 8.658760826351127 -2.236350813988585e-16
7.133605648848087 7.97613217145274 -1.433440140200513e-16
5.693149304285189 9.341324424555896 -3.039193564268187e-16
-7.892786055134515 -25.24253680798387 2.680425965667858e-15
-7.658145109670498 -24.27364307763107 2.593658825809603e-15
-8.613919267156099 -24.55802243629444 2.599936878073606e-15
-8.379858778614411 -23.59055592566274 2.513292469176441e-15
-9.336144317053542 -23.87438707905314 2.519507491585368e-15
-9.101804842444794 -22.90751938790619 2.432925882333377e-15
-10.05689216245299 -23.1929205608086 2.439315655142002e-15
-9.825264742764652 -22.2258784639296 2.352658836015232e-15
-8.869895345325258 -21.94072380037201 2.346298533402427e-15
-9.591818119693871 -21.25646115605288 2.265816224827993e-15
-8.640120340412572 -20.97227182642921 2.259467990093106e-15
-9.362008213137665 -20.28767993501101 2.178955226512434e-15
-8.408988158404167 -20.00405904683221 2.172689484235873e-15
-9.128996436470766 -19.31983183392204 2.092251955988031e-15
-8.177006446832268 -19.03591180879623 2.085935571491029e-15
-8.897141835776385 -18.35158005058887 2.005485382992576e-15
-7.945218430830853 -18.06755039993626 1.999157166211297e-15
1.468249145658233 -30.55418202675859 3.386463384568401e-15
2.423504735221321 -30.27043191398776 3.380233760408109e-15
-14.4966344628624 -34.38194970776853 3.403893429111183e-15
-1.219870284053107 -23.25984408654801 2.636855713016798e-15
-11.41179650439707 -32.56801716318093 3.298689357789593e-15
2.655344533308417 -29.30122992779074 3.293376795109613e-15
3.378845620494765 -29.98657752158852 3.373996096771288e-15
-9.848388029809701 -18.64563978263413 2.012779027554821e-15
7.502820442510042 -8.961866854557986 1.47023830281118e-15
7.271631977104722 -9.928225996493202 1.556839880116498e-15
7.992858003527596 -10.61171835281101 1.637234096507965e-15
7.040368147131876 -10.89470128157641 1.643450836338589e-15
7.761758345824494 -11.57832814943929 1.72386135540767e-15
6.808894919079799 -11.86140341976096 1.730078766017797e-15
-13.77588558283664 -35.06504943699631 3.484240103973969e-15
-8.665357314375127 -17.38319315594633 1.918704486245096e-15
-7.713344679741275 -17.09912744153809 1.912374781450332e-15
6.644281853152966 9.623682221834992 -3.101062049873887e-16
5.924242445823801 10.30615231649008 -3.903778452367834e-16
7.530695343568148 -12.54533607762191 1.810527147234694e-15
6.577316607499538 -12.82857678817975 1.816749091186727e-15
3.147021235156818 -30.95595088608319 3.460869640902179e-15
-8.422898119364373 -16.41725486652526 1.832386654048008e-15
-7.479775433046338 -16.13100127822269 1.82565721405353e-15
-8.189039333255565 -15.44913587807759 1.74567603119697e-15
-7.247197781026316 -15.16249190917267 1.738881867690881e-15
7.911006288064077 0.1343545471888479 6.168168265765693e-16
8.1979129124311 -6.06344739528123 1.210528980631752e-15
-10.54487135383554 -21.55267026814041 2.273274517548545e-15
-7.969841980337803 -14.47733864757925 1.658299526722474e-15
-7.017321421079225 -14.19313797291914 1.651968018083497e-15
4.102506750958927 -30.67199321078322 3.454625316028515e-15
-7.740456466620083 -13.50776120715884 1.571353870751808e-15
-6.786022261816722 -13.22389003839198 1.565095000066952e-15
-7.499048489258897 -12.54081748930296 1.484917987596459e-15
-6.552560362041608 -12.25492116351286 1.478295227456346e-15
-7.265273648788892 -11.57182229575773 1.398122490904127e-15
-6.319914249446259 -11.28556007743496 1.391440625969394e-15
-7.042930244718385 -10.59992948706963 1.310804993737306e-15
-6.088956018666867 -10.3152050130121 1.304455284154717e-15
-6.812641592757507 -9.629803202557479 1.223826851639059e-15
-5.857374907783879 -9.345386521199584 1.217534281882319e-15
-6.580904153761801 -8.660113702980897 1.136921459140791e-15
-5.62546057924405 -8.37586345848549 1.130648493488675e-15
-6.348880627179527 -7.690614676091965 1.050040311750558e-15
-5.393491564729736 -7.406410567279278 1.043770539998533e-15
-6.116784395098195 -6.721318015214978 9.631799201690174e-16
-5.161494837842511 -6.437198316505585 9.569159969791602e-16
-5.884721272081014 -5.752065302714175 8.763229782190076e-16
-4.929552617503376 -5.468007465557841 8.700623032073853e-16
-5.652711641262076 -4.782905008921364 7.894736395151441e-16
-4.69745666689724 -4.499310179856529 7.832587217640435e-16
-5.420695595603338 -3.813807186921572 7.026303614545373e-16
-6.376005275278866 -4.097498768885238 7.088532670535746e-16
-6.143916995378799 -3.128378694877997 6.220094425181961e-16
-5.188703590704932 -2.844742682971741 6.15789721551218e-16
-5.911781573209232 -2.159369496535981 5.351771481179785e-16
-4.95668239122587 -1.875966486356832 5.289770426488584e-16
-5.679651015106669 -1.190579962464128 4.483655709891823e-16
-6.634870954148191 -1.473698262052269 4.545360753721525e-16
-6.402537374971917 -0.5050419171962519 3.677415160998998e-16
-5.447608806421889 -0.2218628797791081 3.615589501911541e-16
-6.170390251917139 0.4635117439231933 2.809526563372702e-16
-7.125374967559098 0.1803464251901064 2.871327070302736e-16
-6.893166261295539 1.148999882123993 2.003357197833134e-16
-7.072280466593318 -7.005047335545158 9.694023703395913e-16
-5.215655519677345 0.7469506315531729 2.747412647884397e-16
8.891416219213735 -3.165397566243791 9.508203137525895e-16
7.299459592056898 -13.51268665304806 1.897221681854079e-15
6.345750363937448 -13.79605138105588 1.903448231254792e-15
-7.848290292570516 0.8658016691807251 2.065158743904106e-16
-7.61603926754762 1.834661979247626 1.197001946338043e-16
7.068105043905513 -14.48032303971312 1.983940738952014e-15
6.114104410106309 -14.76387658810153 1.990178882294222e-15
6.836682445866751 -15.44838896881555 2.070699041105375e-15
5.882457140286157 -15.73195187566906 2.076933210600999e-15
6.605210583787949 -16.41666792787845 2.157476471018012e-15
5.650736505246274 -16.70030597282973 2.163712380629355e-15
6.373610487976849 -17.38515403157856 2.244270762231798e-15
5.419043932842216 -17.66879971865157 2.250505395451499e-15
6.14194092427029 -18.35367888122002 2.331067223272557e-15
5.187406665019199 -18.63730472857788 2.337300674585411e-15
4.927973917240194 -16.015402938533 2.083151197877454e-15
-14.72802569441485 -35.34770852096382 3.490433712785832e-15
-14.00710335938813 -36.0309489044301 3.570797473446557e-15
-13.05494769907468 -35.74818713682983 3.564594467413472e-15
3.610461322450037 -29.01735874069645 3.287132690959311e-15
3.873020208152585 -31.63901630763051 3.541326653722933e-15
3.559060972360697 7.811394280201944 -2.050663144113746e-16
5.910239680925486 -19.32215433291347 2.41785831634694e-15
4.95577623976179 -19.60575366587664 2.424090786503336e-15
6.550199585633519 -9.244747978652187 1.476442558027028e-15
-7.222994994842797 -18.75242222398998 2.079703725472491e-15
-4.438097394680895 -7.120619686592497 1.037350464795078e-15
-6.294861553162537 -14.87841087660118 1.732557712055096e-15
-5.365710243859111 -10.99808788559053 1.38483542501517e-15
5.855526435951372 -12.1443655361054 1.736274523178702e-15
6.875184409870653 10.58844998109927 -3.965631171344483e-16
6.15524139829582 11.27080132412022 -4.768214150269364e-16
5.20431422548087 10.98858555964953 -4.706435866218177e-16
5.435338191849157 11.95319997700777 -5.570833363199574e-16
6.386215775552773 12.23530880299542 -5.632521006677139e-16
-3.134791062783203 9.415616116903282 -5.019613747596355e-16
-8.857429948627313 11.31059168909387 -8.054046947804674e-16
8.475041636338599 -12.23544206939944 1.80158324816753e-15
-8.571243848088667 1.551402914941377 1.258843747399226e-16
-8.338914819805685 2.520310157184163 3.906593383290771e-17
-7.383827797296322 2.803493183322721 3.288641810491164e-17
-8.106492724836627 3.489005062766641 -4.773036559247243e-17
5.6785766580328 -20.29054252695352 2.504641964987323e-15
4.72415130426419 -20.57409036774426 2.510870378127696e-15
4.001385055162282 -19.8893534261951 2.43032486049979e-15
3.769815977607639 -20.8576500050211 2.517101857296017e-15
4.492519824199304 -21.54231008119574 2.597638738538972e-15
3.538271360714173 -21.82584795343457 2.603870033902434e-15
4.260906486473848 -22.51047642305138 2.684402432251484e-15
3.306720392144171 -22.79397443252875 2.690631298334821e-15
4.029350013513247 -23.47856419244561 2.771159908205426e-15
-10.28957512133491 -24.15765784283634 2.525731157817124e-15
3.075165402625341 -23.76206248656819 2.777388833366453e-15
3.798537982297528 -24.4458798866189 2.857860303882192e-15
-13.11050995985479 -28.5948341233912 2.885308632326178e-15
-14.0592996873858 -28.87684782637526 2.891513552213735e-15
-13.82958314821732 -27.91459492397922 2.805269368992953e-15
-14.77723920156519 -28.19626146046564 2.811465908095825e-15
-14.54736925463584 -27.23491375185785 2.72531084949468e-15
-15.49457333642111 -27.5162283957298 2.731483810617611e-15
-15.72493614453698 -28.47742918896946 2.817614279298413e-15
-16.4422175307044 -27.79723616783421 2.737618160425864e-15
-16.67287920392955 -28.75877377387643 2.823774090218281e-15
-17.39037867640425 -28.07834928961417 2.743751311917863e-15
-17.62109224404605 -29.04026748327572 2.829942195756503e-15
-18.33874355204314 -28.35943552124958 2.74987750656349e-15
-18.56956051785103 -29.3215028088003 2.836080286269769e-15
-18.10781518854726 -27.39781684581682 2.663719662069397e-15
-19.05619752773691 -27.67874339298107 2.66983034199806e-15
-13.60041830810347 -26.95307564711631 2.719082791456231e-15
-14.29006706757921 -26.28056491670661 2.640412750109903e-15
-4.233726211898343 -2.561066363375497 6.095610731072702e-16
-4.001824204793973 -1.592697765596449 5.22784452663425e-16
-3.279127144917938 -2.277516412997195 6.033362184217456e-16
-7.099367038917388 -3.411956972851069 6.282185708695996e-16
7.595173773233766 9.90613957796865 -3.163076971746185e-16
10.82210423191748 -6.181403735920936 1.278486879492249e-15
3.87382203627519 -1.96636247924296 7.286011022798286e-16
2.921871553887271 -31.91750855013008 3.547146728507157e-15
-3.847116314592193 -23.14297819940708 2.568935089712618e-15
11.9785130075629 -1.350686858574067 8.455913500998128e-16
7.158439897688154 4.390785251058392 1.970570348883757e-16
-11.01300189104862 -23.48571470767646 2.446384105254341e-15
-4.774002333025368 -27.01092380496778 2.915533105759698e-15
-9.351568062828914 -16.68851438514597 1.838007466715096e-15
-0.9405495470285082 3.786092225995467 7.914907736829344e-17
6.469861364438344 1.500064185052782 4.561775420395168e-16
0.7896939886380018 -3.776299097423844 8.334417495383474e-16
0.5143684299609736 -30.83625084183062 3.392563380961178e-15
-2.377463784032183 -28.09248831696704 3.069908308404039e-15
-8.080525142730117 -0.102715536051651 2.932993803631464e-16
12.20997151844657 -0.3836340311691684 7.589298593199517e-16
12.93157795702923 -1.067899836992477 8.394056233969307e-16
13.16315021482213 -0.1001913453728789 7.526844416218979e-16
-15.44885396183875 -34.66450538176505 3.410075517829371e-15
-15.68028874942154 -35.63031568683357 3.496619740173271e-15
-7.91734900493808 -21.65594897342671 2.33991315727019e-15
4.595084780828318 -2.649872373907793 8.089977756006471e-16
-2.924323627061433 -19.2704141449775 2.221810717113508e-15
-17.8514461382717 -30.00313330797008 2.916230689670807e-15
-18.80090910215723 -30.28494218045619 2.922401627157588e-15
-6.759044601739562 -16.81563480602813 1.90614889090862e-15
2.487904139118089 -7.768906880851605 1.248652904197333e-15
-1.997518487102187 -15.39662711314054 1.874657228215e-15
-3.974303827913594 -5.183261663500414 8.637381481191502e-16
-0.1410995559679189 -7.646766259051827 1.180194247474437e-15
-5.830513001974786 -12.93746145350027 1.558616965395651e-15
-1.070487416464731 -11.52286624489625 1.527511107622443e-15
0.634570075675835 -15.51445138076516 1.942773470887807e-15
-4.901825991441386 -9.058825523151199 1.211044553447312e-15
4.466755399206246 -17.95301090261512 2.256842920357463e-15
-18.08198983075038 -30.96695241746022 3.002605441324584e-15
-19.03254930884394 -31.2488390779797 3.008760028543919e-15
-18.31301185076467 -31.93145583423108 3.089034711118508e-15
5.391770909085226 -14.07928644805252 1.909656643196505e-15
-3.047307300435277 -1.309454354793328 5.165868779527987e-16
13.8850094629658 -0.7846113147273193 8.331802889764392e-16
13.65349809640752 -1.752350747580126 9.199057211778809e-16
5.6663701148948 12.91766326572527 -6.435085880180726e-16
6.61721553798442 13.19976796307654 -6.496776568236179e-16
-7.151591583560199 3.77218320075622 -5.391343965384921e-17
-7.874186608605918 4.45749321783127 -1.345095759293915e-16
-8.828914143883217 4.174546723801832 -1.283447038532708e-16
-8.596634170113258 5.142911863581086 -2.151128188861905e-16
4.826591891179921 -31.35702752563923 3.535227557684986e-15
-16.40131435093019 -34.9470342144877 3.416249850342878e-15
-16.63265975464658 -35.91298722911291 3.502809534365387e-15
6.633030438494136 -20.00701722879268 2.498416303752376e-15
-7.536536470247933 -8.943997888832715 1.143155641618068e-15
5.897380303821322 13.88215672869703 -7.299371702424986e-16
6.845544416716505 14.16513754642718 -7.362473009705562e-16
6.15295089061596 14.84131537293064 -8.153286676996123e-16
7.054412462108832 15.135921393029 -8.237512273630509e-16
-13.28585452874598 -36.7143110322956 3.651179838554825e-15
-12.33372862237704 -36.43130716445025 3.644953239500719e-15
7.949690075638761 -14.22704080976114 1.979005316452247e-15
5.057861336369307 -30.38782754142095 3.448358442106305e-15
-9.551577442659374 4.859988487428682 -2.089548058624703e-16
-9.319189088200895 5.828597918493878 -2.957437329544431e-16
4.484393145258917 11.67096894041869 -5.509044469474408e-16
-4.570047910478547 10.76452222513154 -6.608804185738854e-16
4.596696042259443 -32.32418370386831 3.621932654813301e-15
-9.294431288429026 2.237100729881103 4.52386607725808e-17
-9.526918134916293 1.267765467435714 1.320942602275503e-16
6.384028447514698 15.80725086609751 -9.018924859060696e-16
7.285452999394218 16.10241761111341 -9.10368998995534e-16
6.606142167334003 16.77636610341403 -9.88951659745925e-16
7.542089171811219 17.06374323832332 -9.959428552115816e-16
6.840190657244009 17.74354165369267 -1.075568747405025e-15
7.758150349675371 18.03557970655881 -1.083390932845287e-15
7.104857166877379 18.70396736114118 -1.160883555111676e-15
7.993016106544213 19.00332112837733 -1.170043978600766e-15
7.342719976943227 19.67105053748937 -1.247409360477451e-15
8.2468407269885 19.9668957963876 -1.255891857087106e-15
7.527760441162145 20.65086135669321 -1.336284504776248e-15
8.474559934755955 20.93648078498967 -1.342874280463785e-15
7.751152165100049 21.62143376549104 -1.42345415677171e-15
8.704408578973183 21.90500883158777 -1.429710441638067e-15
9.427507038631724 21.22137137345894 -1.349261959065253e-15
9.658228600707144 22.18883148311724 -1.435978001610508e-15
8.935596499630405 22.87328045398309 -1.516493319395648e-15
9.890503781228851 23.15707664528251 -1.522734847379956e-15
9.16751371367555 23.84145001747394 -1.603250743881441e-15
10.12311348657257 24.1254422151657 -1.609495869170505e-15
9.399465717916208 24.80975447031544 -1.690020202141876e-15
10.61316578506828 22.47300713097999 -1.44225485223296e-15
10.3546441691392 25.0932893365239 -1.696231091509155e-15
9.631285252152413 25.77826875474635 -1.776812416945296e-15
8.676273755535178 25.49467341177028 -1.77059218263859e-15
8.908234177755194 26.46369731997504 -1.857429657689814e-15
10.58603809306708 26.06142162181449 -1.782996304114602e-15
11.30931216443018 25.37669657668608 -1.702440927026284e-15
7.952799315985418 26.1799748933599 -1.851206536668628e-15
8.184969490459089 27.14938481722149 -1.938076064919186e-15
9.140351299798755 27.43276088338561 -1.944267501425106e-15
8.417231059367824 28.11888087529529 -2.024951780647305e-15
8.212844360747944 23.55781765262773 -1.597019597622506e-15
8.962504526893522 19.28321949151202 -1.175600547096776e-15
9.372711448050454 28.40171614132047 -2.031089820550111e-15
8.649556726948887 29.08858720089886 -2.111846041317753e-15
11.5405499904397 26.34443961634778 -1.789172619399964e-15
12.26310232554178 25.65983583629559 -1.708644352678451e-15
7.693459290099748 28.8049685378912 -2.105647091655982e-15
7.925819336735903 29.77501077504636 -2.192572450378929e-15
7.229242656548574 26.86573813870035 -1.931866441300414e-15
7.825993324566226 10.87077587764265 -4.027539438375118e-16
6.99710972717161 25.89602736617832 -1.844967589046685e-15
-16.22919771845219 -26.8548688904308 2.652897736501569e-15
8.176119357078809 16.32663810292642 -9.12353106843789e-16
-4.290614231067399 36.78823819868935 -3.121685862804797e-15
-7.140205427558223 25.02466930618633 -2.068241848409886e-15
0.4708472961178094 5.999230048457707 -1.001029021796409e-16
5.027994861692429 2.866164257083697 2.954856353438931e-16
4.826400175687128 -1.683449049946783 7.223928605480773e-16
2.352558285467178 -23.0774964972175 2.696862963662586e-15
2.121005497532825 -24.04555735188898 2.783617968033175e-15
3.047026823932717 -20.17297395158583 2.436561615841041e-15
-2.324844745237518 -1.994181193734354 5.971248672633173e-16
-7.641891009851621 5.425940850519691 -2.212851726061103e-16
-18.82530082521643 -26.71732074857413 2.58369039474969e-15
-19.77384868284467 -26.99773867360036 2.58974928002385e-15
9.654570988690484 39.48985158880604 -3.076062838606984e-15
17.19951160100302 20.84654045486391 -1.145577134751444e-15
14.60718870247442 -1.469069241044908 9.136866576392366e-16
14.37555623609266 -2.436727983689854 1.000401820925986e-15
5.781706295384428 -31.07331743305631 3.528998672474472e-15
8.545851804232719 10.188608513645 -3.225149146804819e-16
12.48617244184729 26.61836813783151 -1.794679651918798e-15
13.20658916110112 25.93207347025925 -1.7140373076639e-15
12.98344001792852 24.97385167385141 -1.628033151769598e-15
-8.385294807049835 -12.83722831095112 1.493840823270553e-15
-18.2818518985841 -38.95331839233562 3.755328282738894e-15
7.048460121061087 -18.07272753801104 2.324048449454518e-15
-8.906609394409998 -14.7380127618244 1.662741727791899e-15
5.236528010113531 -22.22109411857928 2.678079552648328e-15
-13.36619773073576 -25.99325322600414 2.633166448016989e-15
-14.05432720547644 -25.3357161074422 2.555948662663662e-15
-15.95554340808488 -29.43914080657556 2.903787881267441e-15
5.547665076253065 -2.366945908373452 8.02788344779334e-16
5.316406864644248 -3.33333520218721 8.893912712381249e-16
-19.70811624342438 -30.57654457366506 2.930415155622331e-15
-19.97601527445222 -31.53232277434215 3.015219476627354e-15
6.969400033913728 29.49133710177793 -2.186375249995224e-15
7.201800637238251 30.46160997774664 -2.273321594054075e-15
8.158424427182734 30.7453748363514 -2.27952301387064e-15
7.434361778223285 31.43206964983863 -2.360282171607061e-15
8.391182280585319 31.71580873027627 -2.366476891814126e-15
7.66693202309459 32.40256364680123 -2.447245805927826e-15
17.3363961225416 -9.797465714581106 1.762204220553181e-15
-7.999799052428501 -10.93674493464469 1.322029906525454e-15
-14.23844197564065 -36.99717137855967 3.657382847042061e-15
-13.51684743723777 -37.68076722362193 3.737794846441732e-15
-14.4729922360951 -41.35963797734077 4.06583696051573e-15
-15.46405102971716 -16.97678271077165 1.733084540189668e-15
-10.74435495105182 14.29678651764381 -1.129298522503187e-15
19.52134004282384 -5.783611178530558 1.428994256997057e-15
-6.768151550373008 12.84941339150657 -9.060700888299324e-16
4.95512113750083 13.65592056485727 -7.28878244668022e-16
14.11655711708946 0.1831546668210509 7.464531252709183e-16
13.39466065546419 0.8674446729185989 6.659687923048519e-16
-11.84448508959716 16.5488710084382 -1.366581296914324e-15
-9.308557704603023 -27.46075942035056 2.860065292274404e-15
-6.429072671857059 3.08686566117334 2.668176292389751e-17
-6.197099976418412 4.055074370979449 -6.007817195072129e-17
-5.474780771208263 3.370197697620519 2.04709190335349e-17
-2.556517568303129 -2.962177324942898 6.838711392812213e-16
2.88758162688375 -28.33171022790125 3.206498308772478e-15
3.842059730968439 -28.04827180628633 3.200281409037785e-15
3.11937453337568 -27.36275630512053 3.119663843469385e-15
4.071729038297889 -27.0767313458409 3.113155813740354e-15
3.790248263826825 8.776583519322061 -2.915570191875402e-16
2.838771387223656 8.494261234741922 -2.853809867748183e-16
3.070010965095418 9.459302630843375 -3.718565458930326e-16
2.118449013732289 9.177062704206277 -3.656901610518814e-16
2.349621752247639 10.14215338941927 -4.52171838528931e-16
1.398048968873737 9.859814296866764 -4.459962878693253e-16
1.629154366004515 10.82503338210614 -5.324915936826953e-16
0.6776890568204288 10.54262491144245 -5.263071412112625e-16
-12.1029576669884 -35.46546201403677 3.558391351528128e-15
-11.38203950768964 -36.14834236911442 3.638720893878471e-15
-11.15124852945124 -35.18274546159699 3.552182970663487e-15
-10.43033844099368 -35.8655632566864 3.632506408181385e-15
-10.19930686260206 -34.89979634314793 3.545957575264503e-15
-9.478160169519739 -35.5828800036353 3.626311333944042e-15
-9.247035332679847 -34.61621510789871 3.539679396837355e-15
-8.525564120546942 -35.30013646307007 3.62011958386561e-15
-8.294297349342562 -34.33287768720677 3.533434422286167e-15
-7.572421032967714 -35.01716306663709 3.613917880820202e-15
-7.34096748858319 -34.04971468176294 3.527218786733162e-15
-6.618737252004293 -34.7341464425697 3.607723778467091e-15
-6.387149763083444 -33.76622736653063 3.520982964421593e-15
-5.664575297746643 -34.45097685892085 3.601525522375182e-15
-5.432855603553283 -33.48273685952206 3.514757147594711e-15
-4.710010005529973 -34.16766569756707 3.595322572336349e-15
-4.478299188087532 -33.19911492056006 3.508524546136062e-15
-3.755176616022635 -33.88421237860543 3.589111947337431e-15
-5.201234093796823 -32.51431073873005 3.427969005614685e-15
-4.246732101665518 -32.23054676482429 3.421721762825399e-15
-4.969793929560486 -31.54588890950036 3.341177346883247e-15
-8.062948686193558 -33.36470026156569 3.446663951463237e-15
-4.015207213533071 -31.26203065006169 3.33492299961034e-15
-3.292164283078266 -31.94683138551876 3.415480550645604e-15
-7.804042717712076 -35.98441943314743 3.700595135165775e-15
-3.987007750455244 -34.85327140051174 3.67595554814897e-15
-3.031466326220257 -34.56973467935987 3.669752336165841e-15
-5.911169896615119 -35.37048891485626 3.683353026326965e-15
-6.70782040257204 -23.99202247203266 2.587524379119217e-15
6.781489213281177 -8.278224232889219 1.389827566253291e-15
5.829640808506688 -8.561351442432722 1.396071861140968e-15
6.060256095686913 -7.5945129889206 1.309412447546652e-15
11.77111292146779 27.31094152522165 -1.875801263879194e-15
-0.9632145306467708 -25.87814276118979 2.890603559117277e-15
-7.331472547141986 -4.381347509021733 7.150876604211856e-16
-8.055097566451003 -3.695530576742963 6.344211876522806e-16
-8.287219689130575 -4.66534312393939 7.213299211862572e-16
-9.011029981857629 -3.979380669419293 6.406456454684615e-16
-9.243260888152912 -4.949339019459655 7.275658463852899e-16
-8.778816467445685 -3.00946615962697 5.537292239875291e-16
5.600367825432352 -9.527992659937439 1.48274162010524e-15
-10.00014158542379 -30.35780532285046 3.119720322874152e-15
-20.00503356221073 -27.95993330400618 2.675956170757036e-15
6.710149177028502 32.11873600302918 -2.441041875862426e-15
6.942788222248799 33.0892197705137 -2.528003051954164e-15
7.899394546575538 33.37304013840992 -2.534210111514199e-15
7.175410170961748 34.05958730704928 -2.614953580129004e-15
8.165975550808785 34.35462753120321 -2.621489465093382e-15
7.41356416726184 35.03132690789546 -2.701914479225498e-15
6.452237032248012 34.74616068449315 -2.695681981364503e-15
6.68525097230968 35.71575318604062 -2.782550561036839e-15
5.728940596247123 35.43216002219405 -2.776358635616943e-15
5.961454231499149 36.40126649174074 -2.863191967640659e-15
6.916378832923782 36.68439181453989 -2.869369527642361e-15
6.193566934412022 37.36945373099777 -2.949946838093296e-15
5.239389109513704 37.08654571243913 -2.943773719765676e-15
5.471514537691551 38.05415409324848 -3.030473443499084e-15
4.517621418259631 37.77168868558346 -3.024336121496486e-15
4.749708402750224 38.73849153132832 -3.110960318366042e-15
5.703469186010445 39.0213460593941 -3.117137389237771e-15
4.98193273951895 39.70537214332136 -3.197588915157912e-15
4.028366198976867 39.42289463581528 -3.191443380379938e-15
4.260642302437224 40.38960562658463 -3.278054778349365e-15
3.279413485600836 40.11159809539372 -3.27293145950883e-15
3.534763630628449 41.07472962245077 -3.35870432561306e-15
2.549304081809293 40.80869874584082 -3.354807838294284e-15
4.49268145880124 41.35659969235449 -3.364698136230096e-15
2.811290478403247 41.76124357944005 -3.439433585277721e-15
1.86519302892132 41.47588564683417 -3.432853408101577e-15
2.095905230186473 42.44311071891294 -3.519547373392818e-15
1.143685269357272 42.16016654692356 -3.513328467999205e-15
1.375654800218671 43.12705903128923 -3.599963703136839e-15
0.9083055843364622 41.20546455147296 -3.427922580384983e-15
0.1901174388207139 41.87961080860843 -3.507365130298859e-15
2.328818236713081 43.40949920901397 -3.606114420820809e-15
-0.04099005054219518 40.91029401346464 -3.420481437881836e-15
-0.7622329571272068 41.59522286921592 -3.501012188758476e-15
-0.5303776329269922 42.56233495946451 -3.587670711825702e-15
1.60781680610353 44.09375192264752 -3.68657585401375e-15
5.936019083852917 39.9874326196164 -3.203683672153609e-15
-0.9931121071762732 40.62561766589086 -3.41409621712143e-15
-1.714669367881136 41.3121214571639 -3.494783061269161e-15
-1.941436483818324 40.32930796003705 -3.406526076164038e-15
-2.663632628654621 41.01845225321829 -3.487477042680658e-15
-2.892189079338958 40.04314488900457 -3.399970295863216e-15
2.562380321827229 44.37159526519364 -3.692260534668182e-15
0.6796480876503317 40.22700920448534 -3.340119614850409e-15
3.282609970606195 43.69095189138238 -3.612157937692974e-15
-4.741133957227412 -30.58035101654428 3.254598911741706e-15
-2.093187700965336 -1.026295568457001 5.103887289837982e-16
-2.81539109173342 -0.3416977077051745 4.298685730639261e-16
-5.924201734065285 -31.82984116279316 3.347444474959289e-15
17.16103525971484 5.14531665631494 3.419475234625445e-16
17.24780230086928 6.135530461834344 2.499600287444014e-16
16.34238648574342 5.668753330913808 2.746175527195095e-16
16.41676045868425 6.681628634264701 1.802137854086095e-16
15.51481344578957 6.208390860374031 2.055587797974412e-16
15.57007859920707 7.196781103252314 1.130625758379199e-16
14.68177504503358 6.743424211921482 1.368182005160098e-16
14.62737172293957 5.75576806873679 2.292634638105844e-16
13.79778589801222 6.297234385154102 1.599877874793646e-16
13.74256156036104 5.308076418219253 2.525576489487632e-16
12.91316241137027 5.850508947264397 1.831944218636056e-16
12.83789733464419 4.900456627326573 2.716237662856261e-16
12.02506361053204 5.410039522466922 2.057328423053732e-16
12.08317819241478 6.394366310794872 1.136834727897554e-16
11.19818059177275 5.947497829904123 1.368955723042125e-16
11.25423437404679 6.936086381498781 4.439763281194462e-17
13.61125172503063 4.282325293133926 3.469500925953331e-16
10.36904234774647 6.489311673792988 6.759663677998517e-17
11.97313911242797 4.413568491834102 2.990673215726952e-16
12.13903651872405 7.383218585735808 2.115630547112618e-17
11.30965928612132 7.925894178660229 -4.822948805026538e-17
6.245120183557566 30.17774842866736 -2.267112234679067e-15
-5.242896338404988 4.338449791122323 -6.629503792142006e-17
-4.5207265525102 3.653221325061839 1.428416753773945e-17
4.796467837029214 -27.76396969192219 3.19398112330576e-15
-10.64052250277325 -36.82769040640155 3.719161272164475e-15
9.609235496562821 29.38579912218112 -2.119256043863981e-15
14.32175292425725 1.123017544558072 6.618008207061116e-16
7.147849930408864 37.65257824641495 -2.956138203220824e-15
-3.614345421070068 40.73320439039455 -3.481007156015191e-15
-3.84888786784689 39.73322894151323 -3.391291573493377e-15
6.013155312711545 -30.10387467607071 3.442110429066184e-15
6.730196064540285 -30.78770136568963 3.522445785875381e-15
-12.54358962250359 17.23868623987284 -1.447096257338571e-15
-10.27430436915066 5.545518329453706 -2.895746336746706e-16
-10.04174042682383 6.514067052917143 -3.763540071581708e-16
-9.086996681928927 6.796883207028602 -3.825061732886416e-16
-9.809129774217643 7.482190883861158 -4.630920934329494e-16
-20.72325361553859 -27.27851010342384 2.595823131354212e-15
-20.49180922920889 -26.31539517483796 2.50953461796806e-15
7.536797651462781 -16.11577546212125 2.14910979371923e-15
-17.35355797098683 -35.22963039685909 3.422435257068919e-15
3.042502090522012 39.14470756220108 -3.186403330612121e-15
6.796068992298522 21.3380076131914 -1.417251511233025e-15
-9.734947100135466 -3.293313899078326 5.599491701423491e-16
-9.502662043582305 -2.323286523760693 4.730235977371299e-16
-10.50672601957954 4.577135544214076 -2.028079112764055e-16
-17.58514618370402 -36.19572916628922 3.509003504171443e-15
23.56065848355988 -9.604159030372809 1.878547230476352e-15
10.31365938169714 5.499244659130499 1.602492370351315e-16
9.470532478546518 6.046404941451353 9.014084352077375e-17
-4.1962203697474 24.23299208149462 -1.929501311451755e-15
8.381060234118262 35.37852948033681 -2.713894083333375e-15
7.498969022536762 13.48748074442953 -6.578731902709417e-16
-4.559744886903891 40.4259994922977 -3.472340950488608e-15
5.023194851248432 -26.7906205379393 3.106620418632508e-15
9.540104452949533 7.029147622957143 -1.510474581231721e-18
13.90158862790281 25.21984662840061 -1.631486712744823e-15
13.70021482858442 24.28507646747589 -1.547234466897704e-15
14.27202518276871 26.13103155417314 -1.709845445546721e-15
8.776665655348179 11.15302931364827 -4.089408569352358e-16
-15.9426179998577 16.40170091031845 -1.441297151831471e-15
-10.25047827220159 1.95387652153317 5.140131071312751e-17
28.43572215217948 -9.352098142128732 1.960129766742443e-15
-11.36540771834023 24.08139230581554 -2.070242047407238e-15
9.208629416954203 43.73697957976957 -3.488306724179684e-15
4.752125422665968 -24.16304838662127 2.851681665481355e-15
5.495960965802169 34.4626261868536 -2.689494874740118e-15
-16.86419729058559 -36.87931363379101 3.589400455999399e-15
6.267956983181567 26.58322814290445 -1.925884836646652e-15
-20.73174670959949 -30.78483989334664 2.928012890225923e-15
-20.91894850242356 -31.84291063135333 3.024259720121411e-15
15.32926655346989 -2.153605486381996 9.941982567284287e-16
15.09742713743765 -3.121074907722059 1.080890996263649e-15
14.14386827281371 -3.404136528583912 1.087092066639589e-15
14.83506288018619 -4.080896147328868 1.166198316114024e-15
15.71160015652782 -3.832499051447026 1.161616755006674e-15
13.90737799417537 -4.369885381299312 1.173521084071424e-15
14.59736880041621 -5.046185469258898 1.252557728282446e-15
13.67413152478768 -5.335965728252214 1.260051707119825e-15
14.37391417270273 -6.01450916316946 1.339512858159247e-15
13.44374400169215 -6.302460347559449 1.346683455697784e-15
14.13758679171281 -6.979498370121577 1.425873391349005e-15
13.21172885278446 -7.268362894803714 1.433223865308341e-15
13.89452032288335 -7.942658925828902 1.511914776556201e-15
12.97835291348621 -8.233832519950322 1.519693795366255e-15
13.69881890256737 -8.917140563794764 1.600054096299781e-15
12.7525355567574 -9.20110698703672 1.606498346905339e-15
13.47432072931709 -9.88475878499219 1.686919774741903e-15
12.52317541148177 -10.1676123938496 1.693153346218697e-15
13.24439729369163 -10.85114531147093 1.773551317851157e-15
12.29233757671346 -11.13384887260289 1.77975088216452e-15
13.01339585021175 -11.81731027560957 1.860138534944397e-15
14.20142930806967 -10.54162544630688 1.764917350701719e-15
12.05572522509254 -12.08204492029843 1.864513385442387e-15
11.33936845117224 -11.41341311991384 1.785633187498795e-15
11.1087261542821 -12.38240416131163 1.872496065747916e-15
14.60880047073162 -8.612468772593461 1.590861714868542e-15
-7.962027825610026 15.11834194461801 -1.146977827340217e-15
-20.20277154072793 -32.55516177736114 3.107270811356621e-15
15.38234941360271 -5.688235122756652 1.330402873014566e-15
5.708364818757626 -35.72882773857859 3.968718994624659e-15
6.504321472978381 -31.75859701027187 3.609592359298733e-15
22.47825301316685 -4.491387526753676 1.370476476288017e-15
3.516107849025758 44.65347699651901 -3.698346111297165e-15
4.23663388776243 43.97307017473483 -3.618259525023173e-15
-0.8623242607204755 37.84174055509914 -3.147376044418805e-15
6.034964267135897 25.61353105433691 -1.839005883717765e-15
-18.12883323370762 -23.8461350192972 2.32659237584176e-15
-17.30932251266979 -24.2632437868184 2.383861915047259e-15
-16.4606129839341 -23.79015041409315 2.357378772172864e-15
12.18472437320797 8.357753267632752 -7.023370893805367e-17
14.66719916624653 7.819903103225673 3.446079169981335e-17
-13.13574264470468 -25.03441235312202 2.547261678424971e-15
-13.87978463582989 -24.39193923720089 2.470262133318116e-15
-12.42337160109916 -25.7070502150458 2.6264353861248e-15
12.7524742186463 24.00742966271821 -1.541420797376208e-15
13.47399407797213 23.32391911810092 -1.461018499555885e-15
-10.44661663439325 1.022388204008259 1.354557356313875e-16
1.166572871845518 8.894990943308802 -3.595465148190887e-16
6.902630455274018 7.011095629676699 -5.686319488406251e-17
2.607142474929314 7.529238675483342 -1.989156368161476e-16
-1.602493826145601 -2.678744920934467 6.776449794772027e-16
-1.834044108937522 -3.646686946448038 7.64388773944215e-16
-14.75473951107664 -31.76920593238621 3.150640788716902e-15
5.778911135098846 -1.400563097584534 7.16185769927215e-16
5.057699024198485 -0.717088421180859 6.357935305314747e-16
6.268949451275848 -3.050418676281799 8.831819667577111e-16
6.037706902343484 -4.01678715286769 9.697832587757774e-16
5.085129070444268 -4.299753795216173 9.759965513552444e-16
5.80649592506848 -4.983243361675458 1.056393550222858e-15
5.110536091797185 -7.879373470745072 1.315867093220469e-15
-17.1183898936209 -34.26289410841839 3.335884031298567e-15
1.398417498215563 -23.3610084319708 2.703094130012423e-15
1.629955419880392 -22.39293712899228 2.61633781357751e-15
1.166866568281039 -24.329059115111 2.789848210398215e-15
1.892005803026692 -25.01558276434973 2.870614435876193e-15
-17.36278357741716 -31.64914803695925 3.08283303743767e-15
-8.854669680758393 7.764789624950627 -4.692297874865954e-16
-9.576771585080362 8.449763563958758 -5.497833970349989e-16
-1.861336465791452 -0.0630164651175209 4.240934555824915e-16
-2.585111513455918 0.6244729487240843 3.432651982390815e-16
25.3979452541449 -10.78663067796044 2.030387794706523e-15
15.54393067719137 -1.20411177929404 9.088378772587476e-16
-3.060618313126833 -30.97817049916582 3.32866852030244e-15
-2.337541850479935 -31.66283924747924 3.409214285452372e-15
-4.801514258264571 39.49185992162923 -3.389022471146984e-15
-18.04038334894468 -34.43137047379143 3.331906230613956e-15
6.012961030969034 29.20747105421976 -2.180160240213825e-15
13.62156931662299 1.829839735670427 5.796503826156894e-16
17.91052744007803 -6.577276849557403 1.469376501452267e-15
-20.94000851162269 -22.73587202530478 2.160525768793601e-15
-20.82307155745684 -23.78207800791602 2.26222820089243e-15
-19.85420590500634 -24.30895373864975 2.333134233454704e-15
17.15686269678209 28.34740382559679 -1.857524929281383e-15
-10.40359035937685 -2.620393672578677 4.816947828887621e-16
-10.20671336514632 -1.641914881933526 3.93201997843458e-16
-10.70910966586236 -3.581751361682416 5.662140516415593e-16
4.285613393591773 36.80453371772184 -2.937676837756045e-15
5.763426622152677 16.53953134605842 -9.847343598938017e-16
1.801955947431576 45.0133964047965 -3.769550827803344e-15
0.8804685136581885 44.77018405508473 -3.766433274887251e-15
1.118770375813257 45.74457499127365 -3.853642301299134e-15
0.1646706773573747 45.46088299169001 -3.847393177177057e-15
0.5288070854509854 46.44499468058707 -3.932801123758245e-15
-14.45005195914958 -37.94287902613292 3.742450415565824e-15
-13.7250452875763 -38.62311884042612 3.822618112959643e-15
-12.79130560595465 -38.36032760485145 3.817909717344961e-15
18.10501191157354 6.550452889424093 2.291749572377994e-16
6.122517079338964 18.52736535813047 -1.16539675574616e-15
-22.33710305299512 -33.80678120952679 3.179736843837451e-15
11.38583878686375 8.868889557539987 -1.359701035822122e-16
15.97237165864723 10.55377393611557 -1.964509851407712e-16
-10.94040830918476 6.204222004731504 -3.664264592678821e-16
0.9614831824883869 11.48803874652812 -6.097850954319215e-16
-0.004734603836812568 11.35211663890829 -6.178056229121638e-16
-0.2675149688813232 10.28125062651711 -5.219811022734227e-16
-0.9781138859123701 10.93810221664307 -5.996200495299832e-16
1.979117404235947 11.92462685556617 -6.291529914834432e-16
-21.4424263518076 -26.59633768581173 2.515598459773488e-15
-6.410410762422106 36.63856815371737 -3.153361811966749e-15
14.53086826241333 2.021098149324568 5.811939615076101e-16
12.77622903752751 -12.7233240371399 1.940890480681095e-15
-3.235336443435187 -35.58809126784959 3.761873932539632e-15
-2.273119532694063 -35.31089939997533 3.756416594227797e-15
-2.069604676005049 -34.29482505069313 3.664503650496836e-15
-1.342974492738871 -34.98083510940215 3.745253449375304e-15
-1.117251027478506 -34.0033307912333 3.657477153995798e-15
-0.4384500366228057 -34.67833194714766 3.736148568453422e-15
-0.1718662766767221 -33.71816730121085 3.650899988683899e-15
0.4961888565959214 -34.35247536244621 3.725481510456701e-15
0.7841282362914965 -33.43059154426447 3.644323709637555e-15
1.494475218249155 -34.07157504371091 3.720453031230028e-15
-3.427956521632002 26.22632665679095 -2.101832317226716e-15
12.72500726668808 27.50713211316759 -1.873760359730075e-15
11.97156786121289 28.23141714022115 -1.958718375292141e-15
-10.57477598174408 33.92373323469473 -2.986115474703269e-15
15.66458811344813 8.103503700065458 2.915693025800975e-17
9.496468161798258 10.47093271509384 -3.287097468328155e-16
9.230799077965504 9.514897629286059 -2.438328283265108e-16
14.44446096296931 24.57082167442309 -1.55821857346199e-15
-2.392419678642891 41.97621557395771 -3.572397838681618e-15
-12.58767803038232 35.05689921435403 -3.137081815498569e-15
-12.71131235934225 16.32425332987727 -1.364043760555111e-15
-13.37339853369132 16.924863971707 -1.435301878806682e-15
6.99842184747931 -29.79759346348317 3.434394338657647e-15
8.855814480898669 33.65701536595478 -2.540435883296882e-15
-13.0296033289736 -39.30045739356846 3.901871135957765e-15
9.688890905652517 11.39182429782171 -4.118400719808914e-16
-3.894460256040853 45.78626825330548 -3.9660598622273e-15
10.73544160164699 -21.19633702406174 2.699913844083076e-15
10.34575037566249 -31.03237570729747 3.623864542917219e-15
0.9211870062631302 48.77110568600939 -4.144809372282925e-15
10.51096337787782 14.50727307717993 -6.893748138748542e-16
10.69306172919686 15.53216764850951 -7.825872115230624e-16
11.00528733066539 35.81937570120357 -2.698905661948033e-15
20.47464789975731 -5.541699770371008 1.426688484435988e-15
19.8182685196207 -4.840270216690886 1.345996967920564e-15
18.85820079342057 -5.045370051426636 1.344667026746265e-15
-13.72648506358344 18.88262528920508 -1.628522144001178e-15
28.39463698696092 -11.67010559727453 2.178970410148041e-15
9.426266718178541 5.052416185315771 1.834057250325167e-16
14.19168225932961 -14.14022623641809 2.10582657137155e-15
-6.830583205655357 41.43658513258825 -3.617268266000616e-15
-3.130511458037539 39.10000975510992 -3.315724526730086e-15
-24.62836729433475 -25.31658028368012 2.32535670380805e-15
-16.49373586361295 -24.71773141940157 2.444589787110509e-15
16.9695644691814 -8.327865639048277 1.614960557691332e-15
16.44208206421239 -7.517117735929418 1.526695281163524e-15
-17.28030381528073 -25.20325803697656 2.473595991425071e-15
-13.39656425570564 23.4369325332331 -2.053097878020346e-15
5.789754028420734 -27.49258922903505 3.189746871544946e-15
9.638233861850914 13.98881342950876 -6.591109837725755e-16
13.06123237932325 10.20327101435578 -2.262108475282746e-16
-20.9785069644893 -28.21640562303534 2.6792059093038e-15
13.64144633872418 9.443927075542753 -1.416773871643326e-16
-1.221623497037871 9.980410699126372 -5.141066754782792e-16
12.52268826548868 23.04217363086726 -1.454893442051566e-15
13.24388029911312 22.35851573345568 -1.374484269079965e-15
14.15415150777788 22.61259155737319 -1.378874269318956e-15
13.9492960227731 21.66083260508479 -1.293086943815486e-15
13.0101554781596 21.38973660550075 -1.287708171556277e-15
13.73137185781173 20.70588667700339 -1.207280268745544e-15
12.78139008852166 20.425168747426 -1.201223969166148e-15
14.66564595378871 20.97949441114167 -1.213002424028042e-15
13.5029652854698 19.74133301021955 -1.120789648275919e-15
12.55044214781576 19.45842615486756 -1.114580839696166e-15
11.82849886810058 20.14222408378546 -1.195019540419407e-15
11.59726534592498 19.17500876388796 -1.10833777876647e-15
13.32234943972743 18.78079253130899 -1.033645456071875e-15
-8.84576414794175 -25.52527046307226 2.686608512846319e-15
12.95899462803554 -4.653854712202618 1.179920174639482e-15
11.80309391466051 -9.484299179157501 1.61280087393328e-15
3.348353019801912 -26.39163251260529 3.032562798660009e-15
23.80396437896805 16.59633286832122 -5.997968871289911e-16
-8.132136916119336 7.079265136626637 -3.886146680155934e-16
-4.752587895561383 2.685575268813642 1.009931763157256e-16
-3.79870387677731 2.968541562295862 9.480817723041935e-17
7.468414099995266 -31.45501232257109 3.601673764175153e-15
3.563977684679605 37.48875397280415 -3.01814891725527e-15
2.395749795921707 -26.67839347093112 3.03913521428699e-15
-8.619107482834881 8.727484473009966 -5.55389388189418e-16
12.67236699342903 1.550394647771654 5.856028903974007e-16
12.90363376429129 2.51693652810614 4.989856850783064e-16
11.95181339092637 2.23459422400534 5.051561833559021e-16
7.85316081017458 36.9719912545954 -2.876363730631966e-15
8.085294456241382 37.93982567261664 -2.963084703180727e-15
4.773358842125813 35.14887861466636 -2.770180498002294e-15
4.539872839697801 34.17932786299182 -2.68332608935815e-15
-4.029906824331312 1.999841203593236 1.816313708242805e-16
-3.076694689303477 2.284080806854022 1.753111348575643e-16
-5.965269218770464 5.024361307900334 -1.469433855319001e-16
-9.968325049924625 -33.93353931152166 3.45936120614207e-15
-12.91635607074892 -24.07478106042633 2.461042506685199e-15
-13.66268423586698 -23.41669120827363 2.382513149985624e-15
9.000836362339985 12.25793467505282 -5.088274017227854e-16
7.376601364661934 38.62084351698715 -3.042973194254856e-15
-0.8934695561897961 -33.03549217784378 3.57057507760808e-15
-0.06751933089719486 44.49412446607207 -3.760775410523548e-15
-0.7772701192686959 45.14403739305966 -3.83773827509562e-15
-1.01788009844498 44.20713328973105 -3.754132654590466e-15
-1.727921740087588 44.85507025388889 -3.830914505697406e-15
-1.96990703701233 43.92297394250388 -3.747794383590791e-15
6.400347649925317 -20.97195222769849 2.584850552175277e-15
7.347970546991561 -20.66530374904082 2.576285196756132e-15
7.247829580560095 -21.7188507371614 2.673986841782345e-15
15.18585631157576 0.4983638460393789 7.397088467257452e-16
2.144188638633473 5.598166077311699 -2.588096257172911e-17
3.278576236050686 -19.20464279280305 2.349780915648905e-15
2.324818466244739 -19.49042256776197 2.356235342974497e-15
2.557002289762956 -18.5249674601562 2.269740996667133e-15
9.11265516054031 31.02961196885638 -2.285820977418335e-15
9.347553937791524 31.99960004012366 -2.372686274106734e-15
7.566087665708507 -19.74021700087578 2.493313120559312e-15
8.297581987147131 -20.38058546945357 2.569841681912232e-15
2.092852202169789 -20.45693805803309 2.442834912606194e-15
3.355073974033306 3.266123677154642 2.213774956997436e-16
-5.032719788609062 -24.39329167470378 2.661803836401986e-15
12.26523396198078 -7.551969472405408 1.439629428322579e-15
5.986226004778439 32.80540786724553 -2.521795840488768e-15
5.753411573876801 31.83484918376728 -2.434831357541119e-15
-1.942478986700022 10.66044557884 -5.941651324012635e-16
-1.697733020626899 11.61135982656715 -6.790093230417906e-16
-2.66351399056615 11.34134115740532 -6.743090609951188e-16
-2.297351121673074 12.39211695637705 -7.659924162853543e-16
-0.5049236902742937 9.294683597296666 -4.335985506075928e-16
4.853857412738186 -5.266227790657796 1.062607215969651e-15
-5.958327991521402 -28.26127053060888 3.008432650916498e-15
10.25360896544128 4.517943183270353 2.519699464726875e-16
-0.4530264913815965 2.134454097676439 2.46259826681357e-16
6.764009582731217 24.92665240146637 -1.758121495321572e-15
5.807903610650262 24.64242410767065 -1.751864941943996e-15
6.533484801267888 23.95779102658026 -1.671268365933297e-15
5.577919493470859 23.67354052473129 -1.664998009685326e-15
10.38790199038599 -11.69838899066556 1.792060985142194e-15
10.15897505838786 -12.60714267803697 1.873250931676783e-15
10.61910024359833 -10.73155771146494 1.705414864566399e-15
-4.214559989087913 -35.83106300327818 3.76371950892155e-15
-3.495857267796778 -36.50929714998369 3.843560693081732e-15
-14.29020866975302 -29.84010148394301 2.977826799960644e-15
-8.519260375568422 -5.635174619239534 8.082422127968544e-16
-9.475401318612633 -5.919593935032939 8.145161169879149e-16
-10.23541949796008 -5.224841633607515 7.322152430245744e-16
-10.43792124789073 -6.202365040023526 8.204957686775155e-16
-9.708445365979054 -6.889970020267599 9.014583230642235e-16
-3.371604940840998 12.00470494540016 -7.525110533816465e-16
6.989866365372778 -3.733773302823971 9.635564395107132e-16
-8.546489825418309 -2.039878732499138 4.668462550752198e-16
0.6760002474397391 -22.6787398410119 2.622790144194911e-15
10.87526544145025 19.85841984986803 -1.188741034831507e-15
10.66156221214443 18.91013446616905 -1.103474405531014e-15
-9.753280643807988 0.3053282036497538 2.184284867073239e-16
6.00978129297232 -0.4339753999692082 6.295556404296078e-16
6.730865772639583 -1.117194262878951 7.099208692367788e-16
5.288602275443376 0.249293368208436 5.491836355767705e-16
4.336491577909724 -0.03364750655476423 5.554045924192994e-16
4.567445205916082 0.9326737752620528 4.688015230668403e-16
-4.796662915527766 42.44203149217362 -3.668571434364106e-15
-6.189557343012933 -29.22867662807549 3.095132587074576e-15
1.373355058155242 -19.77708741794428 2.36282330912645e-15
16.89916363095517 18.82649405256219 -9.605903063436443e-16
-4.29007154959036 4.621602942059674 -7.252066698749583e-17
7.220143635586963 -2.766514555655375 8.768498719860315e-16
-5.334454787063954 26.35020747455526 -2.154823933950752e-15
-10.84198689937651 0.085248942586444 2.157352816617588e-16
-7.224571866532882 14.44972291297957 -1.067642341605621e-15
0.9360834657066546 -25.29940921920933 2.876836871054002e-15
8.441307824883122 5.511708687544198 1.185578803263432e-16
16.18720996483336 -11.98293102908774 1.944506199067892e-15
-1.139507405086307 -0.7480238514062983 5.046443324844632e-16
0.2150411314699427 -24.62006914744615 2.796840234128011e-15
-10.49388457834919 8.206164870663512 -5.465345770654095e-16
-10.29836014235065 9.134740174846112 -6.303261531729318e-16
0.907899049761149 -21.71075429237032 2.536049764570717e-15
-12.69023738307791 -23.10882746841687 2.374369683643672e-15
-13.40055125726331 -22.42549550919016 2.29422676504314e-15
-14.35218776930142 -22.7058247015181 2.300210413558648e-15
-12.45257811529356 -22.13876636481795 2.287557189519428e-15
-13.16388877901317 -21.45715666257288 2.207555961480809e-15
-5.236572830614149 -28.94307365811357 3.088678189465872e-15
-16.40803854556067 18.2256898446536 -1.624267246577355e-15
-2.84216652214703 3.244762443161362 8.931999928114595e-17
-12.21959228826089 -21.17054354465958 2.200817837023029e-15
-12.93946465095303 -20.48714254289582 2.120461567976315e-15
-11.98914987454661 -20.2019404844722 2.113987411818429e-15
-12.70989852846487 -19.51819989065227 2.033579992736997e-15
-11.75569502599562 -19.23379007257441 2.027265070741982e-15
-12.4788915549366 -18.54923159678636 1.946727160859741e-15
-13.43355204130878 -18.83384504110174 1.953051497858752e-15
-13.19937597766573 -17.87562011302163 1.867285621571695e-15
-12.24712409440242 -17.5817887407661 1.860035382699482e-15
-12.95941536543243 -16.91028251166975 1.780970671167977e-15
-12.01433411120755 -16.61334344971523 1.773270704405022e-15
-11.2948338415859 -17.29563936806042 1.853514169372737e-15
-11.0427654167983 -16.3033580363408 1.764907119802439e-15
-11.77826862715171 -15.64965276061362 1.687027594520116e-15
-10.79892583356307 -15.25145327905793 1.670470183226886e-15
-0.7068089276847598 -35.67791949733855 3.825095734616181e-15
-9.162681577173949 17.34243892149699 -1.383782508148921e-15
-8.466347740027235 16.70234814806764 -1.308040996101353e-15
-8.287343198590499 17.6066494279826 -1.389888999977379e-15
1.236176059640796 -31.52359670207221 3.473335463808993e-15
20.22625706171951 7.140310095978921 2.191558386630952e-16
-7.017113494357066 15.40342307580477 -1.153557363570786e-15
-6.261278275596497 14.81038209878718 -1.080988454778671e-15
-0.9099461790420733 48.16812958243448 -4.127269871367001e-15
8.510585419610514 -19.3365593654004 2.475484416598676e-15
-9.816800706009284 -39.15478947122505 3.957574539058815e-15
-9.271564838924103 -38.37533625564378 3.895484901351015e-15
-8.270149771692385 -38.44577441140289 3.92382834125908e-15
21.98222493382413 -6.35687037996431 1.536578150991951e-15
5.322552559625153 29.89140002054641 -2.259929080854652e-15
-11.42594427362942 14.96855942311569 -1.207724251106524e-15
-11.63601667729552 14.06687208277341 -1.126796207582945e-15
-10.97202822677527 13.3553025770192 -1.04497887191436e-15
5.993807668230717 -26.47887513655843 3.09806931930174e-15
13.79933570748144 -12.5691692440561 1.948413525282618e-15
5.126428287788639 25.31340307964444 -1.8302129451861e-15
-6.196287204520633 18.01359384786648 -1.383222538549028e-15
-13.89604967000187 -20.75033127273687 2.124713365429992e-15
25.2569656841635 -8.762644627286923 1.835479034262874e-15
-19.67303502834106 -37.5475969366268 3.591977145219505e-15
-12.29026759673721 14.78357939262081 -1.20888988870646e-15
0.3624338433701819 13.19895742929311 -7.849281550207216e-16
9.670035032027435 14.99279028715796 -7.535923433065653e-16
-23.64945808575544 -32.52502576581076 3.029842256090981e-15
-21.20649921249974 -25.64535169561013 2.430556665941429e-15
-22.16144569326017 -25.91551010385449 2.435504587252293e-15
-22.03209799025674 -24.88248437687416 2.340380114088066e-15
-17.81408537630196 -37.15926988488137 3.595386581146637e-15
-17.09987684414667 -37.81684111650993 3.673171841951442e-15
-2.805383656066431 44.59714955353865 -3.829777348329446e-15
11.25914516750665 -15.48135433128103 2.169507515096639e-15
11.07376111506415 -14.44699632871481 2.067447272696987e-15
10.22654176157251 -15.19818381903647 2.120323873335936e-15
-18.50349107924967 -36.49478737901092 3.51748281342367e-15
-1.236842921524532 39.6371413032146 -3.325669458766566e-15
1.549111509754525 47.85306559531338 -4.044200461635783e-15
9.445365615823675 -22.42692579025586 2.788652489249617e-15
-22.59847761090577 -29.94797089435195 2.808295792245163e-15
21.88546258536273 6.520065735608367 3.138485794890487e-16
-21.6907207167405 -23.40949179578089 2.20813754822656e-15
-8.692567765598714 -37.61247830157654 3.835698820154336e-15
-7.709754810363108 -37.63617069055091 3.859208643387108e-15
16.25116739104303 -1.904724530344419 9.905523071858924e-16
16.50875190468749 -0.8880322500601103 8.99750629638379e-16
9.84204310356488 16.04232327672252 -8.493585879164793e-16
-4.440570266565607 -36.75784985951945 3.846681967528768e-15
-12.21765940616696 9.124060338369675 -6.708393988734477e-16
-11.14930814400747 1.731163257595651 5.306592044980719e-17
-10.96443934675854 2.650301264015645 -3.006161477125129e-17
-20.85468555059499 -34.40234613203188 3.268265207028571e-15
-19.92609318014084 -34.36660781122135 3.284968342176259e-15
-15.98535674011091 -22.15014372313853 2.21220111463689e-15
-5.4378941128543 40.20200877939654 -3.470107805532621e-15
-26.15728105854073 -31.81438481549959 2.908220068679129e-15
-12.917994317532 -41.75526017395799 4.136982604089158e-15
7.711392994565254 -24.29512016458804 2.928227250389049e-15
6.514605625194756 -24.71413105023198 2.942052833510641e-15
6.920130080485367 -23.49734020934462 2.835484129520396e-15
10.07208330506443 31.3127157403903 -2.291899056675577e-15
4.479812506658547 44.90401321123856 -3.701244506904384e-15
5.192608007162509 44.25019894129778 -3.623845949718033e-15
4.958421684020029 43.28791057809052 -3.537695112522201e-15
5.912841576215408 43.56995402617794 -3.543781038791275e-15
5.679884850025225 42.60363947302006 -3.45722194593641e-15
6.619675560279418 42.87071111638964 -3.462205172832428e-15
6.866698426449291 43.85308816183851 -3.549982535858037e-15
6.399168487146195 41.91655206255759 -3.376528970819253e-15
7.334989979390111 42.17999351446558 -3.381253960339029e-15
7.118712353372612 41.23128423349235 -3.296002847970486e-15
3.876533840774949 45.72444881620701 -3.792068018466755e-15
-14.09112030988424 -18.17745813255995 1.876603960460361e-15
2.420560845686578 14.70595648966678 -8.832509895621759e-16
2.593488965624493 13.67019338826605 -7.81327048745672e-16
-13.89714678905217 -39.56904504947489 3.908561197860664e-15
9.478291798012437 45.4976165720243 -3.649367412658965e-15
-10.61726544754294 -7.123464426291752 9.039287570554691e-16
-9.924448597272381 -7.844500660658447 9.872671929806921e-16
-8.980559815617365 -7.572541900366956 9.819093695410769e-16
-9.211924838391999 -8.542279340350756 1.068827363957252e-15
-15.62028738059954 -24.2652897024151 2.420599512385324e-15
19.13506471222119 -4.1273605768052 1.263636857681904e-15
18.18368315012891 -4.318500026985745 1.261171510043539e-15
24.44423520848399 -8.142803633707732 1.759138711296666e-15
22.26159696104035 17.22219048282676 -6.924938337227499e-16
-11.99177873668892 13.1697323567935 -1.049451358628101e-15
-11.22413628596327 12.40993358100864 -9.608196140687522e-16
8.747063190624377 37.28970945096155 -2.887140698895162e-15
4.52086016030054 -25.13085778015161 2.938419054091289e-15
-11.24499584383544 -24.45083306309483 2.53285063801321e-15
-10.52154751458144 -25.125482194577 2.612454664995697e-15
-6.963742173280298 38.45795103627892 -3.337797311533249e-15
16.43907114813361 24.5593571842501 -1.51397679973775e-15
-21.57978631687735 -22.05632876603475 2.082268095949072e-15
11.80076411634644 23.72546240805199 -1.5352834651402e-15
-3.538065682509179 0.3435343267656281 3.492781074789665e-16
-2.123257524982175 2.55965374953295 1.698173013827665e-16
-21.89828600624193 -29.50260406272871 2.781227608453322e-15
-2.788093265428649 -3.930498683512758 7.706503417896889e-16
-2.065520879843604 -4.614796540175626 8.51150043099006e-16
-1.113106808824042 -4.330765565710657 8.44832316793179e-16
-1.343873257419113 -5.302034979353319 9.319084813551935e-16
-2.29707394337203 -5.582836040290728 9.379030172566451e-16
-1.576322047788893 -6.271985487393475 1.018823224809173e-15
-2.52866114898351 -6.551080338485882 1.024674666029567e-15
-1.808959037169064 -7.237390402902204 1.105303008670793e-15
-2.760544600414192 -7.519885390863775 1.111493060531735e-15
-2.040439323571146 -8.206682453178928 1.192176289692164e-15
-2.992237527188931 -8.488687392501379 1.198315288003979e-15
-2.271251278559085 -9.178332830633012 1.279287582170696e-15
-3.223635458763948 -9.456924738373989 1.285090372848343e-15
-2.502769973958227 -10.1473867179722 1.366137456138829e-15
-3.455323629422584 -10.42581049662752 1.371920642716038e-15
-2.734463087572956 -11.11616076985618 1.452957030143631e-15
-3.687018607595484 -11.39477496219396 1.458758226154866e-15
-2.966184488572019 -12.08492671650369 1.539775223812633e-15
-3.91868831876613 -12.36376342471715 1.545598630995801e-15
-3.197899069493721 -13.05366725217281 1.626591156271264e-15
-4.15033090643193 -13.33273347023769 1.632437876883605e-15
-3.42959501215954 -14.02240655676367 1.713407375286945e-15
-4.381941310826159 -14.301648708802 1.719272623798432e-15
-3.661261857699545 -14.99112845540019 1.800222573890132e-15
-4.613826886828367 -15.27154762036515 1.806194661901742e-15
-3.892947504611882 -15.95997772946949 1.887049439936742e-15
-4.845430062164306 -16.24048428538638 1.893031596289045e-15
-4.124571904514189 -16.92862983355256 1.973858940890925e-15
-5.076995407884755 -17.20904883306775 1.979834075244976e-15
-4.356164931330456 -17.89713783658957 2.060655460939526e-15
-5.308477645119464 -18.17757522240898 2.066634735199434e-15
-4.587669428319723 -18.86574279181427 2.14746308673679e-15
-5.539910651816861 -19.14583963467059 2.153411626853495e-15
-4.819112249108217 -19.83430157380343 2.234267670076126e-15
-5.771247375578191 -20.11404643006723 2.240185140025305e-15
-5.050491775329522 -20.80242780868785 2.321032620655069e-15
-6.002421374792189 -21.08167982952789 2.326907820283185e-15
-5.281787321270721 -21.77002375329359 2.407749120713207e-15
-6.233735640775627 -22.04957885231884 2.413652644834889e-15
-6.724721568974825 -20.39671383921597 2.246350674047268e-15
-5.513701083260277 -22.73588313125593 2.494287631791826e-15
-1.45669595326869 9.012114856916567 -4.27405546977995e-16
9.667046600429424 -11.01500114387349 1.711684694486271e-15
3.615168344939959 0.649819426337954 4.750106828326756e-16
3.846272909552761 1.616305300383906 3.883952770204409e-16
-11.64261245732902 -33.53420099219535 3.385282376370311e-15
5.526380690289872 -28.45126070999957 3.274923370689844e-15
4.253168185490264 10.7063126570213 -4.644650773228266e-16
3.542890464641115 11.35552126976879 -5.413725788542695e-16
3.665924567920826 12.39709854104153 -6.374442735715138e-16
12.9835644377547 7.767640351209263 2.988086982240044e-18
4.132543099527603 -4.582810527103854 9.822182076465476e-16
-2.568530818294469 -32.63124542564042 3.496014222585578e-15
7.012869890418456 -7.311779534758415 1.303222037526895e-15
6.50457640014347 27.55184720411705 -2.012583134097095e-15
5.598166717826558 27.25911328572913 -2.004445091935083e-15
11.04442992766718 27.98930481398251 -1.955827349467635e-15
11.28215665697936 28.96621171590787 -2.043287313850921e-15
-20.30985312088509 -29.04065641869985 2.771805517630599e-15
-15.18767643956304 -37.27660301221155 3.663333384072029e-15
-17.59688007747773 -32.61336040998265 3.169168199591371e-15
-18.54441035590111 -32.89629725908481 3.175487875954948e-15
3.446362262522634 14.2700627454627 -8.197375084535569e-16
11.10611110316011 20.82449254623371 -1.275322876104857e-15
7.026352825955352 22.30695906629957 -1.504118392458033e-15
6.070655512048827 22.02390650106971 -1.497964447591119e-15
5.848241072748334 21.10468892173347 -1.415641700212013e-15
6.292752026272045 -6.628469408896897 1.222869071202329e-15
7.846723624386482 7.295305603424598 -6.33779185021217e-17
8.076183220581736 8.260892504218647 -1.499436986976901e-16
-15.31926624768819 -38.28012340021363 3.755612464734722e-15
-15.70346597581776 -32.05015038580421 3.156745720584355e-15
-15.9346971019356 -33.01537517568831 3.243238846905121e-15
-15.47099538457553 -31.08489845824638 3.070276838661892e-15
-15.74956829241771 -25.13463003033422 2.500209294237176e-15
-11.03289876615055 -19.90822984001195 2.10683514354202e-15
-0.04408060689889304 -22.00270832427725 2.543127935639004e-15
-0.6856016555589075 1.168358335143913 3.328064352486514e-16
10.29299061499553 32.29032818001499 -2.379789802620019e-15
14.58570097544353 9.49745006811229 -1.263212382595479e-16
10.50887043075569 8.420982063606028 -1.124857942095452e-16
-2.105946318905493 -30.69427553016002 3.322412538304188e-15
-1.386002151560215 -31.38289547071453 3.403265076782666e-15
-2.829183611877656 -30.00945533364039 3.241848937315121e-15
-22.77748669607373 -32.31752353453118 3.029038431787578e-15
-7.588734968560051 16.98234391027236 -1.315594602290031e-15
-14.76975975534218 15.49609818600728 -1.330077121027643e-15
0.2834562524085182 -31.79591963141475 3.478536741237644e-15
1.750575753055231 -33.14828599629696 3.638473165804247e-15
2.471902593326675 -33.82982792160265 3.718684677294834e-15
2.177745041756241 -34.7055995668108 3.795336858033286e-15
3.199107167001704 -34.49135784061473 3.79712637170273e-15
3.431191337264357 -33.54998760285579 3.712912932604737e-15
4.152158278249928 -34.23608952127034 3.793548910197322e-15
20.76418471502658 -4.673999738598841 1.350701458113765e-15
9.390582512256744 -32.43469842302662 3.736128277960262e-15
12.5737841353464 30.34806333733336 -2.146330964507791e-15
-12.28379460784939 -14.06585000373357 1.525957616720356e-15
-10.30306913394681 -38.41095370212049 3.876543724359576e-15
15.235295454799 -12.0367679310996 1.929014078761301e-15
15.7477891242036 -11.14659104470387 1.85572027117292e-15
7.241977303269549 -32.40937477490296 3.687240952393877e-15
6.275608052155905 -32.7227493683641 3.696038299824647e-15
11.36622071439626 18.20738431821563 -1.021613148283976e-15
10.36192997153289 18.03216444996794 -1.026732285255095e-15
8.9116448590012 42.95068015950782 -3.420196997477731e-15
3.37149631797074 36.52590425069448 -2.931042546557109e-15
2.658195392344726 37.21968069268132 -3.012240150344187e-15
26.39889969621159 -9.176075910718739 1.899375868099532e-15
8.693249518548431 14.50492174185006 -7.284796548976005e-16
16.15676057547922 4.639391768204831 3.681770656958818e-16
-11.24565184747357 -2.07625536204087 4.118959005451625e-16
-2.43268878568995 45.49415073603628 -3.906742709161306e-15
-23.04223705863635 -28.22561649105284 2.635428537074133e-15
9.182282702935645 -20.10209969306256 2.562584564432237e-15
19.22277327208095 7.767767835839157 1.379664014654824e-16
4.311808173735516 19.34267549978225 -1.28185815548281e-15
-19.44248529299188 -35.31429590593662 3.385265250778715e-15
0.6291856818740253 47.91548694758049 -4.070020882764916e-15
-9.76478871745295 35.65629321867732 -3.132824303503294e-15
6.474804019803657 -28.16540674072722 3.268346495315369e-15
-21.14305687019793 -32.78303343727994 3.108527475154045e-15
-25.60896301924137 -32.39970715648064 2.975567504886621e-15
22.97041630748222 -7.562585816939804 1.67225117531194e-15
-14.2723076519949 18.15535173261108 -1.571391437054559e-15
-22.97943121826008 -25.2768165305617 2.357263485181202e-15
-22.36807640347863 -31.44691287547325 2.955369061012073e-15
5.068929289728147 32.5122838593328 -2.513856370673755e-15
4.83290147170694 31.529798544748 -2.425830857671635e-15
-0.937426151261139 47.11258294348065 -4.027806594394058e-15
-10.12516188857259 -8.828649693571753 1.076214472624841e-15
-9.446856753065338 -9.51802397997297 1.156237622781285e-15
23.38929063084646 18.30109041363153 -7.703668004469607e-16
7.619055160027205 -26.50376846650362 3.135592580616996e-15
-4.763876467825323 14.67708346388887 -1.035955237608752e-15
-4.764713205248066 13.67310478790471 -9.408037648180113e-16
-5.476051249259861 41.74816260813328 -3.617497041852395e-15
3.810057577847766 34.84052594579638 -2.761792812585596e-15
-26.66017081995114 -31.05519043349378 2.825373757594686e-15
-11.40711630221319 -12.39459320161924 1.386502780733523e-15
-10.9874049429109 -13.17917127117605 1.469955640257904e-15
-10.47757103346337 -12.36083860478097 1.403414574628863e-15
-10.04296454270646 -13.1945066978084 1.491843065047885e-15
-7.191990507526325 36.84189159184645 -3.189545452976018e-15
8.572444508710619 4.531581231298018 2.143037912712004e-16
12.74686526021352 -14.24160463320477 2.084176675268438e-15
-10.34712051412865 -9.749467171132942 1.158698740145249e-15
-9.683856758918095 -10.51363015530734 1.245485859949554e-15
-3.742293201687501 42.5682148813839 -3.657720510887606e-15
-13.28856867354587 -40.18622157668656 3.980231945880696e-15
-3.079294801640824 13.73130857030274 -9.098556335210721e-16
8.28277251904634 38.87427937439657 -3.047391238551003e-15
7.602187589835209 39.58194923816317 -3.129197996112508e-15
3.721601558977469 33.94012072494453 -2.678355034075233e-15
10.59087420418915 16.41857422771576 -8.688227541968061e-16
-13.29284964560967 -42.57265273708946 4.206354927332924e-15
-6.146665471538891 15.67821042858757 -1.160772267196545e-15
10.31619513247077 9.902199833248986 -2.570627109589995e-16
10.30605120582969 -17.82833918437253 2.371362938282455e-15
9.590759489802656 -17.1373378196803 2.290385318427136e-15
9.30562257588544 -18.06667898834793 2.372310653249836e-15
8.641252704729053 -17.37724527870833 2.292583371091003e-15
8.938092529723811 -16.4334212550906 2.209538373361295e-15
5.007543898447133 19.88915714335271 -1.318607664415696e-15
-11.00606994394043 35.44052312767768 -3.139227069843479e-15
17.82262139110368 27.03885333949957 -1.719080016379203e-15
-6.212534063164792 38.99923202176968 -3.372853646916299e-15
0.7000202952539674 50.56844522852124 -4.319968674481808e-15
-11.97153069180665 34.33490737126581 -3.05531160285428e-15
15.76774557459023 25.3370005443969 -1.602216181159984e-15
16.05193605427318 26.20730382715472 -1.678565648317875e-15
12.76443327934751 17.45060861974905 -9.196250670970372e-16
17.983782249815 20.05025206315168 -1.053126686203812e-15
-15.18736912132292 -40.44108322470222 3.963308795646734e-15
-11.15643760377525 -5.517284786257033 7.400096575755084e-16
-22.30865681834785 -26.88341724452597 2.524069821732478e-15
10.12583965451049 -14.11460937516797 2.015430448295448e-15
16.07248360219667 -8.395839105063374 1.601994847438283e-15
15.51288620740277 -7.571072840004844 1.511705902208534e-15
5.085905200735485 28.9163417218407 -2.172620996994709e-15
-2.937253042831499 47.02297126414906 -4.062579980325252e-15
16.58689724357381 22.03017194564779 -1.271030851487597e-15
16.21594382184114 21.07036505982167 -1.188074307879762e-15
15.68747103149957 22.49293408807893 -1.334357022120657e-15
-15.3301404558405 18.1535740904 -1.594110010129991e-15
-14.71880256262861 17.23498278318898 -1.493807713244905e-15
15.44111160093515 23.40482489456931 -1.42612755396527e-15
9.347160178675129 -14.57532337619499 2.042255278086925e-15
9.242526574761561 -13.62817559938539 1.950209006893887e-15
19.25470699213913 5.941947187236561 3.117312859373955e-16
-10.23071847257458 23.98589248216784 -2.03663945501924e-15
-9.465214744112863 23.30285973397178 -1.955330821607775e-15
-8.54230811895078 23.47479949936776 -1.951661567842028e-15
-8.833977003736912 22.55303099179985 -1.87059538849663e-15
-7.914930591920233 22.72868833264469 -1.867362051614676e-15
-8.181415547088854 21.82482650882124 -1.787448415330464e-15
-7.263297970391123 22.03943973731463 -1.78792789773047e-15
-7.531217929143846 21.11340094670412 -1.705943100399485e-15
-7.00661814442955 23.03175206562055 -1.876438114096857e-15
-6.481310967482154 21.38415313218911 -1.70889275942811e-15
-10.93885158572132 23.26853636271393 -1.983960567309544e-15
-9.812111791536639 22.34981992685283 -1.872495266437069e-15
-8.465146750218601 20.91827023557646 -1.707652502359609e-15
-7.81761942900804 20.19878702018734 -1.625441156970921e-15
-11.89866453420989 23.25128638167713 -2.003091739878404e-15
-8.699863677646668 19.9937844110313 -1.625096539644441e-15
-8.108873702331874 19.28496381511806 -1.545119161681087e-15
-7.202816932718129 19.49715269630902 -1.545629779764836e-15
-12.55874188616552 19.58830498646826 -1.670150154697351e-15
16.92643198998823 -11.21112240372281 1.887338260218877e-15
16.59639455284336 2.13442655720139 6.151406415228469e-16
15.88010821175655 2.963446243017164 5.210584103800608e-16
15.91589702205298 1.22847324317972 6.862950336917287e-16
8.334528167875723 43.50994510161911 -3.485697472026832e-15
8.658300099801714 44.63119984157572 -3.584978859931625e-15
-17.24067307509874 -39.31920616815113 3.812538430935843e-15
18.45328287414011 -3.456576402102869 1.185300688038012e-15
17.51779041381601 -3.580501337386991 1.176807687085432e-15
17.22801524918603 -4.476739397259092 1.255494745495853e-15
23.19645270683531 15.62157234642604 -5.205409837685105e-16
-12.11142557625806 12.15592672384161 -9.559389187071932e-16
-11.40617028037196 11.478968482284 -8.765096267688449e-16
-10.49666193050281 11.7083288590538 -8.785732948407782e-16
-10.73314170015638 10.76571884205822 -7.943374364558992e-16
10.51148333756621 12.59022440709566 -5.076418662148058e-16
-11.90087784054625 -39.03604818369769 3.901228046442913e-15
-11.84455328804438 -38.02996972539871 3.807078054565696e-15
14.30325492772692 29.22282001795146 -2.002247899548608e-15
14.6705702248876 28.28498738086285 -1.905401299243188e-15
15.61876804566131 27.83072915202943 -1.841826021481797e-15
13.34634963213612 28.90891106453209 -1.993195138402163e-15
9.901095256272797 38.44683411133076 -2.971858924868704e-15
29.82348647992717 -11.38097521659873 2.182477369760447e-15
29.44118031564151 -10.47030599977609 2.087881316310814e-15
-12.84105032277886 7.46155627399522 -5.267341757998258e-16
-11.84372056274459 7.6091269336433 -5.191447097863505e-16
5.182800840145042 21.85167906827601 -1.500848054915695e-15
-2.711283309013855 37.04732726588831 -3.112075425041835e-15
-7.415463539961626 18.67214926178097 -1.472026484862039e-15
-17.91435272852972 -26.47615471284044 2.580538789704142e-15
-18.59437594860072 -25.75637633940984 2.497596390150746e-15
-5.50482652157618 37.06011305882201 -3.173728019407332e-15
-4.684593762657617 37.73688208037279 -3.220134189809964e-15
16.44756080265523 20.25433237366705 -1.105709364987645e-15
-6.078733361241005 25.53021257129782 -2.093197703411467e-15
-6.166427978311205 24.5723443948878 -2.004296398275187e-15
-4.985877630529596 25.45383282475653 -2.062312651954878e-15
-10.62621780702779 -14.16020200749015 1.570764505476948e-15
8.900720453518412 13.39024301504706 -6.183277482201452e-16
-12.27029690040185 6.768966506435871 -4.487331918795915e-16
1.599682799290585 36.15504385316851 -2.934222427351832e-15
-13.79200720986645 15.4654643497288 -1.306018787266047e-15
-1.452750103479458 46.49707735787202 -3.980610781780613e-15
-19.88847875448739 -36.31969245525999 3.470919796487727e-15
8.63146708273643 39.80380476178171 -3.12795891404535e-15
-15.25824137381827 -15.781010069068 1.624187208886958e-15
-14.54958650661209 -16.55834385358023 1.713204894760254e-15
1.557498967278866 46.61998454777442 -3.927132245778625e-15
2.411536473158712 46.20279341137385 -3.869107883326265e-15
-15.74290484051314 -23.24572255828762 2.321299338064059e-15
-1.594005360462925 38.44945425665443 -3.220813222223782e-15
0.2029866298602183 51.44075946084608 -4.413411189386466e-15
-19.85784167624178 -38.63744959865502 3.691288481781774e-15
14.76649971270794 27.47600885696584 -1.82664074768837e-15
-11.85737061408318 -40.72112981500629 4.061902340061351e-15
-3.728276818064679 -37.47922223955449 3.930473659690867e-15
5.47469164136539 -24.84780522438597 2.932224741298063e-15
1.894842444907719 13.04610258188429 -7.372837562982629e-16
-1.621421403774205 13.29920745796415 -8.373534336019325e-16
-15.24997584500548 -39.36711735947857 3.860150415961269e-15
8.507077443411182 -21.96383528672947 2.724454382093751e-15
3.664889676326396 27.99290716496885 -2.115831229363206e-15
18.40511537597715 8.474667431762285 5.326697342932028e-17
17.32362435694607 8.214866510712273 5.449518853420811e-17
16.62544280981358 9.030578933545673 -3.793390277882485e-17
3.61685223960627 25.29909624285183 -1.861517680991766e-15
-4.086978315237742 27.83112279429931 -2.26821331632018e-15
21.45064204474744 -5.376233760869275 1.432119993262171e-15
-7.141597394036367 -38.60313174849992 3.963161781359363e-15
-6.741669989783825 -37.66972563218107 3.883334706661917e-15
-12.82221879833929 34.24480529066988 -3.065175942591585e-15
2.472877807054277 -36.32943652408551 3.955649745158718e-15
7.6759742872538 6.297292671850879 2.753184847448036e-17
6.718469543704068 6.031390069394046 3.202100150879543e-17
15.47021660816853 20.3386352076951 -1.134846278342252e-15
-11.85069356504117 2.348906300993437 -2.066649116875861e-17
-11.60331793948482 3.308251630035663 -1.062529896381078e-16
20.44895508627292 5.980068019600831 3.339562564404122e-16
26.41164315760675 -10.98543528152833 2.071165151101036e-15
16.22798799190248 0.2646799523028354 7.844076837971367e-16
-8.810838492061411 36.32194383043739 -3.175283445816367e-15
12.13806451544174 3.377655474600623 4.008323279323729e-16
11.16734593687471 2.938088897360486 4.214976186256726e-16
-6.065817231717286 38.04086967060949 -3.278833813857864e-15
-11.72543732660918 10.53566597352098 -7.939992960195267e-16
-12.46475010886968 24.0748198290216 -2.093404200415312e-15
5.747009493065892 -23.88272150852213 2.846633932723837e-15
8.257042168948816 -28.47361578341937 3.33612256251241e-15
3.757415822738285 30.07688019937941 -2.311374213999172e-15
-12.44585268931384 -2.126983098846278 3.907371765451874e-16
-2.617245311116742 38.15394800084221 -3.214940102118416e-15
-9.597826063533434 -12.30947464870723 1.417579664308452e-15
14.06675901450218 18.12934325583868 -9.557870860341626e-16
-13.30460767393076 17.93136899947172 -1.529222587459766e-15
-13.35844156155142 22.45406393147361 -1.959104561171717e-15
8.906878213925536 -21.01612391008643 2.64326853721318e-15
13.78478235408471 27.68414886968683 -1.867611104871769e-15
-8.098776452953672 24.42559996495985 -2.032194081182631e-15
16.43211917603844 -10.23215438918779 1.783844642202114e-15
15.2401940546204 -10.28600424463898 1.763160923406005e-15
6.998526033889496 -33.51673253041059 3.786942814796062e-15
6.012497154494347 -33.70245917595049 3.783214751144455e-15
3.669138562923607 46.82564905953531 -3.900940630066971e-15
27.43774636072515 -11.29323117231613 2.122542455064804e-15
27.11941447062025 -10.21714872223957 2.013650615501079e-15
28.10375473711013 -10.73874155566444 2.084390675364295e-15
-11.26049241855952 8.949072022190339 -6.335427389027393e-16
-14.35837899859569 -19.12682871817518 1.960814742407474e-15
-11.43353970292258 22.42585917850752 -1.91478413409601e-15
-11.88313351078374 -2.847011205356488 4.711652797796395e-16
-11.77381961558359 -3.738129250884559 5.580016186476444e-16
-24.41477940308874 -33.32929513402291 3.089522547980265e-15
-0.4510010889876543 49.31081617135402 -4.225658254156806e-15
-23.39144126900236 -33.55894640789159 3.133432509440493e-15
-0.2783678850722713 12.34954715156091 -7.18274763311557e-16
12.33145498451974 9.461551232677305 -1.716907609041253e-16
11.36435703366841 9.780620781481096 -2.22860095267917e-16
8.382997109179026 -18.33190578433911 2.377490386702734e-15
22.66398168861679 5.173932793316077 4.582956885684942e-16
14.22557422364154 19.05831499078302 -1.040410474999463e-15
-15.03196512558006 -21.7929800421549 2.198972111474157e-15
-20.19719249109397 -25.33108651336541 2.422603884814548e-15
12.36204592698302 29.24058746376868 -2.045931767329514e-15
11.58816244218671 29.98948100868333 -2.133664808467035e-15
-22.72204973285774 -22.98217436046393 2.145317442117184e-15
3.932325023631592 -35.20049254605504 3.880210741704866e-15
4.880223667641552 -34.92171832011663 3.874293620389069e-15
4.652597750588011 -35.8523211383482 3.957582847611263e-15
7.680889424986347 -22.67912657352119 2.774383324625587e-15
5.978901210535787 -22.86600615015586 2.755274182836483e-15
-12.36415261857882 22.49267284682794 -1.941252137435154e-15
-2.996616677562882 43.51734793858346 -3.731557814784655e-15
-2.761898437475983 -37.52383975631719 3.95561145109328e-15
-2.436367892358799 -36.42419114453385 3.858416209574688e-15
7.974618785959161 -29.54385397812213 3.431462577988343e-15
8.597283375666073 -30.33326721405377 3.519764834227124e-15
11.33948485187446 32.65539729258371 -2.39175382926122e-15
17.18986311587358 -0.01807425960439701 8.320215990631585e-16
-3.977397477499488 25.24136467805895 -2.020352985441875e-15
10.98898611025887 -31.84696397587167 3.714998275210812e-15
-21.86433009684707 -30.52738466190405 2.879103713491697e-15
-15.55755015734523 -20.0940905603087 2.026558789574272e-15
6.537561652969871 -25.61248871439282 3.027707010134034e-15
17.59576320510104 -1.009346102985347 9.34768645094448e-16
-4.399831623123966 41.5077058319139 -3.57141866614785e-15
24.42401229481913 -10.67270945142796 1.998517086884704e-15
25.00133379286601 -9.850071904948321 1.933028100537258e-15
8.280534424335739 -32.13199893022878 3.683417857521146e-15
9.229373645815263 -31.32180661498213 3.627146675436318e-15
-11.55394835653752 -14.67178756827705 1.599186731735333e-15
0.3853867431115878 -36.71224840622431 3.946772832071709e-15
0.7419131967431314 -35.85731834879125 3.873445678376849e-15
16.1001286934792 19.42725015621559 -1.034825212058036e-15
16.94410857900614 26.60520298793541 -1.696980591718908e-15
-17.00754591808447 17.46928838720254 -1.565536949511751e-15
5.408625786955788 45.15973886805811 -3.705389725886235e-15
-11.92358780076121 -7.794855355576798 9.393081780856578e-16
15.88653701558621 -6.689938566849356 1.436265286735321e-15
3.825200972695138 31.25966471743564 -2.42202664288829e-15
-0.6424069624416706 38.79164682157393 -3.232661874655466e-15
0.2172748781911338 38.04550797551798 -3.143333640330854e-15
0.3060855003667839 39.10793487826881 -3.242122175313175e-15
1.026920870263714 38.44582821639509 -3.163763612995391e-15
-7.081716978531676 24.03867480788989 -1.973511590433188e-15
16.61649933729762 -9.220831881186175 1.691968142217902e-15
11.04675700076755 34.80564758489515 -2.601914682221398e-15
10.13802027987902 35.33084193684775 -2.671360394068794e-15
10.27817840454508 34.24165037759838 -2.565080845729965e-15
9.241261235395893 34.64929266058915 -2.626156800653294e-15
10.21990549474628 36.2929658216688 -2.760790799318101e-15
16.89762895627654 9.974425130687344 -1.21514404940881e-16
4.618763241765349 46.5266062769052 -3.85204773005985e-15
-3.573621107580815 37.67859116850917 -3.190571848397096e-15
-4.086366810307236 38.61682960383662 -3.290603421375022e-15
10.58804330032131 29.70660260198595 -2.128488475182474e-15
9.292946311831283 35.85444119956679 -2.739277507676057e-15
-3.784620891322556 44.86201397557292 -3.87607109049214e-15
-16.11933844796555 17.31262338343285 -1.53146919651738e-15
-0.6791014550640737 -36.88091354852362 3.939729935408037e-15
10.86249215228488 -13.38745819794966 1.96244010354981e-15
-16.38584638828986 -38.65461737467864 3.768035321921249e-15
5.179657605842868 18.94890639426511 -1.225755191855826e-15
5.868392984437627 19.56054975722783 -1.268832996606563e-15
5.22541735695411 17.95422792668323 -1.130477155162931e-15
9.845816989913923 17.09931169910902 -9.494714356475102e-16
9.404295361062999 17.95065476882312 -1.039724994703179e-15
-15.57263833901555 -17.99670342738293 1.827415925743503e-15
-13.90410541184671 13.71246815317071 -1.142273358150805e-15
-12.97617646069643 13.49782613605741 -1.101850416484882e-15
-12.66031819463934 -0.0895181222278465 1.929607875182379e-16
-11.88806397363106 0.4607046326120758 1.575121899747809e-16
-11.77076413824746 -0.515629508492446 2.525991518056307e-16
14.76798405340599 -12.78656290428659 1.98997829937483e-15
-4.498521227214333 23.29459428778875 -1.847088833145313e-15
-5.431991514754259 23.0365157900235 -1.842821340827951e-15
-5.69026253837758 22.04956388432594 -1.754853678801503e-15
-5.255168100822154 24.04373987580909 -1.934472837844293e-15
8.1963620862836 41.48967430975705 -3.297180435047663e-15
9.650083038173491 -30.24898742278896 3.534553932144093e-15
7.195448693613639 -28.85164208567852 3.348988148218733e-15
-7.161396835833878 40.5251205609574 -3.538025750423842e-15
-14.74591090799784 -23.62137491696765 2.37847911843232e-15
23.01526149996928 -5.984765084257424 1.523655979726554e-15
-10.02498730693054 -11.47972622887377 1.329683813259664e-15
-9.021132294852352 -11.44031746368394 1.347667387037275e-15
-9.118815025184722 21.63855130431628 -1.790072342774412e-15
-10.00373631267729 21.29852984817466 -1.776986881055938e-15
-21.00783868611817 -29.83817287257419 2.832302548583787e-15
-11.06131288110954 -4.511967066216571 6.467712514210984e-16
-12.01539126402515 -4.956426773731718 6.682603980906555e-16
-12.2836554743711 18.11720878563967 -1.524749654015346e-15
2.711560119899428 12.69240117850638 -6.860851849302377e-16
5.87445431546359 -34.70289813076278 3.875062118658673e-15
-22.01454649047738 -20.63587152808204 1.938213112742663e-15
8.622822008931504 6.627705153972851 1.669707391436439e-17
7.378025586990475 5.323628804808969 1.133814459858767e-16
8.896855498753226 15.6434164936842 -8.319951542831943e-16
-20.46997990087684 -33.51932080137943 3.192884514185038e-15
-19.43756220965293 -33.40506489377379 3.2043911225928e-15
10.54901895219882 -20.20903988469802 2.602292144269249e-15
21.7233238541595 18.13250884781443 -7.904311017655151e-16
3.401707874259544 17.03935633294557 -1.083211705579515e-15
4.024188313774121 16.2941392750293 -9.991028966006432e-16
3.749156042961539 15.35207378628715 -9.157527703452464e-16
4.601349555715267 15.47720941011742 -9.091767745322991e-16
4.409160372284963 17.34496560614661 -1.090384089715398e-15
-9.858138457907133 -14.95619570046774 1.662836706770899e-15
6.819114018452792 -27.2004293310281 3.184323372890845e-15
1.663309279874314 -25.98553156665177 2.95761020101709e-15
2.623077116355618 -25.70581555474831 2.951860605234506e-15
-1.403530253452422 1.862863780141173 2.514396040122092e-16
14.11037155370968 8.707680353005577 -6.174119124796146e-17
-2.148348820627376 39.27995160363995 -3.311531757440333e-15
-7.084639580902054 -36.67648730142873 3.781762805445563e-15
-6.087749838442873 -36.86489473000125 3.821190930033216e-15
-5.723318636898195 -37.61413905452844 3.900098386537366e-15
6.700903565678921 46.10480392576228 -3.767015247897378e-15
7.014324773633932 45.16494029815472 -3.671142167880763e-15
-5.255243190627557 38.57930914459664 -3.312336364871895e-15
-6.464610658448748 -23.01617218190811 2.500283203055231e-15
0.7102700274660343 -26.27232097407946 2.964175879568776e-15
-6.262980921824814 -18.46111830006481 2.072861010904055e-15
13.15493577001584 3.458342511643822 4.151846511793204e-16
-24.31649952621314 -26.16637904709371 2.412658706731568e-15
5.194539087370249 -25.79913513340776 3.016342282920068e-15
-5.800123322833702 -16.52405283238943 1.899256175836084e-15
9.940686973184558 19.59424903822913 -1.183920013688995e-15
-12.82747926873019 2.039225570027432 -1.244466242494936e-17
-5.337201012601607 -14.58690969821578 1.725645378652932e-15
-11.47398699489966 -25.40979155130237 2.61879823008087e-15
-10.75375039130961 -26.09323301056907 2.699166214843008e-15
-3.305435248946667 1.310534535850155 2.626469600255388e-16
11.56914729992356 22.75859013299834 -1.448642514426229e-15
10.98908251231327 1.955283212077556 5.108032803613668e-16
10.23364782254895 2.624468804199385 4.31025104402639e-16
-10.81263514303814 -39.14628622901513 3.935222801490346e-15
-4.874060224644623 -12.65044889553864 1.552103988273713e-15
10.04791929791425 1.670784071330486 5.174088067940403e-16
2.842891496755545 38.17252049805398 -3.098566097264883e-15
1.890892495426437 37.89066971157921 -3.092446055898905e-15
2.122907115240652 38.85569556525535 -3.178903373044955e-15
1.304945436872275 39.46707432201638 -3.254554721396989e-15
2.318492601681019 39.82818605930586 -3.266856455746893e-15
-0.2676433152226618 39.92592807732734 -3.332074830048398e-15
-10.07828506801538 -15.99302107694246 1.756356849128901e-15
9.898232138792286 -10.04793726595965 1.625016250217522e-15
-3.61620140056672 11.05499826384886 -6.67778096178403e-16
-4.984228359839365 1.717193086986465 1.877767431179788e-16
-9.800836134664451 -25.80720221788208 2.692669742838632e-15
-10.030774001653 -26.77629823278632 2.779557812699827e-15
-10.98302272745833 -27.06346480256009 2.786176347077281e-15
-4.409652533881708 -10.71131749724582 1.378336856133074e-15
-11.50224480368306 -21.84742496153542 2.280501470980779e-15
-17.16871961165596 -27.12681418506738 2.658348764711398e-15
-17.02545914216405 -26.11991105725672 2.566001530257377e-15
1.438739622009799 -26.95655638278051 3.044797252235497e-15
1.208951342352524 -27.92840236673682 3.13194923478445e-15
-14.52165913455424 -30.80396575925489 3.064186214229604e-15
3.790844548657317 38.45650948096436 -3.104976360895789e-15
11.71993102650478 1.267159003979304 5.918447516419076e-16
-8.355938415987675 -27.17785793670972 2.853859073197083e-15
-9.077839598313011 -26.49300288129582 2.7733210756982e-15
-12.1613262849533 -28.31191589811159 2.879026493948488e-15
-0.3934942279105735 -5.023830398850057 9.260990232873467e-16
-8.124535079564716 -26.2100500214918 2.767124812065423e-15
-3.946233480600304 -8.773222670144584 1.204646593109851e-15
6.239558773918053 0.5333702060257549 5.428300259952547e-16
-2.194823384654529 42.95494834326757 -3.660899136341132e-15
-3.155796351443724 -20.24000299992604 2.308712296580842e-15
-7.186665966164495 -22.33533256435971 2.420122504031641e-15
-4.261212421117332 1.030650117470452 2.684988607614491e-16
-9.335575928764534 9.410719501320493 -6.356562776792804e-16
-8.381269861113116 9.682525610985891 -6.40774244471085e-16
13.81170229011991 2.7377411843877 4.977018827504606e-16
14.80910730964735 3.083815923276956 4.864762934386128e-16
15.54245449884389 3.765510972568547 4.377233323623316e-16
-10.80273663511048 -18.9393029843755 2.019967960835171e-15
-15.26119043747602 -26.56322461132433 2.646195698447461e-15
-8.364321090026516 6.111186251256019 -3.018716150244917e-16
-7.409943953671854 6.394281439037018 -3.080581633103474e-16
-7.178786363952975 7.358484017565685 -3.94455982755158e-16
-6.453863308611346 6.673202733427428 -3.138122013001018e-16
-6.218892410747792 7.625115382940521 -3.989625244858963e-16
-7.897138522837396 8.037481439070467 -4.743619348816267e-16
-6.68738481709817 5.708643837195901 -2.274317509559951e-16
-5.733151703183298 5.985124895002556 -2.329944458464867e-16
-5.013257029380917 5.302616962517408 -1.52722350285841e-16
-4.057645899206938 5.578117054680419 -1.581622425495611e-16
4.435511767375534 26.00950349168057 -1.911146538775397e-15
4.09223945368949 27.05836818285356 -2.017997947404159e-15
13.4222028204421 -2.720083254808112 1.006635172179694e-15
12.70037846375119 -2.035247950254472 9.26100709098404e-16
-3.482894711490926 -6.835625982476422 1.031001812919048e-15
-4.49299015180633 0.06159854221791772 3.553429111203794e-16
15.41421528333126 5.252243505709242 2.940177852775261e-16
10.84605965242108 23.44143292761157 -1.529015434985146e-15
14.52482026277441 23.63206665087592 -1.467493066201208e-15
17.8790089692784 -5.192858260166743 1.337462174126528e-15
16.90668489291718 -5.471680687420986 1.342855400305173e-15
16.20829161642948 -4.800437416611928 1.264116309735951e-15
-13.80293921110942 -31.48676393477545 3.144460405945029e-15
4.797938656229634 1.899566909858721 3.821342900792449e-16
2.89354569600877 1.333435412128809 3.94596166050111e-16
-10.26028679293316 -27.74432949597465 2.86635414902222e-15
8.631659453873576 -0.5491776041293632 6.97202420923648e-16
-6.155578162123614 -32.79800775348625 3.434213317994614e-15
-6.878120115961976 -32.11349507048498 3.353693911190888e-15
-6.649836420529594 -31.14813589285932 3.267124275850146e-15
-7.603606052387067 -31.43209662412933 3.273406014962737e-15
-7.832107869497137 -32.39743891790454 3.359969330600952e-15
-8.556457519066655 -31.715538192133 3.279658406585304e-15
-8.785188367179787 -32.68076454901901 3.366205777010756e-15
-9.50863722899353 -31.99867905036138 3.285896827206329e-15
-9.738053646339987 -32.96533276249302 3.372564667248534e-15
-10.46092547563418 -32.28427491214468 3.292365615294113e-15
-5.696732079329712 -30.86530616517244 3.260935353204311e-15
-7.109478680907151 -33.08159734195583 3.440457043734074e-15
6.655522636581381 39.30303731239864 -3.123241129984777e-15
-10.69040931819563 -33.25044624876563 3.378986270990672e-15
-6.660842379842566 2.117781213264704 1.135291029394807e-16
-4.724737462166989 -0.9073785205494274 4.421805564286744e-16
9.526432159602805 32.91642599123357 -2.455724255003083e-15
-3.566476081116901 3.931906657310115 8.512899664370928e-18
9.352572768716419 -1.232875319047812 7.7760933798402e-16
8.401237919075415 -1.515365428266567 7.838043517714868e-16
-12.88149575208873 -27.63230107678213 2.799022698039493e-15
-11.93349139919724 -27.34930285964169 2.792707461440412e-15
-6.919570535717463 4.740616130863811 -1.406935827713279e-16
12.96168361785006 6.82973798624667 9.142071984239524e-17
-4.465517420088817 -3.529911432162445 6.963852566201479e-16
-12.82413972547039 -34.7824157083792 3.478040368644181e-15
5.44775336640539 41.63645654918476 -3.370562683317006e-15
-9.015974738610058 -33.64890494661748 3.45298490349802e-15
-10.32979863896214 -16.99439231063717 1.845837557294911e-15
-1.370988644850087 -1.711657584659896 5.909812272704282e-16
-0.6491584728358395 -2.39722950498762 6.71585641768687e-16
-0.4183223608543545 -1.436500111844104 5.855100985647525e-16
-3.742532126923735 -4.214502231173446 7.769216602399532e-16
-3.617535738065794 -22.17548543846898 2.482191265915356e-15
9.870580997859744 -16.18137085208413 2.205821056314075e-15
16.0061450582224 -2.843195242210076 1.074210965428826e-15
17.04781924287303 -2.632801546413611 1.076804711303012e-15
-0.8820484732157449 -3.363042472049981 7.58098631727358e-16
0.07077734610511865 -3.084901445227212 7.523481363710597e-16
-0.2501080443063797 6.682644351082911 -1.804838631585416e-16
0.7020449114113925 6.965108187867764 -1.866586861224223e-16
-0.01778048310757252 7.648099974299738 -2.669751484593501e-16
1.423086835049039 6.281645808040211 -1.062712944899641e-16
1.654810800758822 7.246980118897582 -1.927641395810132e-16
-12.56417812790215 -37.38839643448388 3.730692091144774e-15
7.1060785383122 11.55298125804089 -4.82997794900645e-16
7.362945247565669 8.941631970429794 -2.299041338667322e-16
1.932878329527963 -28.61478468370494 3.212675835063169e-15
3.383739024396947 -0.3164351312255781 5.615971352330822e-16
12.72751038011924 -5.620038833702084 1.266498761835603e-15
12.00695437556868 -4.936458965042937 1.186110746409428e-15
12.23820744263829 -3.970233312474822 1.099523220595298e-15
13.19005045945746 -3.687006864589931 1.093269402091465e-15
8.04600637215469 11.84836746077417 -4.906620608433742e-16
7.313982977322686 12.51034628312308 -5.692505670354691e-16
-7.143579811735259 -29.51155547166162 3.101306301093971e-15
-7.830591931506921 -39.38765582864814 4.022621761920387e-15
5.397507697657804 26.28358790168709 -1.916314094704667e-15
-16.16700450989989 -33.98113985525314 3.329759864439279e-15
-0.2982947783583789 43.52811499375593 -3.674198043268515e-15
10.5911017705332 -7.147282153428383 1.365046912111404e-15
11.54341554527147 -6.866296814165994 1.359015718968747e-15
11.31222700097714 -7.831018119908073 1.445462040097932e-15
11.08104092644965 -8.796986345379706 1.53202661321115e-15
-5.938323420265871 1.432344412190984 1.941356116392868e-16
3.096281958447292 5.880628573111306 -3.20569486920438e-17
2.580484524139939 11.10753745575645 -5.386880326971041e-16
-18.44537489300447 -35.42262985463482 3.417107789902474e-15
-3.785434172071134 -30.29535470780218 3.248260768175498e-15
-3.557387754538987 -29.3307700811986 3.161759420704767e-15
7.631199615769712 36.00709502580849 -2.789701186841702e-15
-13.57143191115401 -30.52228870963262 3.05804430793341e-15
-7.822891544457063 -2.725902667499244 5.475317716285908e-16
-8.750950519172303 -6.604362969212694 8.951011233820377e-16
6.13011719733227 44.54927363387204 -3.631912185907261e-15
8.341560623636141 -13.29611589510239 1.899239124192941e-15
-9.266144266849945 -1.35518049233605 3.863717325561818e-16
6.50003676843756 -2.083953460000201 7.965681459823685e-16
4.741804658501531 9.058925716259905 -2.977332187023149e-16
4.333933763091778 -29.70250224058865 3.367732026272667e-15
-17.13413985448822 -30.6840421387151 2.996295200554545e-15
6.44577736477425 5.070073867193814 1.172465794390311e-16
7.902941951073924 3.770025354920183 2.720082849979748e-16
1.56133413253727 -11.64076418901728 1.59562855720724e-15
2.28404346382524 -12.32554951210252 1.676177429574844e-15
2.052402784425601 -13.29378559223884 1.762947142388762e-15
3.00672896830041 -13.01017533954482 1.756710667450577e-15
2.775200126194918 -13.97844011278997 1.843485519845507e-15
3.238328160016891 -12.04206135687905 1.669951630932293e-15
3.960231347740605 -12.72217003123087 1.750039750834837e-15
4.191639925560971 -11.75361910745949 1.66323517152035e-15
3.469841729915584 -11.07335655128594 1.583134736376013e-15
4.421548874759342 -10.78355550672567 1.576254756189032e-15
3.700808699580206 -10.10343036996209 1.496190238504539e-15
1.820796026910985 -14.26214410317488 1.849729194643236e-15
2.543674596338651 -14.94680800260129 1.930270218573333e-15
3.497187798997381 -14.6584216659177 1.923563417522531e-15
3.265501788419519 -15.62600912225496 2.01027066493451e-15
2.311957299336673 -15.91429291376734 2.01696706857212e-15
3.031790028159405 -16.59351909663844 2.096926738888549e-15
2.075581688784236 -16.88146151478118 2.103533148330283e-15
2.747270253656743 -10.38888413011764 1.502618507347413e-15
2.978952939148855 -9.421312731091041 1.415912710105941e-15
3.930896401114662 -9.134446470151994 1.409316038098586e-15
3.209205889089985 -8.45260227573462 1.329068005448434e-15
1.792942535318729 -10.67252742211233 1.508858080961756e-15
-12.70837084945997 -15.99577571057674 1.699713905080455e-15
1.191901971952147 5.315690505781578 -1.970792018918803e-17
3.124179023009786 2.300043319175669 3.079589968213029e-16
2.255956941019813 -8.736417534066394 1.335347220248691e-15
3.440814754495367 -7.484328050681607 1.242293988463397e-15
2.720031343448202 -6.801131067240307 1.161937347530623e-15
3.671031635333463 -6.515288151796087 1.155417274669279e-15
-2.41387312645177 8.732527611946633 -4.216121062009692e-16
5.342057401172799 -6.911976266039337 1.229174316777002e-15
6.424754098294365 38.33690215990684 -3.036651699715101e-15
2.815592612403857 -21.14128697702201 2.523343089588431e-15
3.728446544943402 -13.68870476680221 1.836645070838806e-15
-9.567964417122031 -24.84133703895255 2.606151408026124e-15
5.44927293853911 -21.25390275858251 2.591000046326779e-15
-10.82844633983603 7.282334594170971 -4.66200980195864e-16
-15.21635120272861 -33.69891839454413 3.323575570766139e-15
-4.079404151746799 -24.10991116036072 2.655567274906647e-15
4.697376870395432 -16.98419024405187 2.169995742529789e-15
0.8662855344063862 -14.54584662155919 1.855970428001888e-15
10.25475354728698 10.80070968563398 -3.435639804649927e-16
-3.943907109134346 13.25319821929236 -8.832409887522751e-16
-4.766392337827586 12.70381910157547 -8.489591506589171e-16
-5.761036907132459 13.07777582975038 -9.059273676952654e-16
-5.64566589494733 12.19941596248027 -8.20169356827762e-16
10.12886897404926 -9.080018934180051 1.538254938550667e-15
8.94543167072845 -10.32939275076953 1.631081479588939e-15
0.4450904431209928 -23.65069192756113 2.709927919360595e-15
-0.5567524379344562 46.16789414607932 -3.930021061719107e-15
6.24948189646542 -29.13129815883902 3.355030659064677e-15
-1.842723137303244 -33.31506150230288 3.576538253067866e-15
0.402866790409214 -16.48286738845494 2.029558884942102e-15
1.122707768491317 -17.16679942144025 2.109964812695844e-15
0.8873453430309106 -18.13403123393417 2.196558805513919e-15
5.000803439394713 -23.18698512989592 2.764538612357819e-15
8.614551571424741 32.67740898546657 -2.452796536943808e-15
12.49626148900338 -6.586026678547523 1.353063835628502e-15
-0.06368030353386223 -18.41865177803303 2.202962458258317e-15
-2.692563789058968 -18.30202373442302 2.135028953038626e-15
1.097931850477363 -13.57742484743756 1.769183234758255e-15
2.402796304762921 2.983215063302698 2.275917818817319e-16
-2.229190710610959 -16.3651610779483 1.961454495757502e-15
7.720672333966895 25.21088268193941 -1.764366190647563e-15
14.42848930743683 -9.602662466026208 1.680823399327788e-15
2.584098379714147 -22.10940793306959 2.610105058005114e-15
-7.590555124273421 -1.756615401550975 4.606774672816925e-16
4.003977469444779 43.00671014224062 -3.531689623664532e-15
-0.2959387929115307 -19.38418969134706 2.289463038462721e-15
5.728948795606849 5.758890971259081 3.644275987392563e-17
6.758887334433718 -4.699908813783903 1.05014134957933e-15
7.710813619835563 -4.416459073790797 1.043868166258484e-15
9.708047041301619 12.99528745944174 -5.634217794722203e-16
7.721596781133195 -15.14301308595838 2.060897566978602e-15
-7.686230446469035 -20.68791023868716 2.25315085479112e-15
11.05358717473059 -5.214943592101936 1.191882099233318e-15
2.515626712545076 -11.35719052691913 1.58939482373326e-15
2.846744713833593 -24.73082586140074 2.864278196861943e-15
-11.52733557456592 -18.262769987762 1.940160463307816e-15
3.152600104442438 -1.282836076100647 6.482037470970186e-16
-6.956405987182674 -21.36548289569769 2.333169962658019e-15
-8.142381462911255 -22.62308468337314 2.42672153761125e-15
2.171763546304413 2.017054853959509 3.141778707311259e-16
6.833110620506344 -19.06298155959498 2.413257769408874e-15
-6.867230538397348 -2.442653582561256 5.413584126313683e-16
4.233336865346156 -18.92107061050138 2.343557449078548e-15
4.363795342776649 -3.616297550191523 8.956034278361912e-16
12.03208071238528 -8.516535437306288 1.526018516306089e-15
5.549952641725527 -32.04280893817043 3.615884945779392e-15
-5.727125538432571 -27.29409767053065 2.92175424192775e-15
-3.820752969513851 -26.72794367846895 2.909333064121945e-15
-4.053060989270804 -27.69219382603823 2.995710502254425e-15
1.589165223979816 -15.2304047301817 1.936501448000102e-15
-7.563435693945597 -5.350895104380379 8.019747181006042e-16
5.960542088400751 6.72531809364296 -5.015650269067818e-17
4.700501017625872 12.65211947438086 -6.392344172114627e-16
4.021689099598195 9.741533705428086 -3.780195779091534e-16
1.356141474446181 -16.19837955823176 2.023216472238043e-15
2.375567233910801 6.563791891631849 -1.12408912356264e-16
-5.986029668837852 -24.67639015962749 2.668013788193399e-15
-1.765753094893217 -14.42815347601188 1.787867695060895e-15
4.56633069312064 -28.73356241109468 3.280911965450942e-15
-1.302193929421915 -12.49129512024087 1.614297671599251e-15
-3.769668203647211 -0.6247625713179664 4.360544109590471e-16
-19.50271639082332 -26.00837501042575 2.50183126573814e-15
-7.454463227024668 -19.7199974087068 2.166414521441941e-15
8.307625506609698 9.225744304194034 -2.363968997816146e-16
5.159816155288105 -15.04733121671057 1.996401425873787e-15
-11.87261103026506 -34.49976141388557 3.471833985343608e-15
-1.659329216376181 4.474262563332755 -1.635647260592901e-18
0.4475242806838864 9.581127107293451 -4.401442335609901e-16
3.327611190260728 6.846137143240719 -1.185748526340952e-16
4.973061319863308 10.0238057299008 -3.841931103699524e-16
-9.061552770419119 3.206009797921013 -4.156806454537222e-17
-10.01578244995003 2.924592323302766 -3.553736041430005e-17
7.264391908657885 -17.062978763476 2.233003772793555e-15
3.048957286343112 42.72533455685578 -3.525679993508537e-15
4.306822404262406 3.549115258301016 2.151438943258617e-16
4.105125323818318 -0.9999697773752654 6.4199882801813e-16
6.477642526092787 31.14822360844533 -2.354075121679533e-15
13.96579802817894 -11.53468311180716 1.853953621943694e-15
-0.8385732355778122 -10.55452016623192 1.440736885209924e-15
-0.3722451849084698 -8.61541439965599 1.267013731323164e-15
3.41124084430591 -3.899344537323436 9.018248413306092e-16
6.219252146356713 33.77589379205319 -2.608748845931293e-15
3.513623624245074 -18.23980286152895 2.263406838969418e-15
11.57112742145682 -10.44889280891207 1.699218260783075e-15
-5.303043807004972 -36.14660939236364 3.770080677350117e-15
7.734070158399524 -7.995572777439428 1.383644218362253e-15
1.861470819541094 -21.42524012191436 2.529616490277755e-15
11.28477677495501 -4.249022790335022 1.105322097809556e-15
10.84989119255284 -9.763472198577416 1.618641039772633e-15
0.6534660289463687 43.80959744342471 -3.680288322617383e-15
-3.510918956260102 -3.245945408027373 6.901209482433378e-16
11.74682730242565 -2.316619005401254 9.321416933128067e-16
10.43902164972551 7.451787230229922 -2.212469846339046e-17
4.035554229379382 13.428790123206 -7.272435827155608e-16
-7.767239224438649 -9.922832616617926 1.230950318756407e-15
12.05941379005086 21.10830104142352 -1.281600287127019e-15
-7.304055176049403 -7.974525052755315 1.056286881096181e-15
6.089489431782372 -11.17773696361333 1.649707435137515e-15
8.879972655552027 30.06164034293342 -2.19909887361225e-15
-6.608008736747359 -5.06675619549727 7.957119466921597e-16
2.191805980185599 -31.23529452292118 3.466682437182131e-15
1.142025317893569 -20.74411081254811 2.449484795957631e-15
-1.68354364407677 -25.19469302089369 2.810232787850014e-15
11.14202991580155 4.959203323901383 2.293635421263115e-16
5.623549162800275 -13.11180214191463 1.822961169398276e-15
3.302977498535427 10.41872685137288 -4.57762275200886e-16
-5.706460476417599 2.402479790341895 1.071906686287896e-16
3.180049335889442 -4.86610302923946 9.884642081521635e-16
6.320136697915379 -10.21090903099225 1.563049710734869e-15
9.122051852542478 -2.198795331934041 8.641837321555966e-16
-9.999180002512999 -4.256765608243962 6.455602013472221e-16
-0.2208933995941413 3.100873858688866 1.596729409128677e-16
5.537147510512857 30.86512424820786 -2.34758782681059e-15
2.662230134511284 0.3671408196559311 4.811888747270049e-16
9.389404224758113 4.079140873705111 2.74867304597683e-16
-8.629959151677712 -13.79579187131579 1.579411876774916e-15
12.29069118931221 22.07497512251755 -1.368229794122957e-15
5.006869344399248 36.11816360872032 -2.857009184762097e-15
12.42887962129644 18.39107802823715 -1.016034424259768e-15
7.965535282793258 -7.029448418004886 1.297070882404274e-15
0.03698026048160613 0.4861906703139791 4.131044167013772e-16
0.09273707614146987 -6.681283953692799 1.093733082895122e-15
-11.27816210746259 -6.448912095269648 8.256872626798182e-16
12.46945771085272 -3.003356008149411 1.012873862573399e-15
11.48883527966613 0.3003757775982252 6.784885349837151e-16
4.853138417832135 24.35806171388515 -1.74556666804406e-15
4.645699492857513 23.44214259837474 -1.663232582527628e-15
0.4226701629533984 42.84435019169879 -3.593783649874396e-15
7.461168643220824 27.83539167779568 -2.01876434563377e-15
-1.249055476511764 43.24237183824818 -3.667682243086912e-15
8.637004121383583 17.33771228780877 -9.982236638657442e-16
-1.654471689207154 -28.77596979477996 3.150339703933609e-15
-12.5935945766901 -33.8169031283122 3.391505120311067e-15
-3.523528947315569 -32.91544999027995 3.502292495711817e-15
-0.2077146125917739 -30.14738878059633 3.311641614956694e-15
9.863250192496418 26.74677962263529 -1.863601161906038e-15
-10.92075220796127 -34.21674829518552 3.465600730795775e-15
7.24584004509195 -6.346032887406788 1.21671706837849e-15
13.80454316988378 7.24458451743854 7.033236745374264e-17
-6.493396178480223 -19.4289725082431 2.159621038173785e-15
-8.773181946120797 -36.21220616436007 3.701219470602225e-15
-8.802546032627202 0.5836757796641454 2.126131670488367e-16
14.44807429407047 20.03099849641058 -1.127799534643809e-15
-14.95888090194334 -36.31313761425511 3.576954338829521e-15
6.531650235121894 20.27901200495914 -1.322587662982273e-15
11.86085781366986 -13.85450436313717 2.028313003213954e-15
14.83881596478047 -0.5013791724229346 8.269684122926223e-16
8.71305709266019 -11.29188619797898 1.717290955785516e-15
5.269491170554222 33.4907687186377 -2.602270005439081e-15
7.98111001411459 22.58995299204647 -1.510287119137399e-15
-9.709594078020313 -36.5483916711287 3.712827266726789e-15
8.967562548220521 8.561947315303033 -1.591956925288015e-16
3.901360932664418 -5.548660932654421 1.068771696868911e-15
12.03145938137999 24.69204919846569 -1.621917292591961e-15
10.81678809310256 27.02799891249171 -1.869628046826629e-15
12.44155011769297 0.5838241949736886 6.722325380196336e-16
-3.099722108017909 -27.40884845279372 2.98947777478059e-15
5.291190615341428 -29.41838762300226 3.361511148775103e-15
-21.64972017466629 -27.53053785482687 2.59966859014009e-15
-15.00761001695167 -29.15843347177062 2.897688267651228e-15
-19.25105342339046 -32.26152360279544 3.100027337699025e-15
8.444271237657171 24.52606642617108 -1.683795139467485e-15
-13.65721370434773 -19.80106714175387 2.039897725656963e-15
5.317943674154218 -33.0111596903679 3.702657560419825e-15
-11.62576942576813 -37.09973404629697 3.723632324247731e-15
-9.048578555631071 -30.07535491021134 3.113534008886532e-15
-6.867817430884759 -35.64607962284293 3.688779084832195e-15
-1.476535514781024 42.27525669561388 -3.58092876777794e-15
3.769413730719872 42.04123631547714 -3.445244994339702e-15
-10.95140929489964 -30.63907885601167 3.125801467095883e-15
-7.357774342601842 -0.788152431184574 3.739109140394872e-16
14.52114404805397 4.827620468125694 3.149465055049867e-16
-11.21572212324109 5.24377116017568 -2.813396319154017e-16
-1.45369520859498 -24.22718233333814 2.723493060093294e-15
-19.29952139697289 -28.66055660659637 2.75763428886693e-15
-4.965061124406645 -35.13667921124961 3.681659475909855e-15
-23.15903234824459 -26.24432181057509 2.445089841999316e-15
-6.839996844505824 -6.035939905163558 8.825639707125838e-16
-5.005718260940004 -27.97661837623418 3.002060274713897e-15
1.886551283003464 8.21210562921148 -2.792368346128179e-16
16.45703588988904 7.633392343241912 9.086518459328221e-17
17.31026501456786 7.108068242217151 1.591222433119922e-16
10.38298401350732 21.50663804914528 -1.355630552053658e-15
0.9345788049384791 7.93011385365238 -2.731028546966567e-16
5.240470230421456 14.66140648593919 -8.180169347798243e-16
6.73723497402438 28.5214009927172 -2.099455732713869e-15
-3.019523206541568 -4.898662090694348 8.57417725253414e-16
-9.784120098277032 3.891813657459281 -1.222104140956511e-16
-15.91119619625114 -36.5958631059887 3.583150452372766e-15
-2.799369865579288 -33.60126221514444 3.58297007713202e-15
7.489075796014371 24.24223409567165 -1.677556420339505e-15
9.426130593781822 -11.93849234744904 1.794012252502917e-15
9.293714676461736 2.324500645266751 4.391235901634231e-16
-6.99125237510112 -17.78322475842166 1.99284508616218e-15
-18.15375135712519 -24.86434803053643 2.42257213529948e-15
-1.692112307339434 8.04810364483361 -3.411180094819868e-16
4.22808960939856 33.10015430882873 -2.587774293835081e-15
-16.90351268890322 -29.72083385429852 2.909980156501634e-15
-2.176868353246283 9.695973354746338 -5.078116747402682e-16
11.33747404625622 21.79143864778117 -1.361976317769015e-15
11.07816014752592 24.40904980263846 -1.615716503353538e-15
4.07638030479672 2.582886453659609 3.017492648817478e-16
11.08852783293809 3.966926256802306 3.222663330677684e-16
5.7943626171615 28.23499252030696 -2.092706194795754e-15
-8.313177798586642 -1.071337980143198 3.800838226140174e-16
10.09428012587555 27.71354828674495 -1.950244988782943e-15
6.169246127510629 40.95273981165441 -3.290141426262054e-15
-6.030696656455929 -17.49298144752958 1.986114628625524e-15
-7.795433269072937 -6.319959019662002 8.888151816861643e-16
-2.898060210824466 10.37795498751458 -5.880619467075613e-16
9.201021458465581 20.25696810913324 -1.262744033368934e-15
-21.9969300847678 -28.47835686386684 2.682002484144565e-15
-3.25151671059109 -5.867220633735868 9.44210371458431e-16
4.724812060698419 42.32280029952108 -3.451264301744266e-15
16.89616053547669 -6.49837036070749 1.439950104068427e-15
-5.754419490126264 -23.710463762989 2.581462355978606e-15
5.21404076908591 40.67116771019056 -3.284117174289753e-15
10.32814979413794 28.68272934665416 -2.037056052522145e-15
4.067505488040895 35.84262408605313 -2.851214031693961e-15
-16.12800990108742 -37.58389360723223 3.672117320175267e-15
5.748843970786627 2.182816696759754 3.758579712560811e-16
-4.800292259398526 -23.42622721949107 2.575162208900053e-15
-15.23843299038416 -30.12082006429484 2.983921185071311e-15
6.889821071124858 40.26938558502595 -3.20977439022964e-15
-4.206310016670397 -6.151988958061437 9.505465162463753e-16
5.51870837445535 1.216297523527916 4.624974980022848e-16
0.215273445719252 8.61339826832892 -3.534358045852487e-16
-6.527698621639756 -15.8461498678188 1.819254419744821e-15
-3.852107756840632 10.09390747234256 -5.817779940388963e-16
-9.03467231375223 -0.3848957070472885 2.994041674748501e-16
-10.72261741679398 3.607778502771962 -1.155911911847605e-16
-11.18185386250834 -31.60301709289448 3.212189655772285e-15
-12.65326629927559 -26.67093010287041 2.712829940628349e-15
-1.616304862605534 -32.34933965019011 3.489893879024768e-15
8.170986355819375 -2.482703847540609 8.705190277996007e-16
-19.51774010111045 -29.60306819384128 2.842255909982627e-15
-8.026587687732002 -7.289065240092954 9.756778978610933e-16
7.190466693179385 0.8169420000550242 5.365232396895074e-16
-7.424376124857591 9.952618634592389 -6.456738373440591e-16
-5.56761506749729 -15.5563192500559 1.812552866725697e-15
7.940734106345352 -3.4494019231061 9.571729892459795e-16
7.842047375432003 40.51742165884034 -3.212684134996324e-15
-3.715094847176153 -7.804659724003095 1.117835033697354e-15
8.661114978218832 -4.132029377024521 1.037466933827409e-15
7.257784106067011 23.27405086741275 -1.59078416681041e-15
-11.42002170839447 4.283500313388517 -1.947334159169686e-16
-12.14818007741954 4.949251527707806 -2.735958933005389e-16
7.680759011636209 -0.8321746610084386 7.034548882710486e-16
-4.670033976312086 -8.08993360494269 1.1242159464228e-15
-6.064278258106571 -13.90827627977908 1.645585156857765e-15
11.77366457126135 -5.900398438229429 1.27243749324909e-15
-19.17674609780335 -25.10102380911389 2.422873876950106e-15
7.450579718135258 -1.799693688188925 7.901882481765284e-16
-13.02482468776675 11.84123095248293 -9.458702812117914e-16
4.790757761199774 27.85081238333392 -2.078002640827036e-15
-0.7378117862297542 8.330361438415899 -3.472268367722555e-16
-8.258142356878693 -8.258509742559848 1.062564020864045e-15
-5.104441920024525 -13.61919428535308 1.638949218940179e-15
-4.178547936508188 -9.742449966381022 1.291495687997278e-15
6.960406305401603 -0.1497795950978285 6.231835816997944e-16
-5.13394610618991 -10.02856067870995 1.297945994283286e-15
-27.10221315468377 -31.95228514501527 2.90084759501599e-15
-5.596991600546412 -11.96763225953681 1.4717369284173e-15
-4.642020254882246 -11.68100415413715 1.46522834249832e-15
-16.18698337892016 -30.40241304641257 2.990091402101873e-15
-9.998525792752371 -0.6593307660532919 3.045647726844987e-16
-8.490376880877687 -9.230628074437004 1.149688893431491e-15
-4.429903228788618 11.77652347837272 -7.537783293393118e-16
13.40010007059746 -13.56126768614224 2.03381915499491e-15
8.430514105395746 -5.097961126449508 1.124040710606324e-15
7.47896088947703 -5.380563262159315 1.1302416191234e-15
-9.025779396121184 18.23713021376455 -1.465630477052779e-15
-8.734876827430101 -10.26036287077731 1.242009998080244e-15
-6.683853479306344 16.42994595049292 -1.243653605505724e-15
-0.9934102698668807 -22.29170436989862 2.549983046791916e-15
10.15559600473325 20.54368982767805 -1.269270078185534e-15
4.161025107035035 -8.165275373625482 1.322424980024894e-15
2.163879208345236 -27.64543390619586 3.125786614768661e-15
5.371495428789684 -10.49601065155474 1.569550553846276e-15
6.526513420105575 -5.66322914862581 1.136429222822779e-15
6.303468953332148 22.98974803894451 -1.584481802265299e-15
20.12262121800689 -3.782678298892455 1.252330182456589e-15
-7.45708047893164 13.49906072628419 -9.825572792613414e-16
5.574038381663867 -5.945671413851925 1.142595032442403e-15
-0.7351202822153748 -24.90898433572144 2.803669685007996e-15
-0.2414471266856504 -26.56002193560695 2.970856571226631e-15
-13.19643032375838 3.72481145968489 -1.802079999999975e-16
4.622286572823979 -6.229926354084605 1.148948317592414e-15
-4.283511935560752 -28.65438201114144 3.081932661265629e-15
5.391793295526882 22.76430395100609 -1.582836260204499e-15
-10.23081401435589 -31.31965703279687 3.205905794629732e-15
-14.17624127370278 16.43669077858267 -1.40639691756065e-15
-5.263231462330379 7.897259886706826 -4.040832545197979e-16
4.880928853838921 -8.846933820014993 1.402616747037865e-15
3.571838678859742 -25.41659976806936 2.944972372973873e-15
-16.88212266582636 -33.29799667796831 3.24953089636256e-15
-9.279171778975627 -31.03654542483491 3.199658518009953e-15
4.288419139313127 -26.10092951300237 3.02534545683635e-15
-17.82073813596823 -33.56343152519981 3.2543843946621e-15
-7.417564248408065 -23.30182495375309 2.506742990537679e-15
-3.337530363278493 4.897418806727173 -7.805691284629327e-17
-16.41896569916623 -31.36527025146929 3.076343846607594e-15
-10.04424203724265 13.62169600926199 -1.050157537180111e-15
-1.170776687341084 2.82642962128925 1.65136672707556e-16
-6.509703915138245 13.80293517499824 -9.908650072693094e-16
4.391291927109638 -7.197694611162031 1.235687661791243e-15
-11.70348156887326 -26.3822954236649 2.706018930032453e-15
18.69776138295739 19.38196806022217 -9.743308990332269e-16
-16.65005384122936 -32.33046041434036 3.162836784126987e-15
-2.356250948091546 1.593248435576821 2.563842037061221e-16
-8.32802119217008 -30.75332932375166 3.193390699013456e-15
-4.563820754686184 -22.45907113271961 2.488599390146089e-15
0.5314797151206998 -1.159829122925445 5.798335305038916e-16
-4.332179869066194 -21.49192823857592 2.401933307548343e-15
1.021661450932215 -2.812510741850564 7.471007175504181e-16
-0.1611598658520748 -4.054903319044797 8.392788173302274e-16
4.651007680585861 -9.815394913057821 1.489444992296923e-15
0.557379564218901 -4.74460701193988 9.202036946815847e-16
-0.6255474894325483 -5.992060364754828 1.012859229965892e-15
-0.8586742524078219 -6.957900338604579 1.099369657410622e-15
-7.374389046088408 -30.47079072255485 3.187240792445849e-15
-4.100953982239061 -20.52422452306338 2.315205084492238e-15
-3.869555679307199 -19.55559246231407 2.228392591700979e-15
-1.090151532740977 -7.927968121815809 1.186316537079051e-15
-3.637795033175911 -18.58689661847538 2.141581892348044e-15
-1.320789431396113 -8.900664187701178 1.273530718754327e-15
-3.406140811438084 -17.61849237234126 2.05479653167049e-15
-12.19761746951603 -24.74524116472297 2.540147546782539e-15
-3.174481048159806 -16.65003674453972 1.9680064202957e-15
-2.942798184856106 -15.68153200162812 1.881212152968371e-15
-2.711090051396784 -14.71293607520486 1.794409788875123e-15
-1.551963506109846 -9.870998289816288 1.360509403540453e-15
-2.479337063464682 -13.74442665048266 1.707616594951435e-15
-1.783721786872474 -10.83935659073263 1.447288157556936e-15
-2.247563968697186 -12.77592950197636 1.620824999747928e-15
-4.514169608826113 -29.61717910363001 3.168208067378656e-15
21.80881890783131 5.573229491179209 4.019432371463549e-16
-2.015818971089471 -11.8074739182902 1.53403673666955e-15
-6.421929396526235 -30.18712967729783 3.18095911875695e-15
-0.01306455248419436 -25.58982472887552 2.883830466683782e-15
5.143315354557801 -11.46309435779012 1.656285903370614e-15
-0.5085956883924174 -23.94151748563311 2.716862198671507e-15
-5.46781634461927 -29.90316967862278 3.174684879263178e-15
-0.2750137136358983 -22.97169335011847 2.629983951749423e-15
4.911108228628878 -12.43102465863978 1.74301437508841e-15
-11.17378560329022 15.90231204580666 -1.290781269707618e-15
0.3013284736148497 -2.123142955457689 6.661688767266431e-16
4.680391009137479 -13.39815603894463 1.829699350535485e-15
-14.59507137955629 -20.07448251799986 2.045524113192736e-15
-0.7619867046351949 -21.32180870130941 2.463051320116126e-15
-1.515705168120665 -36.06936162683912 3.844700351039292e-15
16.25945108837179 27.09149378819379 -1.757890403562358e-15
-0.4379375714015499 -31.10883700501558 3.397798563994164e-15
4.44791711598905 -14.3665287697977 1.916463989539961e-15
0.1905623668557466 -21.03179888155518 2.45616976539498e-15
-11.96726240618428 -23.78056639359041 2.453687603737924e-15
0.4220057287265608 -20.06497823294146 2.369529955645134e-15
0.6527456355857888 -19.09957700326846 2.283009476236952e-15
-0.1887364941290017 -0.4734508657992699 4.991876007905778e-16
-0.6658198498201298 -32.07228511934248 3.484195729991121e-15
4.216816133527369 -15.3344920339219 2.003219518247497e-15
1.605091819774687 -18.81372617645016 2.276517772920825e-15
2.794677983236431 -17.56004145289066 2.183415626175261e-15
-8.684315987655497 15.77814289979924 -1.225149258471887e-15
1.840401148846756 -17.84683787660877 2.189955193717211e-15
3.984490621189712 -16.30306884752722 2.090006713092067e-15
3.750052179490361 -17.27183588266197 2.17676622453799e-15
-0.9086094231616634 0.2113747445076192 4.186962773879621e-16
-3.331133557623335 -28.37026087419359 3.075605615990042e-15
15.09842000279501 -13.76059574472867 2.08945848991905e-15
-1.633406709918651 0.8995502964960145 3.37780862362753e-16
-6.893011782681507 20.42284383517881 -1.626675401885443e-15
-6.012713194323711 20.47677901321754 -1.612742066590038e-15
9.849417858550339 30.36472563806173 -2.206854322731113e-15
-11.73735332983067 -22.81585250988459 2.367214303823562e-15
-2.608386106596707 -29.05201180316539 3.155867675524125e-15
-1.885171212142501 -29.73680050875043 3.236427806800743e-15
-9.608197641247235 -17.66947772165003 1.925442971740776e-15
-10.56854839354689 -17.96787035918654 1.932950358351038e-15
-10.77872251181507 -22.52046649494129 2.359954710080271e-15
-9.877288258279503 17.96515729315379 -1.458272596015548e-15
-1.160601270046262 -30.42208006188222 3.317063784274889e-15
-10.07697353841019 -19.61074600772911 2.099318154935658e-15
-11.2651112000314 -20.87587456902089 2.193536430369793e-15
10.81938848908242 30.63326141334685 -2.211323370924543e-15
-1.180278289057335 12.43755636172789 -7.461309411486733e-16
-10.30931731716279 -20.57979925389287 2.186150116770326e-15
-10.27427734013007 12.67249421748165 -9.65157397136267e-16
-4.732393085402833 27.06846163954305 -2.20988289153929e-15
7.71749196519636 14.43790521859592 -7.432383107000078e-16
-11.38468539575078 -9.828170871591649 1.143710688018822e-15
-9.567739018810425 11.99320255029341 -8.854791548096958e-16
-1.88815204302536 3.514839965236716 8.435958074696586e-17
-2.612595327809644 4.204228262421509 3.336865783072681e-18
-9.797098564276363 11.0384947388778 -7.999424652304598e-16
0.0555815725588662 -32.75776072987301 3.564781738699952e-15
1.010655170917344 -32.47437527706944 3.558582744014389e-15
1.970632977657852 -32.1971797734268 3.553076616208204e-15
-3.100309682298814 5.848715370026658 -1.631001598216231e-16
2.699842629986801 -32.87316079514936 3.632931547249127e-15
3.652881564729418 -32.5961749265839 3.627295163075585e-15
6.189266164969374 -21.91803419351458 2.669965037733642e-15
4.374685371545377 -33.28073088104038 3.707802701269526e-15
30.2390653241894 -12.30815529282942 2.279358409374366e-15
5.101993743591501 -33.97584261991808 3.789429943679811e-15
-5.501126181821404 6.941740881947457 -3.186543354425552e-16
-3.827445324543221 6.530827043093995 -2.434913572795435e-16
15.01938079044403 10.38927014151396 -2.014760098983741e-16
15.68337886828797 9.576408783762071 -1.100567653539081e-16
-13.21941836658848 14.50277501533525 -1.202374698785376e-15
-4.779675175234551 6.258409184731232 -2.38270480687074e-16
-7.663002386579812 8.995684708535322 -5.601266219576818e-16
3.888911171180301 21.26191563293483 -1.472937310904466e-15
-5.988155907839917 8.581935425517585 -4.846696459819735e-16
-6.941904673075205 8.310799865076687 -4.796031844844676e-16
-4.902017853540722 21.37471651868867 -1.673828938438404e-15
-8.139815928174032 10.63330804442836 -7.256771659517362e-16
15.09980643329625 25.94340780627875 -1.674150408839186e-15
-22.40066060613731 -23.97785015644612 2.246653485538219e-15
-7.733732249252703 16.06909098817582 -1.232162275546666e-15
-10.81546565471769 20.83890891987898 -1.750980727237637e-15
-9.743266754908603 -37.51156579924872 3.803400344880075e-15
-9.090029912547319 10.36139273411614 -7.204603121884022e-16
23.46071604108531 -8.493730703320249 1.771124696615625e-15
-4.390801170796006 26.09855101056109 -2.110552086972852e-15
2.743201421725592 45.41951087724257 -3.787682787041543e-15
-13.77161875027538 -43.40027400861381 4.274448594917787e-15
-10.95762438095986 9.87137086046801 -7.144168867296952e-16
-12.05695750481131 15.65329657643474 -1.286284637031689e-15
-9.338654214388034 20.67111594036151 -1.703123196874228e-15
-5.351314936868906 -38.91432484571909 4.031394759530219e-15
27.48648052895907 -9.295280832950336 1.934206295193847e-15
-10.03221162214181 10.09493926316597 -7.15587414588164e-16
24.33600188790259 18.63836164430155 -7.818546849585214e-16
4.611411595725346 30.56940757189566 -2.339585180669322e-15
-13.19206745463144 4.813926739352478 -2.833534874092618e-16
1.138730980650801 12.53984088103477 -7.056530720183098e-16
-18.7416571622284 -37.41507655884689 3.599566340689152e-15
7.668957178786588 -30.50810884391263 3.516253398361388e-15
0.5599552897344786 52.97195777085707 -4.550833885183536e-15
8.784269143633832 7.614049943456771 -7.330790232111838e-17
-13.09329430964346 20.1583213084455 -1.735748865815846e-15
-18.99227905529868 -23.54654628747106 2.279512274225046e-15
7.666460281027812 44.35996834016832 -3.580727435133589e-15
-12.04422681764524 21.86349323600153 -1.874688817487031e-15
-10.6651382615584 21.81745661302073 -1.840487182506085e-15
-14.11405267765918 -21.69597381232552 2.209636443890314e-15
-11.98565397640441 18.97179858313394 -1.599310789048678e-15
-13.64156607449419 -16.32187625435127 1.710435323494958e-15
-12.79239683916696 -4.201974444852622 5.79932877340153e-16
-18.05088419772284 -38.03736137007 3.673499668308171e-15
-3.324469693340624 27.12795256353498 -2.185060603629987e-15
2.838195513347474 34.37586665897886 -2.738773663283786e-15
7.943845112060649 -33.81807028753668 3.835960105806757e-15
-24.71969794365867 -32.45816786436149 3.000349116401499e-15
-3.341600608157983 41.68863538867323 -3.565673722397448e-15
-26.42394404560693 -32.84052214820098 2.99972064546072e-15
9.473902557199398 -19.27231552142587 2.490236742806145e-15
9.363088717087953 40.41014956032873 -3.169606575702047e-15
25.99187787312398 -10.0729311711143 1.975584704852257e-15
10.23626358361017 3.557890510804497 3.426003886821914e-16
15.53026984794026 -9.238220129533426 1.670114950824323e-15
-8.168054168917793 -11.89421702437833 1.40915067318232e-15
-10.9529336070041 -1.013028712452986 3.174432641372344e-16
-10.92730659632256 -8.099720864321799 9.897624806263941e-16
18.56370215747885 -5.932842970260363 1.422421019981562e-15
29.27247960201977 -9.570798805905461 1.998964867191477e-15
8.58756682741682 45.79311948311013 -3.696650416164249e-15
-12.15323348789874 -6.739820130670306 8.343302548178306e-16
1.841639571057977 -35.60301269882076 3.873132910223657e-15
-13.86852685957978 -17.22273061547205 1.790919012915827e-15
-6.223680973184448 23.62494927827462 -1.91572923044767e-15
-5.549093269204681 14.24328259801635 -1.011823009640418e-15
-12.47571158769839 -15.05725632657981 1.615783147908382e-15
-14.80044303323954 -24.72400429118345 2.48182018668209e-15
1.609125165166439 40.55244666541871 -3.350858623202781e-15
19.16572080982151 6.882163558476417 2.206806043038707e-16
13.4509006508399 26.80449387834383 -1.791450276918557e-15
9.210709138888424 -15.51532646504325 2.128408223013953e-15
-7.33353175716352 37.60829665727853 -3.265257210904315e-15
-19.01850478531299 -34.35903553962645 3.303886967279226e-15
14.96206133338409 21.95337470383978 -1.298905711702777e-15
-9.119114586086596 -15.71866299491925 1.751102220272816e-15
-20.95424039066204 -24.74791118966345 2.350943927909756e-15
-10.27433423879107 34.78626273142194 -3.061376436402767e-15
3.748322983978112 23.18277169740671 -1.658061661675864e-15
-13.69669889936701 -41.77058978490764 4.121587822992199e-15
8.960526920707595 38.18775690335309 -2.967650334474679e-15
8.15710825951578 12.89140214416718 -5.871300704693938e-16
4.875079130820025 20.9324084628423 -1.420365973799986e-15
10.16519522519614 -21.8044850207896 2.745223921300057e-15
3.144403355797452 35.5194893166884 -2.840555373897962e-15
15.15049502258756 19.31341921324546 -1.044581003735531e-15
-9.565240381306081 -14.03551014790645 1.581899777932732e-15
9.555491709626644 44.57615868771875 -3.560349899177314e-15
24.01327731598266 17.69736935119128 -6.996381515631737e-16
-16.5531114767687 -22.95129842603047 2.275860674808779e-15
-11.90907175972495 5.945503707835323 -3.628597517761676e-16
-21.79024390880447 -32.11736289163374 3.031424525677082e-15
-15.99845866320186 18.90091633392507 -1.679412008305244e-15
22.76550408359824 16.42655024528942 -6.061707200616977e-16
2.957506535147247 -35.42461691697102 3.880365037668297e-15
-5.277916572587493 11.31320641673742 -7.282068441974213e-16
-9.521099239686617 19.73224255409655 -1.618072456787903e-15
5.967282950350411 17.45316682577353 -1.06692948644755e-15
-10.89436858604461 -37.72984577518515 3.799186601789222e-15
18.28281603035461 7.466786469733565 1.461604102652816e-16
-14.28910396479965 -15.68993776144935 1.636522326232647e-15
-6.784721675483413 17.41308687571076 -1.339030286941505e-15
4.320831393458503 14.51533337346094 -8.240674501010213e-16
13.0204846695777 8.72946531942625 -8.738683751427326e-17
8.522123064650842 36.33766633985497 -2.801760984963451e-15
10.92208051465401 31.6219788029876 -2.30282446665256e-15
9.57831328965835 37.5913548492659 -2.897749621087464e-15
11.79755673447962 -12.95865517347855 1.942023712710159e-15
18.06558668355981 -11.22940725315216 1.91371807135261e-15
23.78759390150894 -7.621620289974008 1.695527503646127e-15
10.59342009050157 11.59644497897518 -4.11666332556942e-16
-14.73233637107923 -17.57153031657315 1.805293356371534e-15
21.14738209399277 6.910676433884185 2.608526663916622e-16
-18.96222160245899 -38.27420521824993 3.676233139702641e-15
-23.74480451325447 -25.5138345783372 2.363171522577943e-15
10.40716999166531 33.21331367572028 -2.464811474268933e-15
-12.85676589370833 18.79345783306562 -1.601252656961826e-15
-22.17446888305644 -19.48596308359042 1.825750447292805e-15
9.883908212481526 -20.83220030341034 2.646972817130628e-15
7.499663430054872 43.18615598891229 -3.473067699056863e-15
-6.650808653249558 18.81057914750269 -1.468604654364363e-15
15.97333947849822 18.49065684334892 -9.487864465729895e-16
8.64691151817688 18.35561841046057 -1.094499101987937e-15
-14.15232893363044 -40.44714288612654 3.986277148822614e-15
11.11455894671359 17.23596564842305 -9.349749227310078e-16
9.669347886191414 7.992065128699844 -8.999147519796557e-17
6.62309703713848 -35.19880255886889 3.93826760256625e-15
11.96535400043165 17.61331526961686 -9.523371608951324e-16
14.9970376904936 -6.67473839966867 1.415579378726944e-15
-15.06890165534263 16.3573536833005 -1.418189800980249e-15
10.09519094500475 -31.90013951666399 3.700700922548604e-15
14.60109401692737 3.991781423530026 3.959075010373587e-16
-14.87746109217042 -20.92121752307287 2.119678447158749e-15
-11.9542091500002 1.405391941144697 6.653188123264326e-17
8.287880936035162 -31.16155451544512 3.59158602307285e-15
-12.90643087037471 15.42532532597309 -1.283053741503198e-15
23.60389599175518 -10.53724568909542 1.967932259272964e-15
-6.256520823939258 39.91415293626838 -3.460532911406601e-15
-6.089431036542848 40.94506420703747 -3.55464036918979e-15
16.61994362284246 -3.694362331888121 1.168175195675958e-15
-5.474082417277385 15.28410225797642 -1.108861910962278e-15
12.24942540795758 10.60426862685413 -2.817864942913697e-16
-21.40742341994404 -33.63877553905525 3.183925559592115e-15
-12.28636347620567 3.984226905036528 -1.851085774392083e-16
11.45166442424651 16.11642919232667 -8.215577904755034e-16
10.23193019665813 45.05533636229255 -3.59113701303964e-15
23.13471858612866 17.36657522149509 -6.872897113702227e-16
3.197852375607913 33.10580250653288 -2.610599727520003e-15
9.079567814138885 16.48988037205019 -9.082803897113433e-16
-5.25502297322558 -37.00632627690501 3.852614298286254e-15
-4.770368943197846 -37.60061094742773 3.919433872428124e-15
-8.899642738275864 19.12366958909671 -1.546938626879953e-15
16.33855406524643 28.67747847289555 -1.906518284725806e-15
1.721010018875083 37.03794500194943 -3.015289756991179e-15
-10.53473570907473 -10.66676306093657 1.241592236093578e-15
-13.22268248231092 6.6260736397853 -4.557936731023033e-16
-8.13559539374627 -36.8252818166529 3.773129108049579e-15
15.66106857002751 -0.3660958806869736 8.319346899425261e-16
15.33963620517803 24.36306676535843 -1.519157130839278e-15
29.2992074555297 -12.0529862178775 2.234835717587274e-15
-15.99645702960232 -25.97081175235743 2.574131349593179e-15
14.80120132147863 -11.28315708784885 1.848185494695622e-15
0.826906316007026 47.17836613444534 -3.99586956316342e-15
9.662981760499214 18.68767343752697 -1.103991891377166e-15
5.493872793410013 15.64460273088856 -9.057339217432512e-16
4.486034491624183 18.41770696817642 -1.19040861336198e-15
6.808921665974539 -22.51887945735964 2.740327373966248e-15
24.49243311134702 -9.156679221856852 1.856289241069827e-15
15.46566106119233 2.089192176090615 5.949641720811799e-16
8.061467554407102 -21.14893983049434 2.637567327951528e-15
7.899684674800627 15.42605127898343 -8.329651862541701e-16
-12.35185954280789 -39.98001292893009 3.980951397610591e-15
-22.02662028352822 -32.95039116463001 3.105275101525058e-15
19.28025425249561 -3.310011961372597 1.189299692710283e-15
21.15989697105639 -3.875388968939212 1.283560763412345e-15
-22.40321649889977 -21.83273143564388 2.043257174950025e-15
-23.87491292864888 -24.67052657691095 2.280417307374832e-15
-15.02534217763187 -25.6681586182247 2.566452990288911e-15
9.208111177309689 -12.81325506823769 1.872216105829467e-15
-5.169176470732284 20.51280070040969 -1.597906041092151e-15
-14.57091318393273 -38.85658671405206 3.826448054025967e-15
16.23538517127907 -5.853771569230739 1.364550602763916e-15
-27.26616726117264 -30.46249160056447 2.75607916628595e-15
17.93864906810727 27.94332289164271 -1.8023065272891e-15
7.702630390605089 -18.75438624888951 2.4028180438594e-15
-21.23828297250046 -29.01523916818099 2.749308813623215e-15
-5.192590581736974 40.96578818375577 -3.537200966642252e-15
-3.10618007024522 12.82380130238705 -8.244125010583862e-16
-3.86361776860941 46.72269608293356 -4.054158827277829e-15
-0.08049198642079958 47.35285079363101 -4.032041693952432e-15
9.397598925465806 3.233167015665173 3.552365196395575e-16
11.01120017891982 36.65845204429315 -2.778315816411563e-15
4.470333014565347 29.51255745268894 -2.242456142689714e-15
-6.524134026742167 22.29198525055432 -1.795874882085328e-15
-0.7942802254987438 11.73581247616454 -6.712595498381259e-16
8.349062714740139 -15.79232227136196 2.136022901116583e-15
23.26921345953717 4.633142453634006 5.226532035029375e-16
7.91613296094047 45.18305537056651 -3.653347979993747e-15
15.34693457343248 -4.689650641480674 1.234978396430732e-15
1.198742951034253 13.45228244720133 -7.908472152366366e-16
3.237751631406173 27.11384858234701 -2.041744613859756e-15
2.482907047424014 36.27062917657132 -2.926069759969818e-15
15.10295026125343 8.763537690218936 -4.556078964328888e-17
-3.196236026140119 45.3802558196415 -3.912466304135674e-15
8.215305680307084 42.50462985804391 -3.392980675525566e-15
-11.73788369449706 34.98047878817776 -3.111451740499409e-15
17.93860476825015 -2.859145150061274 1.117533246294316e-15
19.37917660198017 18.91811065274866 -9.15617752163528e-16
-14.14952633885422 -42.43736760791284 4.174996018771961e-15
17.02496779466059 4.30627165469146 4.185387051357692e-16
-13.30650409704127 24.30830486815318 -2.133748851903509e-15
-12.92290529845765 -5.036130207250216 6.561808698042862e-16
7.782211678325337 -33.06480204258936 3.761058908109708e-15
-25.41704843133788 -33.25248577302745 3.060556689912148e-15
-7.001297701246411 -39.5253045408123 4.053612278212054e-15
17.08822835539404 27.44544855166554 -1.773511359230795e-15
8.552828141279299 -14.89901051001345 2.055752342439542e-15
-6.127604550495299 -38.35912154399042 3.961970028241336e-15
21.63725737794112 -4.562487536915809 1.359020588722718e-15
22.34552489664187 -5.42616866218667 1.456214968069683e-15
-12.72781558042083 12.68489294904229 -1.019417014647325e-15
17.86283099979837 19.08701381854312 -9.644358737878761e-16
6.202348928772041 45.41767920620078 -3.712667665802968e-15
-7.528041727125308 17.89120597399455 -1.400434695923045e-15
-21.54034199676437 -31.32469306071753 2.961692260631827e-15
-11.80346447313396 -1.361889378281574 3.321106809680681e-16
-27.51638045600554 -31.2657051863123 2.826804164592776e-15
-15.16531806539964 -22.62697916421969 2.275143712952215e-15
2.873206540880592 11.87068450795621 -6.046953137922888e-16
-9.377216439559069 34.88116314310587 -3.050962397647075e-15
-6.368925520056688 19.64445710389652 -1.541551197731162e-15
10.68513167606602 -16.09206875332162 2.214979365378422e-15
8.120111440473021 -16.72780493570041 2.219746025609133e-15
24.00097242424899 15.65796941052941 -5.065847060806476e-16
9.446225398337745 36.73958560779669 -2.819866176484805e-15
4.923000246069291 16.41306948915044 -9.909300472028086e-16
-3.49800486387684 -38.26617604671121 4.010053044287229e-15
20.95475815376805 18.65394755858262 -8.564880923028667e-16
-23.11118321192636 -27.33000108852793 2.549039272013454e-15
9.893762365860585 8.930864190860721 -1.741271263632373e-16
11.82937877478191 30.89889729948229 -2.214651673530488e-15
-10.8313453946808 -11.59734326075024 1.323386798864143e-15
-10.57781906548382 22.61932881633696 -1.914609373145875e-15
-0.02938459756140333 48.49820707129894 -4.139507046098345e-15
-1.469776009621638 45.6762776714335 -3.903173556095276e-15
-5.830264706633034 18.78024746954223 -1.447976299865151e-15
-19.12949430347644 -36.0188048703728 3.45881918271891e-15
-21.58015825225069 -24.15996310533613 2.281668655331006e-15
-5.606034522817505 16.28659186302469 -1.206745226603287e-15
-11.49053345035682 -13.85325712528815 1.522968277199331e-15
-10.91238305831585 -9.166496709758675 1.091207636058754e-15
-13.62726945856227 -44.3730615164511 4.369784599937528e-15
-12.66031389033455 23.24164263857084 -2.018656494400225e-15
-9.172450786132401 -13.06095506906207 1.498017660818335e-15
19.83766416024984 6.469497340350471 2.743362824028234e-16
15.12243363167258 1.313413944623558 6.61076067308663e-16
-21.50207613857023 -21.30799329234933 2.013012882916204e-15
-3.09045055343404 46.1315950317663 -3.981398816813023e-15
4.766212121420947 45.68873421449091 -3.769433625550928e-15
-7.567079546816952 41.23107455189577 -3.613722121332488e-15
7.974317726371637 -23.47353888320236 2.85603615814258e-15
14.6928084524056 -7.640582043775238 1.500551793733655e-15
22.50259049385518 5.978888550633039 3.785001471188577e-16
15.18561628794695 26.80488344424861 -1.75395520960234e-15
7.859973945784192 -17.7211747581874 2.30828167491839e-15
-8.215439364406219 18.48662772553005 -1.471748580920372e-15
1.134773164710918 -34.98302807070129 3.799069427735434e-15
-13.34800049002324 33.68405061081807 -3.023396363034755e-15
-8.057357666543609 37.01304865222465 -3.224492774343145e-15
4.28921449413814 32.13870325132547 -2.4953135267526e-15
9.830521034560302 12.20694621664388 -4.86043173758044e-16
-3.775105090731842 28.37529242752581 -2.313048844124752e-15
8.642394165618979 40.70298211124303 -3.212957701746488e-15
-2.916834161720873 42.62295693743359 -3.645050160113838e-15
-12.69594994321942 -40.91020235055603 4.061681633370638e-15
-7.738483414562237 23.53503898955574 -1.939980408787258e-15
23.51414059204619 -6.869884188820265 1.618352226879517e-15
15.44785337628143 21.22723173573578 -1.219562347548306e-15
9.939716238276723 -18.61778394035142 2.43827036601713e-15
10.91964106137722 -21.95674376608921 2.775979951725897e-15
-12.52888007765762 9.978482654208001 -7.585656790907827e-16
3.164604028178223 46.21152890433749 -3.853642707871934e-15
-22.92335550121713 -30.80961727073923 2.882944344738609e-15
21.07415376312449 -6.095025294678929 1.492110355250767e-15
-3.449477764489335 36.67580617649192 -3.092829481286602e-15
-18.60452504398938 -33.67623157769353 3.248119113076583e-15
18.7837632073966 -2.708435774199754 1.121532834474823e-15
6.876481101576305 -26.23674777653929 3.094214842467535e-15
-2.426182504685954 13.24375760387389 -8.495088735979202e-16
17.07401701032752 -1.71388681474256 9.902653630032773e-16
4.547554399976947 22.5745984692947 -1.583119417751803e-15
-13.26736000326993 19.44552388487045 -1.671947121419039e-15
2.941474511986185 15.31100315285634 -9.293344374784235e-16
-13.98720147044139 17.35729699133161 -1.489573384489183e-15
-21.94566045065842 -22.67554114953324 2.133048754299807e-15
-20.21125989429042 -29.94439304991263 2.859606052416908e-15
-12.6420645758191 6.163909818338198 -3.994218978707959e-16
12.70456729167044 4.10081589954873 3.44538947541329e-16
14.95392314727422 22.81915837894742 -1.381151524661773e-15
-11.13926741504406 34.51201405410519 -3.054093276904888e-15
8.692247295895886 3.773228626905772 2.887819074067668e-16
12.54458332092969 -13.50603078753439 2.010073308891816e-15
-0.1920884090111343 37.36051180987362 -3.087258101045633e-15
-14.88089230985133 -18.54644227838804 1.894493498708387e-15
22.62964285508778 18.00864771834685 -7.590810498420249e-16
16.29379551630207 3.873633675171217 4.437299978535092e-16
28.9931376359395 -11.09453728999883 2.137359945149221e-15
9.07138251284551 42.15173053692293 -3.34100656783544e-15
-0.1187680320604656 50.34012447665886 -4.316040752903815e-15
7.29782175096675 -28.01870785961031 3.272247215658119e-15
0.8331155716599454 52.13529082229925 -4.465614147076003e-15
5.222294297443682 -36.40259110094816 4.022070125307731e-15
14.44200937103385 -12.12432377521382 1.920150314916e-15
-22.37081257771762 -18.64023445322664 1.741333720218058e-15
5.250250790829288 17.16449322850642 -1.055078993994228e-15
5.699076358789364 20.30053270178583 -1.342641080580851e-15
0.05667710386307423 -35.30818740362788 3.806566578092083e-15
27.98524435455391 -9.942867721447758 2.006383792988459e-15
12.94794725503551 28.33138969029282 -1.947070247258374e-15
15.24713368452714 4.495309627627668 3.62154437975617e-16
20.17680228947573 18.78628477824467 -8.858643716809392e-16
13.27480709053214 18.02188270205149 -9.62735168481102e-16
4.377722500020343 28.57121545181123 -2.155227753329342e-15
-11.20903041082649 -38.49916097164449 3.865303890517787e-15
13.48003187809759 -14.37291466038559 2.112486532505622e-15
-19.21416532511189 -36.82172956805963 3.533098437280878e-15
-13.4557984057144 16.1551464718119 -1.364121276964166e-15
17.12127409493377 19.74667016121433 -1.043010491799189e-15
17.2896657121669 -9.035535869739405 1.688967989899162e-15
9.08608655349073 38.96050534793363 -3.038184450109344e-15
15.89168960279596 8.763963456430126 -2.853612666359265e-17
-3.999774769557574 12.45197130471809 -8.084994868360919e-16
6.51104240309488 -34.29284028458965 3.849964845081921e-15
-12.29838033448219 33.6511414640471 -2.997567432394613e-15
-2.281865069740156 46.310984319361 -3.980909152978396e-15
25.65077257750644 -9.45308622516659 1.90944800471802e-15
0.1335386784638448 52.32992215514255 -4.499199643380907e-15
10.69380474992384 9.180711285347362 -1.805011660763821e-16
14.80421049778422 25.26086249550515 -1.615845742098663e-15
-3.351936171760584 38.38734463207448 -3.252959974655155e-15
1.166797191061104 37.71365030404995 -3.091332352110123e-15
-16.59643272047765 -25.46639408002352 2.513335407708694e-15
-10.20960742120552 23.18103859513132 -1.959888646027865e-15
-9.90562114912635 34.13630458452447 -2.991787915575999e-15
-6.225002290671287 -36.10604335462628 3.746287996373898e-15
-5.442659296323351 24.78369098911605 -2.008671126178282e-15
-5.566662205152204 39.4395407925017 -3.400617617094688e-15
-7.966819045818363 36.18775731813206 -3.144302527733375e-15
-13.36547755364507 -45.0715793844374 4.441662887122532e-15
-13.12790771249201 -14.44914247878257 1.544027761877482e-15
-22.96606462494432 -24.49089797134083 2.283053554000412e-15
11.06307407819034 10.68825872292867 -3.154158032062975e-16
4.499810772124821 -36.6058211386805 4.025703270532428e-15
-12.18526146937136 11.38063709906018 -8.84044832912077e-16
-13.55563847411662 -41.00095942130635 4.051684650179183e-15
-5.386808522584988 37.79225366399453 -3.240575988782298e-15
-22.42174546966892 -27.68958590856009 2.598041741020944e-15
3.262780795826989 13.24570119632405 -7.266077256902445e-16
-14.65007877845734 -39.85383835709138 3.919267145980784e-15
0.4069210598852369 49.54697273709239 -4.229482259239182e-15
-11.22103023619026 0.9305182999455206 1.274092336250078e-16
6.63929181947406 19.32739314659292 -1.230052486989762e-15
21.20569611684132 6.084426243619646 3.404365997079199e-16
13.73525085440557 8.009567066874048 -3.681381797367252e-18
4.398052955934237 25.01908524110269 -1.818072840232936e-15
3.768359429100924 18.83808999195981 -1.245785229294656e-15
-4.000239615625897 26.72165795687388 -2.161167787783934e-15
-10.34987295375032 -39.71628367850624 3.999266483057909e-15
0.4778843456458333 12.13095604108539 -6.81191844113069e-16
-11.51516511089487 6.784954867942314 -4.339108720381852e-16
9.910617815751925 -19.77493192614387 2.547329664838883e-15
-11.26313477534626 8.118305248990577 -5.548495089795657e-16
13.87393339435108 28.42146101929877 -1.935573857822214e-15
-6.57838649228095 37.44128169475879 -3.233087270107587e-15
-21.66034434244509 -34.28409501860457 3.2396248083075e-15
16.51230612103989 27.858541383008 -1.825129981452151e-15
14.24674204954909 26.96095219963723 -1.789062659841687e-15
17.5506235114105 -5.906258891954796 1.397982263458292e-15
-11.84578025368325 -5.889453344708041 7.603739253646437e-16
-17.83173989424127 -25.69776191007472 2.508540442452688e-15
22.95313711369007 -5.027916093564865 1.43160982869521e-15
-14.82734306459115 -15.11161605927777 1.570056563695625e-15
17.58783190065108 26.24564395236768 -1.648969635857561e-15
15.31330298726028 -8.317580048038007 1.578150986309631e-15
-15.42252729547685 17.02531853165625 -1.489158791415573e-15
9.639714184136311 33.72539114273117 -2.529957076339892e-15
-9.064099907102946 -36.92302015555338 3.762305006008964e-15
-17.41182648076844 -38.55626888434907 3.73651470917112e-15
9.911728535600059 -13.34789530580047 1.938119290507423e-15
29.88476781362397 -9.977600400609191 2.050773935553756e-15
-22.79870355623757 -33.03377269055666 3.096474384126532e-15
-13.36280900626339 -15.49553964349715 1.638136007603045e-15
17.42651123574428 -10.57857456086895 1.838197138939242e-15
-0.04038666780620659 -36.08731744090112 3.878322151712972e-15
18.93219088905659 -11.54911974418676 1.962774087189426e-15
-12.69785727629627 5.491299930075189 -3.368706943324714e-16
-11.71906691714045 9.720423085074128 -7.165826142349701e-16
28.72685220461972 -10.17094237680179 2.044048837248121e-15
-11.1687824887633 -2.972098797617799 4.984782064585071e-16
8.185094977989602 13.82497724588545 -6.750204054181425e-16
8.701609358741599 -14.1296771848542 1.986044372291918e-15
22.68450432896687 -6.801247338521744 1.593896112369883e-15
-8.827875167640903 -12.22321138805648 1.426061079354914e-15
1.834800413090928 45.77718999310092 -3.841242059533665e-15
13.99761822234822 3.510801267194486 4.284440842002171e-16
-6.883303996431133 18.14926947605987 -1.410947732379426e-15
-6.178180129457743 22.91647511252755 -1.847586796084547e-15
5.861221122507155 -25.45206510851996 2.997866885083509e-15
-5.662485705710735 21.26435323944801 -1.679820680782765e-15
-16.67997741675452 16.71498596703492 -1.486947578586374e-15
14.24012647158901 -13.37446482232748 2.034286317966135e-15
-12.41021850042853 3.007308282068669 -9.518379427947556e-17
11.12017340214481 12.12243223016491 -4.501292013433417e-16
9.426312178366059 -21.60534550077984 2.710360662124538e-15
0.9356304709181256 51.34172807701218 -4.388172413827859e-15
-6.192680279981665 41.82996730216758 -3.640756364106424e-15
-3.618022662557254 44.13647478166908 -3.803690979456392e-15
16.65647933707638 10.73051226962438 -1.984032103162918e-16
13.64226833859889 17.36623175935517 -8.926340983382638e-16
-11.84148901433502 8.438552201673742 -5.977196633535257e-16
4.922018162638638 26.92274835582703 -1.987189271967004e-15
-6.35667247368279 12.22496065442659 -8.379740105293374e-16
16.3820879611767 8.345788174558489 2.17138942000486e-17
-19.21506609667594 -39.06891360225897 3.746094978966829e-15
7.832866113413417 4.630708434029852 1.889058980395616e-16
-11.6921714105171 -11.73780527513039 1.318076857540352e-15
24.26617248728061 -9.946135606518006 1.926228394392858e-15
-11.37915097820551 -7.229953246049164 8.97539072653125e-16
-11.30379711788856 33.6396416947999 -2.974958717932982e-15
-18.75823449417055 -24.33700322229616 2.359505352243014e-15
16.12312865988424 23.78567463172278 -1.447473226928066e-15
9.036244250822586 -18.71445939221382 2.427887109557239e-15
22.01812610187822 -3.954449628845764 1.309623606281799e-15
-11.97018820958302 35.61313512465513 -3.176448869347586e-15
-14.99079142107464 -19.49412081800606 1.981948490995482e-15
-8.730125602421689 35.54957867483547 -3.100322787915808e-15
-15.34765771534352 19.19541544220841 -1.693247681663325e-15
-12.37392836391484 14.00676731877874 -1.13706405547491e-15
-4.329938841926287 42.94931640706019 -3.706560245071165e-15
13.01365459303621 9.459553660500521 -1.567414582777514e-16
-5.195716390688025 -38.17102202206195 3.964301782317126e-15
-4.744616179666156 24.75953867549239 -1.991278934530158e-15
4.453564452818133 21.76754066115322 -1.508649998209805e-15
15.88756237671202 21.78401394488022 -1.262827620213711e-15
2 11 0 8
4312
4313
4314
4315
4316
4317
4318
4319
2.677173025118865 -41.03138814330316 1.575053423328058e-16
3.481628988471102 -42.17000495527701 4.674727932098789e-17
3.966524203648216 -43.40630897102459 -6.605279097383207e-17
4.402482411910018 -44.13563018917174 -1.354740157219528e-16
2.833824227655915 -41.80866782113347 8.943203625049992e-17
3.475378244067583 -42.86673814924813 -1.145591573171379e-17
3.338827886723791 -41.32847502927739 1.199330309622717e-16
2.262147972476242 -40.60156678463241 2.01453674100758e-16
2 12 0 0
2 13 0 3
4320
4321
4322
21.68049187890319 33.38260961750786 -1.746918651279581e-17
22.10495033457982 32.72442175890686 1.347399258635017e-17
21.40384212242256 32.79278527228091 1.605884662446884e-17
2 14 0 4
4323
4324
4325
4326
22.72679334337774 -29.2683750551736 0
21.8823799781008 -28.80871528454173 0
23.5352032663717 -29.6567557176937 0
21.06691816271013 -28.46660630636176 0
2 15 0 1
4327
32.15599223228288 11.41068891234787 -3.591174604446319e-18
2 16 0 0
2 17 0 4166
4328
4329
4330
4331
4332
4333
4334
4335
4336
4337
4338
4339
4340
4341
4342
4343
4344
4345
4346
4347
4348
4349
4350
4351
4352
4353
4354
4355
4356
4357
4358
4359
4360
4361
4362
4363
4364
4365
4366
4367
4368
4369
4370
4371
4372
4373
4374
4375
4376
4377
4378
4379
4380
4381
4382
4383
4384
4385
4386
4387
4388
4389
4390
4391
4392
4393
4394
4395
4396
4397
4398
4399
4400
4401
4402
4403
4404
4405
4406
4407
4408
4409
4410
4411
4412
4413
4414
4415
4416
4417
4418
4419
4420
4421
4422
4423
4424
4425
4426
4427
4428
4429
4430
4431
4432
4433
4434
4435
4436
4437
4438
4439
4440
4441
4442
4443
4444
4445
4446
4447
4448
4449
4450
4451
4452
4453
4454
4455
4456
4457
4458
4459
4460
4461
4462
4463
4464
4465
4466
4467
4468
4469
4470
4471
4472
4473
4474
4475
4476
4477
4478
4479
4480
4481
4482
4483
4484
4485
4486
4487
4488
4489
4490
4491
4492
4493
4494
4495
4496
4497
4498
4499
4500
4501
4502
4503
4504
4505
4506
4507
4508
4509
4510
4511
4512
4513
4514
4515
4516
4517
4518
4519
4520
4521
4522
4523
4524
4525
4526
4527
4528
4529
4530
4531
4532
4533
4534
4535
4536
4537
4538
4539
4540
4541
4542
4543
4544
4545
4546
4547
4548
4549
4550
4551
4552
4553
4554
4555
4556
4557
4558
4559
4560
4561
4562
4563
4564
4565
4566
4567
4568
4569
4570
4571
4572
4573
4574
4575
4576
4577
4578
4579
4580
4581
4582
4583
4584
4585
4586
4587
4588
4589
4590
4591
4592
4593
4594
4595
4596
4597
4598
4599
4600
4601
4602
4603
4604
4605
4606
4607
4608
4609
4610
4611
4612
4613
4614
4615
4616
4617
4618
4619
4620
4621
4622
4623
4624
4625
4626
4627
4628
4629
4630
4631
4632
4633
4634
4635
4636
4637
4638
4639
4640
4641
4642
4643
4644
4645
4646
4647
4648
4649
4650
4651
4652
4653
4654
4655
4656
4657
4658
4659
4660
4661
4662
4663
4664
4665
4666
4667
4668
4669
4670
4671
4672
4673
4674
4675
4676
4677
4678
4679
4680
4681
4682
4683
4684
4685
4686
4687
4688
4689
4690
4691
4692
4693
4694
4695
4696
4697
4698
4699
4700
4701
4702
4703
4704
4705
4706
4707
4708
4709
4710
4711
4712
4713
4714
4715
4716
4717
4718
4719
4720
4721
4722
4723
4724
4725
4726
4727
4728
4729
4730
4731
4732
4733
4734
4735
4736
4737
4738
4739
4740
4741
4742
4743
4744
4745
4746
4747
4748
4749
4750
4751
4752
4753
4754
4755
4756
4757
4758
4759
4760
4761
4762
4763
4764
4765
4766
4767
4768
4769
4770
4771
4772
4773
4774
4775
4776
4777
4778
4779
4780
4781
4782
4783
4784
4785
4786
4787
4788
4789
4790
4791
4792
4793
4794
4795
4796
4797
4798
4799
4800
4801
4802
4803
4804
4805
4806
4807
4808
4809
4810
4811
4812
4813
4814
4815
4816
4817
4818
4819
4820
4821
4822
4823
4824
4825
4826
4827
4828
4829
4830
4831
4832
4833
4834
4835
4836
4837
4838
4839
4840
4841
4842
4843
4844
4845
4846
4847
4848
4849
4850
4851
4852
4853
4854
4855
4856
4857
4858
4859
4860
4861
4862
4863
4864
4865
4866
4867
4868
4869
4870
4871
4872
4873
4874
4875
4876
4877
4878
4879
4880
4881
4882
4883
4884
4885
4886
4887
4888
4889
4890
4891
4892
4893
4894
4895
4896
4897
4898
4899
4900
4901
4902
4903
4904
4905
4906
4907
4908
4909
4910
4911
4912
4913
4914
4915
4916
4917
4918
4919
4920
4921
4922
4923
4924
4925
4926
4927
4928
4929
4930
4931
4932
4933
4934
4935
4936
4937
4938
4939
4940
4941
4942
4943
4944
4945
4946
4947
4948
4949
4950
4951
4952
4953
4954
4955
4956
4957
4958
4959
4960
4961
4962
4963
4964
4965
4966
4967
4968
4969
4970
4971
4972
4973
4974
4975
4976
4977
4978
4979
4980
4981
4982
4983
4984
4985
4986
4987
4988
4989
4990
4991
4992
4993
4994
4995
4996
4997
4998
4999
5000
5001
5002
5003
5004
5005
5006
5007
5008
5009
5010
5011
5012
5013
5014
5015
5016
5017
5018
5019
5020
5021
5022
5023
5024
5025
5026
5027
5028
5029
5030
5031
5032
5033
5034
5035
5036
5037
5038
5039
5040
5041
5042
5043
5044
5045
5046
5047
5048
5049
5050
5051
5052
5053
5054
5055
5056
5057
5058
5059
5060
5061
5062
5063
5064
5065
5066
5067
5068
5069
5070
5071
5072
5073
5074
5075
5076
5077
5078
5079
5080
5081
5082
5083
5084
5085
5086
5087
5088
5089
5090
5091
5092
5093
5094
5095
5096
5097
5098
5099
5100
5101
5102
5103
5104
5105
5106
5107
5108
5109
5110
5111
5112
5113
5114
5115
5116
5117
5118
5119
5120
5121
5122
5123
5124
5125
5126
5127
5128
5129
5130
5131
5132
5133
5134
5135
5136
5137
5138
5139
5140
5141
5142
5143
5144
5145
5146
5147
5148
5149
5150
5151
5152
5153
5154
5155
5156
5157
5158
5159
5160
5161
5162
5163
5164
5165
5166
5167
5168
5169
5170
5171
5172
5173
5174
5175
5176
5177
5178
5179
5180
5181
5182
5183
5184
5185
5186
5187
5188
5189
5190
5191
5192
5193
5194
5195
5196
5197
5198
5199
5200
5201
5202
5203
5204
5205
5206
5207
5208
5209
5210
5211
5212
5213
5214
5215
5216
5217
5218
5219
5220
5221
5222
5223
5224
5225
5226
5227
5228
5229
5230
5231
5232
5233
5234
5235
5236
5237
5238
5239
5240
5241
5242
5243
5244
5245
5246
5247
5248
5249
5250
5251
5252
5253
5254
5255
5256
5257
5258
5259
5260
5261
5262
5263
5264
5265
5266
5267
5268
5269
5270
5271
5272
5273
5274
5275
5276
5277
5278
5279
5280
5281
5282
5283
5284
5285
5286
5287
5288
5289
5290
5291
5292
5293
5294
5295
5296
5297
5298
5299
5300
5301
5302
5303
5304
5305
5306
5307
5308
5309
5310
5311
5312
5313
5314
5315
5316
5317
5318
5319
5320
5321
5322
5323
5324
5325
5326
5327
5328
5329
5330
5331
5332
5333
5334
5335
5336
5337
5338
5339
5340
5341
5342
5343
5344
5345
5346
5347
5348
5349
5350
5351
5352
5353
5354
5355
5356
5357
5358
5359
5360
5361
5362
5363
5364
5365
5366
5367
5368
5369
5370
5371
5372
5373
5374
5375
5376
5377
5378
5379
5380
5381
5382
5383
5384
5385
5386
5387
5388
5389
5390
5391
5392
5393
5394
5395
5396
5397
5398
5399
5400
5401
5402
5403
5404
5405
5406
5407
5408
5409
5410
5411
5412
5413
5414
5415
5416
5417
5418
5419
5420
5421
5422
5423
5424
5425
5426
5427
5428
5429
5430
5431
5432
5433
5434
5435
5436
5437
5438
5439
5440
5441
5442
5443
5444
5445
5446
5447
5448
5449
5450
5451
5452
5453
5454
5455
5456
5457
5458
5459
5460
5461
5462
5463
5464
5465
5466
5467
5468
5469
5470
5471
5472
5473
5474
5475
5476
5477
5478
5479
5480
5481
5482
5483
5484
5485
5486
5487
5488
5489
5490
5491
5492
5493
5494
5495
5496
5497
5498
5499
5500
5501
5502
5503
5504
5505
5506
5507
5508
5509
5510
5511
5512
5513
5514
5515
5516
5517
5518
5519
5520
5521
5522
5523
5524
5525
5526
5527
5528
5529
5530
5531
5532
5533
5534
5535
5536
5537
5538
5539
5540
5541
5542
5543
5544
5545
5546
5547
5548
5549
5550
5551
5552
5553
5554
5555
5556
5557
5558
5559
5560
5561
5562
5563
5564
5565
5566
5567
5568
5569
5570
5571
5572
5573
5574
5575
5576
5577
5578
5579
5580
5581
5582
5583
5584
5585
5586
5587
5588
5589
5590
5591
5592
5593
5594
5595
5596
5597
5598
5599
5600
5601
5602
5603
5604
5605
5606
5607
5608
5609
5610
5611
5612
5613
5614
5615
5616
5617
5618
5619
5620
5621
5622
5623
5624
5625
5626
5627
5628
5629
5630
5631
5632
5633
5634
5635
5636
5637
5638
5639
5640
5641
5642
5643
5644
5645
5646
5647
5648
5649
5650
5651
5652
5653
5654
5655
5656
5657
5658
5659
5660
5661
5662
5663
5664
5665
5666
5667
5668
5669
5670
5671
5672
5673
5674
5675
5676
5677
5678
5679
5680
5681
5682
5683
5684
5685
5686
5687
5688
5689
5690
5691
5692
5693
5694
5695
5696
5697
5698
5699
5700
5701
5702
5703
5704
5705
5706
5707
5708
5709
5710
5711
5712
5713
5714
5715
5716
5717
5718
5719
5720
5721
5722
5723
5724
5725
5726
5727
5728
5729
5730
5731
5732
5733
5734
5735
5736
5737
5738
5739
5740
5741
5742
5743
5744
5745
5746
5747
5748
5749
5750
5751
5752
5753
5754
5755
5756
5757
5758
5759
5760
5761
5762
5763
5764
5765
5766
5767
5768
5769
5770
5771
5772
5773
5774
5775
5776
5777
5778
5779
5780
5781
5782
5783
5784
5785
5786
5787
5788
5789
5790
5791
5792
5793
5794
5795
5796
5797
5798
5799
5800
5801
5802
5803
5804
5805
5806
5807
5808
5809
5810
5811
5812
5813
5814
5815
5816
5817
5818
5819
5820
5821
5822
5823
5824
5825
5826
5827
5828
5829
5830
5831
5832
5833
5834
5835
5836
5837
5838
5839
5840
5841
5842
5843
5844
5845
5846
5847
5848
5849
5850
5851
5852
5853
5854
5855
5856
5857
5858
5859
5860
5861
5862
5863
5864
5865
5866
5867
5868
5869
5870
5871
5872
5873
5874
5875
5876
5877
5878
5879
5880
5881
5882
5883
5884
5885
5886
5887
5888
5889
5890
5891
5892
5893
5894
5895
5896
5897
5898
5899
5900
5901
5902
5903
5904
5905
5906
5907
5908
5909
5910
5911
5912
5913
5914
5915
5916
5917
5918
5919
5920
5921
5922
5923
5924
5925
5926
5927
5928
5929
5930
5931
5932
5933
5934
5935
5936
5937
5938
5939
5940
5941
5942
5943
5944
5945
5946
5947
5948
5949
5950
5951
5952
5953
5954
5955
5956
5957
5958
5959
5960
5961
5962
5963
5964
5965
5966
5967
5968
5969
5970
5971
5972
5973
5974
5975
5976
5977
5978
5979
5980
5981
5982
5983
5984
5985
5986
5987
5988
5989
5990
5991
5992
5993
5994
5995
5996
5997
5998
5999
6000
6001
6002
6003
6004
6005
6006
6007
6008
6009
6010
6011
6012
6013
6014
6015
6016
6017
6018
6019
6020
6021
6022
6023
6024
6025
6026
6027
6028
6029
6030
6031
6032
6033
6034
6035
6036
6037
6038
6039
6040
6041
6042
6043
6044
6045
6046
6047
6048
6049
6050
6051
6052
6053
6054
6055
6056
6057
6058
6059
6060
6061
6062
6063
6064
6065
6066
6067
6068
6069
6070
6071
6072
6073
6074
6075
6076
6077
6078
6079
6080
6081
6082
6083
6084
6085
6086
6087
6088
6089
6090
6091
6092
6093
6094
6095
6096
6097
6098
6099
6100
6101
6102
6103
6104
6105
6106
6107
6108
6109
6110
6111
6112
6113
6114
6115
6116
6117
6118
6119
6120
6121
6122
6123
6124
6125
6126
6127
6128
6129
6130
6131
6132
6133
6134
6135
6136
6137
6138
6139
6140
6141
6142
6143
6144
6145
6146
6147
6148
6149
6150
6151
6152
6153
6154
6155
6156
6157
6158
6159
6160
6161
6162
6163
6164
6165
6166
6167
6168
6169
6170
6171
6172
6173
6174
6175
6176
6177
6178
6179
6180
6181
6182
6183
6184
6185
6186
6187
6188
6189
6190
6191
6192
6193
6194
6195
6196
6197
6198
6199
6200
6201
6202
6203
6204
6205
6206
6207
6208
6209
6210
6211
6212
6213
6214
6215
6216
6217
6218
6219
6220
6221
6222
6223
6224
6225
6226
6227
6228
6229
6230
6231
6232
6233
6234
6235
6236
6237
6238
6239
6240
6241
6242
6243
6244
6245
6246
6247
6248
6249
6250
6251
6252
6253
6254
6255
6256
6257
6258
6259
6260
6261
6262
6263
6264
6265
6266
6267
6268
6269
6270
6271
6272
6273
6274
6275
6276
6277
6278
6279
6280
6281
6282
6283
6284
6285
6286
6287
6288
6289
6290
6291
6292
6293
6294
6295
6296
6297
6298
6299
6300
6301
6302
6303
6304
6305
6306
6307
6308
6309
6310
6311
6312
6313
6314
6315
6316
6317
6318
6319
6320
6321
6322
6323
6324
6325
6326
6327
6328
6329
6330
6331
6332
6333
6334
6335
6336
6337
6338
6339
6340
6341
6342
6343
6344
6345
6346
6347
6348
6349
6350
6351
6352
6353
6354
6355
6356
6357
6358
6359
6360
6361
6362
6363
6364
6365
6366
6367
6368
6369
6370
6371
6372
6373
6374
6375
6376
6377
6378
6379
6380
6381
6382
6383
6384
6385
6386
6387
6388
6389
6390
6391
6392
6393
6394
6395
6396
6397
6398
6399
6400
6401
6402
6403
6404
6405
6406
6407
6408
6409
6410
6411
6412
6413
6414
6415
6416
6417
6418
6419
6420
6421
6422
6423
6424
6425
6426
6427
6428
6429
6430
6431
6432
6433
6434
6435
6436
6437
6438
6439
6440
6441
6442
6443
6444
6445
6446
6447
6448
6449
6450
6451
6452
6453
6454
6455
6456
6457
6458
6459
6460
6461
6462
6463
6464
6465
6466
6467
6468
6469
6470
6471
6472
6473
6474
6475
6476
6477
6478
6479
6480
6481
6482
6483
6484
6485
6486
6487
6488
6489
6490
6491
6492
6493
6494
6495
6496
6497
6498
6499
6500
6501
6502
6503
6504
6505
6506
6507
6508
6509
6510
6511
6512
6513
6514
6515
6516
6517
6518
6519
6520
6521
6522
6523
6524
6525
6526
6527
6528
6529
6530
6531
6532
6533
6534
6535
6536
6537
6538
6539
6540
6541
6542
6543
6544
6545
6546
6547
6548
6549
6550
6551
6552
6553
6554
6555
6556
6557
6558
6559
6560
6561
6562
6563
6564
6565
6566
6567
6568
6569
6570
6571
6572
6573
6574
6575
6576
6577
6578
6579
6580
6581
6582
6583
6584
6585
6586
6587
6588
6589
6590
6591
6592
6593
6594
6595
6596
6597
6598
6599
6600
6601
6602
6603
6604
6605
6606
6607
6608
6609
6610
6611
6612
6613
6614
6615
6616
6617
6618
6619
6620
6621
6622
6623
6624
6625
6626
6627
6628
6629
6630
6631
6632
6633
6634
6635
6636
6637
6638
6639
6640
6641
6642
6643
6644
6645
6646
6647
6648
6649
6650
6651
6652
6653
6654
6655
6656
6657
6658
6659
6660
6661
6662
6663
6664
6665
6666
6667
6668
6669
6670
6671
6672
6673
6674
6675
6676
6677
6678
6679
6680
6681
6682
6683
6684
6685
6686
6687
6688
6689
6690
6691
6692
6693
6694
6695
6696
6697
6698
6699
6700
6701
6702
6703
6704
6705
6706
6707
6708
6709
6710
6711
6712
6713
6714
6715
6716
6717
6718
6719
6720
6721
6722
6723
6724
6725
6726
6727
6728
6729
6730
6731
6732
6733
6734
6735
6736
6737
6738
6739
6740
6741
6742
6743
6744
6745
6746
6747
6748
6749
6750
6751
6752
6753
6754
6755
6756
6757
6758
6759
6760
6761
6762
6763
6764
6765
6766
6767
6768
6769
6770
6771
6772
6773
6774
6775
6776
6777
6778
6779
6780
6781
6782
6783
6784
6785
6786
6787
6788
6789
6790
6791
6792
6793
6794
6795
6796
6797
6798
6799
6800
6801
6802
6803
6804
6805
6806
6807
6808
6809
6810
6811
6812
6813
6814
6815
6816
6817
6818
6819
6820
6821
6822
6823
6824
6825
6826
6827
6828
6829
6830
6831
6832
6833
6834
6835
6836
6837
6838
6839
6840
6841
6842
6843
6844
6845
6846
6847
6848
6849
6850
6851
6852
6853
6854
6855
6856
6857
6858
6859
6860
6861
6862
6863
6864
6865
6866
6867
6868
6869
6870
6871
6872
6873
6874
6875
6876
6877
6878
6879
6880
6881
6882
6883
6884
6885
6886
6887
6888
6889
6890
6891
6892
6893
6894
6895
6896
6897
6898
6899
6900
6901
6902
6903
6904
6905
6906
6907
6908
6909
6910
6911
6912
6913
6914
6915
6916
6917
6918
6919
6920
6921
6922
6923
6924
6925
6926
6927
6928
6929
6930
6931
6932
6933
6934
6935
6936
6937
6938
6939
6940
6941
6942
6943
6944
6945
6946
6947
6948
6949
6950
6951
6952
6953
6954
6955
6956
6957
6958
6959
6960
6961
6962
6963
6964
6965
6966
6967
6968
6969
6970
6971
6972
6973
6974
6975
6976
6977
6978
6979
6980
6981
6982
6983
6984
6985
6986
6987
6988
6989
6990
6991
6992
6993
6994
6995
6996
6997
6998
6999
7000
7001
7002
7003
7004
7005
7006
7007
7008
7009
7010
7011
7012
7013
7014
7015
7016
7017
7018
7019
7020
7021
7022
7023
7024
7025
7026
7027
7028
7029
7030
7031
7032
7033
7034
7035
7036
7037
7038
7039
7040
7041
7042
7043
7044
7045
7046
7047
7048
7049
7050
7051
7052
7053
7054
7055
7056
7057
7058
7059
7060
7061
7062
7063
7064
7065
7066
7067
7068
7069
7070
7071
7072
7073
7074
7075
7076
7077
7078
7079
7080
7081
7082
7083
7084
7085
7086
7087
7088
7089
7090
7091
7092
7093
7094
7095
7096
7097
7098
7099
7100
7101
7102
7103
7104
7105
7106
7107
7108
7109
7110
7111
7112
7113
7114
7115
7116
7117
7118
7119
7120
7121
7122
7123
7124
7125
7126
7127
7128
7129
7130
7131
7132
7133
7134
7135
7136
7137
7138
7139
7140
7141
7142
7143
7144
7145
7146
7147
7148
7149
7150
7151
7152
7153
7154
7155
7156
7157
7158
7159
7160
7161
7162
7163
7164
7165
7166
7167
7168
7169
7170
7171
7172
7173
7174
7175
7176
7177
7178
7179
7180
7181
7182
7183
7184
7185
7186
7187
7188
7189
7190
7191
7192
7193
7194
7195
7196
7197
7198
7199
7200
7201
7202
7203
7204
7205
7206
7207
7208
7209
7210
7211
7212
7213
7214
7215
7216
7217
7218
7219
7220
7221
7222
7223
7224
7225
7226
7227
7228
7229
7230
7231
7232
7233
7234
7235
7236
7237
7238
7239
7240
7241
7242
7243
7244
7245
7246
7247
7248
7249
7250
7251
7252
7253
7254
7255
7256
7257
7258
7259
7260
7261
7262
7263
7264
7265
7266
7267
7268
7269
7270
7271
7272
7273
7274
7275
7276
7277
7278
7279
7280
7281
7282
7283
7284
7285
7286
7287
7288
7289
7290
7291
7292
7293
7294
7295
7296
7297
7298
7299
7300
7301
7302
7303
7304
7305
7306
7307
7308
7309
7310
7311
7312
7313
7314
7315
7316
7317
7318
7319
7320
7321
7322
7323
7324
7325
7326
7327
7328
7329
7330
7331
7332
7333
7334
7335
7336
7337
7338
7339
7340
7341
7342
7343
7344
7345
7346
7347
7348
7349
7350
7351
7352
7353
7354
7355
7356
7357
7358
7359
7360
7361
7362
7363
7364
7365
7366
7367
7368
7369
7370
7371
7372
7373
7374
7375
7376
7377
7378
7379
7380
7381
7382
7383
7384
7385
7386
7387
7388
7389
7390
7391
7392
7393
7394
7395
7396
7397
7398
7399
7400
7401
7402
7403
7404
7405
7406
7407
7408
7409
7410
7411
7412
7413
7414
7415
7416
7417
7418
7419
7420
7421
7422
7423
7424
7425
7426
7427
7428
7429
7430
7431
7432
7433
7434
7435
7436
7437
7438
7439
7440
7441
7442
7443
7444
7445
7446
7447
7448
7449
7450
7451
7452
7453
7454
7455
7456
7457
7458
7459
7460
7461
7462
7463
7464
7465
7466
7467
7468
7469
7470
7471
7472
7473
7474
7475
7476
7477
7478
7479
7480
7481
7482
7483
7484
7485
7486
7487
7488
7489
7490
7491
7492
7493
7494
7495
7496
7497
7498
7499
7500
7501
7502
7503
7504
7505
7506
7507
7508
7509
7510
7511
7512
7513
7514
7515
7516
7517
7518
7519
7520
7521
7522
7523
7524
7525
7526
7527
7528
7529
7530
7531
7532
7533
7534
7535
7536
7537
7538
7539
7540
7541
7542
7543
7544
7545
7546
7547
7548
7549
7550
7551
7552
7553
7554
7555
7556
7557
7558
7559
7560
7561
7562
7563
7564
7565
7566
7567
7568
7569
7570
7571
7572
7573
7574
7575
7576
7577
7578
7579
7580
7581
7582
7583
7584
7585
7586
7587
7588
7589
7590
7591
7592
7593
7594
7595
7596
7597
7598
7599
7600
7601
7602
7603
7604
7605
7606
7607
7608
7609
7610
7611
7612
7613
7614
7615
7616
7617
7618
7619
7620
7621
7622
7623
7624
7625
7626
7627
7628
7629
7630
7631
7632
7633
7634
7635
7636
7637
7638
7639
7640
7641
7642
7643
7644
7645
7646
7647
7648
7649
7650
7651
7652
7653
7654
7655
7656
7657
7658
7659
7660
7661
7662
7663
7664
7665
7666
7667
7668
7669
7670
7671
7672
7673
7674
7675
7676
7677
7678
7679
7680
7681
7682
7683
7684
7685
7686
7687
7688
7689
7690
7691
7692
7693
7694
7695
7696
7697
7698
7699
7700
7701
7702
7703
7704
7705
7706
7707
7708
7709
7710
7711
7712
7713
7714
7715
7716
7717
7718
7719
7720
7721
7722
7723
7724
7725
7726
7727
7728
7729
7730
7731
7732
7733
7734
7735
7736
7737
7738
7739
7740
7741
7742
7743
7744
7745
7746
7747
7748
7749
7750
7751
7752
7753
7754
7755
7756
7757
7758
7759
7760
7761
7762
7763
7764
7765
7766
7767
7768
7769
7770
7771
7772
7773
7774
7775
7776
7777
7778
7779
7780
7781
7782
7783
7784
7785
7786
7787
7788
7789
7790
7791
7792
7793
7794
7795
7796
7797
7798
7799
7800
7801
7802
7803
7804
7805
7806
7807
7808
7809
7810
7811
7812
7813
7814
7815
7816
7817
7818
7819
7820
7821
7822
7823
7824
7825
7826
7827
7828
7829
7830
7831
7832
7833
7834
7835
7836
7837
7838
7839
7840
7841
7842
7843
7844
7845
7846
7847
7848
7849
7850
7851
7852
7853
7854
7855
7856
7857
7858
7859
7860
7861
7862
7863
7864
7865
7866
7867
7868
7869
7870
7871
7872
7873
7874
7875
7876
7877
7878
7879
7880
7881
7882
7883
7884
7885
7886
7887
7888
7889
7890
7891
7892
7893
7894
7895
7896
7897
7898
7899
7900
7901
7902
7903
7904
7905
7906
7907
7908
7909
7910
7911
7912
7913
7914
7915
7916
7917
7918
7919
7920
7921
7922
7923
7924
7925
7926
7927
7928
7929
7930
7931
7932
7933
7934
7935
7936
7937
7938
7939
7940
7941
7942
7943
7944
7945
7946
7947
7948
7949
7950
7951
7952
7953
7954
7955
7956
7957
7958
7959
7960
7961
7962
7963
7964
7965
7966
7967
7968
7969
7970
7971
7972
7973
7974
7975
7976
7977
7978
7979
7980
7981
7982
7983
7984
7985
7986
7987
7988
7989
7990
7991
7992
7993
7994
7995
7996
7997
7998
7999
8000
8001
8002
8003
8004
8005
8006
8007
8008
8009
8010
8011
8012
8013
8014
8015
8016
8017
8018
8019
8020
8021
8022
8023
8024
8025
8026
8027
8028
8029
8030
8031
8032
8033
8034
8035
8036
8037
8038
8039
8040
8041
8042
8043
8044
8045
8046
8047
8048
8049
8050
8051
8052
8053
8054
8055
8056
8057
8058
8059
8060
8061
8062
8063
8064
8065
8066
8067
8068
8069
8070
8071
8072
8073
8074
8075
8076
8077
8078
8079
8080
8081
8082
8083
8084
8085
8086
8087
8088
8089
8090
8091
8092
8093
8094
8095
8096
8097
8098
8099
8100
8101
8102
8103
8104
8105
8106
8107
8108
8109
8110
8111
8112
8113
8114
8115
8116
8117
8118
8119
8120
8121
8122
8123
8124
8125
8126
8127
8128
8129
8130
8131
8132
8133
8134
8135
8136
8137
8138
8139
8140
8141
8142
8143
8144
8145
8146
8147
8148
8149
8150
8151
8152
8153
8154
8155
8156
8157
8158
8159
8160
8161
8162
8163
8164
8165
8166
8167
8168
8169
8170
8171
8172
8173
8174
8175
8176
8177
8178
8179
8180
8181
8182
8183
8184
8185
8186
8187
8188
8189
8190
8191
8192
8193
8194
8195
8196
8197
8198
8199
8200
8201
8202
8203
8204
8205
8206
8207
8208
8209
8210
8211
8212
8213
8214
8215
8216
8217
8218
8219
8220
8221
8222
8223
8224
8225
8226
8227
8228
8229
8230
8231
8232
8233
8234
8235
8236
8237
8238
8239
8240
8241
8242
8243
8244
8245
8246
8247
8248
8249
8250
8251
8252
8253
8254
8255
8256
8257
8258
8259
8260
8261
8262
8263
8264
8265
8266
8267
8268
8269
8270
8271
8272
8273
8274
8275
8276
8277
8278
8279
8280
8281
8282
8283
8284
8285
8286
8287
8288
8289
8290
8291
8292
8293
8294
8295
8296
8297
8298
8299
8300
8301
8302
8303
8304
8305
8306
8307
8308
8309
8310
8311
8312
8313
8314
8315
8316
8317
8318
8319
8320
8321
8322
8323
8324
8325
8326
8327
8328
8329
8330
8331
8332
8333
8334
8335
8336
8337
8338
8339
8340
8341
8342
8343
8344
8345
8346
8347
8348
8349
8350
8351
8352
8353
8354
8355
8356
8357
8358
8359
8360
8361
8362
8363
8364
8365
8366
8367
8368
8369
8370
8371
8372
8373
8374
8375
8376
8377
8378
8379
8380
8381
8382
8383
8384
8385
8386
8387
8388
8389
8390
8391
8392
8393
8394
8395
8396
8397
8398
8399
8400
8401
8402
8403
8404
8405
8406
8407
8408
8409
8410
8411
8412
8413
8414
8415
8416
8417
8418
8419
8420
8421
8422
8423
8424
8425
8426
8427
8428
8429
8430
8431
8432
8433
8434
8435
8436
8437
8438
8439
8440
8441
8442
8443
8444
8445
8446
8447
8448
8449
8450
8451
8452
8453
8454
8455
8456
8457
8458
8459
8460
8461
8462
8463
8464
8465
8466
8467
8468
8469
8470
8471
8472
8473
8474
8475
8476
8477
8478
8479
8480
8481
8482
8483
8484
8485
8486
8487
8488
8489
8490
8491
8492
8493
0.7693287350681342 54.54564572733399 0
5.99239539732099 -44.56976935799112 0
3.827712774357663 62.68761442075957 0
-4.104034294979099 29.38296347590349 -0
-3.501478552334924 29.60048210798322 -0
-24.20594487909409 -12.92873999052377 0
5.267968146229769 -42.28451737793363 0
-14.71963068503744 -53.75826516307335 0
-2.508872958884976 60.71519938625377 -0
6.648950394688246 55.90107544742942 0
13.45478219882895 -42.73805966145185 0
-4.005136169735938 30.03485555548418 -0
-3.356450848127959 30.26752359885862 -0
-27.09325650002234 -47.50102259963848 0
21.30747934140771 44.78325969544568 0
-23.2819355846765 -52.5563707371402 0
12.30093400438507 -39.96038295428859 0
15.97693605744338 -23.85188300056258 0
-8.642692694649362 -49.75307311468033 0
15.56529204362684 43.79135935071395 0
15.60820458263594 -15.50307324068649 0
-28.02622807338845 32.5629292387029 -0
18.90889458867122 10.24798876639405 0
17.90363774515956 -24.46084320135107 0
6.861802829366606 -37.15493152014537 0
14.98374133128431 -28.89764245841035 0
14.41459221293781 -28.58391230467138 0
9.839388707214898 -27.64467058508908 0
1.728914749258956 17.53846256007873 0
17.84902878291871 -20.98566609397097 0
21.280846231511 15.53151963053661 0
-0.06336230446435306 54.73485814039413 -0
0.5131206016947624 55.39201833347429 0
11.03069638195362 -48.55083111858832 0
-3.884824994021419 30.73463644961643 -0
-3.201109663435523 30.96903916254762 -0
-2.65973572275242 30.47960427570133 -0
24.67477879205928 26.51346359543942 0
17.24553414669141 48.09109567522757 0
16.58661748237104 42.95303070520374 0
-2.492418170978249 31.20701644085652 -0
2.231640446970069 21.12601967736789 0
-7.721663978328565 30.02930160136714 -0
-16.41755549417024 -49.27835733173145 0
33.76123998020761 -5.670400095233765 0
36.20226567352572 -10.48160020823101 0
19.98106622029423 -12.11088463869687 0
21.25379540021526 43.90524033499118 0
15.04312914827564 43.69515427093394 0
15.21952971264295 44.21710535361516 0
15.78892742495267 44.28980350547247 0
16.39870421593638 33.32185430539793 0
7.139056308050806 51.79224487842573 0
-27.0940751047907 -9.728696558585693 0
30.0913033647446 21.92641681878432 0
12.07463056010759 -18.15173887724661 0
14.85252055088781 -20.60193741229951 0
5.984492050587233 -45.47734435221849 0
6.788241808190159 -45.03550549436234 0
-24.78542791457351 -13.00986189086611 0
-24.56707631581368 -12.46046972348622 0
2.141019362124558 -49.676740129142 0
-4.041747089483312 18.8852772908554 -0
-19.0670283773176 -49.38536712361548 0
16.54338343810501 17.02538416854772 0
21.90584486836923 31.24120605636075 0
-7.562959373733422 34.59896795395728 -0
6.196416040688915 60.87550479237828 0
-28.17674577660622 -8.160195296596093 0
15.02376334943168 -28.20759927197483 0
14.35996413921925 -27.88650784567139 0
-10.93521517920974 -54.84759436166364 0
22.87148815502474 34.09963451060463 0
-23.28111231441186 18.70500842254616 -0
-0.3453567847917368 55.5818644125092 -0
0.2960112939877465 56.23071711097249 0
1.154867439615678 56.07576375125322 0
0.9472618280048573 56.8934676753269 0
-1.923335149859825 30.69281569386528 -0
-23.44893466641098 34.24371259334848 -0
-24.03988543541427 -44.05089791912807 0
17.23008342449834 11.95132902707273 0
-3.292566243533191 20.86982827234272 -0
27.05215813821832 -26.08103793894306 0
-2.512453418058922 23.80114138648598 -0
24.46820676564789 -22.83775257549764 0
-1.083434922339886 -46.15563853844876 0
35.94768059265144 14.99534447756546 0
1.822508762693955 56.74433943637587 0
1.564589460898249 57.60298888979265 0
23.28603788662983 31.972100716551 0
-23.56743969706 -13.935462235431 0
20.21460829351477 -27.7877761753939 0
19.83038466960629 -28.34977590771712 0
20.33700258558258 -16.61933945019097 0
12.14752554336122 50.1225496236151 0
3.389291790954099 -45.16836673373312 0
19.63987366700369 27.81357129959601 0
15.5112889787538 -30.90387831333965 0
-3.754415898807461 31.46334793203882 -0
17.09131768218377 -33.80416476047796 0
-20.57649746636834 0.6925462939102335 -0
-29.89213719719447 -5.785419813680425 0
-26.76837041332504 -10.66805441758503 0
6.762140290908851 -45.9754543140133 0
7.592945608324816 -45.52186609653035 0
7.61430755625274 -44.57337661248751 0
8.429654484445813 -45.06556779032292 0
8.447735830479221 -44.10177702460027 0
28.66184341993097 0.0579659989191644 0
-1.751802733349563 31.47165366021159 -0
26.4165469651001 -18.20294517825515 0
2.46069591016796 57.40078992600495 0
23.72819981866791 32.68260462480573 0
14.64792093711917 44.11278528250428 0
14.84171735746221 44.69064428861515 0
26.6658961990171 35.75385567277889 0
36.40006142780059 -13.86112057484916 0
18.84823881710722 -40.56442433652672 0
-24.05244990317575 29.21041946378774 -0
29.00158950860494 -30.60332902084222 0
-5.100810165171531 55.64725532758877 -0
-36.31936185460042 22.0192069236129 -0
21.77498588581463 -22.05032808802108 0
17.66381913816607 40.60158068557232 0
11.20958186915122 -23.44879798305992 0
26.35488618215016 1.319386198106882 0
24.90481365720015 22.89042946928161 0
-18.54558982373844 18.21361481200241 -0
13.90085350918028 -28.90831135385717 0
34.16154627684474 1.54388763810724 0
9.273689187481358 -44.60273878998545 0
31.42944140633949 16.13254497307528 0
0.0105054254085688 63.90892015374829 0
20.50017824620711 44.39868831137927 0
19.55524077179748 -12.60457257526161 0
20.20903916016111 -12.70570467485907 0
-23.7748112215347 -6.761747122681161 0
-4.462109836122131 31.20976819499441 -0
11.16173121261835 -37.19618132752594 0
1.93949938107555 28.18369568313941 0
-27.1177026441517 36.4594863552887 -0
-0.6175679352558574 56.53805214485582 -0
-27.54646329073811 31.9396641876465 -0
-27.23984366730657 32.64413780727013 -0
-25.24828509202619 -4.401557482918188 0
-22.78745440623979 -45.53945754036389 0
-22.39601030962328 -46.27586918235536 0
8.940638932512028 47.47702065965294 0
-2.656081465760988 -48.38823208423209 0
-8.214956851998043 42.59620629111718 -0
20.10634691639941 32.78786119485244 0
-2.324413702125613 15.33799972391016 -0
18.3782501211638 -32.48484669817205 0
9.292295473123046 -43.63314259179364 0
19.55208848971202 -27.67477454317052 0
19.11544766726177 -28.21356406446978 0
-5.482236413026492 45.66992727261032 -0
30.83693623539896 -2.157052705731606 0
2.189086731818739 58.30527537074818 0
-27.54731621265691 6.786779196339074 -0
-24.51018463889602 -1.036651740664319 0
27.35283510572814 11.43022520408952 0
-28.82729688150994 -47.66524096582876 0
31.75298845668733 -11.55444777821548 0
4.218683599755851 -49.72243767166138 0
-28.25939862156539 29.19096110068158 -0
-25.14871772629241 -12.55350411556645 0
-25.35576980561701 -13.10530248791427 0
19.41167589351069 -28.9115851103999 0
23.97165516959329 11.78470986421735 0
23.54073438366651 11.44330749472266 0
23.64852629470014 10.87817441443915 0
23.08060117274758 11.07016219425054 0
19.85514004083428 -21.22787131993922 0
-0.9663979871557457 54.72626680175643 -0
22.98676037679366 11.67123958652634 0
22.46638381120849 11.27652912365292 0
2.165116763215869 23.1091685722366 0
-4.334036474335536 31.96791197602185 -0
-5.075620301221261 31.70336222848822 -0
14.965576430008 -27.45934801228631 0
14.2704170883283 -27.15475121178401 0
34.71630413048118 0.4180713842720289 0
-1.148988271122735 30.92220188531142 -0
19.6744689438247 -16.11006585141081 0
19.56587126264485 -16.97943358221248 0
2.692567783862345 56.50956521408807 0
21.111631005131 1.0863386835957 0
-2.068792139598891 35.38483688451029 -0
13.87142297152706 15.76951888752053 0
3.06623549785265 58.03950604437797 0
26.82941706103447 25.35037134540042 0
30.96136180738624 -8.86533369332281 0
37.28441403103816 -8.706790450578813 0
-26.84276471070692 -46.65293965320241 0
-26.2459865648267 -47.27265491866733 0
8.719232087033875 54.1446570800394 0
4.525141168160054 -40.48687405926469 0
15.68199659836236 -27.79546782981846 0
13.13787789351854 -47.31302850176706 0
33.16874651990572 12.16700127370986 0
24.11778650774438 31.93063700440164 0
-32.15836503306224 20.80011466053716 -0
22.39736089277901 11.98907548093641 0
20.21830167673745 -17.5104186970649 0
-8.58922431669334 -44.20742425277854 0
-8.954308267761107 -43.63171550743913 0
-8.282772751050322 -43.6051002373744 0
1.115658248617228 58.51754252919037 0
-24.9337538460124 -11.99428785669003 0
7.566816476379651 -46.47207040903243 0
-25.73336386639393 -12.65815474289239 0
28.97808418502103 -22.14340324203246 0
18.31089085380074 55.34239291679993 0
-23.09203709967656 -8.628771020221503 0
-27.63667368111275 29.62529772137114 -0
-18.95884219111821 -51.23471254314212 0
7.110830236666359 47.79022252597429 0
18.84028899238796 -27.53799064250163 0
21.41364988488218 -37.15282143863671 0
23.45296214575473 -18.01486875839948 0
23.66497924085678 31.24145781258997 0
-17.25863349474113 -17.9342370078446 0
1.048361554118955 -40.47672343012852 0
-23.86230739290741 -14.44449949945312 0
-23.21425516198808 -14.54137902387727 0
-11.23368965441226 39.51948517931817 -0
1.759474627958494 25.93532348515599 0
23.42233468804412 37.90970574078679 0
29.52332299642389 18.97097137999663 0
-26.13471724801181 26.05826916850733 -0
33.65734757716874 0.1246046289011904 0
19.60701480571356 -36.31440900768473 0
-9.464633673273175 -48.05523769448727 0
14.21654027890715 44.56884858540407 0
13.75996112720956 48.15395035003145 0
13.98535702425734 43.94582357863587 0
20.44674228928558 43.49666068884731 0
-20.32901092043559 21.53859775159092 -0
17.34935732010094 -34.6498604213847 0
29.36954431654681 4.273330311599181 0
1.124146900738357 -49.66259635393224 0
1.650213357962831 -48.8599144053446 0
4.828919241909755 51.00755884118847 0
20.1649789919068 31.98689011432435 0
24.57866316068747 32.63456583997983 0
19.42853655849572 32.36760613661724 0
33.70740337391909 -16.20234242993984 0
2.065780870429679 -43.54813736380459 0
28.31493282491872 9.33402465221468 0
-21.01479362591743 15.19944026453812 -0
16.48495958386124 -34.51621253940725 0
22.45746317783195 24.81422592490791 0
-30.83546856894635 8.175349132448591 -0
33.07134782316193 1.264709795443133 0
32.5997035697687 0.8183045164226699 0
-25.93161153106924 -13.23439662163669 0
-26.34136252821652 -12.76008262429009 0
-15.09023694776921 29.94014899570121 -0
24.20589297709537 3.617714133062352 0
24.85964292601389 3.958006554478431 0
33.74309044448079 11.57692709490527 0
21.87316816711708 -14.97360493029416 0
15.49196615432143 -20.46670852564772 0
15.03182255417555 -19.95662104665839 0
15.72787247174207 -19.82809458358036 0
15.23397620924479 -19.26224487244413 0
15.96101154324166 -19.09044755926549 0
36.24574133499428 4.680764277360276 0
1.998795014121088 53.5673927384043 0
-0.9672776255246621 31.72328685383313 -0
35.21662069010883 0.8275335486200696 0
23.1931849167689 10.46234600969261 0
-25.30253290811517 10.54693344587573 -0
10.53120069158312 42.40954366772455 0
30.67041339734429 -28.42914992461151 0
-23.19997706377446 -3.166673228627607 0
-4.608782489297883 29.81330052589337 -0
-24.3037778657335 -11.87272406575419 0
-24.71391966705793 -11.34694785585532 0
-33.56163343498775 13.5854198429228 -0
1.893716061143999 59.22255600718271 0
35.49548363953762 16.83836655655202 0
19.78736097859983 -10.68529938082095 0
-28.93793491251274 -2.573492486749658 0
-4.318479233671027 58.10188693054997 -0
-4.940444402866935 32.49937292145188 -0
-27.74556853956539 33.28327309699997 -0
-26.92404931253436 33.37388232778599 -0
20.78736435460696 39.66156539198473 0
-3.624828028375256 32.21705580127809 -0
25.16540074326016 -29.76934803809971 0
-0.02245367956520906 -51.20225058001272 0
27.5451153907624 -3.994804444071918 0
32.62658640473252 12.75926323330369 0
18.66879210802626 -28.78041220352787 0
31.84149269064149 10.2880530202066 0
-31.14648771839177 -44.90513485931891 0
30.8701541385188 11.28357733305548 0
30.64424700869389 12.15025603455219 0
15.44536191606577 56.96397511456474 0
-1.334745770137746 30.12071837612249 -0
15.59310666761112 -27.0038855739077 0
14.58718383672052 38.89187999309685 0
-24.74857367164481 2.544363955633172 -0
-23.83477449733684 2.353266542011152 -0
15.18325598369663 33.07502599982764 0
15.60670182778144 32.72364649547342 0
-24.44533324710508 -14.47845117019331 0
-16.42298828162396 -14.63563380483773 0
-14.53522259820775 33.04414139283936 -0
8.461581476487394 -43.13457063469619 0
9.309791183794038 -42.66256674570614 0
8.473881229152724 -42.16218554157022 0
0.9829973640780048 59.44284004292713 0
31.00650627764976 3.657237517166815 0
-13.76186031502122 -46.9198336915276 0
-12.97495667996415 -47.3556382938819 0
-25.05745196862624 12.960925493044 -0
-1.595398052731419 32.28626448905344 -0
6.726989885502867 -46.92417571113577 0
-7.818367710552439 -51.58254339480221 0
-26.77237440231353 32.00973528350975 -0
4.061830522156685 -45.81121969236796 0
-5.713569145266312 32.2029954604472 -0
22.5776817278419 43.51020576919669 0
19.03817509380338 48.54039900170051 0
28.02711522845986 14.85028279272569 0
-31.45248772758702 18.81339486745367 -0
-8.744408908784232 46.49502766601647 -0
-8.284334831200924 47.19589397821005 -0
-9.153698694908377 45.86292744995715 -0
-19.26685522584427 -13.35809684442092 0
-24.11971218598621 -14.9893056101789 0
10.12352799337339 -44.13142278237346 0
14.20335170769388 -44.4839354208404 0
20.89997368789138 24.08727192324621 0
-27.56411550167514 28.86086923196362 -0
-28.19656607282845 28.44256961986434 -0
24.40497505409078 12.1592194452355 0
-2.546558948225283 -52.20450352766275 0
25.89729301591384 -1.573850540463473 0
19.67254777146254 44.00909951282036 0
19.75026562083688 44.89929518668274 0
-31.00717179603989 16.83414360212198 -0
-32.11293014927776 -48.17326219569601 0
21.79086448705791 11.50794046237833 0
21.6837148128494 12.23882380001092 0
21.93724982197863 10.79347291415465 0
26.13182412854697 -33.17451012334183 0
19.79840030688126 -13.19891683436099 0
-32.52509867998113 22.65602312588333 -0
14.4307742654017 45.19975392125298 0
15.09664536253861 45.31272502909912 0
27.06493834580251 -22.58102256904435 0
12.12505998331786 -23.25101942212351 0
11.8807490359871 -24.13263105879254 0
-9.00246727152749 42.45200646541617 -0
14.36943140448372 -20.11366940699563 0
18.8690103438767 -16.45656598192262 0
18.76005423959307 -17.32553529833631 0
35.72106551009078 -11.3626016809934 0
35.19688913813486 -10.56283150379161 0
19.10075797651358 17.39992197575886 0
25.26189259198259 19.89298239638732 0
26.01652193170568 19.48727052504292 0
22.45722081548684 34.82426369609485 0
23.28878603427621 34.80360035058222 0
-17.33710557205273 -19.94586515757002 0
-19.1990230830381 -47.37978008018732 0
18.95067317162335 -29.44103608228956 0
9.327514854444777 -41.68808679715092 0
8.487459561829521 -41.18610005213847 0
-21.12765161920773 -17.84139989045903 0
5.348395848202881 50.42600291787255 0
14.7813814901809 12.13507587422612 0
33.97014486703272 12.34531466357584 0
16.09053976731533 -37.91851247772385 0
21.69587988681591 -30.61520983322966 0
35.32615213980073 0.1683815742527376 0
9.344154866068708 -40.71104522936815 0
7.729148955464338 58.39435339527471 0
18.97375859929783 -15.58629804636957 0
-0.5286082817561755 30.35302672395918 -0
-0.7255982892976643 29.4708244591063 -0
14.69823133310159 33.46892627985807 0
13.66694002243353 -27.60830236323601 0
13.55671028219425 -26.85324181252474 0
14.18643762189695 -26.38522679186964 0
12.89309497388153 53.77839057192674 0
8.908991188823149 -49.83193308254266 0
-1.649560273303935 26.97960205463734 -0
33.66556941113977 4.33007482056575 0
10.10317387408724 -45.10689866113405 0
5.563242327667374 54.27916692961488 0
20.22465659938273 4.228259664344652 0
24.97537603290127 31.87103544481266 0
16.8782364630757 30.3419902211587 0
20.17859253198269 23.83968453287184 0
28.36428179985967 -18.44044343559375 0
-10.94137857654608 40.12490145031904 -0
-8.664145742435403 -43.03160437827694 0
-7.966646860430108 -42.98119353580344 0
-23.50561597532309 -38.18031322593783 0
25.95576424903807 20.3815715149427 0
-27.70504443452969 4.085890766624708 -0
15.68150434040865 53.17472324295643 0
27.41961438383245 5.016019833982412 0
18.91875261431699 44.52923423568644 0
30.32731078866784 24.2584755285263 0
1.643463106095914 60.14837822703733 0
2.613565547529773 59.95175175837154 0
0.6950760391913624 60.37369173723619 0
15.46036905964976 -18.51325430994615 0
21.37000172674789 -40.42883450434721 0
-9.55077780866854 -43.57903844496592 0
-17.56582678014227 -10.84716963225144 0
-16.51628599569523 -51.69609037465595 0
19.56181903820605 28.79110987356623 0
20.4302268479577 28.37144160916045 0
20.61354248266699 -27.27325320201778 0
19.31282057996722 -26.97290027047863 0
-28.27581258107215 4.825761019445308 -0
12.93398787743975 -27.34495548143913 0
23.66193585554144 3.30593557690551 0
-20.17977571799619 -1.23989201995998 0
23.77074716334204 -15.00526067583287 0
-34.94237018857329 18.59001819228746 -0
19.43295271882318 33.118339847487 0
11.25310632869754 -35.65831214310339 0
30.33085911301768 -18.7312844151988 0
-9.132150650226382 -54.17062124724774 0
-7.995481207355962 -44.07865816321421 0
-4.357398403974994 53.05434900524688 -0
25.43013262773248 9.055154328889975 0
-27.34841503789085 0.5180005122997863 -0
26.13567271955331 28.78577892050721 0
1.365648469153682 61.08721185654654 0
19.00315174944944 45.3871600317468 0
23.20226837520183 -34.03571949968946 0
17.45470910969898 -39.30953301946738 0
8.503865084824984 -40.20694551036631 0
-13.74507635277817 -47.82173979429166 0
-12.95113190002641 -48.27868259080712 0
-0.7850287050504782 32.55315512448458 -0
0.7501975599139252 15.37938720386394 0
-26.00695051978804 -46.41999458337126 0
-25.38037518828795 -47.04752537593033 0
-25.60931828601168 -47.93036949656666 0
-24.57259612970707 -47.63436320938514 0
-24.92297056716011 -48.58303654492418 0
-24.03376989333074 -48.34383745838593 0
-13.7354886187358 -48.7550680301328 0
-12.93213072386659 -49.21974581965126 0
-13.75185660943199 -49.70556993286687 0
-12.92339548409409 -50.17603424283516 0
-12.09734545098266 -49.68306112713056 0
-12.08381850175097 -50.64873909821109 0
-1.791636663284836 -48.40355883066565 0
-20.64756304666448 -54.56677049337638 0
-11.53426874547806 38.94814240704417 -0
-26.93238464566955 29.30695765790563 -0
-23.18776777756546 -13.37847246389458 0
-10.55258603035921 39.53550607702913 -0
36.33736495055802 -5.59472228564629 0
13.76210973826795 45.07433781522984 0
37.43495921329433 2.733080541600824 0
-30.1548851657107 13.13232986820766 -0
32.54926093859739 10.07376440103313 0
-8.308939567889606 45.78535551265242 -0
-18.40372410709891 -8.044488050658128 0
12.78156244124836 -23.85849500174717 0
18.21352096427827 45.02709351172484 0
-19.92809601217252 -4.163089854932761 0
19.46291338232625 31.56285095194332 0
-20.44052434985797 -15.16274225886031 0
19.60507718740972 43.10439436414497 0
26.76727704299295 -7.489065913807186 0
25.44513977455819 32.59746650308947 0
28.03637477472667 26.80816823829285 0
20.38079203185156 -11.63877996004423 0
10.1617946969556 -42.18875540486825 0
-26.5458320542535 -13.37615369811132 0
-26.12513632560103 -13.86377331241739 0
-28.03269943477964 14.1828809452037 -0
25.41112053382411 -28.88717233545037 0
-23.11496948403897 26.38928537217018 -0
15.57440593564479 36.20857187783331 0
-23.35738692843759 -37.4479475012578 0
3.213501917120592 -46.1145429068131 0
-24.65951684892013 36.53867658948651 -0
11.14015951020713 46.47017221045295 0
16.24310944420199 -18.35091944819651 0
-8.813189522316183 33.0862570786359 -0
34.76467684861646 -11.44524882506896 0
19.78096642658844 26.87086209531347 0
24.74585906728318 14.26344929324721 0
30.4563587651636 7.65316365420497 0
23.05203240123629 -12.05950995619296 0
-30.60893654291649 -45.50701456184295 0
-24.27664406853924 -49.25671051739127 0
-23.35865011427774 -49.01114742720926 0
13.61410885024666 41.34449520481981 0
25.9206342170671 -12.60041167613548 0
-24.03811059476846 -11.20899293908352 0
-24.46790242727943 -10.62915618407628 0
22.53257960362423 40.52040044510845 0
-30.52705637071362 14.82017227587693 -0
27.62960244557588 -31.96442509009962 0
26.73836363282524 20.02687436310325 0
26.66571048796489 20.92143002813342 0
19.06611858695471 -8.09729069024376 0
-27.35066771699011 -46.06766976194409 0
-28.09520495397809 -46.16411358321879 0
16.31136537159143 -27.32628875115073 0
16.44591000707053 -28.1566608725435 0
28.71580843689203 14.43238016399158 0
-14.57793149604936 38.64954382660024 -0
-1.211550139811741 -42.11165311297277 0
-1.424415133647331 -41.18094313188408 0
-26.49556859496758 -3.030701962350541 0
12.6546020319873 34.78214752632576 0
9.070384003389647 -25.41936632940786 0
25.04525410861955 33.38514833136658 0
4.307850680840631 51.61658713131161 0
4.056394143248808 50.81767744236222 0
13.59780115038591 -15.91468275670018 0
24.31771055757386 -4.567815996963894 0
10.95851836817365 -44.63327164877194 0
24.86972316017038 4.683952383156173 0
12.33526844837612 14.0931961845559 0
12.75428419659348 -35.23259146063106 0
-12.19574859826528 -46.88019183939302 0
-13.75347023216772 -50.66481890103457 0
-25.84214575282997 11.37800202154379 -0
16.23848976615507 -26.52825577333254 0
14.44262823065944 -30.3762066993548 0
-6.525290901516322 49.51079918684545 -0
-17.2159456376293 -11.70925160203862 0
-33.85906823699465 15.38055915917468 -0
21.83558798778319 1.47813510135884 0
-1.051180840770028 -44.26849966317494 0
7.646349397355977 -40.68373370166456 0
-21.24675061889986 -45.32008002515157 0
-19.03082616257952 -6.446819639149997 0
18.56139752861972 -26.8354225159268 0
0.0344371184776671 59.67728550539321 0
32.45924079687059 1.4760468389424 0
31.94952329388648 1.022421190721693 0
32.11362927557094 0.3282937038609292 0
32.9695869214184 1.923514912466519 0
31.41698898697264 0.5343771585175423 0
-7.05358366356289 29.74599373373696 -0
-21.12987307359437 -41.52495108797481 0
31.92962203987047 -5.905316005145558 0
29.03268979097037 -25.59567726660507 0
34.54282397194652 11.72095538290347 0
34.29977490096704 10.93336010414047 0
23.83421548032819 12.37069261134497 0
9.36181678586653 -39.73030950370948 0
-26.85721554433499 28.52265237595652 -0
18.10874035458412 -16.80376879125375 0
26.79758330470336 19.15178764687223 0
-1.675628039823974 62.49604098615743 -0
18.73772513125516 31.93506881540517 0
32.73529667730678 -2.347040885753604 0
-28.35021730871027 -26.08020581263477 0
14.47483193777581 54.16637500638866 0
-31.43461334254856 -45.66464949864517 0
-18.87893202924043 17.26590028408139 -0
-19.4648772777366 18.07946470140699 -0
26.0737992882529 -29.5757733356295 0
20.39194504295957 42.58090084320376 0
-2.218992516808579 -49.18170392131692 0
3.898513157749862 -46.7149044321843 0
34.22001410897386 -10.63709480934376 0
34.64737394016714 -9.758444046269732 0
-29.39983325752328 33.02439320248052 -0
-24.96039623113931 9.734863543075265 -0
-25.81206174448959 9.781116084377119 -0
-19.62186303257784 -43.64411362634673 0
35.85461565397321 0.60438098979877 0
22.88302646907587 7.938156245264072 0
14.68701440514508 -18.68469408504106 0
-29.70732124754525 26.08870303963315 -0
-35.04420371807913 24.66202495954863 -0
-17.49561784663605 31.64567416080343 -0
21.06737966784667 11.75758469724981 0
20.94016095775739 12.55188596694357 0
32.54731222971983 17.8586660919117 0
12.97686918921493 -23.05636029982624 0
10.19568065898433 55.39736376884159 0
-0.1781788458325198 31.98251701167256 -0
-24.61042581247797 23.59860581910436 -0
8.594651904826634 -35.67646647953365 0
12.17111146628904 -30.61446258918535 0
-23.75786503283456 21.84424966540621 -0
34.7963687737588 -0.261508631567439 0
-32.73888688503023 -40.32300435996564 0
24.82187452280876 3.198099515310702 0
25.52064987557746 3.563695744509546 0
12.81471875978333 -26.54277541649525 0
15.06399182913776 32.50676694848126 0
18.20547528072992 -29.35725466566662 0
6.170974839127858 -49.89468647056283 0
-13.31363684357474 -54.63214402632345 0
15.53882447419073 32.11778390013231 0
-29.68209530086892 10.96261171905921 -0
-3.956313049356569 16.75552825426103 -0
33.62747299742134 -9.821319541270952 0
34.05232916837706 -8.93458554946978 0
-25.55253228263753 15.95572401797443 -0
25.24550613273139 38.53098277953767 0
31.22800104396814 1.259885422180006 0
-5.53613884923511 33.04212792203626 -0
16.26851368122897 -33.42559834802863 0
15.55891688269612 -34.00413052449173 0
14.66164351223193 45.87214083839105 0
15.39101726360928 45.98479371595048 0
24.36908667856795 -30.96974216671659 0
26.72882474612448 12.24513310749244 0
-5.069609932199366 -42.50394285737804 0
-19.22668239902773 19.04559643507354 -0
-20.1423001692423 18.8021747428173 -0
-20.43638904660045 17.94154446662839 -0
23.70532432955114 7.442813244481546 0
25.25758444845221 42.36090242152588 0
-20.96265160025665 2.546326860320273 -0
-6.52982636437795 43.37760533055788 -0
11.34990806960014 39.7846136472667 0
-4.762511488746803 33.33062974282554 -0
-1.392025222257424 52.61026021810797 -0
27.2253969219816 15.25144895032187 0
-20.29454470796708 -19.8837277225578 0
27.49712252840047 20.53728609211452 0
27.41898954001367 21.46646148556466 0
-24.43268383985398 1.661443234403983 -0
-23.51472658280913 1.49087182539252 -0
-27.41424002360321 34.00780649578438 -0
-26.5916938860804 34.12921712164635 -0
-26.08806117201233 33.4596805179653 -0
-19.04690486228739 -55.92000141479785 0
-8.8038391924549 43.23496709460801 -0
-3.062167577902875 -49.21733403003849 0
-15.94611258600106 9.136588911504802 -0
-16.15967504575382 8.314096241758143 -0
16.8671533026678 -19.00501680774295 0
13.6660513122915 39.12931487164938 0
14.07342767136613 38.16505251400766 0
17.65476711525025 -13.17277638722253 0
1.000717511596771 -41.29239096085853 0
19.05186671373209 35.80568619229922 0
10.93778364422527 -45.61156574703497 0
10.08055673294006 -46.08292606552561 0
-14.93451407430407 -10.92440260824499 0
-15.29104516087057 -11.72577580650897 0
-18.58364015910938 -42.25916357209545 0
30.02807583706753 11.51356826839413 0
30.27706582290524 10.66174130125499 0
-28.73186301327286 1.449003819645024 -0
-25.850480741935 -27.10038002907671 0
21.46944293608625 -33.52867922893092 0
-10.37948410410071 -45.01977257305772 0
15.63324217864901 -34.9314962543132 0
-30.6809393332012 6.07686795960826 -0
-9.622852189734864 43.05814501312378 -0
-9.818176163031088 42.17883178534472 -0
-23.4831215964988 -11.72066102580301 0
27.85605900838312 -13.43993476143602 0
-22.99229309952543 8.574864344204766 -0
-23.6161717125138 -38.89614334830657 0
32.0421397486157 9.559282429345048 0
-24.27345500708883 31.55037892607275 -0
-15.05577066728271 22.35024326654315 -0
35.70846208566907 1.311540769526954 0
-24.74724081735967 -14.99228095475957 0
-24.40593890294658 -15.56675066334239 0
26.35006553296504 -28.67159326226686 0
-28.51330562365307 -27.15447905719879 0
12.12135638373247 53.0470362116287 0
11.77478365533263 52.08143478548519 0
25.85095125932472 31.8057577819974 0
-29.66700491067821 29.02359055375063 -0
-25.4439411258 -41.63492714372406 0
18.39995617966057 2.47076784050261 0
-7.126656745636373 -45.82606676190767 0
16.2902946595345 -31.04611606509369 0
-3.493595114977642 50.63855107482198 -0
-1.879122077263693 25.5325037410007 -0
18.50501925183207 -30.10428104139522 0
19.2789253464134 -30.20842978512711 0
11.06312348506995 -29.20602047339451 0
-26.9784676565443 -12.87659431840174 0
-20.25356925873896 -10.56502668891331 0
-29.33760683859935 10.13633375851194 -0
-28.47157969205628 10.00796632605584 -0
20.35147311837904 29.32233671221733 0
21.22021304028806 28.92265854235328 0
21.29882249743651 27.96730028197843 0
22.08759990703064 28.52571639042263 0
22.16972445095313 27.5722782249141 0
22.95246025947142 28.12673746859022 0
31.8079433832641 -15.98223812010441 0
0.3390091322939311 35.13746864233723 0
7.54135367321885 -47.43159869451623 0
-14.13294685770995 32.28700333652827 -0
-15.00085238826097 32.30177834029444 -0
-29.01017393133031 9.307107716281743 -0
-28.13601467755672 9.199626960623739 -0
35.42907128942832 -0.5407277700084114 0
-10.6109468218127 -44.3270655389976 0
34.80922214832117 12.53609627167225 0
34.22394336460638 13.17813483044406 0
-25.74342864450735 34.24073303436513 -0
21.14920667204282 1.916886749524234 0
-6.84585609164629 -40.99782314738641 0
-7.125875651370645 30.49975669981131 -0
-7.827438753195847 30.8194755758151 -0
0.7260068028418964 -48.85054833638085 0
1.19806447789947 -48.0489881908367 0
14.9198887549168 -17.91895597660653 0
1.911246291582305 30.05476600576239 0
-28.64798883666347 3.981035451954805 -0
-31.67551790119617 -43.81205128911466 0
21.81191613965547 -9.013822824953911 0
28.64836023614616 -7.812013191984082 0
18.35882761212387 53.59303835456636 0
20.45690691440699 -13.32419029643336 0
20.89852771747364 -12.78879722094229 0
30.49152336285524 -8.059969072300159 0
25.79266491180568 17.36299720125071 0
-32.18262084743992 11.24030000676803 -0
-17.61853455970447 21.90210611798789 -0
-9.821508167958296 30.31387764415247 -0
-4.156229680327187 49.95950315216606 -0
24.55988262379474 20.33035824347386 0
-30.86953965722368 -46.31664754659933 0
-0.8954222444275795 25.81187118817286 -0
19.77333765524207 45.72204289748636 0
-25.82630962462802 -48.80601847190795 0
-11.25185438087934 -50.15155413956386 0
-11.23654996926551 -51.12485525471071 0
-12.07447241938709 -51.62238960040825 0
-11.22327611922909 -52.10252566187536 0
2.532039768209037 -45.46317297689659 0
-6.44938583911214 32.77610571245368 -0
20.27980006813621 12.03542586228766 0
20.13991934063309 12.89014337301329 0
-31.53684672357032 -42.42279603144657 0
-26.42181881808273 7.55662042995379 -0
22.88258998458537 35.52522276424162 0
23.74597731251142 35.53637169700013 0
22.0551965896581 35.61944862995863 0
-35.51152050567356 19.37619883327973 -0
-34.58828907978469 19.56372451431927 -0
20.34069603059425 24.61489970746698 0
16.46940175999539 -15.18255825816147 0
-5.802961745014632 -42.75018753292049 0
7.662464617431763 -39.7035933715327 0
18.28609646052302 45.8684278706401 0
17.53658205218282 45.48747873950779 0
-2.951072655724607 -41.46834152253047 0
-26.70746041754272 -11.20231767875687 0
-19.24143633329754 -21.720777476248 0
-29.43519260734169 35.33122543332872 -0
-22.91724494615619 -38.66066967564972 0
-1.433508179466064 33.1264481233128 -0
-26.2937716105766 -43.85171940838697 0
24.17039640450885 -3.644524434740526 0
-14.96000900744179 33.78571183506671 -0
23.81337074246563 10.27055635961143 0
-21.78440106898405 -5.892269172642128 0
12.17302514804087 -27.05046364877444 0
17.45420078583004 44.71422625350394 0
24.81649955897317 -26.44244415935333 0
2.402281143189351 63.51568257626145 0
-23.71624697301185 -15.51413978067611 0
20.17859669824961 9.156878966540862 0
28.27378494073361 -5.319493412798399 0
27.20264905469011 -5.218772183467241 0
19.56206708582773 42.17544170531415 0
-17.31654021971639 -42.99097024312772 0
-31.09808654852243 -41.58007964516706 0
-25.03755685754638 -46.11672875881945 0
-23.86370664596082 -35.2250879054952 0
15.43192780444217 -33.07037556621682 0
14.70672720927033 -33.61518289416114 0
14.60083434819618 -32.73320972190319 0
-19.92385172724999 -15.9100995838289 0
-19.00816335172357 -15.85844583954104 0
-19.41843805184146 -16.69266613005144 0
-16.13688322784023 10.5395813493949 -0
4.559736699610809 -38.00314965212705 0
20.02133905923822 -13.86221523203588 0
20.34208699115016 0.6726167710320852 0
11.84524108252183 -34.96015962514126 0
20.72998910443863 21.73620304379157 0
19.89426861542768 22.24536786507926 0
23.62599473037296 -31.54826012788978 0
16.81447100914062 51.34650416547608 0
-8.387363237844204 -42.40395074735942 0
-9.119469523424726 -42.45905826658868 0
-13.5309734294322 25.78098910192722 -0
30.43661162835539 26.05622468228783 0
-28.69084585960188 8.477761639270721 -0
-27.74924480517186 -23.87767713168993 0
18.77624004734153 31.11841723717401 0
25.0453089530073 -3.887133949792652 0
30.74451372950514 -21.34276690937472 0
29.93750029952797 -13.94061024020607 0
6.120269716032409 50.59527069898763 0
1.193524797594757 -39.66260986252845 0
0.4190614503815023 -39.98665492554695 0
27.69648332426028 12.33678446770669 0
-25.8446504689594 -21.47846192384137 0
23.07645940828842 -38.84594728179465 0
-19.12751250804306 14.59043837797229 -0
-10.38038371287093 -51.60141965181363 0
29.73540247330664 12.35677907182539 0
30.40248359037443 13.01702692344655 0
-18.23734051602944 -53.67457771998987 0
12.06564395128765 -26.24889798627052 0
-30.91593412015595 -31.54660038171416 0
35.13983210133969 18.80584768853511 0
19.0746559537734 -26.24314750323253 0
31.59657696512457 -0.1889017604120435 0
32.33078076855494 -0.3728924998914404 0
-31.26423088197073 31.1854533636966 -0
5.892099613278329 49.84500418208616 0
6.71836889973927 50.00641180003968 0
5.115054007657889 49.67730702133619 0
-10.2519385555118 40.17718550531421 -0
-14.85353969352812 24.87617121831037 -0
-21.42220555133559 4.399665287877397 -0
30.68700876387318 0.0334106372021142 0
-24.63940126170584 16.24564611601528 -0
-23.80815180774999 6.639811450163037 -0
-23.80980968755953 16.90101416574375 -0
-20.87568313793201 -8.688006249783051 0
13.61387637032046 -23.62440319486847 0
-25.3690928933017 1.858759233490233 -0
-23.76356005943844 -10.51002488180309 0
19.32237342441911 -13.71824744867045 0
-30.36645065096918 32.75766185916649 -0
19.62357141787568 24.40890354140283 0
19.45794179224794 23.60481340801991 0
-14.49257097918154 -47.40585284152017 0
-30.78425456082218 29.58887653025193 -0
-26.196950902316 28.98173544509554 -0
-26.31997908510772 29.785773376754 -0
-26.13431537690471 28.16815738017827 -0
-23.60377655231027 -49.93466573899296 0
-22.67908150936823 -49.6848407032743 0
-22.44390999328886 -48.76704531501692 0
-21.7531999836212 -49.43111291966629 0
-21.99283624372968 -50.3676692931454 0
-21.51370246856897 -48.53605150122985 0
-4.07251381768526 -47.83633712871091 0
22.07634631792947 -10.71607072815446 0
-17.13778582481449 13.20395454673941 -0
31.42731452671668 -8.069714880838198 0
-33.95161290951307 18.7186526413704 -0
25.90926996413607 33.36135587525817 0
11.7970454911934 -45.14027003481838 0
12.34166834901998 -20.97889109316452 0
-14.53428030220993 -10.00460118224076 0
22.86844418282914 29.07706664680462 0
18.78996460132455 42.698007246717 0
-29.91834884214811 -33.60879731592297 0
-9.787920698631758 37.51015282137493 -0
0.03806280435176464 32.80783920116374 0
23.33771074809563 -2.771693934628942 0
-9.614819583964664 25.84437816854964 -0
27.25080633684528 14.39353827355246 0
-6.441545264436375 30.20340739930469 -0
-18.14023900466368 -11.62575878758521 0
23.72658471891242 28.67979725706821 0
0.4087088467863861 61.31218066884951 0
-11.77604307843568 30.55189481096946 -0
12.91624257104606 48.54092966545887 0
0.1251102337174179 -48.04984248055773 0
0.7196876280269896 -47.23679886128632 0
-26.77961781291895 -14.03099027277514 0
-23.6521645340477 -17.51965071012092 0
-27.13159416871387 16.4236375208248 -0
33.99762495429487 8.497752663161753 0
34.86178754004998 -0.9842407934732376 0
12.45938359316652 56.33873723955601 0
-29.87119360925429 -45.3328049672356 0
-12.11195885200749 36.97569868456075 -0
-13.00961332450021 36.95999222486135 -0
35.87973718946451 -15.8249973903306 0
12.99869637387925 47.7127174753836 0
20.89319990588744 -0.517720467028826 0
-27.84066156890326 24.40079765155595 -0
-27.20594364928245 -11.47937639058859 0
-1.342184389156526 -49.20981899514559 0
-1.764915102463663 -49.99148625949667 0
25.81687202470113 -15.1177108036213 0
24.84039407788306 -6.183878026418712 0
-27.64347361368836 12.22813381043512 -0
35.1284583131373 11.07369107180579 0
-6.929993669329376 29.06492691527716 -0
6.850794802354142 -40.18213015061227 0
25.51548359264305 34.15573612690918 0
-14.70080269501398 -45.80569257520359 0
-18.12997615649922 21.16281182001956 -0
-4.476324273489372 -51.16380454272119 0
-15.69909177535916 36.37458830654013 -0
-16.62629361662174 6.085188988244286 -0
22.29067401790416 12.70789375604567 0
-30.68606010857792 -48.74711244652981 0
21.86686969362747 -25.55203915613285 0
-11.23118040651205 25.85449171956813 -0
25.39588434325668 31.09052687912653 0
23.26076886846575 9.668330431632899 0
-18.58748246633717 -15.03541836635963 0
17.74255162833529 34.73495647656689 0
-9.864047298746172 39.54180944634454 -0
37.99872127549413 -6.787356183054237 0
35.06881495160683 -8.875524024935261 0
34.49384427362105 -8.048017484263493 0
-11.26843124411495 -49.18133100743331 0
-27.47574634234275 11.31625699849529 -0
14.92213707727572 46.55806979112754 0
15.66907797674632 46.6836479325498 0
-26.20745060192689 -10.87176050383328 0
-25.22499834696846 33.54271883318026 -0
13.80581793484485 56.38327032039822 0
-16.77606747097781 12.32072020837016 -0
-27.24215635621535 -41.45679702420895 0
-27.82512973978859 -45.48466245592486 0
-24.9624656762492 7.551406059742824 -0
27.01139577390204 -29.36276844367264 0
27.28873522342404 -28.43099068800389 0
35.51396964179141 -7.990414648655554 0
11.88919971713451 45.89899448044469 0
31.24369962663933 -26.19678069913096 0
-2.836872269773502 51.23854941264494 -0
2.635615929300774 -48.8710064495378 0
24.31912416689577 6.017882587689525 0
-21.05711941064181 18.65532229919873 -0
-21.37668417431527 17.74134221114043 -0
10.95828916015733 -34.91594913473399 0
14.13935283948368 -18.06400122396374 0
-26.73506399972445 27.88844482860299 -0
-12.06670540168515 -52.6025588068391 0
-16.77001197992896 29.44618015570324 -0
-20.83296065150113 -15.96778071847693 0
-21.33870802178541 -15.23502560248828 0
-23.75776708486039 -20.60841115000429 0
-21.5820073876484 -12.14354579987286 0
3.310094197470771 48.78217883391464 0
-5.419918996171768 33.90283156608847 -0
31.35043411559406 -9.631291292468362 0
25.79128993188441 -30.60092840913509 0
13.46251840485106 -24.47001236127281 0
-21.05672099961653 -50.10967509357145 0
-21.30294419989879 -51.04280358215928 0
-25.0528076269548 0.9559588535728234 -0
-4.738935479815025 -40.48054232904165 0
12.01864190288282 48.1182332397649 0
32.13310311266486 -19.342990766688 0
-25.53768591367983 25.41925008826806 -0
-25.31068912396648 26.214997099486 -0
-27.15037885135031 3.30366857267984 -0
-6.266663857096766 -47.59477614572528 0
-24.21798205738048 -9.891827332355231 0
36.38995503301935 1.077242354895924 0
-29.25590515056003 -41.3010390142264 0
13.40249205662412 40.16387263234412 0
18.12435247560261 -27.40479336433992 0
33.40776655187862 -8.066586549969353 0
19.46041725955435 12.3480672360368 0
19.26213551210773 13.23157935834657 0
32.14478072678736 -12.70883208662117 0
32.32954856932487 -13.61309035018319 0
33.00671912200902 -13.02432329390943 0
33.21337445445825 -13.94457848339364 0
33.97769719095361 -13.23871522932318 0
34.09671225179562 -14.35279736705561 0
-19.39261048879469 -42.22107790677818 0
-25.08561718969375 -10.04935361664714 0
-24.7508321107439 -9.261573806221648 0
7.629218114006223 -42.63700615153411 0
-25.68037934662525 -34.87319123885354 0
20.87190927577376 13.41492696295458 0
34.8280486253277 10.23129575569314 0
21.00954443661462 47.47885707239047 0
28.05954243908982 0.8394428619705147 0
29.14143747883036 0.9025022410189193 0
28.37182399655149 1.710066551719597 0
29.3006939355982 1.887602414265409 0
16.34032515446228 -16.0497369792979 0
2.359889244519669 19.36495486701254 0
-27.71441690811763 22.70144727481352 -0
-11.34392979179891 -42.66608178217996 0
21.90736352611083 2.296707481389591 0
11.81652017892339 -44.15733406571788 0
23.30720255635943 1.316104760656 0
23.46926319437418 43.48736123705957 0
23.03641980793877 42.77430599030091 0
29.43587328848495 10.84651925472957 0
-30.29667096873368 -29.93762016940034 0
32.30896497177933 2.168617698443772 0
0.116287925080844 29.75023822122013 0
-0.06816591336627349 28.83507823531719 -0
-27.81499371370937 20.63898767572297 -0
-16.67480661855745 24.20842213016028 -0
-13.56094949508055 -8.419361454409671 0
-8.659686472725834 27.73490183230104 -0
-25.18687065805721 -19.18790720284476 0
3.500384101458627 51.40885229678481 0
3.758063521221623 52.19969663485136 0
-9.371529819843913 43.89168456245887 -0
-22.27195413254192 -35.6703766721016 0
-33.28331914647376 -46.84857861020306 0
17.75390428310738 -29.94828366989879 0
-2.891055094126129 52.1480246714418 -0
-10.65637962002083 40.77726807885156 -0
-29.9000271340913 27.02387914572519 -0
-29.04154347351662 26.76655763501869 -0
-15.16165171707999 -43.86952836966398 0
-23.26700065827099 -46.23019885198352 0
-22.02651509436574 23.32739764402379 -0
3.266338206550624 50.62456669844091 0
14.90872272890085 38.03872412317966 0
-26.8171647143971 -34.56675444696394 0
21.20143676085026 19.91575788920778 0
-24.7335538766648 30.73876698435147 -0
10.83433318230922 -24.3523919972939 0
-14.90083261553476 4.594816559090553 -0
28.27470468780903 21.06095925394677 0
28.23219670036191 21.99440836738845 0
27.33174826498072 22.41808062038204 0
28.11365290602075 22.97656702811258 0
-24.03472733681918 -36.98070492261674 0
20.24387637507134 31.09171278189191 0
-24.52959145479528 -50.17964435614219 0
12.74046210931336 40.86716602397987 0
12.76414821263285 41.84005138487895 0
32.85687270431696 2.682577285417703 0
17.10913613160071 56.72075468809917 0
-21.35178441707832 -37.60679220746638 0
1.783135315656151 31.84789082746651 0
-12.47918220560775 37.71965614860104 -0
-26.26619426513758 -26.10144425774667 0
13.02805374777481 33.20278468458039 0
22.46482297583812 -27.34728370819512 0
24.54760834430435 -31.86904047823086 0
-14.63219893717928 -50.21014681302475 0
-17.51488652997871 14.05026896840802 -0
28.10898605270324 17.57249009230458 0
-20.76219543055316 19.5316515114327 -0
-21.04140640680552 -44.51213078873171 0
27.05293457914442 37.63199378175196 0
22.18305045704764 -1.263469050043978 0
11.9435586781808 54.03803105025625 0
11.19787204031509 53.39684073754411 0
-1.940833734194022 -39.38152477776902 0
2.612988784229015 -37.99368444768258 0
-14.43381154137951 -11.60382673542694 0
6.834278776056625 -39.21277004504752 0
7.699298022144267 -38.69076008604028 0
6.69356626676335 -47.88853462744326 0
5.907872473001953 -47.40542526919072 0
-22.2992397336657 -40.30436385058425 0
-20.46800829902874 -45.03353243722844 0
-20.67014402993913 -45.90633886063464 0
10.20230528090962 -40.23570746494683 0
10.21856749990138 -39.25497821156642 0
-27.05052498645645 31.3199349738202 -0
-26.42451838926455 31.40859258734493 -0
-30.23618843567705 10.29900808145989 -0
-10.52311395214581 42.87017197767949 -0
-27.7547870537563 18.67493041994086 -0
36.55861626451025 0.3309731606932044 0
-14.59008751634047 -51.15798838461716 0
-30.68317794029064 4.206826025857304 -0
-28.28524502555748 33.92345506209128 -0
-27.92730629569797 34.67670250170873 -0
-4.501077048099432 48.1897241024434 -0
-5.317502134087414 47.86279352625185 -0
12.77905494980212 12.46240959254338 0
-23.61843816669845 -40.80789025069637 0
-15.77593108036084 -2.921321637050426 0
27.87288918511844 32.10066683846293 0
-32.7911267487887 29.77208321584582 -0
16.41742164498181 12.43657528761061 0
17.18311960548527 12.94235496922546 0
16.36760577953301 13.39745447949427 0
17.18727971629075 13.92407449339581 0
16.31818258613781 14.35260171605124 0
15.48708654496291 13.83989654421834 0
17.17059930548032 14.87943320174574 0
27.31249186513249 16.16853973827297 0
14.87981265689941 31.70159663517138 0
14.41026862873935 32.33216232349142 0
-25.40350037578852 -23.43070230953198 0
1.083823106553524 62.0304980853635 0
21.38442571663492 27.01925001491398 0
13.78716843146704 -18.85973393992404 0
16.87412693914479 45.13535672219859 0
-7.922183229208373 48.81835262510475 -0
26.65862366236428 5.329978143761486 0
18.03804215995617 -30.71100724171638 0
9.378042721968331 -38.75010241900704 0
27.2346961857342 23.38318708249007 0
28.02888168629763 23.94973757573613 0
14.33807814754419 -22.00186031576137 0
13.97681025220377 -21.32615495001375 0
-8.451938727598479 44.05419164475525 -0
-21.63500669657135 19.37392662507311 -0
21.17712832677523 -13.46463919566942 0
20.33839578111728 41.65013704738207 0
19.49034534373483 41.23229300297939 0
21.1793190461881 42.10590417127022 0
-16.03920490612975 3.169441892178213 -0
25.46713691177254 2.770169149348875 0
26.30155600004245 3.036998443566692 0
-26.19142258733002 -29.07357863099273 0
-26.96251335125385 -28.46736530955019 0
10.39330179048499 -35.57635204238667 0
20.42839639126604 11.22706539500588 0
-22.92049001834899 2.194625307502591 -0
-22.58452155646252 1.321971149231753 -0
-23.19772716345111 0.5904241157158997 -0
-9.619732487098659 32.46768579163659 -0
-33.03511200223867 24.41067136930009 -0
-15.70932671128132 20.62822998019075 -0
13.83829798064192 -35.71335711696914 0
-11.12545532268813 -44.89037355007173 0
-10.87678869854079 -45.64042593678437 0
12.24875080994968 -27.8349762882386 0
-15.25307582784382 -6.605075088776965 0
-17.79762344893015 -12.47967338693104 0
-16.93297915478082 -12.52102899521952 0
16.55870844708314 43.72012696268163 0
10.89287339363296 -46.5812647657978 0
10.05678156739278 -47.05930669272919 0
-12.91395696538272 -52.11827429095923 0
22.50628350881485 36.44471806125386 0
7.51677067519594 -48.39987166699078 0
-1.503091967368781 29.29739816880218 -0
-24.82315377352132 15.3234353710895 -0
-25.75770811116872 15.03727328556221 -0
24.74465013093464 2.395480287124237 0
25.36463547135001 14.85816286690154 0
25.62666737393688 14.00382258590709 0
-26.32402470611648 -14.54562725898396 0
3.059189112388577 -47.07125751329392 0
3.720340079094952 -47.67869993466947 0
-26.25221855070008 34.92931186344246 -0
17.26872981953954 43.35353194708254 0
17.3187200131688 42.57018638128608 0
-17.16617491644935 -41.29925670091718 0
-29.90447699230739 -3.775540178271747 0
-14.88716767684072 7.025936862730501 -0
12.52469616668606 -34.37349223479263 0
27.80738659276003 -15.30721034487878 0
17.8213375465462 -26.74187801730992 0
-21.08057798063984 -53.64867584131116 0
8.365886958243566 -47.94297516744891 0
-35.21018710042374 20.32989369911184 -0
-34.24923907075512 20.50765824441338 -0
12.93234432754909 -31.69152294713789 0
-15.20372269156967 26.88316184520766 -0
-3.213740923871006 49.76666276002324 -0
-10.36586615842952 -52.58534770889601 0
-16.74697750685991 33.51670084033329 -0
-7.691242354377745 -53.39433194514956 0
-14.12765620998094 9.471734742084793 -0
17.45895630530325 -32.39680730745525 0
16.1133157176433 32.38186037919796 0
-15.4593527796807 -0.8611091135847946 0
35.38484797008149 -12.37275821196563 0
-17.52184478382154 -13.3454468375479 0
24.80229010178093 -34.00750102239771 0
-14.75357169035454 1.90991371844983 -0
-15.31690635207222 8.574342663507489 -0
18.01848712653705 14.45381032811871 0
18.01517945770713 15.42198759489256 0
18.8520900701456 14.97761802144211 0
-5.21733794593765 -49.30810395845828 0
35.07473908930547 13.37368171112521 0
34.47649108980467 14.03220646655859 0
33.61395185338627 13.82782773593343 0
33.86615211950603 14.69860615974878 0
32.97127539341493 14.4874436011588 0
33.22888431139295 15.37251416984803 0
-18.9913880115977 -41.50230355893056 0
-15.73437925272064 -4.637382801979882 0
23.71114747523002 8.317415449195337 0
18.08291128445296 31.50682246441573 0
18.04991139255281 32.31718376906554 0
-27.07574089975774 -45.34247979400798 0
3.793368034043263 -39.76376157870928 0
19.30851732910537 39.35099671085831 0
17.63599213131069 46.32873256135782 0
18.3547061925473 46.72338426447534 0
-25.57638758261236 -9.352531203988393 0
-25.28105408546833 -8.623256842010658 0
17.94591988695074 -17.69184405831043 0
18.64941853050644 -18.19919050977584 0
-15.28867188181505 -13.87365398160366 0
34.93463410108476 -7.16985122103447 0
2.044024560722283 61.80377706986233 0
-26.0681740545461 -11.53795245990225 0
-24.76731217323278 -36.46840357592622 0
14.18396484669924 46.44948488153206 0
22.97662345726629 19.96010402492777 0
-21.38715559959773 -42.67491895977506 0
-7.205840192176662 31.30960339247431 -0
-24.67270440998995 25.60054111000443 -0
16.07802527722197 31.64690453992579 0
25.69443658299852 21.36216897363417 0
34.14444154069767 15.58808173696397 0
12.54068167622671 37.09521166365131 0
-22.92311570606553 -47.16774169118834 0
17.43373480811024 -29.22317422164812 0
-9.927277608795727 40.89177497395805 -0
24.31400786998919 12.83546889705194 0
23.61204713119648 13.05161547258234 0
20.38541586623359 34.05226148750509 0
20.7867268789446 34.83848565125801 0
-32.12255596475033 32.76676051335145 -0
-29.44642300168025 -28.34938402945562 0
-22.26169014196397 0.4134128013393146 -0
-22.87628146396886 -0.3118724842489888 0
-30.08793110234424 33.81469880397808 -0
-26.10402618398404 -8.74062568174214 0
-25.85203260826074 -7.950924485534749 0
25.80360427890071 7.056793471595356 0
15.47446052488484 14.77436169421494 0
14.6200123873217 14.28769286747782 0
-7.976558445671917 31.63250709825489 -0
11.39542496729226 -26.77463691291296 0
11.95101167403055 41.37446781029237 0
-17.16590818914645 -55.25754134869435 0
-21.73996032138527 -52.90551499637116 0
-20.61367369521411 -52.76672446469829 0
29.29288573877022 -5.892680171421341 0
5.720796787176721 48.92703780339914 0
14.30866178118598 -46.00136657516922 0
6.846077187109234 -41.15682008224178 0
-22.17951600606881 6.204372449981483 -0
15.49712572808843 -26.19921550989872 0
16.1206197628214 -25.70849886442915 0
15.42871512608861 -25.35319453733831 0
-18.45168531842623 -16.68227652812541 0
-18.90200430632821 -17.4934640856867 0
-25.4886541171679 -39.84977761180559 0
-4.583082239889064 34.19971688092711 -0
-3.819388515420445 33.63402951258512 -0
21.18829673039854 2.76992929818895 0
20.41484165973626 2.367732726751616 0
-33.4109880377533 -44.43408060999388 0
0.3829705648566797 30.66205964831869 0
26.28380809796149 30.98427823135698 0
14.37857686717707 -24.23717502437771 0
-8.832902916075192 -41.76732735197642 0
-21.94306234057394 -0.5088950041265572 0
-25.58534162358736 32.7763766182406 -0
28.63968458616714 2.613353730537104 0
-30.54250762134458 28.65050349480012 -0
31.7968448977926 -0.9317940698884964 0
19.81513399195908 25.16091694855454 0
20.66036411595165 25.4603610914009 0
-28.67727958334869 17.15617181784129 -0
13.89309363430292 -33.29944733403699 0
20.01460811962306 21.38998094537288 0
21.12201850759445 29.84253074730692 0
-18.47341641085146 -10.69428392899304 0
5.963499308207536 -39.67924134302974 0
24.75895034745695 -28.19492093947671 0
27.95853115560827 -29.12281882810226 0
28.24493154916617 -28.19573617109222 0
29.09776233663063 -28.93265474568146 0
33.51880954864166 16.27304230279938 0
-28.77701470420209 25.8435770434733 -0
-20.64140656805635 16.92630103893166 -0
-21.78298729366103 16.84994268286788 -0
-27.6418343260419 9.893908484915343 -0
-27.24867656615713 9.137010873089814 -0
-22.52852422521897 -1.263766920326825 0
-33.40419201795319 -42.38104182263894 0
21.67524906106809 -12.90400230514984 0
-30.02463166098702 2.753701706344679 -0
24.07924470730258 9.554975552743217 0
31.81719700224429 -14.2386521535867 0
-30.44562091275538 -39.89153442105626 0
-12.89023320424143 27.51211253407432 -0
-26.6075888374097 -50.44442816436899 0
-10.41723648207272 -49.64961305922169 0
-26.80190858510179 -26.86451970866458 0
13.39686784566616 55.41988988802147 0
-2.963982874638853 29.05153013586028 -0
30.23754830000636 20.32025364953186 0
36.4576092706268 12.09598292233863 0
33.79450178922856 -11.53305268305948 0
-23.12999235082417 4.737634758781285 -0
-21.35722438067322 20.28187848538952 -0
-25.33869163738044 -29.60077030134777 0
-5.138003416035636 30.93254296200294 -0
29.68120349125487 10.01072058836829 0
-9.63697484695431 -41.85734344587436 0
24.25091593799257 41.41613441960644 0
-22.88511914847151 3.775949750999471 -0
24.77940041854562 -2.932909974098669 0
25.68817907024698 -3.219648173680082 0
15.48571591165754 -16.35985064937963 0
-2.224255411219342 32.84174297103914 -0
-2.12194366524677 33.84384911685439 -0
-1.257748429024544 33.99409848506073 -0
19.79514895598651 -26.41267434253074 0
-20.10697910206877 -53.70328311390953 0
23.00974901449715 27.1642980313055 0
30.52258855878851 9.840547457086281 0
23.62745386623706 29.6013094547613 0
33.65654893286314 19.86035358174332 0
14.26669494943729 37.37925397625891 0
22.06302829242219 8.521674963602667 0
0.1276176928837278 62.22350855192697 0
16.71363870103391 32.03747832936338 0
13.23457212346144 -30.93216283970823 0
29.86168017863098 27.70033692799336 0
-25.40410156318142 35.04486663334116 -0
21.88168013806175 -13.58806555740295 0
-7.632045175280959 -42.34435790350456 0
-7.215833702840311 -42.98296482905138 0
-9.530064324229112 -52.08101638580948 0
-37.08099836960346 20.42181433533278 -0
18.84912104792038 24.1567152159143 0
-21.71554125848887 -16.00188957036201 0
-22.16080091786963 -15.29046143874732 0
-21.7607563012167 -14.51152742142964 0
24.35909981698674 -2.061215023556038 0
27.72097241321931 2.38189258649524 0
27.96318692688472 3.357820280372497 0
-4.284054650915953 -42.22454005964119 0
-10.43834530628227 31.95493927924073 -0
18.81916327044966 4.037694099217848 0
-21.9100102359002 -47.0099030297793 0
33.90183315069638 10.17992811458287 0
-25.11860330233205 -15.62413667068682 0
-24.7214982748016 -16.21999525930281 0
20.82560006324355 36.67795637038692 0
22.7364050163613 29.93796539402667 0
21.41459045124229 -12.09936731885019 0
32.18125585820898 7.885539048820229 0
-28.17281136664095 26.49882786270758 -0
26.60177192970053 -27.77328408953685 0
-5.380152953059611 -46.0515422996924 0
-14.58864537729038 31.53230588502646 -0
-15.49370703159125 31.55341830632666 -0
-13.61060393009534 31.32902027976141 -0
-28.19431922120144 -13.62825037332035 0
29.5059917772709 2.744643137072868 0
-11.67142116117655 41.58511968757944 -0
-14.73917836824379 -12.41124421123456 0
-25.53767391077217 29.45713313425318 -0
-34.86467586847772 21.2661705280667 -0
-33.90502355964141 21.44466864203085 -0
-34.5267296933505 22.20506552188842 -0
5.835181868999816 -48.32677001637518 0
-29.18229760260668 4.726430501387413 -0
-28.80936863184218 5.597930675359247 -0
-14.40249150413986 -2.130814423166215 0
-24.22165082364844 -22.12830357242086 0
19.30238419242645 -0.4180733753432284 0
-3.156058879527236 35.09537853753591 -0
1.429427705843909 26.83112485522217 0
19.52411996704123 29.73382023458436 0
-11.33571163857048 -44.16141114608483 0
-17.73801949203983 15.63226731467018 -0
23.71799517381414 34.11992650511952 0
-0.5664759400817094 -41.44447541112686 0
-0.2900310189710341 -42.409338509158 0
-5.947903975872944 -43.62836870090453 0
-6.109616245519126 -44.55623622117875 0
-25.02951079023578 -14.46456832559316 0
36.75977136703983 -1.342787604254092 0
0.8000304097808485 26.16787327854008 0
1.05527762922828 25.21276348688969 0
0.499942691923504 27.21337783784518 0
29.82020473992355 -15.63718154807936 0
-23.75616793639883 15.92565530370513 -0
-16.17875432743893 25.81763608037539 -0
12.81172233766962 39.38586647028005 0
27.58745222089784 33.52286587187466 0
23.82828301631428 -32.47775870465043 0
22.94126705364906 -32.15264622710772 0
-0.5463550881511897 61.52121823931453 -0
-23.59230881518425 -45.41092008003466 0
-26.06431632933804 -24.37429298344259 0
5.483977702298255 -37.85485164580342 0
-28.28222678629633 -12.10195541455546 0
18.34981721752317 22.59418938851372 0
19.52335379288613 -25.49022243809402 0
-28.56000357331182 -34.91565625058993 0
-17.12876938718528 -15.85055521285145 0
0.1017755777639434 -49.52536513537837 0
14.07734247634709 -34.19115657751016 0
9.226837363593807 -46.53918422812004 0
14.46438858076449 -17.28274243083239 0
13.72141651706264 -17.40281583239409 0
21.11083934789086 -7.797248712820128 0
32.78102075469103 9.336499442447595 0
29.20236389979713 -27.92507683203129 0
28.52913421127898 -27.26243904702006 0
29.40312015901564 -26.97646797771514 0
11.30526839238357 -25.81228683497332 0
36.22201251924524 1.816053845478931 0
35.50889807163044 2.039909510836432 0
36.04320557857613 2.582808489448978 0
35.32635169230991 2.818484521370055 0
-22.28843151941209 20.11328469599791 -0
-21.96258513576798 21.04175183414848 -0
-30.54603167150537 11.14254766819571 -0
29.29030926236551 -0.8475823719579492 0
-25.77072812122446 -45.59414907062797 0
19.38838494145525 21.78711139359462 0
-17.71471163050306 -21.39619908917533 0
23.901182242668 -27.6031686110475 0
16.05192107558924 -32.5250441428951 0
24.45259326348151 29.24301860145761 0
24.62950306365689 28.1872921309774 0
-25.3261040614898 -51.66437642209232 0
35.93914630466202 -7.101622313492332 0
29.91964531771058 9.221296052072022 0
7.428369231023983 59.83333901716595 0
0.5136883087332484 -39.12531081659377 0
-0.2704181760831351 -39.41099610543511 0
-15.07972192515641 12.06714219811738 -0
-10.76385440813415 44.56349353330251 -0
-13.12847310696131 -10.86915125501982 0
-23.67693681044027 35.76689225842131 -0
21.22261617584598 46.54738576576842 0
-26.68653344632424 -8.091949643645655 0
-26.43092309274106 -7.24602540022 0
-25.38261754635694 -7.125751141380608 0
-26.09713563305933 -6.369734165722045 0
-27.05083685635439 -6.54316162781926 0
-26.74027166410446 -5.637839007344027 0
-27.69040257858749 -5.820902568258179 0
-27.37559721982366 -4.897593709056608 0
-28.3197041774699 -5.089244133502286 0
-28.01534726134165 -4.165500046587322 0
-25.13920417582998 -6.139684830593644 0
-25.45118123946678 9.011588771679531 -0
-24.52398291153149 8.878646638760461 -0
19.46398685248656 -32.66017569240402 0
19.064614778902 -31.78469355161637 0
20.05753228416796 -31.86006655487043 0
24.14325884713382 -12.32770510741813 0
23.21094572219196 21.43140243449146 0
16.14123664019392 -29.48785089799114 0
-29.03906200357 -31.48784518901972 0
-5.695297750751963 -41.94667753093048 0
-15.93017256978443 -42.20414135422719 0
-16.68032286807583 20.46545118762617 -0
-19.64421575983096 -54.51096409119777 0
-12.30891171610289 39.00370811558707 -0
-13.19832848945032 39.11912769855006 -0
10.42049278582773 47.00949672363834 0
19.55361114870831 -14.40952749358217 0
18.8015473627172 -14.25222278939189 0
-5.216533161589051 48.76182770611419 -0
-10.16871457215757 39.01509576794334 -0
-9.395913518542145 38.89538909106815 -0
17.2430181469978 -17.14109280796477 0
21.95485192987273 14.56305969450668 0
-6.568234348691524 27.55684841461106 -0
-25.92412661787299 35.68378518941196 -0
-29.28740866846196 27.58129724458311 -0
-21.45229940201305 -40.19472381066319 0
-21.86627888875064 -39.55667186970589 0
-31.97015604416388 -45.00073462483179 0
-31.68907426564346 -46.48299221175478 0
14.79369470120203 34.21796871897006 0
14.15408620866316 33.87019962399615 0
14.15328613084362 34.72497026964233 0
26.1794455635002 3.989837706914287 0
-32.88886536798022 31.39981653198078 -0
23.23493449968833 -12.8589061200853 0
24.13967249098129 -13.31036121850141 0
5.958969962429628 -43.65448835745939 0
20.27214771110262 -14.54390779729171 0
20.48760928684191 16.89448640746809 0
-19.78565725266826 -41.52147230857546 0
-19.04113048432368 -11.6001548889065 0
-12.15046169579354 32.1203844473039 -0
-19.53560279205667 20.98697513172954 -0
12.72144917682668 -25.70438499831771 0
-9.594726464275947 -51.09784505612393 0
21.12579352217694 41.12717614468306 0
-32.00056049020174 28.52736655001462 -0
33.52513951931475 2.410056281531507 0
-5.423624781644114 54.21100488460965 -0
17.8616441350845 30.00499116811763 0
30.90610733159067 -7.274191186548981 0
-25.81966460089267 26.84299467195154 -0
-24.89252878908064 27.00277729254536 -0
10.61204753324619 -26.43293282235913 0
11.78258994922891 -47.96285457708572 0
29.96484606242342 1.252806958542706 0
-24.97215553584157 -45.20797641087684 0
1.424726372545344 -38.84839751251621 0
28.410794618621 20.15938094832551 0
-27.39344791197765 7.768523955878618 -0
18.07625284141714 11.58715663937009 0
25.94660475912828 -4.155195417043293 0
-23.85211482692909 -50.86397655163435 0
24.5122021258462 7.85060616567322 0
-28.42502017825134 -39.83766768345433 0
-0.9600676299417812 -47.01468124754048 0
14.69316858979953 -22.75615236043807 0
22.76287171001658 10.10066795571689 0
-31.99745963093241 -41.75207427404678 0
-12.89482120908002 -53.0740721006821 0
-12.02548010359513 -53.5525148353375 0
-17.07137240280823 22.62989767151257 -0
10.01780920999238 -34.74261556254762 0
-24.53121068480372 -8.452233062500381 0
17.13762429926873 -15.70729611471878 0
17.36567364747556 -14.81521588787346 0
13.52760019133373 42.32393914101477 0
12.77981135186623 42.74597998319655 0
-10.88244966036416 27.39449073842103 -0
-9.863631407922284 -42.58232399368151 0
-28.59727793068899 -45.49386482943812 0
-14.35511494202889 35.51158385808373 -0
-0.5792257712221891 14.98799172799795 -0
-21.53559056984807 -44.01554882841604 0
-20.84983129203617 -43.76219420736746 0
-16.66014968356552 14.01036646205509 -0
-22.23152688314994 -10.45142685289649 0
2.459148063566603 52.73762135717077 0
2.926106738527883 53.51168487390093 0
2.537211186551374 54.36176426541093 0
3.476001783608208 54.26835643083562 0
27.6544087850115 -30.00422645628756 0
20.80328570408076 -2.247835547713372 0
24.75175694933981 44.02958917539708 0
-22.23309149027865 -51.29787983664838 0
28.01352561217348 10.76828662529266 0
34.82183020425785 5.002565019980114 0
-19.83486945823115 -5.113587780401931 0
-20.73457859084627 -4.682231892289947 0
-20.81464330600434 -3.71900315702195 0
-21.63711253194485 -4.272760774812264 0
-21.64873375923824 -3.303698774804682 0
-20.80201516568349 -2.761162641343715 0
28.95281870555065 23.50546820327105 0
28.79918338720528 24.51024545946153 0
20.12869366731511 -41.12740053084154 0
14.12227517826703 -25.07252361903025 0
-15.25287189602875 23.93155317360485 -0
-16.08013226722043 -47.27904636189139 0
-11.60238344388329 37.73277375490824 -0
-31.10510335626619 -47.12796370231976 0
-30.29365691864145 -46.9624989561622 0
-25.22514509418315 -20.75584775162407 0
-28.62685775052581 -32.65445686400777 0
26.47722655746794 15.73714956308159 0
-29.21331438344599 21.88565436242557 -0
-28.7722385796237 -46.30526294684842 0
-6.082397113348684 35.17458021542009 -0
-1.800239471414913 49.99629860053071 -0
-29.30954793176297 23.95418524602163 -0
-15.57620702260036 -12.45092284352282 0
12.8082509115701 36.35211837753148 0
26.44240956059966 22.94149787896484 0
-16.42884892346869 -44.93781926306706 0
29.51089688362936 13.22465780569902 0
30.19050102617882 13.86285358571701 0
30.99577862805986 13.64055767476887 0
30.75309230820603 14.51332535182225 0
-20.42501960586535 -50.82021289604067 0
-15.31152255008723 -50.74892428631885 0
20.34569594902585 -25.85199991073875 0
-24.70223305257716 32.83378787165361 -0
-15.89485149846777 32.32259055724687 -0
16.13542009206524 46.06047740034408 0
16.42734636644387 46.86479501900418 0
-15.06022289858073 6.083600171608328 -0
-13.73313763756406 -52.57151020568237 0
34.88903068074779 -13.86135238064474 0
12.63340917824058 -44.68939219226588 0
12.62186971442578 -45.65520298190331 0
-25.97194994343127 1.184808386581156 -0
-26.29232952810786 2.038102034421875 -0
-1.667104762839918 27.87780166776422 -0
-18.64039724358455 -52.86312753776129 0
3.921966981950271 50.08095009856272 0
15.08184684248288 47.22885333625883 0
-26.53996780420313 -35.49272582314012 0
18.79794167260192 15.90389412172105 0
19.6384786941124 15.50046038656822 0
17.94907495108434 16.49663952385191 0
-26.29260172624123 -10.26627728253576 0
-25.70215277659617 0.3615169439786066 -0
35.70975101579009 10.40063658012347 0
30.1383323130696 -7.332885816650169 0
-27.53247762311366 -44.74496446141686 0
28.39400840636899 -6.355780570650783 0
4.759749969582542 48.94277332406695 0
16.36011632535609 38.29402474911733 0
-23.74658807097758 -18.51483726950867 0
19.79211889810982 14.67290880648769 0
4.813692596758003 -46.39586411442269 0
-31.86358962071504 -40.71710533218253 0
-29.23891979986542 19.85014771832774 -0
-5.766432848434829 46.5600460721301 -0
-6.39066700537864 45.93652892719058 -0
-6.606261626378302 46.84198806102869 -0
-6.13489860716199 45.05164310784426 -0
-7.037737483293672 45.27371263811234 -0
12.97180648948568 38.49039277511034 0
-21.49692159055924 22.56339546010436 -0
24.52683688016317 10.1162154052318 0
-19.81887029324569 -45.62204317078618 0
18.89771662804152 -9.403516061572702 0
-23.20120951349883 -36.68926181427865 0
-12.66141326849546 25.93929143414643 -0
4.562185196602414 -39.56474584112559 0
34.23513581362384 -0.6984507685752718 0
34.24289530051934 -1.447922228057894 0
33.51178165369553 -1.090663919740764 0
-23.55317573479229 -12.86492757152247 0
-22.852825646817 -12.78219862919891 0
-22.50667719033729 -13.35308781691026 0
26.36147235488658 34.20940844469239 0
-28.0137447902686 -6.687487365997566 0
19.93734597337581 34.74013834556737 0
30.81865046252509 9.031854301822859 0
-0.9015098279172747 27.52611550632429 -0
-22.29423771438508 17.51222012369636 -0
-21.65223306510646 -1.458744481127759 0
-0.6633886136513993 35.90065917023103 -0
10.17710683634389 -38.27127120087614 0
9.351893956945506 -37.5918651500332 0
11.02592104502141 -38.75081244080213 0
-17.73853223504876 19.38771904953824 -0
-29.66834915812982 -32.38347667897688 0
-21.97219401523097 15.35903288881858 -0
13.66447730023103 -21.94383654552198 0
-24.42470449848155 -17.87881646081063 0
3.090585362035642 55.10523221699859 0
4.017144340947894 55.06685186244761 0
-26.44971849909801 -23.46711090540962 0
-23.99776397560927 -1.869041880472211 0
-13.37582545821622 37.68285559933741 -0
-13.91833122436032 36.88432368162964 -0
1.265438784287654 33.60743138719976 0
3.894459826352672 53.28763304380196 0
24.94150886807494 12.58415437439459 0
-16.31198767852954 21.29392149337865 -0
1.634064726305351 -47.26549645504406 0
1.197602787540006 -46.429375182757 0
-8.651518891458791 31.09030986865084 -0
22.42065681577705 -17.77164898826873 0
22.72297314968367 -18.73661449807025 0
23.68755806744883 -18.96436424716674 0
23.0072889278422 -19.67410906821366 0
23.92659160166384 -19.94980521798329 0
21.95653085817704 -19.48706660511044 0
24.64273595672298 -19.22886424594449 0
24.8766166027619 -20.22094677526994 0
23.25629159196762 -20.63534097202568 0
25.58061308912106 -19.55624928194394 0
25.83009664352733 -20.50206732000292 0
26.53576613236904 -19.83806833224491 0
26.79329795661588 -20.75963909253108 0
27.50432710625586 -20.07989461995067 0
25.11794150439152 -21.1882380923538 0
27.73965717038617 -21.05093567806051 0
28.44354420795784 -20.32860005486238 0
-1.012974401226909 -52.12272476526014 0
14.76488824217449 16.19350172407649 0
24.3610356248434 30.1853942320903 0
-22.49792693921768 -15.96144716991871 0
26.50923920599784 23.79839810973642 0
-6.87883932337049 -42.34896884551063 0
-34.30602291712513 17.5442449515462 -0
-33.22650255165867 17.92448940515708 -0
-33.32936155480503 16.85355938373536 -0
-32.64431114920739 17.23455016917975 -0
-32.48815027570085 16.41255931073862 -0
-32.95002089621824 18.91105615859992 -0
11.48178336744093 -34.15705607804534 0
-23.25607255489239 5.761979305220678 -0
34.95553478667288 -14.75656341654383 0
-27.02073290045455 -14.71451736364513 0
-28.8774311369186 -30.1533353153575 0
0.7371894244589927 29.14685083465081 0
-6.107976214921725 48.46144464112866 -0
27.09947956402367 13.03899753709373 0
27.93807445149604 13.20278564318871 0
29.68581675841077 -0.004462587145975472 0
18.57912365602339 12.56969669552694 0
-31.20901207111387 9.078002798746432 -0
-23.02909969333015 -39.29081494444662 0
37.11782233920376 0.9125820253056312 0
-5.078454689523741 28.95304756551505 -0
-7.753558650071445 -40.99677878800845 0
20.01839977600419 23.08552812063518 0
35.47291610822365 -1.342549175783541 0
33.28230004257467 -14.98192689439543 0
-9.62801204906595 27.36795943865604 -0
-25.32852536674767 -28.71750151720607 0
26.98710478445994 -2.46969643676112 0
-26.6111865836399 -39.98560213194262 0
-15.99334843241874 -46.33151951356487 0
-27.43228968640368 -49.28186214606086 0
32.31965175841403 15.15044173971309 0
-22.679328212845 -37.26089876736512 0
16.20028627189885 -20.27051820534512 0
23.94127039191041 42.81995277405969 0
-17.89209206273932 30.27108301002568 -0
25.9086138483779 -26.43559174826363 0
-34.12095823870305 25.63763777672867 -0
-10.75990746906837 -43.63990994714392 0
18.12541500891814 51.84738531648067 0
-14.45738320442162 -5.28887153967645 0
-20.14356688718035 -42.21492861065167 0
20.26788896314163 -29.2087732130268 0
29.0560879839798 8.114169517211788 0
-29.53633696480717 8.594626547115372 -0
-29.23372357657756 7.786926692819419 -0
-26.79114680104533 -12.31412861199588 0
20.36159426155987 35.54923859002379 0
0.3122474575969493 -46.44409330507644 0
0.7126282342765105 -45.66900729131797 0
-23.45996181731065 -16.67610438577877 0
33.46725904204764 3.117946033936917 0
-28.1096425167364 -33.51074959944707 0
-27.75987965204263 30.42022127114101 -0
16.89814375284778 -24.31893246819458 0
17.34018377571828 -25.25531017011806 0
18.13331054875614 -25.37965466114209 0
-28.56331449334974 -29.21640228721549 0
-23.4013387380243 -9.760723916350353 0
23.8042834651511 -26.10695345877796 0
12.07692875250923 46.70861434548006 0
12.71715687296919 46.12448449264093 0
12.60005385778532 45.32817672562049 0
-25.15154211222793 31.51460654595043 -0
-24.20839071605786 -41.02021104088374 0
-23.37168011204214 20.98033780129093 -0
-30.92223770702063 33.51120895417186 -0
35.46574377876348 -6.22499234988236 0
-4.762977964483007 -47.17482923573953 0
16.99273954988072 -27.67315332041869 0
-22.46699634732775 22.51166734330965 -0
-22.97179024943215 23.32365756955758 -0
-20.0263562689584 -46.49724988752797 0
-6.825797673519386 -43.9618802871969 0
-31.03958839233342 10.47866636529693 -0
20.96775306652832 -29.98592936594402 0
20.6901794145987 -31.06114819929647 0
21.5233705737055 -31.59761794849818 0
-23.83353914431249 -0.1465938990232816 0
34.1724163541569 2.820361997973185 0
5.142114872520846 -47.83394808591647 0
21.45339372071421 21.28772897760724 0
-24.62898665392415 -39.73737489687613 0
2.319257488991453 49.62576377365496 0
-14.87504401969396 20.84090551344039 -0
24.14584962585723 21.96964303863103 0
-26.59716558611615 26.6404755027548 -0
25.43792267169658 1.908990539708755 0
-25.6226073775941 30.25859132552976 -0
-25.67783226192991 -11.04846630918511 0
31.84107663976767 -7.306227049866607 0
25.78362894278515 30.34179940409769 0
-18.58176185592116 16.27432404175786 -0
-20.78650746994319 -5.525593735485116 0
-14.47871722074349 -9.008345275195529 0
-13.68137566748068 -9.47674924952314 0
-14.47398182220162 -7.993025094054439 0
2.280868770054274 -39.3755713110902 0
17.82252454989862 -18.55919410108205 0
18.54075883541562 -19.12250086092043 0
19.37290714187207 -18.74096076980272 0
19.26478141448708 -19.63705199263283 0
20.12182210699963 -19.28478907651488 0
17.71872094908344 -19.42880119342534 0
-3.639500583794833 48.48007782482669 -0
2.247496590396888 55.15082283817001 0
2.729330706479988 51.25957151488019 0
12.44356724232527 -16.71698759083822 0
22.50440371363114 13.85329933072535 0
32.16030950203895 2.904042905533999 0
31.74430129483388 2.378574625720449 0
10.49788209953599 -25.68235868808523 0
-19.82862662461185 -17.5206728530143 0
-19.27750768665054 -18.3206861816314 0
-22.86006276619347 16.57623729912577 -0
-27.76176799743948 -2.233720672025481 0
-7.971868761907438 26.4190407460366 -0
23.01393827011737 8.811459249880524 0
-25.00680655641599 14.47466824324533 -0
-25.93657956615115 14.17399188144103 -0
-26.65704449665708 14.78611612977823 -0
-26.95476765082434 13.88491148571121 -0
11.12964554390527 43.70139587818472 0
11.83443506952545 44.21006095354433 0
20.87213526522446 14.39497274796995 0
-12.80672234283038 30.63252282371781 -0
12.34778696729984 -21.88133106539622 0
7.857539375526059 -36.59957875576878 0
-26.73576760710761 11.8497747271721 -0
-16.65723120855575 -13.26589062353459 0
-1.182935888897773 53.68470992448519 -0
-2.051897356188225 53.35294771172196 -0
15.95889064503443 37.301733698986 0
35.81722718584196 3.389690461966159 0
35.05945346744314 3.605574526978632 0
-27.82777420291928 25.56871864408335 -0
0.7636861904814527 32.14482484418474 0
-14.40715746299531 -4.176314257454457 0
-19.52574792549686 -44.68662878186458 0
21.96267975032527 3.113700073681019 0
22.67142853832394 2.543186714459416 0
26.32040236398821 12.94853271402235 0
20.32647509822553 46.87967220358273 0
0.7220259924130067 63.09923235448026 0
-10.40317969681926 -48.64276922166261 0
-11.28567097960029 -48.2038945138987 0
-7.27431367599117 32.17442929350512 -0
36.11955083896126 -8.790154964824451 0
-14.21689626084224 30.80995911826645 -0
13.79909784925613 -32.4915497958651 0
14.44777487273327 -31.92132437528827 0
7.732321724391833 -37.72432574407594 0
-5.847020626898965 28.37175301096325 -0
-5.80285730639468 29.21548988167573 -0
-26.68622730722291 10.96321076064053 -0
-25.95645653056914 12.3827576828196 -0
-27.27195835105539 -25.97800779864135 0
-13.81966317575165 -12.32381097925004 0
-7.557968734653747 27.86744798034514 -0
-2.097641725315456 51.867257349013 -0
-26.41331709147271 -4.714464784195508 0
25.47570028385232 -18.66233298306941 0
-4.950192595403374 -48.18060658317295 0
25.99404343944274 34.97727702009449 0
25.07078409119155 34.94197898169196 0
25.61245208555019 35.77625915668154 0
26.0784497737228 36.57998853917001 0
25.15521247321422 36.61402463981316 0
-14.38492084574618 -0.2440025193715795 0
24.7362596547435 -32.79908112458451 0
25.44627577246405 -32.28602917015183 0
11.02679538330562 54.31278808928243 0
10.31298081605027 53.63382961602886 0
10.49120196313 52.72825527742242 0
9.617282506710971 52.93179210010968 0
9.814948078982514 52.0111582275151 0
8.866156027034158 52.30240243802047 0
8.942546975202607 51.34306376126419 0
10.01833893308565 51.06065363402702 0
9.336758787957205 50.38396158690296 0
10.27036415169302 50.10691895310536 0
9.560838131713631 49.38158626168391 0
8.645457698156708 49.68046692849627 0
10.49147692487159 49.10227326598108 0
10.98209057870649 50.78262871537881 0
11.65710739067986 55.09710239533612 0
8.848061226203759 48.7285155150153 0
7.964804226505807 49.04744002688808 0
-23.83522884753475 -46.96261088788699 0
28.72686348547935 12.57561121076943 0
24.71752397548428 1.493229761007929 0
8.847337745547129 -36.66179671096442 0
32.12315921822187 14.35483674375852 0
-21.60636978311447 1.106737824099041 -0
-23.47905276831282 -44.55318894093043 0
-25.52948830352298 -50.55025888918539 0
32.3618559787257 -8.076812315859277 0
32.86654663567049 -7.283569719384452 0
32.97878820320592 -8.951992685824381 0
32.68357320618708 -9.886918564524176 0
12.78772029008331 -43.60275436765867 0
11.8256269477176 -43.17206486778676 0
30.00753478695165 23.20502424784263 0
4.881387298557347 -48.8515112797976 0
-0.8136609599180711 -40.59466850396026 0
18.68242206495543 -35.87079643563516 0
18.75029937502355 -36.86090354324778 0
19.63034854769958 -37.32184139188534 0
17.89805892947678 -36.40585034651055 0
18.78297218614922 -37.83387929076532 0
19.65182229770273 -38.31004157994143 0
18.85695495522884 -38.79273754091329 0
19.70257393224711 -39.26691721110862 0
20.5278358611106 -38.78422953268032 0
-30.6207696466487 7.131826360034503 -0
-29.85068402821826 6.55893835224411 -0
27.25275556439347 -19.04729661730834 0
-4.312404876459255 -48.81622897110066 0
-4.330686402269533 -49.80809881305991 0
16.74301849936779 -30.56371213183258 0
17.20731570438285 -31.1595021486019 0
20.53984982197008 -39.74351216014119 0
21.39556654269499 -39.26884294307365 0
18.76945479716644 -24.88480429957515 0
35.46701599766499 9.386737017312337 0
18.77574747605665 -21.11094762628319 0
25.63323670591545 37.46038351975626 0
24.73838543686063 37.47773607421971 0
24.12247569617544 36.53044015720585 0
-22.22162646768516 -2.019663599741011 0
22.07163159328631 42.64979635035421 0
22.63951392080282 42.05018892820703 0
-10.42322538485288 -41.93796408809575 0
20.3693129568644 -32.69737153531531 0
-16.91804083464892 -43.94697715131173 0
13.95476598640825 33.0345208094749 0
-20.67829757657899 -18.91280996191249 0
32.64478566505069 -1.021380528679237 0
32.74254692171554 -11.8460030251017 0
19.26683856695667 22.85933189493093 0
-0.8425413013749299 -48.42477811718523 0
16.19884964091699 52.24593556420881 0
16.63981532327174 53.14833184507123 0
16.1894922616261 53.99498128587371 0
17.08088385039504 54.01053502435546 0
16.65540364110697 54.83096975229777 0
15.76017223543214 54.82013730635757 0
16.25414935911879 55.59903211142526 0
15.23134780595566 55.77014502426112 0
17.22025267606895 55.65985625069065 0
12.05679598695735 49.12651278073376 0
23.17350563721834 -1.224851733984569 0
21.38146436055634 -38.25162456947918 0
-0.7437387393450343 -49.99203919967144 0
-1.322225454704554 -50.717236833069 0
-2.243315411879504 -50.73064619045986 0
20.10066867143215 47.74618298720401 0
9.779512794954549 -24.12027333404789 0
-29.73319119692702 3.816023793965286 -0
16.22793949276456 -16.98853854984489 0
-9.1051339818443 44.62552288793365 -0
-30.5312451380545 -47.81931880450762 0
12.09336003063454 38.7818851644621 0
-8.772310447958876 40.14954823607735 -0
14.66509590873779 13.27514888640071 0
13.79789204839127 13.78236567642342 0
32.35271926776581 -20.40262154615595 0
-20.92918667268086 -46.77704060505211 0
-20.28146301350297 -47.47448819812588 0
-19.80625732437846 -48.11501129529392 0
14.24460694575342 31.61000990100443 0
-33.24910004661911 20.66659384712778 -0
16.80764871141425 -25.94191828902946 0
-32.92784011366457 21.61666396077098 -0
-1.659751856837775 -40.2798217677723 0
20.03076087987873 -20.19740143784466 0
20.93791889005021 -19.8478987854313 0
20.99609202767092 -18.91439186665541 0
21.71864706814781 -20.46881966193293 0
-15.66658738334219 1.178504400789651 -0
21.29425805626771 3.462932513136028 0
-17.37928144599127 -16.81297593189248 0
-9.578520190956171 -49.14723435497551 0
0.1033889499919437 25.47961605090968 0
0.3315108138493998 24.50383628061107 0
-0.5862061644206819 24.7529608521799 -0
-0.3459166129694857 23.80425604279239 -0
0.5536883284324703 23.57080723203892 0
-0.0969855884955716 22.84489131756493 -0
-1.032517655609528 23.07860035863668 -0
-0.7800096795136742 22.13406972800792 -0
0.1739739733059569 21.8778955510922 0
-0.5193333984409131 21.17247836640935 -0
0.4322140673285218 20.91225569061246 0
-0.269005375376846 20.20538705711791 -0
-1.168868880190024 20.41038848834245 -0
-0.9571062015807141 19.48059761023458 -0
-0.006814829575945276 19.2372091189174 -0
-0.7119370032439649 18.52907131807052 -0
-1.66258866024877 18.77119005156993 -0
-1.417156361383172 17.8211907252761 -0
-0.4552265212521105 17.56785686562918 -0
-1.701414839324283 22.42361041760677 -0
-2.369848255118895 18.08146960624163 -0
-1.158304704417564 16.86666430016092 -0
-2.520264692967456 19.03908009902222 -0
-0.236906138397893 16.6235727402389 -0
0.6409696068562133 17.30155696893763 0
1.259930684987916 21.68608230328523 0
-15.80640393503703 24.58162285162307 -0
-18.20551558020334 -18.36507077324471 0
-18.79796198061461 -19.17843188810668 0
34.45424016414388 16.51867883633729 0
33.82259717805272 17.19395722687439 0
35.07843851295285 15.78348796077012 0
14.6394138486097 -36.4167205309048 0
29.16288679311723 20.66756657508905 0
-3.796138800021602 -40.08237706492216 0
-3.886560535232999 -41.18735697009983 0
27.93410192265649 24.93106733150097 0
28.65739953592438 25.43474865235807 0
16.26000012146383 47.88461057275445 0
-23.76911980439029 -19.56454525312865 0
-10.43473156716356 -47.60466231314536 0
-11.58236741467246 42.99134091705021 -0
-2.983305757921811 59.82125892186307 -0
-1.97052353547063 59.87296992968584 -0
-2.428638818347842 58.98926740209672 -0
-1.449077566680973 59.04177986937202 -0
-1.864536391869294 58.17280880835391 -0
-0.9147918614766475 58.23102916301305 -0
-2.804960138538553 58.07952784141285 -0
-2.254378590291827 57.28336926211416 -0
-3.18678555729365 57.18902956380669 -0
-2.659022315875267 56.40393089553051 -0
-3.603411677585444 56.31551150742241 -0
-3.091764602111222 55.53953389851421 -0
-2.137132993254619 55.64286354466539 -0
-2.543619904070377 54.82729929228879 -0
-3.480301838874149 54.7056805834015 -0
-1.362549207338323 60.86298734811778 -0
-16.45028138305139 31.57637627445976 -0
-15.93135709423173 30.66515378690076 -0
34.45734563191873 20.55570383105813 0
-11.71383202145344 -45.52555942963654 0
22.17651293777362 -11.59070957851389 0
21.43328225948004 -11.20639746119788 0
21.31374181717477 -10.36372744174376 0
-27.69818575567028 17.71670071487348 -0
33.91876098319833 -7.239905647061897 0
21.6101662224403 -27.06084003275512 0
19.38129507726365 47.04682164828776 0
30.29858610466652 -6.358340902199627 0
-25.90107204532737 -40.7583086973442 0
-16.24616739968019 -11.76268424308574 0
19.81056810169395 -7.43076742549432 0
18.54652261981751 -13.34101839698153 0
-33.37485087971947 -43.39956184845752 0
-27.68016380023236 -8.973428233369289 0
0.5642057720363065 28.24618216905659 0
15.01806295719287 35.25140091912694 0
14.16015583397912 35.64097526647669 0
24.99981456458309 -12.89283674785178 0
24.93122803174476 -13.64137151281076 0
23.31410367347955 -13.96989410638528 0
15.05161295986412 30.86465016797717 0
18.07764064072505 44.27601938085832 0
-31.20870694498127 32.1770939886093 -0
-15.40404922544935 13.00272998484003 -0
21.55517557260001 -17.43630723528709 0
-20.00459282740303 -49.95008415108549 0
-24.92508954263623 24.58531249033789 -0
-23.9147125218724 24.99333842010898 -0
-18.12644621497246 -41.47784762330777 0
-18.57796280551455 -40.63455552698841 0
30.20943230890663 -0.7484152722299072 0
29.7141298091064 -1.591742889425135 0
26.92808384261091 31.75905832333065 0
-27.52705967229455 -12.40453649241858 0
-2.921751360908467 -39.66546916188399 0
-6.849548916003371 44.38578491001068 -0
-9.438151196195159 -53.07183116837625 0
-10.3145076630589 -53.56958829763218 0
-8.476247974078627 -52.52058411138274 0
-22.52082428827534 24.12845970759 -0
-26.45333226427893 -22.40617099785655 0
18.66890284824303 25.58534528392173 0
-28.24421407669233 -41.38141190769808 0
-27.61613544121144 -40.53339976170376 0
-21.19908920572667 -16.84418762404151 0
-29.25829676215848 22.95671903891019 -0
1.599345519233045 -42.69630435076913 0
1.088117684987853 -43.47075127419598 0
1.535699607985856 -44.29457393789575 0
0.4994893464643695 -44.26678555665702 0
0.1094326048355215 -43.3230746978828 0
-11.17365731122244 37.00095826979683 -0
-10.71558578740379 37.63534601091047 -0
-17.00155750539418 30.76936731561023 -0
27.22539644110662 30.88557372849761 0
-14.20194920769284 -6.346312832429549 0
-20.91608551610728 -14.38511639548241 0
-21.37791045666043 -13.66015187402602 0
-28.99182554740111 3.091503317351866 -0
33.19842404908669 18.73889490963937 0
-23.86890912311692 14.86780677563298 -0
19.77900699722296 -15.19403650823464 0
26.22383942667395 38.11240343688807 0
-32.49587307024165 -42.69595983240364 0
24.88927333169518 13.39587028840223 0
29.21264244162183 22.47376470827801 0
-25.62147111302005 -35.86393332194136 0
2.579365512168297 -44.44004927799483 0
26.10550358662408 18.46779983879331 0
26.68665444736638 17.6306928836659 0
-5.839237192015585 -40.94936362791295 0
32.03124533634602 16.98450853818828 0
25.45690345816613 8.067879084245748 0
22.40738274075441 20.82244542266615 0
22.79993883362904 -25.84414246677594 0
8.116635098220787 48.10523342309893 0
9.743938516268686 48.32164697607093 0
10.71345487564145 48.03033450121378 0
-29.36249632751431 25.0086748090911 -0
-28.80921592721286 34.59843244468377 -0
-28.46113079639301 35.37456962475405 -0
-27.58035192972966 35.51664078280475 -0
-15.4266327979395 -1.863058592886352 0
13.45676336555285 36.86379524583032 0
26.97278381744586 3.665009432785603 0
33.09473862539919 10.56113749399342 0
20.99977003733541 31.57107739839759 0
4.591945426042075 52.50490621586747 0
5.010032453163273 53.3910429534783 0
-23.02517008848672 25.51980022163767 -0
20.81011195055736 -20.79025768946114 0
-0.216590055743191 -45.66154158433223 0
3.552060952522707 56.00784073217739 0
4.56532324105324 55.8730521580477 0
4.182837084258108 56.76946906771551 0
5.122537229313725 56.67327248854923 0
4.751181800692275 57.56217595939246 0
5.681813979871395 57.47313959242144 0
5.274601341106197 58.34930031942483 0
6.208596345931262 58.24747115522925 0
5.818201304108233 59.14163376219859 0
4.847731330949665 59.22758106283944 0
6.63286192038467 57.45711710979147 0
5.442116446603881 60.03626043673572 0
4.437043534955619 60.12038473174063 0
5.036796269412603 60.90339891223897 0
3.906465823337129 61.04474588642032 0
3.908336068230381 59.32720094333593 0
5.593452431018386 55.86452250341103 0
-14.45703807872965 -3.12979542115027 0
33.61778387211122 -1.909836408754316 0
19.66655017498376 -31.0389983638935 0
-16.22373988772146 -48.30609853120443 0
-15.43144449905934 -48.82513736685048 0
4.597968741155013 61.87651558773419 0
-3.070259761951972 21.79765277797082 -0
-2.438186764311378 21.09767071589054 -0
-22.59951531005433 -3.890324725507702 0
-25.20690331000106 -17.07822531249299 0
-24.22063148491107 33.6968124426968 -0
-4.899565262760477 -41.5079553607732 0
-2.928000552430484 33.40550261706503 -0
13.745240594881 12.66811431568296 0
-27.779849618899 13.20362122495228 -0
-2.752816799034078 54.00279427676014 -0
14.70627327296645 -15.86641598765217 0
-28.88266561217021 -44.62429020312161 0
18.81431165508453 -12.54640015684849 0
-3.698047229648363 19.90805709590675 -0
23.10472719839112 12.47292513327188 0
17.86115847165167 -38.40925931245147 0
17.95926773454327 -14.06869489356696 0
-20.08016111481927 14.92792899817725 -0
-20.31410737350512 15.8940516011905 -0
-19.46880657919029 -40.66878605211887 0
-20.28901505650627 -40.78726558081621 0
17.16927216323764 -28.45514619323286 0
2.238390074976089 -46.48118430547892 0
-29.75060765325093 5.563068619685477 -0
-23.83497970551993 -36.17220320398807 0
-15.50603314896277 0.1565023557497894 -0
-22.34641301316429 7.222840717727789 -0
12.08680405466409 43.329585620409 0
12.74097966298973 44.05452363315587 0
12.01403598939918 42.32614673886837 0
18.43190595044337 -20.12260271982496 0
-28.48558693636494 27.32819731066499 -0
-27.78742381874334 27.22111406739612 -0
11.6198028767826 -29.95095433468872 0
12.44396030337409 -29.77968791567803 0
-28.55796597488285 18.21642966969825 -0
25.28686831381341 -27.26886261978222 0
-3.523120292595701 58.80825637067632 -0
-24.8337054653212 -35.46013702629281 0
18.70584538601517 43.6392530907104 0
15.20687938726046 -32.20769923442611 0
15.93590620131384 30.74554764653663 0
13.21104928560015 -21.33559050702022 0
13.13939186163002 -20.37059350342003 0
8.434803796197714 -49.04444763534268 0
9.15021975046557 -48.40936309446306 0
7.562035084131911 -49.30454257104321 0
14.81217129211004 -35.44899608778872 0
15.56166219113414 -36.04880324025433 0
16.38164849784976 -35.55992404384888 0
16.34374735049065 -36.45140637470945 0
15.51110526763604 -37.08646954206591 0
28.36690096020559 4.441475305053188 0
17.99409880636706 -31.6525135975598 0
29.65829226896036 25.0858936578587 0
10.73487871317541 -36.43993096979554 0
-16.36716294083379 34.43047118231424 -0
-16.04699417044077 35.41355017129479 -0
17.26484357092226 52.23845704342624 0
-6.91880073464915 -44.88214380180979 0
37.43920169321832 0.06771296782339735 0
4.964435514244498 -41.45975709967009 0
5.466179567701381 -40.61725773972687 0
13.65535186703568 32.11678270725035 0
-22.47547989925465 5.336754369208858 -0
18.3056428065295 -14.98997125101278 0
-27.54119181990673 -14.18685181934715 0
-8.077660908238293 32.50619796885721 -0
-7.370947103973956 33.02896065576749 -0
-6.698975881814641 33.61052309068604 -0
32.17526543863482 -1.626982921226944 0
22.24779271129679 -39.90419457564128 0
22.70460164951372 -2.024523997980855 0
9.512680625625944 -35.42661829291114 0
-28.9979626303143 -4.43588643919737 0
2.089014767112984 24.03729549034193 0
13.58630060655734 54.44599344187066 0
14.27454646880741 55.06366147041511 0
-25.76050755977727 -44.66182003703041 0
16.05028688861855 -24.82850428039493 0
15.2772309110625 -24.48045418075794 0
26.51901029653753 16.67719882943868 0
16.71650405923833 31.27369952360998 0
21.11357324741897 8.778424567425823 0
20.96101599893193 9.689661154234392 0
20.20046602144286 9.900149563595171 0
21.74965892981604 9.46491338236924 0
-6.684380214662185 -46.79165893193384 0
22.55241862102605 -31.20959134857785 0
-6.218382754923217 -45.45590281770315 0
-7.778795291937254 -45.09509815441047 0
16.9133617467664 -19.84608601054831 0
-25.91315037076811 -15.68525869584347 0
-26.55265095745133 30.63438864320894 -0
-7.729050661973059 44.63652939418599 -0
-7.503993564468559 43.75833925013354 -0
-15.92462466378334 6.697123896414712 -0
-0.9170595111361355 -43.22529263448353 0
0.613179233490146 -42.55533682465299 0
26.32997061051918 14.78324261106203 0
-6.486201783238236 31.81179303385982 -0
-21.92777399310472 -11.33471877559731 0
-22.79283893152549 -11.18360390155819 0
-22.57589080414371 -12.03055507008655 0
24.79927409813621 -15.06622193620902 0
13.62375644083805 43.2171145424142 0
-20.36184844971047 20.44813498337993 -0
-19.44345595541245 20.06823768133034 -0
-7.3589921415741 46.1132762022041 -0
-15.0597212806402 9.532605761560948 -0
11.0546687230042 40.88075039613734 0
-11.45358190305549 -46.30243652114957 0
-10.63956203329184 -46.5564014682399 0
-25.39812140201633 -22.38213647990179 0
-15.43622005562702 21.45968084967318 -0
2.127237468636273 22.07770354330425 0
-10.30941727601669 41.47651870094091 -0
21.98762038626895 29.45215241083792 0
21.87463393347506 30.29429119798696 0
30.11206680412728 2.056119301901132 0
-14.71358605779954 11.19648398868237 -0
-26.17834117699451 -12.18720381904039 0
-2.322385099963606 28.56500463883381 -0
6.903061296896486 -38.20992877859165 0
25.01182599660059 21.99072829848832 0
-16.9418856430523 32.53299969693717 -0
-32.72727066678547 12.02985239896958 -0
-31.75843816790926 12.13930028663784 -0
-32.27903455046597 12.87099778652565 -0
-31.28055619621594 13.02337337836135 -0
-31.90265152401892 13.80572738418166 -0
-30.72452647590526 12.19340798535549 -0
-30.8657176686461 13.87568433136097 -0
-16.98328619289534 14.98671868174791 -0
26.79344142253803 -15.18632229959225 0
26.48842050744889 -14.36080528410767 0
27.42026999846751 -14.38753721194414 0
28.4158237763509 -14.50883883607437 0
-32.65019740671631 19.83889632297985 -0
20.28214668184084 30.21017939557197 0
-28.40249909953708 23.52862875211216 -0
-11.28287413859002 -47.2457396804248 0
28.2941487053369 11.59618622892914 0
-5.76033423348466 44.12333904501256 -0
-27.75071215155595 19.65686403990231 -0
-23.38917352110929 -7.644911075393481 0
-20.58298483882095 -51.71020758849063 0
18.74539211838285 32.6982518454365 0
18.03757384505921 33.06793751510037 0
17.32661989766838 32.71651362951828 0
17.38274202279644 33.46374353115988 0
-25.00544881031509 -13.53768118463534 0
28.81699930463674 -15.47885989278577 0
-35.88177303864521 22.89547280439433 -0
3.183438416576177 -49.67228585774978 0
3.731557104301191 -48.82677478162339 0
35.69286553789645 12.73575591962348 0
35.99351704649428 13.53581542476214 0
-16.51739886532664 11.37294858642658 -0
6.968103779659676 50.86154680229292 0
7.895366303105074 51.07801533272175 0
12.57115287920269 -24.86571946313819 0
11.69114585538981 -25.02457051107333 0
-9.069767542050403 41.11796386503849 -0
26.65889663532975 -3.430004472197551 0
28.79470614832289 18.28015527734779 0
27.74198218512697 18.57010601599121 0
25.64378775160019 28.10557133024246 0
-2.331670629684975 34.6191513499664 -0
24.63347560622399 35.70155440918442 0
-18.99960652906758 -50.33367602463704 0
11.95124696809331 -29.15072477433556 0
12.83896263819673 -29.00567324429419 0
13.24900060814636 -29.70522516261156 0
11.49029054748066 -28.34645182557525 0
10.44612866055687 -28.4141520737658 0
-11.90334581403146 27.48067177539945 -0
32.78859316720634 -5.791798855450353 0
30.8126564280372 -15.82377378364727 0
30.37738683873643 -14.90541807393431 0
-15.82845162864418 2.196614218389216 -0
-15.14535747375302 2.929656588204497 -0
-24.37265926075578 -7.542436319283087 0
-23.51627098625619 24.127787029788 -0
15.09445474766975 -23.57541483671261 0
20.48811592391023 -36.72840977961622 0
31.07875085443979 10.47151355438038 0
-16.2788771624775 4.133914200842328 -0
-14.59794327925269 0.7802429015522458 -0
26.7225811173091 30.07628555594433 0
25.67126501066949 16.20214393577973 0
5.17672124116947 -49.78519638464643 0
-21.55316434794365 -6.813778660627205 0
-25.56595596046504 -12.08962072387846 0
-19.36636023344316 15.63821669386599 -0
-19.60274146943736 16.56203792638865 -0
24.6055579961777 34.13307912576148 0
12.16682997702412 -33.44339661862588 0
23.97479122472429 -33.43376462038523 0
-21.20934969448126 -7.748612420330041 0
-20.22668020147808 -7.930904173656216 0
-19.90699776026958 -8.875807511428889 0
-20.54768116880129 -6.985451829219789 0
-1.297730316881799 57.36468522671558 -0
-0.3123822910510791 57.52696792843602 -0
0.06737230092953483 58.30492941100617 0
-1.690713156793485 56.49314523482144 -0
23.96187583621447 1.970803078020983 0
12.24661950282085 -20.02962855927088 0
13.01324030527649 -19.45392587594767 0
12.1355116905516 -19.06366813622312 0
12.87500207075885 -18.56550195233999 0
-30.7964846614818 15.89515225061393 -0
-31.46424566420168 15.24057690710072 -0
-4.395925280816257 49.05485088848518 -0
-5.059345026178166 49.73733756498497 -0
-0.9565921221502853 28.51102820837533 -0
-28.50343290786414 19.25602983959456 -0
-27.63279742570263 -35.41231209909713 0
17.76682157972609 -35.45652082666304 0
7.697740204662931 50.08288113538885 0
22.59608253536301 1.820412105122817 0
18.11771777463922 48.28348158565207 0
-5.27578800723167 34.74246558262195 -0
15.66645964267234 16.62400002764262 0
16.42960663990536 16.17827937909093 0
24.50160237867077 8.76314406497319 0
-20.5364408777122 -9.633445952335547 0
-19.61530228339718 -9.78154695083037 0
-18.85870747809773 -9.07165439723223 0
-24.85004639148125 -30.8903395951326 0
33.23297514623128 -10.75290288211766 0
24.66373813459185 21.17906336901532 0
-15.19830813290281 -44.78886278574666 0
20.52581796951748 27.41609613596174 0
20.62215200424437 26.47953451960156 0
21.44450480890017 26.08146585216611 0
21.57995815594483 25.20438008018682 0
31.2308753223078 12.77715477669234 0
-21.89680084774965 18.43694170598572 -0
-9.429381559124705 -41.0739539173361 0
17.10630072277992 -18.06904114225382 0
-26.85273915117744 12.7979762411067 -0
4.359842905108586 58.45493722452907 0
-35.78149512969026 21.16476863079205 -0
-14.51127555129406 8.058336707908426 -0
18.28227023692277 -15.9186634007585 0
34.72677483873186 2.224610897462717 0
-26.47120727714696 15.72883086160141 -0
-27.43464867746973 15.58061634168386 -0
-28.02758570789585 16.28341557067884 -0
-29.40923729444908 -39.87285926693163 0
7.644944705465137 -41.66222985876342 0
6.822499578382254 -42.17161455811978 0
-10.80537793292354 30.44720081113491 -0
13.84321793642565 14.77796339638035 0
21.7241666047335 37.13257185694465 0
22.5714628953534 37.48983957055939 0
23.32147186078643 36.97465852459126 0
25.92606338007618 6.146521171830335 0
28.09722287792952 -25.81839590451818 0
-12.11647847828577 -48.72847701892367 0
7.629003853161359 -43.61209992173117 0
17.92360018881428 -28.65320945630788 0
0.2497674210226052 18.27455187729711 0
0.8792102842825704 19.07640369932084 0
0.6868810738288709 19.95570238871499 0
-2.120665277031446 17.12358573926217 -0
-3.096520875955563 17.41618097463319 -0
-2.893019443229941 16.34649318579136 -0
-4.094874768628379 17.7594125321909 -0
20.99585626479088 -14.74696474590722 0
-2.731574346623604 20.03851565873748 -0
-23.12120773549876 -48.1436201563392 0
17.66797470588734 47.25074657693547 0
0.8120755182096723 22.67187284639427 0
9.252743490770857 -45.56889085451969 0
-33.5591703944006 22.39260018569693 -0
-34.18666038623641 23.14074082627684 -0
11.23296903046286 -39.8271290504382 0
10.90489486840277 -40.74409336527065 0
10.24051623255953 -37.27193726436891 0
24.55323941682819 -18.16989005399146 0
34.37639327359819 -12.30790423907584 0
-1.999986640769357 50.96948694265933 -0
-25.67459168487776 -10.47004309576882 0
6.057128397942741 47.96510031764571 0
6.649782021231095 48.65044119673955 0
27.20059226425688 32.68653099024878 0
26.10444296682272 -21.3921798733302 0
25.43492911796162 -22.17359278424813 0
-15.39490449421127 37.3268152339077 -0
-23.78888309405626 32.91518371645068 -0
-1.436787999094856 24.02848348181388 -0
-33.58945890278445 -45.40658409973084 0
25.26836416716527 -4.793652188059575 0
-0.1753454218779809 -38.53885760652565 0
-33.60640990160108 19.70109695480176 -0
10.97635044793692 -43.65275925242487 0
8.523270637867721 -39.22073294304778 0
-26.90052509530033 1.345380409499834 -0
-27.14893349159095 2.245826497585076 -0
15.80096569033227 -28.69305769208609 0
22.23423257417442 26.63243212453378 0
23.09936840662723 26.20299348496501 0
18.1309452633801 13.37722607043301 0
14.82955343290301 43.14881705294015 0
11.2035009833479 49.68092792877997 0
-17.99116269148823 -9.819170493883457 0
1.739117223074252 62.76246638304386 0
2.851765174163924 62.49477023408434 0
3.009176163727989 61.57052048986905 0
16.78760309673652 -38.618316653039 0
17.04054187982963 -37.69690367254274 0
36.73661138642585 -9.544534006227046 0
36.61617173736305 -7.912167481025022 0
36.97286971280236 -6.994854730962279 0
37.75189768809213 -7.790712367116246 0
37.32456185697843 -6.03980965247349 0
-19.97875229141495 -3.183398771322088 0
-28.32351060751758 7.549939937704672 -0
-28.47737685075937 6.477139425692306 -0
24.1720351368127 -20.91132493903578 0
23.43244644847107 -21.62934288396041 0
22.41781853559176 -21.23469595662061 0
5.814198915752934 -46.42731367938278 0
-0.263487433346687 60.59572982995999 -0
8.549006408376879 -38.23646070247446 0
-0.9530899916778321 59.88526211310154 -0
-11.25557078499633 31.40312341361761 -0
-10.32675251699454 26.55789846355086 -0
11.75616519382302 -46.09709166670619 0
28.24304159201223 -19.40474763733977 0
29.17420656245677 -19.67873849597076 0
29.3868297041677 -20.60771441875726 0
30.26732175853859 -19.83332488261757 0
-16.47540111062787 5.108907224091299 -0
-9.515041058871834 31.53842871285565 -0
24.44827720504069 6.935855924961214 0
10.15954823596485 -41.21456424251339 0
35.6619176548036 -9.668848125713183 0
-4.070841540250919 55.46604326692876 -0
4.107058256357329 -38.84920155317391 0
3.069321569044448 -38.94934132426616 0
27.53122661378719 -27.536078443585 0
10.78935573473778 -27.46579486108322 0
-2.679003395295865 22.7456668208981 -0
16.78131927257133 44.45140740466235 0
10.89434393736596 51.77217019367569 0
10.14106369015784 -43.16118727113508 0
17.12060277191352 -13.94175934586466 0
-32.06523932599488 31.76556017364982 -0
30.24625461471869 3.947894668534532 0
-15.58571325957223 7.690624813889276 -0
-16.50795119603523 7.463810562104042 -0
-11.20899787671326 -53.06245430372367 0
-22.99810810625848 19.49872425642365 -0
-27.00105780199778 -3.979606979317817 0
18.74252735922542 41.76768860801147 0
18.63144365240494 40.82636784354982 0
19.39413925889713 40.33383636035656 0
-27.62304633790617 -3.171119596680194 0
2.289472615938275 60.89824884706006 0
34.67138777856695 17.45226706041609 0
34.00559625423487 18.09369825372983 0
24.15574039102262 33.39797698100933 0
-28.82037505247211 -6.036558931036327 0
-28.99836798107565 -7.088057118907461 0
13.80843292059809 -22.72143711717155 0
-21.81563688200293 2.088071671199097 -0
-22.4282120859083 2.956104953807958 -0
-12.91503452055564 -51.13763202532891 0
-10.40781664697381 -50.62423834992148 0
15.50066852654011 12.80986922009795 0
15.77649992072593 45.40736183838138 0
26.7242762782761 -30.28803662315403 0
26.51774807048286 -31.06185856681893 0
6.66614243643525 -49.01884968427865 0
34.24138234543441 -15.32386727054131 0
32.77612629554425 -15.89181457173275 0
32.2834753993334 -15.08973756380508 0
34.66167929167969 -16.23914020080632 0
-27.74015027010053 21.6794504782092 -0
-13.73963294622949 -53.59937068702411 0
35.98815312336033 11.23136307258398 0
-24.11520110843708 -46.19313022530745 0
21.66890128170144 40.0557457320306 0
-21.12836444918558 3.505633656375935 -0
20.51553947931027 -37.75816138203986 0
22.24689491249596 -37.5910466567482 0
-25.74398765994952 -5.42376411867428 0
-24.7573865280815 -5.229938333107467 0
-23.64785459019074 28.21464639088533 -0
-24.50916756609393 28.40061297390942 -0
-24.19420774933879 27.55569727617592 -0
22.69865664441084 -22.32110149208697 0
22.89001921691793 31.25633038544928 0
12.73728669681298 -40.87735303970865 0
1.463061782124147 16.65281744656787 0
32.77631778500771 13.62995267278789 0
27.13022558726198 24.34773811468641 0
27.66504839469383 25.88706316552675 0
2.786989558975089 58.96627828767453 0
-21.20747670686654 -47.65002572153258 0
-26.45301834718127 -48.15508714221718 0
-22.92498755971873 -50.60361865492304 0
20.53560660792873 45.25793722098291 0
26.95305103668522 -32.61685333332477 0
28.93744473509579 -13.68760059433805 0
-19.63200060657482 -12.44360472482319 0
11.10300590484381 -41.67760443424695 0
5.94247525847803 -41.60250138195818 0
13.10781783172158 -41.79772987978295 0
12.18502597554906 -41.66820041174975 0
-20.83166973534599 -49.22944574935818 0
17.01371478076641 -26.80998150220728 0
28.74693670226501 10.17557663904025 0
-15.3251498522386 -47.82071110123292 0
8.403688184254216 -46.0178968173506 0
20.26569259032113 40.72667855060622 0
33.06495486514252 8.10812028365479 0
-6.477514907700461 30.96363614356982 -0
-25.19286476940067 -49.51621465373675 0
-31.21697765866632 17.80310562696332 -0
11.9127639453896 51.16419273012825 0
14.8411430291185 -34.52851659722636 0
34.5059136725642 9.383757686546669 0
-20.74869796894978 1.615936251471675 -0
23.43332522192347 40.95256226394153 0
13.88313779609443 -29.4476686988223 0
13.86119866583705 -29.99807085708589 0
26.53916925837427 21.94409727915039 0
13.76176636865313 47.17531560727468 0
-13.74679380072884 -51.62666825169021 0
-15.54745607448628 -51.67349488215832 0
-22.50333529447756 -14.59482611821901 0
-22.97519772571241 -15.24975440209415 0
17.99241111709595 43.03984705227938 0
-27.74465183885546 1.464749965369448 -0
-28.16528722125712 2.44212049335664 -0
-9.56614887247844 -50.12014293809509 0
-13.2442995875331 32.25261596107114 -0
21.2177868661593 42.98800153720916 0
-26.02972403873611 -28.11781062240414 0
7.821228254691695 52.7270744713982 0
6.819571458864705 -43.17468975757478 0
-30.19401287459457 -41.36711489270505 0
-29.66563148048573 -30.72940837237222 0
19.47228402876194 33.91174082814691 0
19.07877396678044 34.78906928645305 0
18.71246243084505 34.01052677275081 0
19.46018652084445 -17.85776867860577 0
-15.5033236065979 34.58451335107453 -0
-27.45904147552609 -7.471903398682177 0
23.7505535594316 27.68815768679704 0
10.98981304396033 -42.70559632519255 0
-31.39781289163462 -39.85105368194164 0
3.561128863181195 -38.05871261511231 0
-5.781598428261704 31.35914218366245 -0
2.079563104022148 -48.08893948120425 0
-20.38019837677709 -0.231902709492691 0
13.40846710501076 34.29211530960633 0
-0.8942729725556534 15.90518869966086 -0
-2.35646695520597 32.0109976925094 -0
-29.20727529437657 20.81140986906692 -0
28.34487280357242 -31.29987527778643 0
-10.22301733224994 43.73675075054489 -0
-2.097576206644349 61.65679419820535 -0
-24.1304417926354 0.7693760986471978 -0
13.84872695581149 -43.61802793515548 0
8.382138071805159 -46.98018350184007 0
34.78728522047111 14.89967479400105 0
-27.47242106658177 28.01951856691651 -0
12.65717856141974 54.69788980994698 0
-29.71248319969882 -48.93558386045753 0
-2.678707511672861 -49.97036783084024 0
-3.11616679770008 -50.65929488067554 0
28.59281971089109 19.24937923081539 0
-28.90835182795529 28.74821017909407 -0
-31.63453510986654 16.14127177257754 -0
-30.25028287927387 34.77897503496764 -0
-29.48984432431494 -29.40205449393741 0
-28.38873549507407 -28.18848127991079 0
-8.154978396348332 -50.69821792930606 0
21.71881827782195 13.64525508799326 0
-14.58998093768979 -52.09137044199665 0
-15.43180918491196 -52.62882512652173 0
-27.6713937953009 -13.03724252561785 0
-18.03844016985736 -15.86688991073282 0
-17.67525904948064 -14.96166758562691 0
-18.06965628973199 -14.191949760687 0
32.58132019653208 16.14166621012856 0
1.374442899138516 20.64956390190628 0
19.57830645959325 11.52515450358686 0
-23.33488063039705 27.31520620594167 -0
13.01815502372924 -28.18374606181014 0
-18.69763106547063 -12.47699563299346 0
-35.47241106314119 23.78958676686089 -0
-30.06927157734384 -46.10210901431092 0
27.62977766342802 19.61580238287035 0
27.42354286454101 -30.99936522259096 0
-20.29417790146108 -16.72366981192758 0
19.50198116540581 30.64389894846218 0
-28.58771670820712 33.19028182481299 -0
-4.191953725200974 57.12919566916452 -0
-25.55088231112446 27.64780356203274 -0
35.10395834188291 1.539965799103208 0
-12.16416057112369 -47.80414705462108 0
1.570124737955227 32.74177663294837 0
1.016675960096318 31.29839122947231 0
6.932642519436375 58.96711603534559 0
-8.91795165058536 30.27468679481791 -0
-26.64525643136804 -25.19427999903785 0
-27.69340741605529 -25.02482651580893 0
24.39066943729431 -21.8785459716279 0
29.38889663543546 -18.49826794753582 0
-14.5871609302136 -49.24342013427663 0
32.76772116857943 0.143772834985264 0
33.16580908158805 -0.4395706740410092 0
26.22284676245873 -5.05383304604304 0
0.1176981445169436 -40.8019008517822 0
-32.21971822991779 -45.812923939394 0
-0.1624677068235517 -47.21510300554614 0
-15.44697439117498 3.887998231264449 -0
-4.393136479761563 35.1132550055633 -0
-24.20076024884742 22.69610971529763 -0
29.2826685164052 26.03465365307538 0
27.42433003845696 1.548337469475919 0
26.81111320272294 2.237967027202086 0
18.63606583060772 23.39379439190149 0
18.00762624069336 23.97643078720807 0
20.62994585676108 -10.80734157342378 0
20.43978751025755 -10.06234815717106 0
16.22276828126638 44.79904817090011 0
-2.10451447226353 29.94392503949951 -0
9.215776691967829 -47.52157453514384 0
-26.33988281815014 -41.57840823294568 0
20.79268240359546 48.42495210039 0
31.95857659711974 -9.087585284730004 0
26.92735521812826 -12.90911394604046 0
27.99498643426174 -22.11223954214552 0
-29.86614987661176 9.490622749680199 -0
25.17216155925025 -31.30917038122869 0
23.07023025297599 -33.12438137565979 0
22.2112525329577 -32.82647145377248 0
-0.5854315013017541 33.41452246246921 -0
-0.2527490799542144 34.40201850806662 -0
-1.0914351442355 34.98375252121935 -0
-13.82578797345875 -7.324316903214905 0
-15.85014940978171 33.66641874045125 -0
-31.14965787550387 27.99094581770393 -0
-17.05514885748198 -14.20404806471597 0
5.031558112567222 55.05068351332518 0
21.62434997074205 34.88353274601111 0
-1.83253245291186 16.14114859026314 -0
32.66198402183281 3.620831332017257 0
29.73228103282469 -21.57513737258768 0
-15.60934823465363 11.2751690407808 -0
13.44921519776791 -26.08795067139976 0
36.69198351744397 -0.4403815198096714 0
31.88961068539787 13.40423921112808 0
24.5129505784985 31.07328908466859 0
0.9611268215777278 29.95441621090684 0
22.82467389507816 -14.9795544414848 0
-4.52639379210301 30.4827228983535 -0
21.14184037571235 -9.505248019499252 0
20.33427648138574 -9.208345930614026 0
6.809958942164546 -44.11109782373347 0
18.75955071865932 30.25889374671036 0
-30.12988841449721 27.87594504076118 -0
-0.3742345366578634 31.1615570117389 -0
-24.88523548513941 34.3426067631611 -0
-24.41988980573243 35.1890222844897 -0
-17.26637711300134 -18.91062862649754 0
29.16444456554076 11.68464866931321 0
-10.08073084124587 -54.49585079940458 0
6.478283073246557 59.89009824227987 0
21.77295213263172 -2.077745054624581 0
-26.46134972590319 32.7316177730285 -0
35.38843844125009 11.89223940367295 0
-24.76419599158282 0.04363484697173901 -0
3.348446318220477 57.16012670816849 0
-28.53334856562322 25.03817193938355 -0
8.77108601265971 53.24417807060136 0
12.49753591662432 -46.60368874062733 0
13.32491853501763 -46.29287473396057 0
-20.04328615223259 -2.220445455171347 0
-11.32753202006801 40.76344086848945 -0
13.0591686212113 -33.02753504441544 0
-26.33432790908568 9.073293564439819 -0
35.42568243891807 14.18535433404358 0
18.28206011048542 24.80293443347538 0
33.01996062464958 -19.76487533481756 0
31.38265862653247 -19.9938985231457 0
-25.65551010559631 2.718669096729223 -0
18.38796835249456 -28.0988016328916 0
3.505707020476637 60.17752313949161 0
13.57353050132952 -45.23901994265506 0
-3.056753919308733 31.71837558795781 -0
20.49545310490186 3.366247975678786 0
19.67165238289723 2.833204049171878 0
19.61152462235911 1.912862400783872 0
22.13749173876311 -26.44947802447839 0
21.19810719428281 -26.24366304275343 0
30.81618138335938 -25.42609046930667 0
30.26826614751675 -26.32542384187849 0
30.87922503011679 -27.029171600693 0
18.57565614894737 39.9900815152979 0
18.2226759350856 52.65665352963555 0
-25.37020685926347 28.49866091158546 -0
-7.446560853486727 47.05996509383312 -0
-6.819932032121367 47.72947954477323 -0
-7.663169169157883 47.96305640674029 -0
15.75860907487212 -17.76751714303622 0
10.92982462646937 -47.56662789446404 0
-26.71322892427278 -44.61388728447351 0
24.16407175555686 13.68262583239177 0
26.51801967989697 13.74171051113274 0
34.73487513969713 -5.517500111412131 0
20.83048026478914 -21.7331728670904 0
-27.08560375211738 34.81119608922404 -0
-24.45931167192883 -29.3782703563643 0
14.88183859443478 -26.67750303751854 0
-24.24849219135168 -16.91246405227248 0
-25.97979433524813 -3.801063102678893 0
23.31776567277364 33.40058214256436 0
-15.28512455591607 10.46496877443998 -0
-23.95631797239485 -9.052931986855731 0
-17.47298204339384 -56.12450243622516 0
-7.510219342375633 -52.45884302661287 0
19.87957721295192 36.28771524417726 0
21.17731321205156 35.85269105464234 0
-22.23229668399226 -47.8797367655643 0
20.18247744540805 -18.40234808064902 0
-33.71906615197075 14.47182000434717 -0
-33.00697246110123 14.98727141789433 -0
-22.31270740937025 -4.932831497089347 0
-1.031386862026946 -38.84742864486986 0
2.11726361674765 18.43861638324681 0
10.36750029177868 -49.26780243662481 0
36.63916011973375 3.088182446132645 0
-25.3953739874479 -43.75442791054829 0
30.16166507607169 -29.15116555982801 0
11.45406625429828 47.28878058656622 0
25.17649876205893 27.2826267800145 0
-9.793175409062698 -46.9217180232168 0
27.69456742850523 -7.689883098192036 0
27.4007504624461 -6.718896085964169 0
26.418265183353 -6.559817232422011 0
-7.065829969008218 48.65510439143717 -0
-4.188500306696874 32.73636433598362 -0
15.47524207853938 38.73690367119293 0
17.92318387118036 -37.3541330183796 0
-24.82425131506058 -44.38515686575851 0
-20.0304055936753 -55.45432388429927 0
33.39661513244521 12.9845824016258 0
-11.57865295007334 -43.38820739504912 0
18.80319227785087 -30.96378149207157 0
12.52303985066627 -42.55734486919667 0
21.9840178291743 -9.85594373378839 0
-31.40773192573797 30.28078311381019 -0
-2.261421642534105 -40.93664414910171 0
-15.46040165826119 -5.584594287553278 0
0.3010296000958577 -41.73606507465838 0
19.06166086594564 46.22234905451226 0
18.65066036041602 47.61214696696044 0
-28.28774235386051 15.28807853628775 -0
18.91458856608592 14.05955749618789 0
-22.85239833158241 -13.95995347918666 0
10.12363855236173 -48.25528372255473 0
-33.26966030672518 23.31394888389596 -0
-33.85558714202307 23.98163825001932 -0
-14.41333654152811 37.66957963909511 -0
11.92963233997923 40.47328535245401 0
-29.26964181652137 -34.35903439143775 0
-17.72953066868877 -42.23821905536742 0
-16.82549065499198 -42.14362217219713 0
2.982327537554742 52.03127271744927 0
5.142685144907016 -38.95050828282271 0
14.47956700756976 -19.42711496024359 0
-32.39253855799898 -43.98744683886962 0
-28.0972626538342 36.25136640335259 -0
31.01891645811117 -0.7759878945253242 0
10.3510124892191 -33.8785908274878 0
32.29012014447108 -10.79591512308833 0
31.27979319655978 -10.55497251085306 0
16.87541088290482 46.03186411302645 0
-21.42396095022721 -38.70584015278633 0
-22.19376389795848 -38.02010197670036 0
6.107117427472588 55.08269001501612 0
13.7679890409024 -19.68572641039833 0
20.34386072403851 1.48604663320807 0
-26.09331751091399 -49.66562011936992 0
-16.68173928405885 -50.21394512612052 0
11.90027674420737 -38.998863264516 0
-1.547811985438472 21.36673180289251 -0
-25.95439124229551 8.331234793988644 -0
-2.222812139520668 24.68926104571998 -0
29.13631988246205 21.55294185272847 0
-1.05959975887981 -45.20466742542146 0
34.4566215413029 -2.256372317144465 0
-17.70332934760248 -54.47088219767144 0
-18.21897666220373 -55.39152141486402 0
-26.72853224801511 9.991805979683832 -0
-25.51046784281226 -0.5761820882656208 0
16.72862185713514 -31.93180180973362 0
34.37035941233382 -6.379628315856547 0
-3.794886215353617 34.48336915756763 -0
1.610878684317419 -45.64663310052092 0
-4.621486489461965 54.64265439693762 -0
34.14054627519437 3.552281143515187 0
21.2422873348978 10.97216852587131 0
-9.903779517100364 44.55792991849736 -0
31.41905666294883 15.15638928492547 0
-2.644304373573969 50.36187809839734 -0
-24.21578090345038 -51.89852775475788 0
18.09464486695164 -40.00008616234548 0
-20.2985827619358 -44.18617933747861 0
13.96633637534608 45.74604973443539 0
-21.56774118038915 -51.93180483861072 0
-19.87168579523462 -52.22255801074097 0
-22.4236184597296 -52.20213655355227 0
17.58392287340102 54.78477656412095 0
-8.271017561796203 33.92319859759454 -0
21.41802189607687 -14.19721927191516 0
-5.032255708927367 56.6783131306685 -0
-19.62497240282959 -7.103689385384016 0
23.48083705058142 41.92428975498574 0
-11.97191445268018 -44.76923546643443 0
14.70790048927272 -25.77392734977595 0
-22.90234466206676 15.59340529634418 -0
14.28064529293032 42.7947708520033 0
26.15340584319366 -22.84393462997139 0
34.80454076094817 19.69422153502367 0
17.93079680569403 56.18046133318769 0
22.29450482802822 -12.37468464355494 0
29.56801262010535 -29.87190099665809 0
9.751533765389697 -36.43134495077835 0
-32.14158324499672 30.8871734658484 -0
18.72539423565293 1.511188126418094 0
19.5105440089467 0.9978123556817127 0
-26.37528545225242 -9.586868947774995 0
30.42059317614991 2.975049541768415 0
-18.01095989058672 -17.45094646674702 0
-8.775616885609278 32.05356441981517 -0
-21.52974929122546 -46.17547177153436 0
15.49101467659812 44.78611469768055 0
-14.18080529254543 -13.14437103797885 0
17.41017871961662 31.00421903723499 0
23.36439734780969 13.76358889281962 0
-10.1664391860432 -43.84537867962812 0
19.90354325656613 25.98874348978956 0
-14.50430516658183 -1.193371931941301 0
31.31295079619129 -15.02210504268648 0
-25.40999401524036 -15.02403883741835 0
19.76093099093167 20.53991236445939 0
20.75355388640762 20.78872603605809 0
-19.12948688869958 -46.35029368869658 0
24.2498269190384 -14.25596501945552 0
31.30851092268201 -1.521586594360588 0
-24.71716045815991 -14.0094053140705 0
-11.13187763008636 43.75298649694408 -0
34.218542872935 18.9409329037262 0
-15.95232805596996 29.65362711535404 -0
20.08494619206749 -30.16553522140767 0
-2.797624459735154 48.88872927367402 -0
13.89876137925818 -46.97151854675305 0
-3.255047517277584 18.38743401557026 -0
-8.750527806308492 -51.46973943319425 0
-1.819840399242713 54.24134628446594 -0
-2.877988830146583 53.12099698442776 -0
22.62092286084814 10.67347880661465 0
2.030524060286772 29.07172588701208 0
24.28659245361753 38.26360134288502 0
24.36802344949238 10.70619871794781 0
1.650006580298319 54.41209731617047 0
-28.71185511842487 -3.444222084827884 0
-30.01525692576742 -4.761526006693045 0
-0.07418994247189144 26.43226577402406 -0
37.58021116827999 1.761720409891995 0
-36.13799592262109 20.14368572678309 -0
19.56844639343165 16.55670986125835 0
31.19201196136472 -19.07692538474765 0
-31.72805634242465 19.758620499431 -0
6.09981132167927 -38.60193952975254 0
31.33810302752824 7.699242489004984 0
31.52889107286434 8.496611879142769 0
21.8095532942687 -18.49636031068253 0
-24.19438841382569 -5.975992960539839 0
-24.81936444105212 29.84407892177838 -0
30.67263445956541 0.822975337262531 0
-8.751407963489651 26.89651009408611 -0
4.61907301320812 50.28143600031734 0
25.13611223138761 6.486100303664033 0
25.20593260759652 5.56236556275512 0
20.64542862617031 -12.16745032331564 0
-12.81790191783019 31.51073550173789 -0
-3.030078659277644 -40.59655267110717 0
-23.58863065341725 17.80683454775037 -0
31.82625381328867 1.687875918888996 0
13.53703205722129 -34.90286313944959 0
13.72181412185725 -31.59953676798992 0
14.38046629123759 -31.11375835776085 0
27.42251287997078 -18.10884389031898 0
-2.817690314783022 29.76865078407566 -0
20.72356669539846 -14.02318942320879 0
25.51301054382162 4.329309851516449 0
31.52941808666912 -20.91024564519423 0
-19.95225022007525 -11.48024007151137 0
22.34841268560868 -38.78183634077305 0
-1.769353067728041 -51.54795058247449 0
29.3842266157119 -14.69308486423632 0
-22.12225818343807 -16.64111684632291 0
-13.10510145978851 -11.69060025309828 0
17.41910844983104 31.87262156515042 0
-30.7231782685311 5.08649344954439 -0
-0.1050243757799943 -48.83699131227863 0
-23.32643943361007 3.08018546077634 -0
-19.3205722413972 -8.113453306861112 0
-24.80841257569287 -21.51432634338476 0
36.25683624232543 -12.89445479165132 0
19.71829392730898 -40.26998121799755 0
21.07138173394772 30.70849959625268 0
0.7999351596988959 34.41656042380399 0
0.3339586124123876 33.63817369524389 0
-16.4395711660043 -43.0888774880632 0
-25.87863352672096 31.94857379468343 -0
-7.609474342705278 -43.61406862559089 0
9.441784293623261 54.76195095600301 0
24.16130722399572 2.864075129776773 0
11.22664402707077 41.91749705757722 0
-13.29459386115381 26.67196799952794 -0
-14.28732650820871 26.50807188343031 -0
-13.81349078185696 27.46433158756092 -0
-15.10072050578533 25.90586552105763 -0
4.461657851494198 54.22753148486508 0
-0.7782371015982474 62.42162079852542 -0
-21.33708813105082 0.173662689453681 -0
-23.15525480413049 -51.57041834810935 0
35.98668859897912 -0.114369939263413 0
-29.14341774579647 33.82759124283755 -0
-14.09119789454317 -10.81476504348681 0
-27.65489791058829 -26.74744876679478 0
-27.51724229405202 -27.61246041565656 0
-29.60362460577726 -47.51444424608272 0
-19.72711713648969 -19.09754464323579 0
-19.28966681775657 -19.97277901485317 0
-19.86773875955896 -20.87135012983573 0
-18.31044773684065 -19.97364811823206 0
-18.66249660571087 -20.87429397143146 0
14.66212372288056 15.24569566494146 0
15.18426869173701 -17.16725494339699 0
-28.28738360953063 -46.69081111613804 0
16.08584870884521 32.87942080339981 0
16.62800936994499 32.7237694128555 0
11.83773709594558 45.06305008979742 0
-22.57869967069537 -9.5455273306211 0
22.34154609160399 -33.79215411318756 0
0.7724453689256214 -38.25176254154235 0
13.26723021822137 45.60176074781956 0
-21.28409951925976 16.08435383792321 -0
22.41852997731094 -14.17725445762888 0
-15.63567792844152 -49.89088827865741 0
-15.22846958087372 -46.67843356410444 0
12.2616828278407 37.94634070103778 0
-21.96014965201807 3.682509393775137 -0
18.34143565776477 3.256683739121183 0
33.70367023144455 9.275450847493609 0
35.38948677233811 -2.142396567791668 0
24.17709603569917 34.87275184488995 0
-23.47623501866023 -1.089772247260405 0
33.5864126661957 1.743004505732324 0
18.0610870055647 42.21460966436595 0
17.44677508712753 41.66887644302918 0
-5.197982048389248 30.21331319864164 -0
-5.809604042362661 30.58235786868088 -0
-26.52191678426482 -0.07075269540650135 0
-31.87196911426402 29.4407826120239 -0
18.74599091132264 29.31606286662204 0
-26.33967202136445 36.87593141666055 -0
22.30721194682712 25.744083475026 0
-18.72375516440639 -7.227906903799177 0
27.57505206399819 4.145949714729909 0
20.22511572564259 -0.1091414859140501 0
20.14552894651337 -0.896672396536788 0
6.158509693769309 56.68869756618549 0
1.505956823323859 63.75254258053332 0
-27.22832343922798 -43.98331432236365 0
25.7117236718884 -28.04063236218501 0
-16.16627627211346 22.29316846452004 -0
-15.75524390571568 23.1440469991668 -0
25.31226433904646 -2.329970455940286 0
-23.08840445622851 -35.89935119913332 0
-23.95689244950229 -16.12906990686738 0
29.22050764215873 -6.920608488330855 0
1.876262620951526 30.9598725563881 0
-32.73584205771044 -47.51730771740839 0
16.83844507822572 -20.81261375427459 0
-23.98544793809256 26.7334568322784 -0
-29.31312537031591 2.200076837952386 -0
23.5969397989815 -22.6448084572246 0
23.9137040633659 20.9378257060449 0
-14.39949415912114 10.33992589201657 -0
23.30603970429694 25.31340018345684 0
-7.417724059523402 42.86877380756402 -0
-10.66215196982603 -42.86567085594634 0
13.93214255538878 11.79205131736354 0
21.51589267831398 10.22448451979027 0
34.2292711521125 -0.01491823398374196 0
-27.92735511162827 5.744622009689616 -0
-14.99691938641568 30.78484617540656 -0
23.46684607909244 30.45527856668145 0
-19.14190709186016 -53.75330187364877 0
-18.68859324059581 -54.49319149961923 0
28.88560981627348 3.479225304131656 0
-18.37092927577232 -13.35901889367647 0
13.53438410816917 44.39211419595814 0
-32.21806397881446 18.11396978113499 -0
18.33652652630738 35.30102691491664 0
17.68192968709018 -27.92208854559041 0
-7.249945344040597 26.96002398217801 -0
21.90595181649464 41.63549945018441 0
-15.74388438635115 13.93466306550737 -0
26.32712278180028 32.57937336933187 0
9.322207105174897 -26.88773994411079 0
-24.59577880999442 -19.98279863657439 0
-10.3063177167684 45.3112695360514 -0
1.944131663307151 24.95720180119018 0
29.99182204176737 14.69064406289982 0
-19.83460596069185 -42.89574435003358 0
27.06442630734091 -21.63214799939482 0
19.17326279176413 -13.07839523551347 0
19.9810310733021 -27.19475478773647 0
-5.812984023507976 -48.4470641040879 0
30.59884730665395 25.10842876572778 0
-28.0110112675935 10.69248754601364 -0
20.15505230653948 -24.96693553072083 0
27.40815691219698 17.07558551500303 0
-27.7141494782212 -11.29745698371037 0
-27.28513706002096 -13.52268050126226 0
15.29940214399363 54.00191944832163 0
-36.76297235004154 21.23752035292615 -0
-27.06799433119996 30.08087818173077 -0
-8.592271916113765 -53.45606109413558 0
29.84418530711772 21.19453539288426 0
13.80504792630591 -28.28153678653298 0
18.33658587540822 -26.13301886348454 0
-26.74781182689297 35.60749776995759 -0
20.41177747345039 16.00535748317659 0
-27.730059870589 -14.92460947798713 0
9.754294104786631 -26.08871458145785 0
28.05650967027748 14.03052211229072 0
20.01312722502467 13.75477646184929 0
31.32600077544663 9.791402161075586 0
13.3871990152709 -25.3111748978368 0
-27.20980860947617 -23.14220129079811 0
-15.77176936071301 9.870069211000921 -0
11.61936944150025 -27.49446470731689 0
26.24501746185128 24.67366724325447 0
-8.615057123504783 39.30348424073627 -0
25.41105324190474 1.09454243471215 0
14.46423875757698 47.72162304318776 0
30.45323018603755 27.01713547738066 0
28.58877074367625 -29.8444135126995 0
-29.509885014436 -46.72857548836743 0
-25.44889205039772 -16.22535900293779 0
17.39602674263898 17.3292332763908 0
-29.99366053087246 11.68843230128018 -0
2.964931002696455 -48.06828924970804 0
16.65213344149021 -28.95788437812661 0
-15.98982358152856 -3.758407046575793 0
15.53975485316129 15.70196497831819 0
13.85266577150683 -30.61792885867004 0
-3.47844918714419 -42.05425130227675 0
-20.6785055785476 -42.94220149530702 0
-26.03715444322115 13.26106540290231 -0
25.61350683383068 23.63133160128276 0
-23.88609840687914 25.93564318685053 -0
18.42670489490265 54.47437285045426 0
1.728197966571722 -38.03465538679146 0
-1.472087078405828 15.14528740265703 -0
-18.53912892442383 15.22942794003594 -0
13.11215219924623 15.31491360551949 0
-15.3748729814115 33.03349704290513 -0
-1.842512124413521 19.68445136035962 -0
-31.91747275613284 -47.30188280813653 0
5.112591279710095 48.11839689302082 0
-22.97387046712436 6.644219423203159 -0
-23.23107419942679 7.537975735081756 -0
-1.247961569869023 55.66229571430823 -0
0.6263279265359945 57.66965456926636 0
36.46903868918812 -14.74054065188589 0
23.20763595163319 -26.84238005072537 0
33.46474024016672 -12.31528336539087 0
-28.13210497824034 3.380843720393572 -0
-10.81122606039407 38.92846074300977 -0
30.56936414546696 15.3812230288485 0
8.049607518642484 -50.03498466438101 0
26.95653152854569 36.75035365442492 0
-33.41565460567215 -41.44894679027119 0
-22.11123922548055 -12.73329167497739 0
-29.20032656669031 -5.267343825380972 0
-21.17955109568466 21.16816213335399 -0
-17.9881078333823 -8.866252775850159 0
29.06832547417662 9.349465713587856 0
15.49683631389801 31.41529657794865 0
-20.60494955479737 -48.33687214680505 0
13.28879163997018 37.68389541318476 0
14.20192207025865 36.50265514771414 0
-1.324619700108982 51.61062100408871 -0
-16.47198882361477 25.05752288404888 -0
14.23112652803317 -20.72694222493302 0
18.5717648602331 21.81775126936225 0
-11.07975231989198 -54.03371073816377 0
-11.82949670255729 -54.72354117368761 0
-14.64793975114 34.66867531066431 -0
24.50855964087274 5.249850242738811 0
11.69236791424623 -46.99022649002853 0
14.62215489367276 56.72325219780086 0
16.91498778564474 -32.92275967791199 0
24.60247752943338 -5.445714188820736 0
-26.8465327746541 8.38504820810757 -0
21.34673900762498 -32.59407062156215 0
-17.2907929560253 21.08349531551708 -0
-17.79381802538556 20.28093632753198 -0
-18.73261969842037 20.5745807450832 -0
-24.58819162630265 -46.79087169146587 0
11.52393633634846 -38.03631641344634 0
-0.5012477818544567 59.0293508079654 -0
10.95863384627539 55.82552018261028 0
4.08456805073645 48.38243504120023 0
3.967998761711775 49.26382018462596 0
-25.68483011998893 -14.34045517648622 0
-28.3860353588208 -12.82074281843461 0
24.08245314709146 -1.285906607496456 0
-27.4201384165875 26.46469234858834 -0
-27.72377776283631 31.19443578038913 -0
-24.85777253607149 29.08218108106283 -0
30.86367220706659 -14.11593724064127 0
-27.71666581884824 -11.82447729570872 0
21.67166493277523 24.39401236284056 0
-5.789310212141716 -46.90912273268493 0
-14.70044344742657 36.50787074176468 -0
-8.532896227692474 -41.03888842264632 0
17.10794434460707 -36.01779693747315 0
3.24235620450918 63.30719204879485 0
18.84271027128744 0.4058565112066916 0
26.83451830703746 -26.96688437439865 0
-12.08322800142057 -44.07663005444174 0
25.22714283648116 20.62922889949067 0
33.24713272447833 9.89871787035805 0
29.59851350016713 -7.939865917988052 0
24.01644011803353 25.88426762185452 0
1.205243381674768 27.6981090208005 0
-10.14943855810864 -41.23819470965592 0
-24.96181440182671 -40.70341031476851 0
20.96362379412903 -25.24737495590362 0
-30.05340506110375 7.910145974007902 -0
1.558798855308131 19.79233997599737 0
-2.220863068670933 29.20104573075826 -0
-32.89589045714245 14.18012627950516 -0
-11.24844286964689 32.29300510577663 -0
12.82206654479623 -17.62185123452734 0
-10.05178873630194 -43.25549684043014 0
27.20633792907264 34.33453007466326 0
-3.184224724986699 15.50588179638534 -0
30.15446725551389 -27.59945331378696 0
5.578545692923198 61.57036996791039 0
-12.22598927708756 -46.13566157217218 0
-26.54000958511829 -15.24035409524827 0
-18.94261248406529 -14.19946518224189 0
-21.62393253300207 5.23970749258219 -0
-2.918154334906953 32.51481046865566 -0
-31.54436266407867 -48.71184556677887 0
-25.55686368973024 -13.65392771798377 0
-35.39388263924877 22.03506214634788 -0
14.12797414720758 -16.58842428740034 0
-26.95858179312572 -24.24880161138358 0
24.98810860205831 12.07341622112781 0
13.441052828128 35.19202963479655 0
-27.86574303283105 8.423147074401458 -0
-0.2605881085422062 63.11947001240235 -0
-1.171520035561166 63.25337144762059 -0
26.80650374041379 4.500333497676058 0
-34.06139936098355 16.35088177080044 -0
23.79466056346198 26.74066903653605 0
-27.72571344134159 -29.00551410860551 0
-24.63267147390705 -22.91783465883647 0
35.94881973648853 15.97297534273653 0
-9.162157321490829 38.04235148799112 -0
-8.479847492568771 47.98925691521855 -0
26.02813949610017 -7.320008130181161 0
8.503573993816905 50.51367774895481 0
18.24947920187342 17.41262159111871 0
-30.59184369471769 -30.82378957640819 0
19.59882191335132 -29.58707188245021 0
-10.3884213573585 25.62575847997987 -0
-14.50024302474715 -48.29661825776928 0
35.55213603231918 -5.324282951638584 0
23.41946055415037 2.682700779399925 0
22.84723047392607 3.38904251776077 0
29.46777116400747 19.86991888844839 0
25.35915201665519 9.894919111791056 0
-25.10555987574788 -10.75595413724195 0
-0.3361968305311652 -44.75184309236705 0
-3.511070137764032 -49.93250310320033 0
-29.02561145351952 -33.45574590806962 0
-30.54952022047408 -33.04169288096831 0
-22.7746824285121 21.65043926010767 -0
16.88779548345943 -29.82317299860826 0
13.03163005926383 13.36072244223522 0
12.2395244028639 13.14157913880536 0
18.02219958518994 33.89003874999649 0
-19.3482617744573 -10.67563826261352 0
18.90321272941393 -39.69268907020167 0
-32.52762507297592 23.73311497216169 -0
-33.21875009153497 12.79736661717263 -0
16.51607900596258 -17.66617963022624 0
-28.11756033499955 -44.22810079216897 0
32.97771033822019 17.04833457069784 0
21.07249270597548 -8.672047499237848 0
-17.82900808614763 14.81008488349185 -0
-13.97715136917552 39.1391288135552 -0
-0.1744536984415355 27.91389482234821 -0
15.78814544081883 -31.66596424149098 0
25.02845224795468 -1.362307834392543 0
19.43374722382542 9.554357881758818 0
19.71904352830591 10.56076263055735 0
-27.81804721678381 -34.43946644117852 0
-3.507416197567862 -48.53035578509065 0
-20.87466787757063 -1.779836202129527 0
1.225654146010667 24.29319461288902 0
-25.08268239322721 35.80444100360927 -0
-22.24947985581767 4.528703508870722 -0
-6.504702991860806 -43.07257562860904 0
28.77543926573617 -26.43271290323938 0
36.50085054404619 10.52386364285136 0
-6.728201527170107 28.37093743862595 -0
-26.59462850243595 -45.91536112070639 0
1.215645607021639 18.28391130434743 0
-12.96042513545739 -9.952962696707248 0
-15.17861211229259 35.60312570526434 -0
7.174554304443585 56.7509227751274 0
-22.93066799214407 -37.91398622938217 0
-22.22812306224689 -38.90427852332224 0
-5.187549421453916 29.54441524288374 -0
35.44978966331469 17.88139639308616 0
-24.69061591003751 -51.03135679476243 0
31.67092390943655 -2.355009041433947 0
-11.45566402915054 26.71934785771049 -0
25.17704403928426 29.81108288345394 0
-14.19388315876462 21.12704530048369 -0
-29.33744039750649 -45.84979829555161 0
-16.27562508695293 13.08319477075401 -0
-15.53930852010631 -43.0860197806628 0
25.34757600195093 -23.05625840679445 0
28.71689881726233 13.61524828191473 0
25.31755912574409 28.96442941328372 0
-22.15058427924483 -13.891846138566 0
1.408056443675229 55.26227896798699 0
-32.7772933475142 -44.98869413838283 0
-1.879384485823878 23.22166489149213 -0
-8.028647260587119 46.52990369058323 -0
-31.74174334594907 33.55876321711867 -0
19.11293177440181 21.10543364793804 0
21.51040874098014 -21.25545485262523 0
36.50299787045927 12.94582361658796 0
-24.35700009717092 13.90587227362721 -0
13.45330949800084 46.30492148791164 0
9.124480040316817 -34.77662715906436 0
7.531816731383625 57.55996679168859 0
22.09680916825632 19.9093806149997 0
-14.57780856347205 8.882222988219516 -0
13.23147188983955 -33.8544584238022 0
24.10200004336166 -26.89260795271205 0
30.57183676577446 1.48765788325669 0
-21.07201762083955 -0.808622009739636 0
-19.98912808012131 -49.01621041528991 0
-27.27289615787902 -48.38819059938876 0
-26.72991631613398 -40.84143829014722 0
-24.17407503801194 7.408241069851906 -0
-23.84687718103664 8.255074274703865 -0
-23.61210297029513 9.184075388521297 -0
17.32411166307561 44.03514188723225 0
-3.621812414857321 52.69671755279131 -0
-25.12111195835249 -27.9134866147231 0
-14.61841201044326 -7.156160652741272 0
19.07470572711775 -14.89340162880267 0
12.76765066969874 33.94243151754057 0
23.99877762216237 -34.27380527137946 0
26.76537458584171 33.44901077101152 0
-32.14785026034696 14.67367742624538 -0
-11.20981709208822 42.21184022552669 -0
-14.42013736264927 -46.56044095523222 0
28.48642490544583 27.49103726072306 0
28.83120619310807 26.86378767495001 0
17.22804639896874 15.84039629930064 0
9.492675210417513 -49.20335944077229 0
4.334249828413697 -48.21106163770085 0
32.31751010090519 8.7519072247105 0
2.31700386646761 50.45261747206904 0
23.77728649933789 20.04522269273267 0
-21.48732949520535 -5.098663265459007 0
-23.57754388792119 -14.94781566325591 0
-3.49996954280307 32.93153032790218 -0
3.204021137444704 52.75358172543486 0
5.307071678228943 -45.76408397841206 0
11.81488670061539 -40.75922663570897 0
-18.27590218740451 -56.26910437649168 0
-23.06152336279077 -2.172167751018063 0
15.0572430704268 37.07231479562943 0
-10.3695614750192 36.99932862507069 -0
-24.2168034094763 -44.86274455292219 0
-20.69483769991161 -40.14370040022921 0
28.67670525151469 -21.27017517668384 0
26.97402348661562 18.34107847822266 0
23.11838153845054 -38.06756264038929 0
-23.88956008125531 -12.35859039647757 0
27.80328323566461 -26.68292476861739 0
27.57799153196563 -5.878755561287707 0
22.85300908474555 13.19396501972484 0
-33.32862937163767 25.41923085745419 -0
-1.014540463087531 -39.76225481640957 0
16.01219194428817 43.90113216455615 0
-19.75010080080363 -51.48056042760001 0
-15.58526196642817 -45.62836343651249 0
23.48368117567323 11.96448085402593 0
2.385485049369909 20.24105987497202 0
5.746081536857948 -49.17540276713214 0
12.02288919554341 -17.35575140984433 0
16.3185618100767 56.98359857951678 0
-30.5802691091816 3.398879327916633 -0
-26.83518152832042 -8.91785937754271 0
-32.96906825090753 30.55326587985897 -0
20.67785032552641 10.42904863150906 0
-0.02342653623785626 15.6744216034843 -0
0.6429482471931621 16.30880404898863 0
7.137401657177817 -50.1424820285586 0
-23.8319832024435 -39.56368093117105 0
-25.0839148371291 -7.938920370141895 0
-30.76337291958793 -40.70252225490101 0
-9.647571079632218 41.49356856395137 -0
36.20918817920643 9.760077506409253 0
26.2522764069672 -19.06137847856435 0
-10.17857689117892 38.34553614250928 -0
-15.94030526688798 12.14119848168068 -0
11.2899108718138 48.82109288345785 0
-22.48707247928867 -36.47816913523562 0
-21.66041917147543 -36.31778094552405 0
-6.94668830389789 35.11035755156611 -0
-27.42478334380626 -8.262873649657443 0
18.88355502011119 11.79266093013087 0
21.10213221883174 -1.339045190973478 0
20.07684865671091 -1.717966763752855 0
18.17810498103099 30.77866873073054 0
-8.816610340490909 -48.7954782777468 0
29.66773555912947 7.680455981991141 0
7.17432238035224 49.33647713898657 0
8.126208406757183 51.89789261084073 0
-24.58148022316239 -41.71761001346725 0
34.89665995910573 8.679660573539078 0
36.82975833956742 1.576479088872829 0
-4.955360241608202 -50.32667136027743 0
-28.1865542598971 0.7730094631446207 -0
25.65992846591674 -5.767787113826524 0
-32.78153454190996 32.17764179586906 -0
34.51528843709763 4.287117526108698 0
35.48658334400113 4.271027898772416 0
33.34115461986553 -6.49939817520626 0
25.3264314835061 -33.3728469374911 0
21.62348856234411 12.94398072383914 0
21.29251995714649 45.58300357945708 0
0.3305366707260081 -50.36735789961381 0
-11.11219975252324 38.33475314685817 -0
-7.369727186710522 49.42794416474656 -0
25.68172111368815 22.55494468822321 0
-18.94011599127687 -48.3865088319704 0
-25.22020332469971 -18.33179405776948 0
-32.10100964211281 21.78113096364454 -0
-6.650746999785093 34.3246783293957 -0
14.66210275221671 32.88348047222666 0
1.150065973479353 -42.02915043596142 0
-6.034275991246169 47.44134545164212 -0
-28.36651229256572 -24.51511194749671 0
-23.243114946967 -16.02034330192896 0
-27.44272735625385 -50.15535674247815 0
13.35369536008016 -28.67371965896645 0
31.06155109411663 2.125142707828269 0
7.051952897617958 60.48673540985511 0
-26.68317367490036 -11.78191301843266 0
19.16915914442781 26.28931671037389 0
13.39543505072768 -30.28959639367801 0
13.05909320608201 44.84667970015909 0
12.41445977846562 44.70049822045544 0
-15.09186886288955 -13.12370107557483 0
20.84071151587414 -32.00478839279663 0
-14.14007776860117 -54.36096695307088 0
35.59442541751641 -13.39627721719786 0
-14.32967380231199 25.49874291099238 -0
-25.33732612209743 -11.55399144439778 0
-8.79828569680722 26.07659748759179 -0
-23.89605212525875 -21.40412350522799 0
-31.35837003939156 11.39192849353223 -0
24.77939372210484 9.476881692725849 0
-30.13032014138156 -31.54690667081534 0
26.89151644260979 -4.445104472229381 0
-29.54520805239383 34.47018459195915 -0
-27.45344475494097 14.78854838730284 -0
-26.31028897145131 27.39663786259368 -0
-25.60192563184798 36.62111358880119 -0
13.2778378566628 -16.71295452254158 0
-22.18148703334485 -44.25768538705506 0
13.67498098972592 -20.80439664523095 0
-29.20424763552717 -48.26179947073407 0
-25.17251067405763 8.235216147302028 -0
-12.76840600254222 -54.01794258189733 0
-7.261848839591076 -41.69585923144643 0
-6.460653362463589 -41.7047545319749 0
31.92343365176561 12.56831888407087 0
26.07452299367693 2.254702271586658 0
16.36010838475639 15.28783954478694 0
34.8579074923572 -12.98983361760331 0
-24.96473223116937 32.15924090267909 -0
-17.80677286301177 -40.68622483108271 0
-29.54971393629626 28.32822180882821 -0
-26.43741196303648 2.801022314139022 -0
20.92861877436648 -18.01520626545875 0
16.74504714442297 42.03451780483734 0
36.16884778334222 -1.876122922579224 0
-19.9256099708295 -6.15476616016158 0
22.46983369627281 -13.3121345317012 0
-16.13432441842005 -50.88701922086214 0
29.40283358287372 14.1099767434743 0
-25.23023604163473 12.06378957991708 -0
-37.01973495752291 19.61789878324643 -0
10.01036328797633 -25.05899092765439 0
17.18969001317983 34.25237351721618 0
26.25249408015258 -13.52813754227167 0
-32.31847271423101 15.53406231590446 -0
0.7934717955574067 64.10625589863547 0
17.55029250148753 -20.23915395440883 0
12.65027025552965 40.11318426121666 0
-26.28491368890022 -36.34300009255882 0
-29.57196632294961 -2.987792941789435 0
28.02103966899723 32.86332352189463 0
12.89376292745549 46.90364765125637 0
-3.807046202205557 53.68680513402856 -0
22.50947684404942 9.48124973244208 0
29.88581902493777 -25.45443993759965 0
-24.58950533834222 26.35662446689474 -0
14.40172704605392 43.48574426323862 0
-3.443702818935182 -52.15958828092885 0
-27.59379928031261 23.50688717728445 -0
-8.068595161565835 -41.73201578686046 0
2.045602034594232 55.94326765603185 0
17.56559921578579 53.29521615416567 0
13.40934772663175 -44.3266259717151 0
-26.08290317600403 10.52037235672397 -0
-35.00117234394369 22.94556021716133 -0
25.72058024279269 12.3381185375904 0
17.13395467857551 -36.84569891194788 0
15.00812893842482 -31.41832407195342 0
10.40190269742982 -23.61037043510795 0
-24.65975700357766 -43.66492020498804 0
20.98855617599906 -11.66116812650123 0
-28.21234788916848 -14.4292965800981 0
20.2094126001794 -8.185473634755425 0
-5.326350846544482 44.903399048886 -0
35.65635937622613 -14.29454380954964 0
-18.82780780242948 -9.986778303800817 0
36.44271798008579 3.841680354864639 0
-30.92376553955818 34.33259322678158 -0
5.980252194788545 -42.73068264698742 0
-2.490049044878643 49.62245535746991 -0
36.13296031128567 -12.08826670575202 0
-10.18287035069003 31.07980799795469 -0
26.05699777146895 4.806243175110968 0
-15.99504869459508 -44.02181412360025 0
-19.8263288306344 17.36864833649463 -0
-9.367353581085666 -43.08987290523039 0
-23.27091477270142 -12.3513865386177 0
-1.744617492331067 -52.37299648699883 0
19.52956734259611 -9.937059294032785 0
19.47399563875211 -8.863365404357772 0
-24.60030073197544 -6.72960960379414 0
-9.55602139232759 40.25002956035737 -0
27.44622313541616 -3.123862952217747 0
10.22718880887987 54.4663128810009 0
23.63277160496894 9.044446290394191 0
19.63012293441581 3.709570717621939 0
-10.08628110142684 -45.94829313738934 0
36.40793732075286 -6.391200266491351 0
20.00834888228533 33.46545566726404 0
20.43404646078138 15.20587473970189 0
16.94364396060563 -16.43924201075876 0
-25.68937871649034 31.02909783284119 -0
4.53736941304781 -47.27530122108119 0
21.82213988068949 43.42360232971967 0
-17.61894943278463 29.47928098022055 -0
11.75816542055073 56.07372248379941 0
20.09754450885626 39.2423933716337 0
36.70113635072848 2.3279664493325 0
8.53697080286906 -37.4010939644899 0
25.49300058470993 -14.248420060535 0
36.08487977740951 -0.9428231552830587 0
-17.98348159654253 -19.2747289127302 0
-27.1264587704679 -36.0830245125924 0
-24.52299287325061 -30.14540785157412 0
7.396016999186029 48.55597366037384 0
-33.00371441694563 -45.99913294203046 0
-15.90699283907934 5.727800522989307 -0
-31.31619569539798 -47.98023092066143 0
-29.99719622158544 4.623280408126163 -0
-16.13731450192636 14.61156460403649 -0
-11.94923450745233 38.3623129455823 -0
26.76205436969276 34.98294324462385 0
24.01042897759762 44.10541960212513 0
17.57546353976824 -26.04362691721522 0
37.35437267381484 -0.7883170895074816 0
-23.03514545344783 -10.41791606088251 0
-13.01978687333318 -9.105196832092274 0
19.64456823789067 0.3098141553326422 0
3.925997721486731 57.73262953604676 0
-28.56632513629557 -25.20392945927121 0
17.62667002924182 51.18065837614296 0
-26.6408899644679 -49.00547878413767 0
-17.82810779029844 -20.61362779222924 0
18.76747219359806 -25.62616955310567 0
20.48512416919453 46.07407610343666 0
30.01762376996391 8.392108339061801 0
-22.1603376512824 16.09259440101592 -0
-15.86971377877352 26.49964469434087 -0
-27.54140109539131 -39.71192613991531 0
-22.44214780708888 8.044505093296889 -0
3.102692428470285 49.74063717403587 0
8.973283255775563 -26.19504378335938 0
-30.37648587703413 8.840662963940652 -0
26.71041273455296 -5.841888875184495 0
20.84020542199708 -41.09944567054833 0
-24.26353603854595 -39.10955651714659 0
-10.96513242685874 41.4477561589098 -0
11.72811094778145 -42.36842889464299 0
-1.403231435294271 24.89632669658573 -0
-12.35401014208309 26.75110300659541 -0
13.10746863774886 14.33891858392261 0
13.36266083355412 43.79506317818647 0
-27.30867029824323 10.57153395394973 -0
-12.82877550920592 38.38693926134015 -0
14.5125115706437 -45.23396099455982 0
-21.87415224768852 21.80901923644475 -0
-18.35035583979482 14.19844441757466 -0
-24.55258904720951 -28.58952274561488 0
-17.9910954146957 31.01898143056975 -0
-18.55801100007935 19.71582322516824 -0
3.758308528185875 61.85253407646381 0
-32.77370539994765 -41.86892396728312 0
30.75660263481311 -20.49679044368262 0
19.47604751251736 4.471229643697456 0
14.45580104079752 55.96337534435376 0
-29.76735057691821 -40.67270519289849 0
18.09509160228954 -12.55908597733968 0
22.18488608802498 -31.99630554387438 0
-15.1707115086382 38.13811540263558 -0
12.28350256671416 -28.53455702118431 0
27.89888107276432 31.28824610458901 0
-15.25277996875126 -7.604822628233402 0
15.31971858038145 47.91209388426964 0
19.41318958140023 -1.222191136426643 0
25.05891424922119 7.352791890131693 0
18.70406996974456 16.74138744020051 0
-5.73850502645619 49.29934347600741 -0
32.34142754057665 -6.63108641825055 0
0.3038580536550894 31.40646435640306 0
15.00806011839293 54.76444765114882 0
21.69442572661243 36.36107879360025 0
-21.44274295941387 -43.30098370856724 0
-21.97655982222779 -43.50837502330248 0
-23.42803397686423 35.00749837821565 -0
-32.61765653057053 29.01845046227702 -0
-28.86108757843857 36.03081511249755 -0
29.5219743758761 24.09761587282795 0
-12.12953543469107 31.26776768094297 -0
21.07853018997733 16.42617954799595 0
-0.5152033532940956 54.11953360535547 -0
-7.410025533787861 33.77854041662702 -0
-20.27037334500038 -43.4823590506664 0
34.88474145248679 -1.634696216450161 0
-28.78879943856742 -40.65724231809229 0
-2.180188863757598 52.62030978149079 -0
-16.34410586538507 -41.55360031102629 0
-28.74779328953781 28.04881720868181 -0
-24.08459347197955 -40.31170660765846 0
13.08842755423796 -32.37555879881666 0
-24.10514999944355 30.10427388703832 -0
18.09301222645498 41.35693214829697 0
-22.88414453739539 -35.17351390242565 0
-32.62792843447866 -41.10124865779915 0
26.6277103374753 -1.829832982194842 0
15.99795972189946 -20.80999429282974 0
33.6758381358424 20.73464899481222 0
-1.742990570718496 55.02001432749695 -0
16.58754885182363 -14.43530390739516 0
24.94775628591989 41.74945630428357 0
32.96433839875966 -1.595125558946406 0
12.0848339108774 39.6097738817418 0
23.3157596725747 36.20228224085854 0
11.25099302195742 42.81560757176794 0
-14.57204013788222 -52.96903377634879 0
-34.62170175564915 23.88317011394138 -0
14.03078217974842 -25.73491527917744 0
35.56520294911252 5.062026527396966 0
-30.62193935270689 27.32514614276006 -0
19.88388080501838 48.56898436874645 0
1.97550595663074 -44.95021753159986 0
-27.03816858132098 -2.401287136848605 0
7.011076537910441 58.07892139379895 0
0.7942542258976971 32.9880091521481 0
14.8005350158853 36.04178779257988 0
13.44457362698486 36.01594728150784 0
19.1020455454515 24.96438083279363 0
-24.11624593992649 34.49372020652639 -0
37.26054997119358 3.555914736217613 0
-31.86820166138257 17.08993337711937 -0
-11.91048443017894 42.28431224840281 -0
-20.9001039840389 -42.18704228238377 0
15.98937799179547 56.29547144373435 0
-16.16849773144254 -52.36283254311468 0
11.14791240352862 -33.4391577656348 0
20.49162087646909 -26.63960755040992 0
-24.19645944895196 9.678957642140595 -0
-23.79104535019622 23.41758514445279 -0
-12.65008409633997 -54.97296685975066 0
31.28138482215881 -6.517632447752957 0
7.83621877639251 59.14725543477745 0
-23.98722574680286 36.37647430203579 -0
-4.872877700810454 53.65121697005823 -0
-29.15416599486771 6.280794423269579 -0
-13.72855814393757 38.44119580641303 -0
35.06675442965216 -15.55870332959282 0
22.28141078473465 -2.739906270066078 0
14.79527732188928 -24.98906689230144 0
25.19311155775051 15.58264733552901 0
-6.402647591103472 29.50729275879381 -0
21.68872874353603 -8.242688977677608 0
13.0359303388243 -22.28286008843769 0
-27.18270133479541 -15.35876028094617 0
-32.47485681213732 -46.6604697048212 0
25.01719223266897 -30.5349024618738 0
-28.48369230529154 22.34597860438955 -0
-29.6738868463776 -6.615595173338233 0
-4.403505501111974 56.19166984824639 -0
-1.644879187274497 28.60857914971174 -0
-5.807030945690057 29.87771272499674 -0
-19.0704693462217 -45.45490087273483 0
19.27166715234002 -20.45917501930498 0
1.308774424439475 15.88194260274569 0
-4.887147576085841 57.48299131102473 -0
-8.084917113857365 43.307498941383 -0
-16.89803115975341 6.802905353337244 -0
-28.44223315354103 21.18571225860483 -0
-23.29331297721636 22.56277903738441 -0
-21.16390697263173 -39.61740330437944 0
29.85733439307153 -28.40750007518785 0
29.66878574214132 26.92633212218532 0
-31.83816888038561 -43.22325603490891 0
16.94895652160598 47.41603988571435 0
-20.48154888197469 -41.576939150229 0
15.75159797750367 47.31480014896739 0
-29.18663854640845 -27.5356834324951 0
23.7195553574 6.693341039200295 0
22.46040982459757 1.153632650363951 0
23.16907054744023 20.68295680979802 0
1.034901053747313 -44.9102339207088 0
-3.024593377008451 34.23571408744268 -0
-8.944865144132553 -50.58624534452945 0
2.60539424386064 49.01855711569846 0
-32.19976527035214 19.08718752591988 -0
-28.80153950432044 16.1261304381704 -0
-20.98021286637209 -40.83355362146501 0
21.92630467556947 3.879844854906358 0
14.48279077853759 47.02666933187617 0
24.05752499628166 1.112785386082261 0
-15.04968936946336 -2.593771804608608 0
28.71124160220343 10.97844449849691 0
-23.03438764534824 20.32332925241263 -0
-2.756622334342743 -51.43280342889508 0
17.83119088518122 12.46782928996958 0
22.494597874654 -20.30831383807272 0
-34.1231974311395 24.7685189084912 -0
-4.078938901337023 -51.85706859801947 0
-8.095388783508289 33.2196071000093 -0
-19.18579006604806 -55.15790170034354 0
-16.92993025035964 -15.0997206554365 0
34.09956278969185 4.903455014491655 0
27.04655534045531 -13.70479395337277 0
-15.83129586858735 -13.17490093975362 0
36.2743815947815 14.27540313024901 0
2.177863128046534 -38.6364344834478 0
0.3801144188439446 58.99061630758645 0
6.221159034481369 -40.66364279354205 0
-13.6612080517105 30.48117503437525 -0
-1.292069128711216 61.7917323140641 -0
14.33663050825218 -23.38458701534707 0
-14.84320247455486 -5.95621343710906 0
-23.71362601046996 -47.68116225036627 0
-28.17333216260639 -44.92200406996422 0
12.82527925316058 -16.04948034965231 0
-22.36715645840959 -2.80391003564348 0
17.51056856366738 -27.27954549187281 0
23.2292911270413 2.015756820111404 0
7.925503827953502 47.35507052068177 0
-29.12536399496179 6.980374884044041 -0
16.82524601844782 33.69255161533772 0
0.1766998576415106 14.84158520015556 0
-13.9166469734364 36.16351809827055 -0
19.88374628115923 17.40821007997808 0
-5.567601363302563 -45.09634258076524 0
-6.158997982581974 -46.20931658814026 0
-30.13335294909886 -28.97766257211526 0
25.44286700749847 -6.778416638395933 0
-27.658488895976 16.97695790955676 -0
17.32601522605473 -30.44113563813158 0
2.180895441817602 51.96323744634148 0
-18.45225845739664 -21.58996230106088 0
-16.20466443118074 33.02909340687297 -0
18.82270551316329 11.0110966010077 0
-8.360994381605568 44.95641587571284 -0
27.13199051405796 2.893200932462097 0
26.88547661107417 38.49230789111409 0
10.92236534906845 -25.14956293553418 0
-8.603483160412971 38.58454754598491 -0
-30.05772814640207 14.04412538559471 -0
27.26598781465231 0.8147048021872306 0
31.9222734205681 -10.0312499851728 0
12.38172870602477 -22.60079900433133 0
22.94079802006127 -39.52267864945355 0
21.01735654152568 24.749377322495 0
11.36450777930853 39.01182650408679 0
-16.00195540782224 23.8433557770324 -0
13.57357214862031 33.56601370521493 0
12.77146880960889 49.3023398315665 0
-23.02216298567201 17.33273943886837 -0
-25.65048505516931 7.678387946500525 -0
30.1821427834783 19.53921206613467 0
-15.06978077218414 -8.4845363212028 0
9.231844651730093 -24.67118596522602 0
-25.19876277368599 -14.0012075437538 0
14.22119736708777 -34.95697790378879 0
-33.3963396395238 -40.69703009773163 0
-7.759142847267201 45.35305792457353 -0
15.68953014782626 38.03347695285414 0
28.52840953657876 8.638522285572124 0
-26.55902593639317 0.6767318319835113 -0
-16.74499819135097 -55.92433596493164 0
26.18131970009144 -2.546226059901753 0
-16.52351518232908 30.14797343612128 -0
13.0564890794974 32.50360442127864 0
16.27111033952615 44.27079875237501 0
-7.523469058253881 28.61947213013754 -0
1.399978283070968 23.40500811536337 0
1.38312047495109 29.39015843475624 0
-28.43392684663267 20.18716019846294 -0
-19.14171403450619 -52.10164329153486 0
21.81720821167222 40.83255985761143 0
-3.712879931983323 15.96340820585361 -0
12.37565526731093 -47.43662871526923 0
-22.35902082014094 19.13084785992043 -0
0.1879301644443324 56.97177188577152 0
-15.19431921893242 -3.708721401823764 0
6.438654034795475 49.36681763388336 0
26.81418824060526 -31.81043048638435 0
26.24137111478266 -32.29644054289336 0
-9.827285311569106 45.81473366745379 -0
-9.570906253894577 45.23702367091224 -0
-26.75506590146802 -10.15681737733886 0
-26.38296680149364 -45.22553946136926 0
16.32373556101904 -19.63160959070092 0
-15.71645657414262 4.803439920106931 -0
20.15341798738759 -11.11888264165819 0
-23.34070141751243 33.50825949565711 -0
17.88189460773745 23.26685339916045 0
6.271365701709706 -37.70433708322023 0
24.40519894813373 27.28244184595289 0
27.3725779405079 13.68151081545167 0
-16.87633593581622 8.098590311761455 -0
-8.038175455363453 27.17558492698938 -0
-25.4643742636826 -20.02744388010284 0
-19.97452805494632 19.55868939860297 -0
16.39228431387576 45.54273601665347 0
9.514925754159655 53.86378678396387 0
-23.15396609359577 -40.14719787681948 0
17.76997765306266 -15.46223317306011 0
-25.34352214600777 -30.3264396026232 0
24.48685092505932 42.25244262106928 0
-8.197579671800948 -54.05355380104677 0
-25.48286798649464 -36.61308861097719 0
10.89373031646062 55.04989576617388 0
23.98583849476395 37.35517392865708 0
-10.5231465827971 42.11332092276411 -0
20.960063854547 40.40029304361608 0
-5.546246121019627 54.91545207040518 -0
-0.3030819217829414 -43.99252729593566 0
-17.1565734140165 19.88741686102287 -0
-24.45535404305747 -20.9040808696652 0
-24.23647015744168 24.2400582447001 -0
-31.26978993242727 28.8396950009589 -0
2.383969767672183 -47.39170995644047 0
-1.411879857988102 35.96420353597449 -0
-0.3822323079024154 35.22494047808668 -0
-25.92616813529546 -22.92153017317499 0
19.04546994691712 3.21656017129862 0
23.14437912323237 -27.6660768313316 0
-16.55796126909294 23.30806787906782 -0
-29.28876525079798 -45.20549498687326 0
33.20991616161943 8.811523712945153 0
-22.81287854989751 -44.33100487723684 0
-28.59847073609113 24.3049225947158 -0
-7.482065206435587 -44.38176451129507 0
30.54252139270243 -1.508619942606555 0
14.87804806402887 -30.78630756180431 0
-24.43756460095544 -18.95633908202448 0
-16.09731196126828 -13.90460742201033 0
35.41808915195318 -16.41729824063509 0
27.38396061680184 17.83799059703747 0
18.63288852001805 -8.779699570976113 0
20.492212739062 -15.12224407852067 0
-16.24877613084089 -12.63508552902326 0
19.36559601439166 -41.11899320371536 0
16.42832405540488 -37.23012291111802 0
12.51813460774414 55.62039678423557 0
-14.63194095855181 27.41102828822363 -0
33.32594216133886 17.80141216591751 0
36.73759105074126 11.28018128450774 0
-31.36627946182819 14.46311982550604 -0
15.72452067449558 12.09313036443059 0
-31.36284477355607 32.9222734941957 -0
-25.82910952794497 -9.924637238238409 0
3.062957637074476 60.77719263147409 0
-18.86628462465116 21.34860265515067 -0
30.03034870462063 0.6014465173760591 0
28.22002962877922 -7.121591502821762 0
25.62100069529544 13.23895095971802 0
-24.1849506624446 32.24847909521392 -0
-32.15570882776805 30.13723404919797 -0
-22.49086061307153 -39.68395570332471 0
12.83056691853302 -30.38290475131849 0
23.62893350279808 -2.010996719537077 0
-21.59440546561559 -2.354502622465029 0
0.03255600069304387 35.81546564718285 0
-6.006273946311182 33.56161622011838 -0
-20.20021696522903 -18.18328758206757 0
26.39241573571241 -22.12051267984186 0
34.13093239920694 2.080954033466827 0
24.24309218974429 43.53724856811917 0
25.05692738475732 43.22974670325364 0
26.06869921416354 -27.29705103883327 0
11.27405668454364 52.63039563112405 0
33.62426101827828 10.92983411706489 0
-31.79230632189568 10.43454550098417 -0
-21.06984869094137 21.8687984531175 -0
-14.57404622674573 -13.69719008393764 0
9.729490418087513 47.43495646074631 0
31.48316927637931 9.169599021415532 0
19.67112188458421 35.39145512213386 0
17.12612428531054 46.80347233211925 0
-16.86007776589511 21.89608871378899 -0
-19.54340941682349 -52.96957128829114 0
-18.25009120213107 16.90129077648356 -0
25.09729551646007 10.5099996411483 0
-21.61588815893401 2.922089893035823 -0
31.37902707150074 3.00917528494602 0
3.559724847286372 58.6677643462409 0
14.82776526863251 -16.60917656578308 0
14.33814237204942 31.01002953312264 0
-27.6784695010346 -28.30082566335859 0
25.51361678646875 -17.88275887323077 0
-33.67502474674175 -46.18947722298299 0
25.81441438162306 15.44322912840178 0
20.10586946068754 39.98621320051228 0
17.17238983993602 16.59853871103237 0
25.04321686465709 30.48667498639919 0
10.58618370397324 43.16548824827276 0
12.07545207395797 -25.56278258075 0
12.67085385107272 -31.07658406071886 0
30.51628485518273 21.07366941494125 0
-1.43506605107503 -47.66191707260749 0
18.20782803802849 -39.25648843877129 0
-22.68847070394175 18.18835101711946 -0
-29.22358426251271 18.87248390180761 -0
-28.37521449665819 -7.492778661587216 0
22.68653689012474 41.27324955258634 0
12.50036035964657 14.89963253661439 0
19.36149301723887 47.84753494656393 0
25.51943429565149 -13.38223550792094 0
-2.267152187076108 21.84923990123688 -0
-9.749169844088465 -43.98755581965332 0
25.48483602216615 4.959256955049179 0
30.83192541960904 8.254596132647476 0
-8.137452644902519 -44.55256609591412 0
10.0308173346561 -26.92564139082896 0
24.57856117257233 -27.41628160620812 0
28.49453948297163 26.20568427684061 0
-23.8076564110911 -8.292765798467704 0
29.47306687763534 -26.15694438540755 0
-21.29038099028456 -12.88257950880115 0
36.5266488440809 -15.47423617441755 0
-14.30434507159564 30.07135891310557 -0
-13.6791504213305 -10.22364588539556 0
-9.126581824525958 41.79637026187217 -0
-0.8443788107347929 -51.3445673877014 0
5.252169991169389 -47.03044247861323 0
-6.340710190534572 28.89143026968648 -0
-26.62908574205655 -27.61296319051266 0
17.91846147707422 -34.76843091234269 0
12.92371240971331 43.39773659929081 0
22.51889083660119 30.6241015556625 0
16.9122643049588 33.18368649885386 0
-11.14686230174129 -42.00916269131953 0
33.30018782231701 3.756305887251076 0
28.25232005609683 -30.53155102862544 0
29.75658668229138 -19.23136760150085 0
-21.93074491031354 -37.10054039884844 0
-0.2548905920328445 27.16273314257024 -0
-14.73381177217581 21.49564898116052 -0
-2.362767450750402 -40.17200250552684 0
-21.24406301391351 -36.87736639112246 0
-5.78673252931946 49.95807622217979 -0
-14.60807240346875 3.689656848413024 -0
-30.70634301326074 -32.26574245745131 0
16.90267382188141 41.18547505295852 0
13.62246580597556 31.45235918197621 0
29.59545751033618 3.525242945236601 0
8.072350299136508 53.62824462071281 0
-23.01488784703004 -44.93979044029099 0
29.32521900156924 14.81522077435039 0
13.46770953824721 -18.12278352008031 0
-23.44290843785348 -11.05618948206583 0
-15.60609651007958 25.32797852807929 -0
-3.653637473143131 -51.28619159029195 0
37.86249102481136 0.8526747822522612 0
31.16991131672122 -27.73192065331683 0
-20.52995246324727 -17.422643552302 0
10.81429941525758 -37.87816554160898 0
-3.563406530179698 57.87127263349004 -0
-33.17723743396938 15.91981555970798 -0
-1.297574475647371 50.70914682065143 -0
-4.643724926139221 29.28996471479374 -0
9.176551010347351 -36.04905660854689 0
31.54683533000961 -26.90267062452933 0
0.3388463496427673 -45.05188228907661 0
2.769639152287819 55.77570750764247 0
-27.18479792327419 -11.96088636182889 0
27.90440482819199 10.037456168594 0
21.01391616048104 4.194355583275998 0
-5.761574326601347 43.40716815584513 -0
-32.18502302007057 -39.84052446703715 0
33.72339034186071 -0.3964644917049345 0
-17.16122523263524 30.0227769795362 -0
-5.87584896486462 34.36892823263351 -0
12.64410135418375 35.61761228707907 0
-0.4197271151375079 -46.52098240421218 0
30.16136626785787 -20.79735154348738 0
-5.514908508203678 -47.65284218068837 0
-14.97342115569198 -4.727168051191462 0
25.89127849318699 5.479018473339669 0
1.272046214520209 28.60920259693094 0
18.53056463269955 39.2108949892648 0
21.09129409281627 -27.38421986678576 0
21.0161996035503 -26.86130001668238 0
17.61092964782974 -16.272529479789 0
21.39667866032071 -2.669831873552507 0
1.56470152235835 -41.56158274702318 0
-14.91150088453161 23.27155440577099 -0
-27.20639796581584 30.71263042000392 -0
-28.19987199406566 -11.47077958571342 0
18.80962955629529 33.34068345977518 0
26.37568119111713 37.27812774418135 0
6.40788216990667 51.26328548849867 0
-4.725417236007081 50.33691929457748 -0
-24.84185547504339 27.74395559203592 -0
-0.2538851713516529 -40.12896668212746 0
-20.93027079282481 -6.304997649771874 0
-31.61709371292827 -44.39193069602012 0
-3.281007261287046 19.23988860234703 -0
-19.93806826917568 -21.60322906968424 0
-24.6935699754668 -34.69908178021654 0
25.61952048635512 -33.96597654984136 0
-8.899934576028485 45.29344907943366 -0
-24.35329668332805 -35.85089294853328 0
19.12793872666396 -7.399985561012208 0
-3.72042555137259 49.2476956948686 -0
34.73284842294834 3.060571311601956 0
9.780671081294054 -49.83037708703833 0
-1.686545796778941 34.5506373074435 -0
-14.31240536903338 20.44160197740481 -0
5.180823804672027 -39.87978096698959 0
1.651428350499643 19.03171761719405 0
-34.7246501315165 25.35459691763387 -0
38.35284466659471 -7.379490232230163 0
13.22782872713075 11.87915830182188 0
20.43018646279487 20.06256086145839 0
34.17689290091877 21.21759639732256 0
-31.4166399658021 9.778365663705626 -0
-30.47175710591972 -5.300874928670398 0
-25.97440175944643 -14.96714681279605 0
18.37850282749162 34.54512364013677 0
-5.314218528705503 35.45674749625388 -0
35.75901221921411 -15.10826412872005 0
-29.9705197335814 -48.25519298362045 0
-28.13795823681126 27.81204335470476 -0
-23.11742881122391 24.71671739550735 -0
-16.37774401822595 -45.756566493889 0
-30.69067743642872 9.660888103804954 -0
17.83962035586054 43.68187575063936 0
-21.70927556222572 -17.24341714593562 0
-15.38951425092969 -53.34319855651828 0
25.93072866736337 -31.57725204590926 0
-6.24284097740613 -42.28983480866249 0
28.84249248398004 -19.01073826814894 0
-13.73993208591857 -11.40113046431327 0
-15.15484778515248 5.303039423394329 -0
33.6553760224534 -2.635262422683332 0
-28.55658931537458 -34.13613051814458 0
26.57752345645539 6.018943820372614 0
-1.959718149212924 20.47966500275368 -0
-28.45738860157797 -2.046840182761064 0
10.50717053391005 41.62387130313932 0
17.01814626522902 -35.24006295375541 0
-25.27899852631709 13.75530465885198 -0
1.58887319837069 22.57837626250634 0
-3.798880404793508 -49.31542043157214 0
-0.8972552203645667 26.68168350970821 -0
4.710757135123002 -45.44779859605217 0
29.15530839158271 27.76138883457389 0
14.18293457700986 42.07449194603992 0
2.009684889663595 51.23377405448836 0
-32.77159201163001 13.44792758206158 -0
13.83085340958575 -20.31810461035906 0
19.44340933171843 -24.6504266879985 0
22.23042276711379 13.30260040742559 0
-0.6536171733088252 -47.68662354634185 0
-26.39759693268594 36.23570061334257 -0
20.81746521201608 -17.11408389091352 0
-16.83804590837205 -51.00089920069411 0
16.62853742763397 -25.21953374562196 0
-4.588945964479793 18.30807527069865 -0
-9.232314189936826 39.5896043153966 -0
-28.85523618547895 -46.98092147100775 0
-0.6175684738199501 -49.28463242630822 0
9.568458275943902 -34.14668684431238 0
4.47676854682212 49.64925732578183 0
31.39321510712337 14.24111602027869 0
-5.31021850933571 47.11367298581278 -0
-36.29080930409227 19.28197598559922 -0
-1.57955855927292 26.22268386776557 -0
-24.38346932395029 35.91048978054295 -0
-8.269513539535536 30.3477649830398 -0
17.81462996536799 54.076988608344 0
20.5349494007151 -7.324741320354706 0
12.28841924220501 47.34639865969023 0
-19.64983468688116 -50.74851305235097 0
25.16525387186123 -12.17241687736448 0
-29.26049681188437 18.02777032859968 -0
-22.66420580692427 20.81391062805108 -0
19.00138897982832 22.29017677323804 0
26.06070898033187 38.86664228734986 0
13.08155239264265 56.12859053167527 0
-0.3519237797258878 -51.85461057604947 0
-26.99758630786241 7.225881034639392 -0
17.36840979302286 -31.77581702961442 0
-22.81650284897117 -16.50064542107806 0
22.18267880750379 10.12304455184796 0
30.14862524126572 -2.221184569561057 0
-0.7205718348020052 63.84627336681148 -0
-11.91881067542582 26.18322643871385 -0
-17.94941712139419 -22.08320686531023 0
36.93635846678717 4.269718665477924 0
17.91009554559197 39.66569280103061 0
12.39279628612469 52.42402980724122 0
-26.84336267108982 -49.71054919128312 0
-29.8558709063599 12.3610947740106 -0
-30.24093759304944 29.25344614833893 -0
19.35219462209486 25.63385277736732 0
27.68156124222988 -4.667248908683212 0
-4.028201264725138 -50.48787428560998 0
-22.56807822864038 -52.93451973435732 0
-0.5204520027247166 -50.72469038001367 0
-2.027629015792832 49.16019880991735 -0
20.74696847213777 -33.35967074791132 0
-24.38862270008205 -45.56116488993856 0
32.58517909358709 -14.37359708907281 0
-24.50502057526459 8.034941743317152 -0
19.77200466353035 46.43738492109517 0
-13.32187035060205 36.33462081690699 -0
1.186814549171269 30.64852829150914 0
-9.514412107416373 26.5847411155186 -0
29.35885813182423 8.754621247356665 0
-28.28049794946006 -2.712800844401736 0
-14.39439103822183 2.758461896241273 -0
23.40012411280858 -3.463089241422156 0
16.14529164468058 51.54887884278936 0
24.02934948186628 -2.757116843600248 0
13.44512998233959 -29.14811962371034 0
26.07285237685696 29.55009954186836 0
34.7412212172994 18.15909994027794 0
-21.88735842840153 -13.30419140265617 0
3.240556142955511 59.53251442310597 0
21.58251525539657 20.54480778810779 0
34.60843061368776 1.731453918954275 0
24.02013965164651 30.74022688399427 0
19.10265998655644 2.38953558596195 0
-18.34871692026411 18.95329044105278 -0
-27.04543363674685 27.24899596773246 -0
20.51633427838274 -40.5212470539734 0
-29.64204715916643 -44.78328899557186 0
1.84956927836651 27.46983235885081 0
-9.341174348416558 30.84073939048162 -0
-13.94225512820227 8.757704852400906 -0
-17.19509941169899 -20.80849903934483 0
-29.75848459016724 7.260747601174044 -0
16.57829559373212 56.25174261469324 0
2 18 0 0
$EndNodes
$Elements
18 16982 1 16982
1 1 1 799
1 1 18 
2 18 19 
3 19 20 
4 20 21 
5 21 22 
6 22 23 
7 23 24 
8 24 25 
9 25 26 
10 26 27 
11 27 28 
12 28 29 
13 29 30 
14 30 31 
15 31 32 
16 32 33 
17 33 34 
18 34 35 
19 35 36 
20 36 37 
21 37 38 
22 38 39 
23 39 40 
24 40 41 
25 41 42 
26 42 43 
27 43 44 
28 44 45 
29 45 46 
30 46 47 
31 47 48 
32 48 49 
33 49 50 
34 50 51 
35 51 52 
36 52 53 
37 53 54 
38 54 55 
39 55 56 
40 56 57 
41 57 58 
42 58 59 
43 59 60 
44 60 61 
45 61 62 
46 62 63 
47 63 64 
48 64 65 
49 65 66 
50 66 67 
51 67 68 
52 68 69 
53 69 70 
54 70 71 
55 71 72 
56 72 73 
57 73 74 
58 74 75 
59 75 76 
60 76 77 
61 77 78 
62 78 79 
63 79 80 
64 80 81 
65 81 82 
66 82 83 
67 83 84 
68 84 85 
69 85 86 
70 86 87 
71 87 88 
72 88 89 
73 89 90 
74 90 91 
75 91 92 
76 92 93 
77 93 94 
78 94 95 
79 95 96 
80 96 97 
81 97 98 
82 98 99 
83 99 100 
84 100 101 
85 101 102 
86 102 103 
87 103 104 
88 104 105 
89 105 106 
90 106 107 
91 107 108 
92 108 109 
93 109 110 
94 110 111 
95 111 112 
96 112 113 
97 113 114 
98 114 115 
99 115 116 
100 116 117 
101 117 118 
102 118 119 
103 119 120 
104 120 121 
105 121 122 
106 122 123 
107 123 124 
108 124 125 
109 125 126 
110 126 127 
111 127 128 
112 128 129 
113 129 130 
114 130 131 
115 131 132 
116 132 133 
117 133 134 
118 134 135 
119 135 136 
120 136 137 
121 137 138 
122 138 139 
123 139 140 
124 140 141 
125 141 142 
126 142 143 
127 143 144 
128 144 145 
129 145 146 
130 146 147 
131 147 148 
132 148 149 
133 149 150 
134 150 151 
135 151 152 
136 152 153 
137 153 154 
138 154 155 
139 155 156 
140 156 157 
141 157 158 
142 158 159 
143 159 160 
144 160 161 
145 161 162 
146 162 163 
147 163 164 
148 164 165 
149 165 166 
150 166 167 
151 167 168 
152 168 169 
153 169 170 
154 170 171 
155 171 172 
156 172 173 
157 173 174 
158 174 175 
159 175 176 
160 176 177 
161 177 178 
162 178 179 
163 179 180 
164 180 181 
165 181 182 
166 182 183 
167 183 184 
168 184 185 
169 185 186 
170 186 187 
171 187 188 
172 188 189 
173 189 190 
174 190 191 
175 191 192 
176 192 193 
177 193 194 
178 194 195 
179 195 196 
180 196 197 
181 197 198 
182 198 199 
183 199 200 
184 200 201 
185 201 202 
186 202 203 
187 203 204 
188 204 205 
189 205 206 
190 206 207 
191 207 208 
192 208 209 
193 209 210 
194 210 211 
195 211 212 
196 212 213 
197 213 214 
198 214 215 
199 215 216 
200 216 217 
201 217 218 
202 218 219 
203 219 220 
204 220 221 
205 221 222 
206 222 223 
207 223 224 
208 224 225 
209 225 226 
210 226 227 
211 227 228 
212 228 229 
213 229 230 
214 230 231 
215 231 232 
216 232 233 
217 233 234 
218 234 235 
219 235 236 
220 236 237 
221 237 238 
222 238 239 
223 239 240 
224 240 241 
225 241 242 
226 242 243 
227 243 244 
228 244 245 
229 245 246 
230 246 247 
231 247 248 
232 248 249 
233 249 250 
234 250 251 
235 251 252 
236 252 253 
237 253 254 
238 254 255 
239 255 256 
240 256 257 
241 257 258 
242 258 259 
243 259 260 
244 260 261 
245 261 262 
246 262 263 
247 263 264 
248 264 265 
249 265 266 
250 266 267 
251 267 268 
252 268 269 
253 269 270 
254 270 271 
255 271 272 
256 272 273 
257 273 274 
258 274 275 
259 275 276 
260 276 277 
261 277 278 
262 278 279 
263 279 280 
264 280 281 
265 281 282 
266 282 283 
267 283 284 
268 284 285 
269 285 286 
270 286 287 
271 287 288 
272 288 289 
273 289 290 
274 290 291 
275 291 292 
276 292 293 
277 293 294 
278 294 295 
279 295 296 
280 296 297 
281 297 298 
282 298 299 
283 299 300 
284 300 301 
285 301 302 
286 302 303 
287 303 304 
288 304 305 
289 305 306 
290 306 307 
291 307 308 
292 308 309 
293 309 310 
294 310 311 
295 311 312 
296 312 313 
297 313 314 
298 314 315 
299 315 316 
300 316 317 
301 317 318 
302 318 319 
303 319 320 
304 320 321 
305 321 322 
306 322 323 
307 323 324 
308 324 325 
309 325 326 
310 326 327 
311 327 328 
312 328 329 
313 329 330 
314 330 331 
315 331 332 
316 332 333 
317 333 334 
318 334 335 
319 335 336 
320 336 337 
321 337 338 
322 338 339 
323 339 340 
324 340 341 
325 341 342 
326 342 343 
327 343 344 
328 344 345 
329 345 346 
330 346 347 
331 347 348 
332 348 349 
333 349 350 
334 350 351 
335 351 352 
336 352 353 
337 353 354 
338 354 355 
339 355 356 
340 356 357 
341 357 358 
342 358 359 
343 359 360 
344 360 361 
345 361 362 
346 362 363 
347 363 364 
348 364 365 
349 365 366 
350 366 367 
351 367 368 
352 368 369 
353 369 370 
354 370 371 
355 371 372 
356 372 373 
357 373 374 
358 374 375 
359 375 376 
360 376 377 
361 377 378 
362 378 379 
363 379 380 
364 380 381 
365 381 382 
366 382 383 
367 383 384 
368 384 385 
369 385 386 
370 386 387 
371 387 388 
372 388 389 
373 389 390 
374 390 391 
375 391 392 
376 392 393 
377 393 394 
378 394 395 
379 395 396 
380 396 397 
381 397 398 
382 398 399 
383 399 400 
384 400 401 
385 401 402 
386 402 403 
387 403 404 
388 404 405 
389 405 406 
390 406 407 
391 407 408 
392 408 409 
393 409 410 
394 410 411 
395 411 412 
396 412 413 
397 413 414 
398 414 415 
399 415 416 
400 416 417 
401 417 418 
402 418 419 
403 419 420 
404 420 421 
405 421 422 
406 422 423 
407 423 424 
408 424 425 
409 425 426 
410 426 427 
411 427 428 
412 428 429 
413 429 430 
414 430 431 
415 431 432 
416 432 433 
417 433 434 
418 434 435 
419 435 436 
420 436 437 
421 437 438 
422 438 439 
423 439 440 
424 440 441 
425 441 442 
426 442 443 
427 443 444 
428 444 445 
429 445 446 
430 446 447 
431 447 448 
432 448 449 
433 449 450 
434 450 451 
435 451 452 
436 452 453 
437 453 454 
438 454 455 
439 455 456 
440 456 457 
441 457 458 
442 458 459 
443 459 460 
444 460 461 
445 461 462 
446 462 463 
447 463 464 
448 464 465 
449 465 466 
450 466 467 
451 467 468 
452 468 469 
453 469 470 
454 470 471 
455 471 472 
456 472 473 
457 473 474 
458 474 475 
459 475 476 
460 476 477 
461 477 478 
462 478 479 
463 479 480 
464 480 481 
465 481 482 
466 482 483 
467 483 484 
468 484 485 
469 485 486 
470 486 487 
471 487 488 
472 488 489 
473 489 490 
474 490 491 
475 491 492 
476 492 493 
477 493 494 
478 494 495 
479 495 496 
480 496 497 
481 497 498 
482 498 499 
483 499 500 
484 500 501 
485 501 502 
486 502 503 
487 503 504 
488 504 505 
489 505 506 
490 506 507 
491 507 508 
492 508 509 
493 509 510 
494 510 511 
495 511 512 
496 512 513 
497 513 514 
498 514 515 
499 515 516 
500 516 517 
501 517 518 
502 518 519 
503 519 520 
504 520 521 
505 521 522 
506 522 523 
507 523 524 
508 524 525 
509 525 526 
510 526 527 
511 527 528 
512 528 529 
513 529 530 
514 530 531 
515 531 532 
516 532 533 
517 533 534 
518 534 535 
519 535 536 
520 536 537 
521 537 538 
522 538 539 
523 539 540 
524 540 541 
525 541 542 
526 542 543 
527 543 544 
528 544 545 
529 545 546 
530 546 547 
531 547 548 
532 548 549 
533 549 550 
534 550 551 
535 551 552 
536 552 553 
537 553 554 
538 554 555 
539 555 556 
540 556 557 
541 557 558 
542 558 559 
543 559 560 
544 560 561 
545 561 562 
546 562 563 
547 563 564 
548 564 565 
549 565 566 
550 566 567 
551 567 568 
552 568 569 
553 569 570 
554 570 571 
555 571 572 
556 572 573 
557 573 574 
558 574 575 
559 575 576 
560 576 577 
561 577 578 
562 578 579 
563 579 580 
564 580 581 
565 581 582 
566 582 583 
567 583 584 
568 584 585 
569 585 586 
570 586 587 
571 587 588 
572 588 589 
573 589 590 
574 590 591 
575 591 592 
576 592 593 
577 593 594 
578 594 595 
579 595 596 
580 596 597 
581 597 598 
582 598 599 
583 599 600 
584 600 601 
585 601 602 
586 602 603 
587 603 604 
588 604 605 
589 605 606 
590 606 607 
591 607 608 
592 608 609 
593 609 610 
594 610 611 
595 611 612 
596 612 613 
597 613 614 
598 614 615 
599 615 616 
600 616 617 
601 617 618 
602 618 619 
603 619 620 
604 620 621 
605 621 622 
606 622 623 
607 623 624 
608 624 625 
609 625 626 
610 626 627 
611 627 628 
612 628 629 
613 629 630 
614 630 631 
615 631 632 
616 632 633 
617 633 634 
618 634 635 
619 635 636 
620 636 637 
621 637 638 
622 638 639 
623 639 640 
624 640 641 
625 641 642 
626 642 643 
627 643 644 
628 644 645 
629 645 646 
630 646 647 
631 647 648 
632 648 649 
633 649 650 
634 650 651 
635 651 652 
636 652 653 
637 653 654 
638 654 655 
639 655 656 
640 656 657 
641 657 658 
642 658 659 
643 659 660 
644 660 661 
645 661 662 
646 662 663 
647 663 664 
648 664 665 
649 665 666 
650 666 667 
651 667 668 
652 668 669 
653 669 670 
654 670 671 
655 671 672 
656 672 673 
657 673 674 
658 674 675 
659 675 676 
660 676 677 
661 677 678 
662 678 679 
663 679 680 
664 680 681 
665 681 682 
666 682 683 
667 683 684 
668 684 685 
669 685 686 
670 686 687 
671 687 688 
672 688 689 
673 689 690 
674 690 691 
675 691 692 
676 692 693 
677 693 694 
678 694 695 
679 695 696 
680 696 697 
681 697 698 
682 698 699 
683 699 700 
684 700 701 
685 701 702 
686 702 703 
687 703 704 
688 704 705 
689 705 706 
690 706 707 
691 707 708 
692 708 709 
693 709 710 
694 710 711 
695 711 712 
696 712 713 
697 713 714 
698 714 715 
699 715 716 
700 716 717 
701 717 718 
702 718 719 
703 719 720 
704 720 721 
705 721 722 
706 722 723 
707 723 724 
708 724 725 
709 725 726 
710 726 727 
711 727 728 
712 728 729 
713 729 730 
714 730 731 
715 731 732 
716 732 733 
717 733 734 
718 734 735 
719 735 736 
720 736 737 
721 737 738 
722 738 739 
723 739 740 
724 740 741 
725 741 742 
726 742 743 
727 743 744 
728 744 745 
729 745 746 
730 746 747 
731 747 748 
732 748 749 
733 749 750 
734 750 751 
735 751 752 
736 752 753 
737 753 754 
738 754 755 
739 755 756 
740 756 757 
741 757 758 
742 758 759 
743 759 760 
744 760 761 
745 761 762 
746 762 763 
747 763 764 
748 764 765 
749 765 766 
750 766 767 
751 767 768 
752 768 769 
753 769 770 
754 770 771 
755 771 772 
756 772 773 
757 773 774 
758 774 775 
759 775 776 
760 776 777 
761 777 778 
762 778 779 
763 779 780 
764 780 781 
765 781 782 
766 782 783 
767 783 784 
768 784 785 
769 785 786 
770 786 787 
771 787 788 
772 788 789 
773 789 790 
774 790 791 
775 791 792 
776 792 793 
777 793 794 
778 794 795 
779 795 796 
780 796 797 
781 797 798 
782 798 799 
783 799 800 
784 800 801 
785 801 802 
786 802 803 
787 803 804 
788 804 805 
789 805 806 
790 806 807 
791 807 808 
792 808 809 
793 809 810 
794 810 811 
795 811 812 
796 812 813 
797 813 814 
798 814 815 
799 815 1 
1 18 1 2
800 17 1421 
801 1421 17 
2 1 2 13
802 818 1424 817 
803 817 1424 1422 
804 820 1424 819 
805 819 1424 818 
806 1422 1424 821 
807 821 1423 1422 
808 821 1424 820 
809 2 1423 823 
810 1422 1423 2 
811 816 1422 2 
812 822 1423 821 
813 817 1422 816 
814 823 1423 822 
2 2 2 49
815 847 3 824 
816 824 1427 847 
817 1425 1427 825 
818 845 1429 844 
819 825 1433 1425 
820 838 1431 837 
821 1431 1437 1436 
822 828 1425 827 
823 1426 1431 838 
824 825 1427 824 
825 1436 1437 834 
826 841 1434 1430 
827 1430 1434 832 
828 1426 1437 1431 
829 845 1425 828 
830 1425 1435 1427 
831 839 1426 838 
832 826 1433 825 
833 847 1427 846 
834 841 1430 840 
835 830 1428 843 
836 835 1436 834 
837 837 1431 836 
838 1430 1437 1432 
839 833 1437 1430 
840 832 1434 831 
841 842 1434 841 
842 844 1429 829 
843 828 1429 845 
844 842 1428 831 
845 845 1435 1425 
846 833 1430 832 
847 1425 1433 827 
848 846 1435 845 
849 840 1432 839 
850 839 1432 1426 
851 827 1433 826 
852 834 1437 833 
853 831 1434 842 
854 836 1436 835 
855 1427 1435 846 
856 1430 1432 840 
857 1432 1437 1426 
858 1431 1436 836 
859 829 1429 828 
860 831 1428 830 
861 843 1428 842 
862 829 830 843 
863 844 829 843 
2 3 2 26
864 853 1441 852 
865 854 1441 853 
866 1439 1442 850 
867 848 1442 4 
868 4 1442 1438 
869 850 1442 849 
870 1443 1444 1439 
871 1440 1444 1443 
872 4 1438 858 
873 852 1441 851 
874 851 1439 850 
875 856 1440 855 
876 1441 1443 1439 
877 1439 1444 1442 
878 854 1443 1441 
879 851 1441 1439 
880 858 1445 857 
881 1438 1445 858 
882 849 1442 848 
883 857 1445 856 
884 856 1445 1440 
885 1444 1445 1438 
886 1440 1445 1444 
887 855 1443 854 
888 1440 1443 855 
889 1442 1444 1438 
2 4 2 56
890 870 1452 869 
891 1452 1458 869 
892 1447 1453 1450 
893 866 867 865 
894 1449 1456 1455 
895 1451 1454 1448 
896 1455 1456 1446 
897 1447 1456 1453 
898 1454 1455 1448 
899 869 1458 868 
900 1458 1463 868 
901 5 1451 879 
902 862 1452 1450 
903 1450 1457 1447 
904 872 1447 871 
905 862 1450 861 
906 860 1449 859 
907 863 1452 862 
908 867 1463 865 
909 876 1448 875 
910 874 1446 873 
911 868 1463 867 
912 860 1453 1449 
913 861 1453 860 
914 1450 1453 861 
915 5 1454 1451 
916 859 1454 5 
917 863 1458 1452 
918 1449 1454 859 
919 1453 1456 1449 
920 870 1457 1452 
921 1447 1457 871 
922 1449 1455 1454 
923 865 1463 864 
924 1448 1461 1451 
925 871 1457 870 
926 1452 1457 1450 
927 864 1463 1458 
928 864 1458 863 
929 1448 1459 875 
930 872 1460 1447 
931 873 1460 872 
932 1446 1460 873 
933 876 1461 1448 
934 1451 1462 879 
935 874 1459 1446 
936 875 1459 874 
937 879 1462 878 
938 877 1461 876 
939 878 1462 877 
940 1455 1459 1448 
941 1446 1459 1455 
942 1447 1460 1456 
943 1456 1460 1446 
944 877 1462 1461 
945 1461 1462 1451 
2 5 2 1
946 6 880 881 
2 6 2 1
947 7 882 883 
2 8 2 231
948 897 1504 896 
949 1504 1518 896 
950 1514 1544 1490 
951 927 1517 926 
952 1512 1514 1490 
953 1481 1517 927 
954 1466 1491 1481 
955 1477 1506 902 
956 1484 1494 932 
957 920 1540 1499 
958 932 1494 931 
959 902 1506 901 
960 1483 1524 1516 
961 1499 1542 920 
962 1480 1544 1514 
963 1466 1481 928 
964 1467 1498 1497 
965 1502 1526 1501 
966 1502 1529 1526 
967 1489 1490 1468 
968 1494 1528 929 
969 1486 1524 1493 
970 1520 1522 889 
971 1536 1543 1469 
972 889 1522 888 
973 1497 1499 1467 
974 1465 1521 1498 
975 1484 1531 1492 
976 1495 1543 1536 
977 1492 1528 1484 
978 1493 1535 1486 
979 933 1489 1468 
980 1500 1512 1489 
981 1496 1525 1479 
982 1468 1496 1484 
983 1516 1524 1486 
984 929 1528 1466 
985 896 1539 895 
986 917 1543 916 
987 930 1494 929 
988 1503 1521 1465 
989 1474 1500 935 
990 1532 1541 1510 
991 1496 1531 1484 
992 1508 1541 1532 
993 921 1540 920 
994 1500 1548 1512 
995 916 1543 1495 
996 1474 1501 1500 
997 1515 1531 1479 
998 1518 1539 896 
999 1477 1546 1506 
1000 1492 1531 1515 
1001 1466 1492 1491 
1002 1529 1541 1475 
1003 1491 1503 1481 
1004 1479 1531 1496 
1005 1470 1514 1512 
1006 890 1520 889 
1007 1513 1534 1533 
1008 1498 1530 1465 
1009 1467 1530 1498 
1010 1506 1516 901 
1011 1490 1496 1468 
1012 1484 1528 1494 
1013 935 1500 934 
1014 1513 1533 1488 
1015 885 1504 1493 
1016 1492 1515 1491 
1017 1502 1541 1529 
1018 8 1524 1483 
1019 1519 1520 890 
1020 1488 1533 1508 
1021 937 1510 936 
1022 905 1507 1476 
1023 1476 1509 904 
1024 1474 1502 1501 
1025 943 1505 942 
1026 1493 1524 884 
1027 1489 1512 1490 
1028 936 1510 1474 
1029 915 1511 914 
1030 916 1495 915 
1031 906 1507 905 
1032 928 1481 927 
1033 904 1509 903 
1034 933 1468 932 
1035 1497 1523 1499 
1036 1474 1510 1502 
1037 923 1467 922 
1038 934 1489 933 
1039 912 1480 911 
1040 925 1465 924 
1041 919 1469 918 
1042 929 1466 928 
1043 1468 1484 932 
1044 900 1486 899 
1045 885 1493 884 
1046 1508 1532 1488 
1047 934 1500 1489 
1048 941 1487 940 
1049 903 1477 902 
1050 886 1504 885 
1051 903 1509 1477 
1052 910 1470 909 
1053 1483 1505 943 
1054 936 1474 935 
1055 907 1475 906 
1056 905 1476 904 
1057 939 1488 938 
1058 1483 1506 1505 
1059 1475 1508 1507 
1060 1475 1507 906 
1061 8 1483 943 
1062 1472 1479 1471 
1063 914 1464 913 
1064 1464 1473 1472 
1065 1473 1485 1482 
1066 1497 1498 1482 
1067 1473 1482 1478 
1068 1473 1478 1472 
1069 1464 1472 1471 
1070 1485 1497 1482 
1071 1464 1471 913 
1072 1480 1514 911 
1073 1485 1549 1511 
1074 1487 1537 1534 
1075 911 1514 910 
1076 1495 1511 915 
1077 1503 1517 1481 
1078 886 1518 1504 
1079 1465 1517 1503 
1080 1515 1545 1491 
1081 1523 1542 1499 
1082 940 1513 939 
1083 1487 1513 940 
1084 939 1513 1488 
1085 901 1516 900 
1086 1472 1515 1479 
1087 910 1514 1470 
1088 1483 1516 1506 
1089 1487 1534 1513 
1090 1508 1533 1507 
1091 1470 1526 909 
1092 1478 1515 1472 
1093 926 1517 925 
1094 900 1516 1486 
1095 907 1529 1475 
1096 1482 1521 1478 
1097 893 1519 892 
1098 937 1532 1510 
1099 1511 1536 1485 
1100 1523 1536 1469 
1101 1501 1548 1500 
1102 1505 1527 942 
1103 891 1519 890 
1104 1470 1548 1526 
1105 925 1517 1465 
1106 931 1494 930 
1107 894 1522 1520 
1108 1511 1549 914 
1109 1488 1532 938 
1110 888 1539 887 
1111 887 1518 886 
1112 1473 1549 1485 
1113 1478 1545 1515 
1114 923 1530 1467 
1115 914 1549 1464 
1116 1465 1530 924 
1117 897 1538 1504 
1118 1469 1542 1523 
1119 942 1527 941 
1120 894 1520 893 
1121 1506 1546 1505 
1122 913 1547 912 
1123 1496 1544 1525 
1124 1471 1547 913 
1125 1498 1521 1482 
1126 895 1522 894 
1127 920 1542 919 
1128 1485 1523 1497 
1129 884 1524 8 
1130 892 1519 891 
1131 1504 1538 1493 
1132 1526 1529 908 
1133 1479 1525 1471 
1134 1466 1528 1492 
1135 909 1526 908 
1136 1499 1540 1467 
1137 941 1527 1487 
1138 1522 1539 888 
1139 1507 1533 1476 
1140 1526 1548 1501 
1141 1534 1537 1509 
1142 1476 1534 1509 
1143 1533 1534 1476 
1144 1486 1535 899 
1145 899 1535 898 
1146 1527 1537 1487 
1147 908 1529 907 
1148 924 1530 923 
1149 1469 1543 918 
1150 1467 1540 922 
1151 938 1532 937 
1152 1495 1536 1511 
1153 898 1538 897 
1154 918 1543 917 
1155 893 1520 1519 
1156 1509 1537 1477 
1157 1491 1545 1503 
1158 1510 1541 1502 
1159 1527 1546 1537 
1160 1521 1545 1478 
1161 1490 1544 1496 
1162 895 1539 1522 
1163 922 1540 921 
1164 1475 1541 1508 
1165 919 1542 1469 
1166 912 1547 1480 
1167 1464 1549 1473 
1168 1485 1536 1523 
1169 1525 1544 1480 
1170 1512 1548 1470 
1171 887 1539 1518 
1172 1503 1545 1521 
1173 1493 1538 1535 
1174 1505 1546 1527 
1175 1480 1547 1525 
1176 1535 1538 898 
1177 1525 1547 1471 
1178 1537 1546 1477 
2 9 2 38
1179 947 1558 1559 
1180 1554 1550 1559 
1181 1558 1553 1559 
1182 1553 1554 1559 
1183 1550 1554 1557 
1184 947 948 1558 
1185 955 956 954 
1186 957 958 1552 
1187 952 953 1551 
1188 950 951 1553 
1189 945 946 1550 
1190 1554 1551 1557 
1191 1551 953 1555 
1192 951 952 1554 
1193 1553 951 1554 
1194 952 1551 1554 
1195 954 956 1555 
1196 956 957 1555 
1197 953 954 1555 
1198 9 944 1560 
1199 949 950 1558 
1200 946 947 1559 
1201 944 945 1556 
1202 945 1550 1556 
1203 948 949 1558 
1204 1550 946 1559 
1205 1552 958 1560 
1206 950 1553 1558 
1207 944 1556 1560 
1208 1556 1552 1560 
1209 1551 1555 1561 
1210 1552 1556 1557 
1211 958 9 1560 
1212 1556 1550 1557 
1213 957 1552 1561 
1214 1552 1557 1561 
1215 1555 957 1561 
1216 1557 1551 1561 
2 10 2 5920
1217 3917 4081 10 
1218 3024 3264 1617 
1219 3073 3869 3179 
1220 3090 3663 2338 
1221 2471 2794 989 
1222 1601 3140 2947 
1223 2504 3142 2503 
1224 1034 3997 2885 
1225 2989 2999 2384 
1226 3930 3962 3080 
1227 2704 4008 3933 
1228 2419 3621 3227 
1229 3013 3928 2776 
1230 2488 2988 1664 
1231 2916 3941 3401 
1232 2983 3186 2680 
1233 2680 3960 2983 
1234 3554 3970 2207 
1235 3066 3220 2498 
1236 2967 3079 2522 
1237 3193 3591 3194 
1238 3179 3869 2492 
1239 999 3054 2203 
1240 3461 3728 3463 
1241 3728 3963 3463 
1242 2522 3079 1121 
1243 3047 3490 2595 
1244 3401 3941 2467 
1245 2916 3052 1576 
1246 1051 2989 2384 
1247 2910 3118 3098 
1248 2889 3962 3930 
1249 2702 3937 2914 
1250 1567 3811 3187 
1251 1063 3912 1062 
1252 3111 3180 2771 
1253 3068 3189 2869 
1254 3067 3846 2624 
1255 1254 3152 3146 
1256 959 3917 10 
1257 2696 3158 3046 
1258 2513 3912 1063 
1259 2544 3241 3099 
1260 3008 3976 1300 
1261 3193 4016 3591 
1262 2932 4155 1566 
1263 1590 2972 1366 
1264 2514 4186 3105 
1265 1590 3068 2972 
1266 3018 3961 2574 
1267 992 3903 991 
1268 2522 4073 2967 
1269 2428 3903 992 
1270 4186 4240 3105 
1271 1292 2470 1291 
1272 2172 2980 1194 
1273 1566 4155 3151 
1274 2724 2746 2534 
1275 2638 3141 3064 
1276 2595 3949 3047 
1277 3029 3131 1582 
1278 2470 3926 1291 
1279 2533 2534 1223 
1280 1562 3009 1252 
1281 3707 4011 3896 
1282 3070 3715 3318 
1283 2484 3056 2482 
1284 3099 3241 3059 
1285 3187 3811 2697 
1286 2172 2981 2980 
1287 1328 3148 1326 
1288 1591 3056 2737 
1289 2638 3142 3141 
1290 990 2471 989 
1291 1604 3030 1173 
1292 2947 3153 2657 
1293 2574 4101 3018 
1294 1590 3189 3068 
1295 3325 4026 2985 
1296 3328 4007 3017 
1297 1122 2522 1121 
1298 3913 3952 2936 
1299 3098 4093 2910 
1300 3915 4081 2921 
1301 2421 3136 3135 
1302 2725 3122 3120 
1303 2664 3200 3199 
1304 1328 1326 1327 
1305 3065 3095 2758 
1306 3146 3152 2745 
1307 3213 3733 2199 
1308 2946 3733 3213 
1309 3913 4015 1100 
1310 3884 4035 2368 
1311 3904 3987 2767 
1312 3012 3987 3904 
1313 3103 4120 3139 
1314 1562 3011 3009 
1315 3140 4141 2947 
1316 3018 4101 1208 
1317 3328 4049 2420 
1318 1599 4012 3992 
1319 3882 3966 2345 
1320 2520 4026 3325 
1321 2503 3142 2638 
1322 3125 4009 3124 
1323 2899 3107 3008 
1324 3091 3663 3090 
1325 2705 4111 4057 
1326 2533 2724 2534 
1327 2668 3008 1300 
1328 1109 3040 2159 
1329 1582 3131 2895 
1330 1129 2792 1128 
1331 1654 3026 1183 
1332 2916 4114 3052 
1333 3896 4011 3747 
1334 1038 3163 1037 
1335 2705 2928 1618 
1336 2702 4122 3937 
1337 1243 4064 1242 
1338 2680 3163 1038 
1339 2417 3922 3482 
1340 3069 3137 2605 
1341 2792 3940 1128 
1342 2381 3997 1034 
1343 3120 4081 3915 
1344 977 4044 976 
1345 2861 3970 3554 
1346 3011 3088 2606 
1347 2697 4261 3187 
1348 3088 3146 2745 
1349 1654 3027 3026 
1350 1000 3054 999 
1351 2767 3408 3246 
1352 2420 4066 3328 
1353 988 3222 987 
1354 1082 2773 1081 
1355 975 2545 974 
1356 2705 4057 2928 
1357 3117 3139 3003 
1358 2350 3182 2466 
1359 2545 3252 974 
1360 3933 4008 2933 
1361 3227 3621 2860 
1362 1622 3106 2991 
1363 1224 2533 1223 
1364 2737 2917 2532 
1365 1617 4039 3024 
1366 3850 4038 2908 
1367 3046 3235 2696 
1368 3169 4208 1587 
1369 994 2753 993 
1370 2550 4120 3103 
1371 3157 3207 2531 
1372 3222 3985 987 
1373 1082 4160 2773 
1374 2899 3008 2668 
1375 1055 3043 2160 
1376 2952 4015 3913 
1377 1587 4170 3169 
1378 3124 4009 2553 
1379 2715 3236 2551 
1380 1591 2737 1156 
1381 2776 3955 3013 
1382 1209 3018 1208 
1383 3043 3044 2160 
1384 2793 2968 1627 
1385 2753 3957 993 
1386 1203 3894 1202 
1387 2908 4038 3225 
1388 3040 3041 2159 
1389 2758 3095 2759 
1390 972 4106 2912 
1391 1258 3742 1257 
1392 3224 3415 3082 
1393 2542 3830 1304 
1394 3246 3904 2767 
1395 1316 2738 1315 
1396 2606 4123 3011 
1397 3040 4241 3092 
1398 2578 3156 2900 
1399 3178 4102 1604 
1400 3130 3712 3522 
1401 1301 2668 1300 
1402 3203 3932 3205 
1403 3156 4080 2900 
1404 2379 4244 4131 
1405 1604 4102 3974 
1406 3092 4223 3040 
1407 970 4150 969 
1408 2745 4025 3088 
1409 1607 3952 3913 
1410 1310 4146 2957 
1411 3117 3905 3139 
1412 1143 2705 1618 
1413 2739 4150 970 
1414 3144 3207 3157 
1415 1308 2732 1307 
1416 2544 3182 2350 
1417 3217 3571 2642 
1418 1080 2723 1079 
1419 2396 4007 3328 
1420 3953 3989 1625 
1421 3992 4012 2953 
1422 2758 4275 3065 
1423 2736 3168 3059 
1424 2484 4030 3056 
1425 2724 3225 2746 
1426 1216 4089 1215 
1427 3210 4095 2676 
1428 1354 4142 3063 
1429 2524 3102 2353 
1430 2738 3951 1315 
1431 1185 4020 1184 
1432 2379 4131 3878 
1433 4028 4045 3306 
1434 2895 4108 1180 
1435 3182 3247 2466 
1436 1300 3976 1299 
1437 2657 3153 2935 
1438 2594 3210 2676 
1439 2372 3184 3177 
1440 2488 3937 2988 
1441 3812 4131 3028 
1442 2903 3992 3193 
1443 1075 2933 1074 
1444 3225 4016 2746 
1445 1043 3902 1042 
1446 2702 3980 3086 
1447 2907 3892 3113 
1448 1034 2885 1033 
1449 2473 3712 3130 
1450 2947 3916 3153 
1451 1276 1274 1275 
1452 1234 3071 1631 
1453 3176 3177 3175 
1454 3368 3939 2734 
1455 3135 3221 2421 
1456 2897 3966 3882 
1457 1155 2737 2532 
1458 2956 4219 3125 
1459 3113 3920 2907 
1460 976 4044 2545 
1461 3071 3967 3072 
1462 3104 4281 3069 
1463 1304 3830 1303 
1464 3193 3992 2953 
1465 2477 3217 3119 
1466 3059 3241 2736 
1467 1579 3930 3080 
1468 3072 3967 3642 
1469 3071 3072 1631 
1470 3054 3055 2203 
1471 3482 3922 3108 
1472 1579 3080 1339 
1473 3742 4041 1257 
1474 3119 4266 2477 
1475 2624 3846 2622 
1476 1659 3074 1092 
1477 2419 3227 3226 
1478 1200 3229 1199 
1479 2500 4241 3040 
1480 1053 3106 1622 
1481 1080 4067 2723 
1482 3973 4108 3845 
1483 1191 2793 1627 
1484 1308 4099 2732 
1485 2275 3177 2526 
1486 3069 4281 2738 
1487 1664 2988 1248 
1488 2550 3103 1046 
1489 2756 4142 1354 
1490 3091 3921 3663 
1491 3220 4096 2498 
1492 1050 3094 1049 
1493 2323 3642 2321 
1494 2529 3185 1138 
1495 3028 4131 3062 
1496 2372 3177 2275 
1497 3233 4103 4032 
1498 1215 4089 3768 
1499 3180 4126 2771 
1500 2933 4008 1074 
1501 2873 4045 4028 
1502 2624 4156 3067 
1503 2529 4071 3185 
1504 3108 4029 2413 
1505 972 2912 971 
1506 3467 4057 2484 
1507 1318 2757 1317 
1508 1319 2932 1566 
1509 2894 3998 1329 
1510 2498 3897 3066 
1511 2928 4057 3467 
1512 1126 3089 2918 
1513 2202 4076 1364 
1514 3083 3603 2564 
1515 2569 3128 3101 
1516 1576 3052 1374 
1517 3947 4076 2202 
1518 3013 4065 3928 
1519 2504 3811 3142 
1520 4011 4279 3747 
1521 1329 3148 1328 
1522 3120 3122 1378 
1523 4032 4103 2479 
1524 2979 4056 1141 
1525 1181 2895 1180 
1526 3747 4279 1573 
1527 2147 4031 3990 
1528 2181 3014 1368 
1529 3579 4189 2970 
1530 1649 3881 3215 
1531 1204 3894 1203 
1532 1208 4101 1207 
1533 1015 3098 1633 
1534 1662 4082 3077 
1535 1276 3864 1274 
1536 2736 3272 3168 
1537 3058 4095 3210 
1538 3273 3362 2694 
1539 1636 3096 1322 
1540 1241 3127 1240 
1541 3142 3811 1567 
1542 3161 4195 2660 
1543 1604 3974 3030 
1544 2667 3224 3081 
1545 1329 3998 3148 
1546 3095 3138 2759 
1547 1330 2894 1329 
1548 2730 3680 3189 
1549 1609 4108 3973 
1550 3252 3637 1630 
1551 2725 4258 3122 
1552 1621 4146 1310 
1553 3130 3944 2473 
1554 2314 3270 3170 
1555 1373 3052 2721 
1556 3586 3587 1580 
1557 2362 3271 2291 
1558 2702 2914 1236 
1559 3113 3114 3112 
1560 1265 2784 1264 
1561 3174 3176 3175 
1562 2784 4035 3884 
1563 3101 3128 1625 
1564 3370 4157 1616 
1565 1279 3112 2540 
1566 1197 3768 1196 
1567 2955 4008 2704 
1568 2525 3468 3208 
1569 3113 4185 3114 
1570 2734 4099 3368 
1571 2553 4307 3124 
1572 1587 3049 1103 
1573 2181 4255 3014 
1574 3215 3890 1649 
1575 3081 3223 2667 
1576 2413 3482 3108 
1577 1173 3030 1172 
1578 1200 4172 3229 
1579 3024 4191 3264 
1580 2984 4252 2983 
1581 2988 3086 1247 
1582 3042 4195 3161 
1583 3041 3247 3182 
1584 3107 3922 3173 
1585 1636 3143 3096 
1586 2970 3995 3579 
1587 2605 4037 3069 
1588 3089 4303 2918 
1589 2983 4252 3186 
1590 3108 3922 3107 
1591 3263 3921 3091 
1592 3161 3989 3953 
1593 3098 3118 1633 
1594 1583 3236 2932 
1595 2553 4009 1228 
1596 3041 3181 2159 
1597 1228 4009 1227 
1598 3134 3136 1624 
1599 1360 1358 1359 
1600 2757 4128 1317 
1601 3077 4085 1662 
1602 3102 3219 2353 
1603 4026 4206 2968 
1604 2434 3210 2594 
1605 3459 4219 2956 
1606 3168 3272 3170 
1607 3058 3957 2753 
1608 3012 4072 3987 
1609 1583 2932 1320 
1610 3851 4022 1594 
1611 3177 3184 3175 
1612 1659 3317 3074 
1613 1608 4015 3657 
1614 2966 4176 3060 
1615 1299 4262 1298 
1616 2314 3936 3270 
1617 3081 3224 3082 
1618 2921 4081 3917 
1619 2051 3415 3224 
1620 1213 3229 1212 
1621 1142 2979 1141 
1622 3205 3932 3044 
1623 1077 4156 2949 
1624 3076 4087 2710 
1625 4050 4094 962 
1626 1266 2907 2720 
1627 1616 4074 3370 
1628 3086 4122 2702 
1629 3907 4000 2719 
1630 1176 3174 2535 
1631 2971 4195 2172 
1632 3243 4212 3545 
1633 1356 4119 3887 
1634 2904 4072 3012 
1635 2551 3236 2919 
1636 3060 4282 2966 
1637 1602 4116 3734 
1638 2925 4150 3149 
1639 2918 2963 1125 
1640 3545 4017 3243 
1641 963 4050 962 
1642 3196 3870 3197 
1643 1110 3040 1109 
1644 3170 3272 2314 
1645 1630 4106 972 
1646 3141 4104 3064 
1647 3010 4036 3303 
1648 1310 2957 1309 
1649 1254 3146 1253 
1650 3011 4036 3009 
1651 1252 3009 1251 
1652 2946 3213 3212 
1653 2477 3571 3217 
1654 966 2937 965 
1655 2973 3217 2642 
1656 2988 4122 3086 
1657 978 3133 1663 
1658 3462 4289 2206 
1659 4134 4184 2510 
1660 1592 4018 3064 
1661 3990 4031 3194 
1662 1197 4075 3768 
1663 3199 4228 2664 
1664 1052 2989 1051 
1665 2183 3943 3235 
1666 1357 4119 1356 
1667 3190 3191 2489 
1668 2883 4258 2725 
1669 3053 3919 2171 
1670 3052 4193 2721 
1671 1286 3884 2368 
1672 3112 3114 2540 
1673 2531 3998 3157 
1674 2753 4095 3058 
1675 3153 4054 2935 
1676 3131 3132 2895 
1677 3303 4036 2501 
1678 1609 3973 3145 
1679 3145 3973 2877 
1680 2922 3884 1287 
1681 2525 3208 3143 
1682 3171 3269 3268 
1683 3014 3189 1590 
1684 3070 4190 3715 
1685 3171 3270 3269 
1686 3008 4260 3976 
1687 1242 4064 1241 
1688 2474 4020 1185 
1689 3881 3906 3215 
1690 1144 3121 2705 
1691 3160 4184 4134 
1692 3044 3172 2160 
1693 3128 3953 1625 
1694 1194 2980 1193 
1695 2207 3970 3645 
1696 2784 3977 1264 
1697 3138 3473 2184 
1698 3067 4156 1077 
1699 3208 3468 2919 
1700 2520 4206 4026 
1701 2338 4165 3090 
1702 3522 3712 3039 
1703 2182 4132 4052 
1704 3189 3680 2869 
1705 1064 3147 2513 
1706 3270 3936 3271 
1707 3252 3982 3637 
1708 2907 4203 2720 
1709 3133 3879 1663 
1710 1366 2972 1365 
1711 1344 4104 3141 
1712 2534 4012 1223 
1713 2667 4292 3224 
1714 2943 4292 2667 
1715 2416 3188 2635 
1716 1587 4021 3049 
1717 2321 3642 2488 
1718 1660 3906 3881 
1719 1077 2949 1076 
1720 3641 3642 2323 
1721 1121 4135 1120 
1722 3870 4305 3197 
1723 1167 4013 1166 
1724 3036 3099 1619 
1725 1356 2954 1355 
1726 3105 3938 2514 
1727 2421 4179 3136 
1728 3034 4239 3454 
1729 1629 3150 996 
1730 1233 3179 1232 
1731 1183 3026 1182 
1732 3064 4104 1592 
1733 2171 3919 1171 
1734 3151 4275 2758 
1735 1255 3152 1254 
1736 3980 4230 3086 
1737 3009 4036 3010 
1738 2291 3271 2293 
1739 3149 4150 2739 
1740 2384 3094 1050 
1741 3056 4271 2482 
1742 3222 4124 4043 
1743 3073 4198 3869 
1744 2856 3183 3132 
1745 3109 3914 1598 
1746 3454 4237 3034 
1747 3890 3964 1649 
1748 3627 4212 3242 
1749 3095 3473 3138 
1750 3004 3964 3890 
1751 3992 3995 1599 
1752 4052 4132 3126 
1753 3235 3943 3273 
1754 1188 4051 1187 
1755 2973 3218 3217 
1756 2715 4155 3236 
1757 3234 4033 3192 
1758 1028 4148 1027 
1759 2054 3362 3273 
1760 1177 3174 1176 
1761 1031 3196 1637 
1762 3106 4143 2991 
1763 2554 3672 3619 
1764 2999 3003 2384 
1765 2310 3241 2312 
1766 2206 3765 3462 
1767 3158 4117 3046 
1768 4111 4227 2532 
1769 1195 2971 2172 
1770 1027 4148 2748 
1771 2473 3944 2472 
1772 1280 3112 1279 
1773 3304 4173 3010 
1774 2979 4125 4056 
1775 3611 3882 2345 
1776 2199 3923 3213 
1777 1623 4080 3156 
1778 3010 4173 1588 
1779 3125 4205 2956 
1780 2899 4029 3108 
1781 2964 4051 1188 
1782 2918 3945 2963 
1783 3125 4219 4009 
1784 1056 3043 1055 
1785 3121 4227 4111 
1786 3657 4137 1608 
1787 3029 4186 3131 
1788 3463 3963 1680 
1789 1619 3099 3059 
1790 3240 3971 2555 
1791 2710 4151 3076 
1792 2937 4050 965 
1793 1572 4219 3978 
1794 1213 4105 3229 
1795 2906 4069 4021 
1796 1271 4257 1270 
1797 1131 3209 1130 
1798 2856 3132 3131 
1799 2172 4195 3042 
1800 2857 4163 3216 
1801 2664 3924 3200 
1802 1356 3887 2954 
1803 1061 4139 1060 
1804 2952 3913 2936 
1805 3216 4053 2857 
1806 1360 4216 1358 
1807 2759 4034 3137 
1808 2696 3273 2694 
1809 1297 4262 1296 
1810 3752 3997 2984 
1811 1367 3014 1590 
1812 2547 3173 2976 
1813 2984 4161 3752 
1814 2771 4149 3111 
1815 1246 4230 3797 
1816 4041 4154 1257 
1817 1045 3103 1044 
1818 1257 4154 1256 
1819 3086 4230 1246 
1820 1371 3061 1370 
1821 3185 4284 1137 
1822 1354 3063 1353 
1823 3269 3271 2362 
1824 1137 4284 1601 
1825 2728 4218 3879 
1826 1326 3148 1325 
1827 1180 4108 1609 
1828 1609 3145 1179 
1829 3118 4266 3119 
1830 2922 3977 3884 
1831 1219 4286 3101 
1832 1324 3207 1323 
1833 2734 3939 2986 
1834 3101 4189 2569 
1835 2531 3207 1324 
1836 1220 4286 1219 
1837 3208 4177 3096 
1838 3149 3216 2390 
1839 1608 4137 3167 
1840 1044 3103 1638 
1841 3734 3969 1602 
1842 3083 3953 3603 
1843 3117 3906 1660 
1844 1331 3914 1623 
1845 1026 3033 1025 
1846 2252 3627 3242 
1847 3206 4175 1600 
1848 1111 4215 2942 
1849 3096 4177 1583 
1850 1112 4215 1111 
1851 3203 3205 3202 
1852 1078 3067 1077 
1853 2171 4197 3053 
1854 3587 3946 1580 
1855 979 4043 3133 
1856 1158 3180 3111 
1857 1097 3167 3097 
1858 3183 3678 2346 
1859 1339 3080 1338 
1860 2471 4162 2794 
1861 1563 3851 1008 
1862 3463 4289 3462 
1863 3107 3173 2198 
1864 3934 4259 4217 
1865 1007 3851 1594 
1866 1047 4078 2550 
1867 1106 3036 1619 
1868 2945 4022 3851 
1869 1608 3167 1098 
1870 2928 3467 3051 
1871 2741 3879 3133 
1872 3017 4007 3016 
1873 3087 3112 1280 
1874 1016 3098 1015 
1875 2751 3226 2752 
1876 3029 4240 4186 
1877 1223 4012 1222 
1878 1253 3146 1562 
1879 1235 3071 1234 
1880 3722 3917 960 
1881 3137 4128 2759 
1882 4131 4244 3062 
1883 3157 4002 3144 
1884 3215 3906 3000 
1885 1660 3905 3117 
1886 2198 4260 3107 
1887 1102 3049 1607 
1888 2370 3223 2376 
1889 3129 4000 3907 
1890 3120 3915 2725 
1891 3734 4116 2955 
1892 1624 3962 3134 
1893 2746 2953 2534 
1894 1322 3096 1321 
1895 1171 3919 1170 
1896 2158 4016 3225 
1897 3955 4013 1167 
1898 1230 3868 1229 
1899 3041 3182 3181 
1900 3039 3712 3655 
1901 2861 4160 3232 
1902 3961 4014 2574 
1903 2564 4145 3083 
1904 960 3917 959 
1905 3099 4207 2544 
1906 3167 3895 3097 
1907 1178 3145 1614 
1908 1092 3074 1091 
1909 1591 3057 3056 
1910 2543 4006 3209 
1911 1610 4033 3234 
1912 3181 4152 2159 
1913 2172 3042 2981 
1914 3174 3175 2535 
1915 3199 3200 3198 
1916 3222 4043 980 
1917 3327 4049 3328 
1918 3902 4159 1042 
1919 2877 3983 3145 
1920 3137 4034 2605 
1921 1378 3122 1377 
1922 1112 4303 4215 
1923 3107 4260 3008 
1924 3129 3907 2676 
1925 3061 4291 1370 
1926 3069 4037 3104 
1927 2665 3765 3743 
1928 3167 4137 2927 
1929 3072 3642 3641 
1930 1562 3088 3011 
1931 1032 3196 1031 
1932 4072 4175 3206 
1933 4057 4111 2917 
1934 1298 4262 1297 
1935 1598 4200 3109 
1936 2899 3108 3107 
1937 1059 3075 1058 
1938 1211 3961 1210 
1939 1632 3202 1067 
1940 3079 4135 1121 
1941 1631 3179 1233 
1942 2856 3678 3183 
1943 2928 3051 1618 
1944 1680 4289 3463 
1945 2721 3061 1372 
1946 3240 4231 3971 
1947 2709 3390 1575 
1948 1095 3070 1094 
1949 3045 3885 3147 
1950 1654 3028 3027 
1951 2489 3192 3190 
1952 1210 3961 3018 
1953 4043 4162 3133 
1954 3165 3925 1563 
1955 3897 4236 2723 
1956 4051 4083 2474 
1957 1205 3956 1204 
1958 1341 3187 3159 
1959 1270 4257 3927 
1960 2492 3868 1230 
1961 4176 4227 3121 
1962 1344 3141 1343 
1963 1651 3198 1018 
1964 2748 4264 3115 
1965 4217 4259 1611 
1966 2203 3195 998 
1967 3143 3899 2525 
1968 1273 3864 3031 
1969 2680 3186 3163 
1970 2968 2969 1627 
1971 2660 3989 3161 
1972 3304 4187 2909 
1973 2417 4251 3922 
1974 3115 4287 2748 
1975 3121 4111 2705 
1976 1325 3148 2531 
1977 2869 4048 3068 
1978 3242 4212 3243 
1979 4008 4116 1074 
1980 2909 4173 3304 
1981 3145 3983 1614 
1982 2667 3223 2370 
1983 1065 3147 1064 
1984 3147 3885 2513 
1985 2312 3241 2544 
1986 1281 3087 1280 
1987 2736 3241 2310 
1988 3196 3197 1637 
1989 3256 4279 3084 
1990 1632 3203 3202 
1991 2550 4078 3094 
1992 3075 4234 3849 
1993 2999 3117 3003 
1994 3912 4234 3075 
1995 1651 3199 3198 
1996 3123 4236 2495 
1997 1127 4136 3089 
1998 3016 4007 3370 
1999 2927 3895 3167 
2000 1655 3219 1647 
2001 2524 4161 3102 
2002 2718 4113 1072 
2003 1004 4217 1003 
2004 2896 4217 1004 
2005 3111 4149 1591 
2006 3637 4106 1630 
2007 1150 3900 1149 
2008 1054 3106 1053 
2009 1096 3097 1593 
2010 2942 4241 2500 
2011 3072 3073 1631 
2012 4086 4087 3076 
2013 1072 4113 1071 
2014 1145 4176 3121 
2015 1046 3103 1045 
2016 3318 4068 3070 
2017 1157 3111 1591 
2018 3978 4219 3459 
2019 4021 4069 3049 
2020 2423 4087 4086 
2021 996 3150 995 
2022 1058 3849 1057 
2023 2723 4067 3897 
2024 3094 4120 2550 
2025 1637 3714 1030 
2026 3170 3270 3171 
2027 3940 4241 2942 
2028 1149 3900 1148 
2029 2184 3862 3138 
2030 3154 3155 2462 
2031 2741 4162 2471 
2032 3063 4039 1617 
2033 3001 3214 2994 
2034 3221 3865 3110 
2035 2974 4106 3637 
2036 3164 4126 1612 
2037 3193 3194 2903 
2038 3048 4023 3033 
2039 3044 3932 3172 
2040 1573 4279 3256 
2041 3135 3865 3221 
2042 3159 3160 1579 
2043 3051 4202 1618 
2044 4136 4215 3089 
2045 2353 3219 1655 
2046 3094 4078 1049 
2047 2732 4099 2734 
2048 3103 3139 1638 
2049 3951 3986 2530 
2050 3143 3208 3096 
2051 2973 4246 3218 
2052 985 983 984 
2053 3088 4025 2606 
2054 1323 3207 1636 
2055 1636 3144 3143 
2056 3138 4034 2759 
2057 3118 3119 1633 
2058 3675 4049 3327 
2059 3879 4115 2728 
2060 1267 3892 2907 
2061 3189 4255 2730 
2062 2773 4160 2861 
2063 3087 3920 3113 
2064 1184 4020 1654 
2065 2703 3880 3734 
2066 3743 3765 2206 
2067 1618 4202 2979 
2068 1159 3180 1158 
2069 2495 4062 3123 
2070 1067 3202 1066 
2071 2917 4111 2532 
2072 1005 4293 2938 
2073 1575 3390 1350 
2074 3077 3390 2709 
2075 1006 4293 1005 
2076 2554 4053 3672 
2077 1074 4116 1073 
2078 2704 3765 2665 
2079 3158 3934 2896 
2080 3191 4229 2489 
2081 3864 4027 3031 
2082 2760 3845 3834 
2083 961 3722 960 
2084 1048 4078 1047 
2085 967 2755 966 
2086 2706 4052 3126 
2087 2530 3228 1312 
2088 2992 3000 2990 
2089 2710 4087 3211 
2090 2698 3841 3732 
2091 1363 3887 1362 
2092 3160 4261 4184 
2093 2427 3391 2389 
2094 1282 3154 2462 
2095 1663 4044 977 
2096 3303 3304 3010 
2097 1372 3061 1371 
2098 3226 3227 2752 
2099 1340 3159 1579 
2100 3230 3234 3231 
2101 2346 3834 3183 
2102 1245 3797 3127 
2103 3036 3181 3099 
2104 3301 3872 2581 
2105 1133 4127 1132 
2106 3056 4030 2737 
2107 1018 3198 1017 
2108 1009 3165 1563 
2109 3834 3845 3183 
2110 3171 4208 3169 
2111 1134 2543 1133 
2112 3214 3215 3000 
2113 3732 3841 1650 
2114 1591 4149 3057 
2115 3127 4130 1240 
2116 4039 4142 2948 
2117 998 3195 997 
2118 2992 3214 3000 
2119 1603 4221 3093 
2120 1217 3989 2660 
2121 3715 4288 3318 
2122 3230 3231 1634 
2123 1083 3230 1634 
2124 3049 4069 1607 
2125 1040 3960 1039 
2126 2998 4061 3204 
2127 2492 3869 3868 
2128 1030 3714 1029 
2129 1169 4175 1168 
2130 1168 4175 2904 
2131 1588 4077 1250 
2132 3951 4281 3986 
2133 1370 4291 1369 
2134 3166 3996 2420 
2135 1342 3187 1341 
2136 3734 3880 2884 
2137 3087 3113 3112 
2138 1312 3228 1311 
2139 1051 2384 1050 
2140 1039 3960 2680 
2141 3657 4015 2952 
2142 2737 4030 2917 
2143 2303 3272 2308 
2144 3042 3083 2981 
2145 3175 3178 2535 
2146 2746 3193 2953 
2147 1632 3204 3203 
2148 2715 4275 3151 
2149 3217 3218 3119 
2150 974 3252 973 
2151 2994 3214 2992 
2152 1101 3913 1100 
2153 3144 3899 3143 
2154 3311 3866 3310 
2155 967 2921 2755 
2156 1889 3760 1887 
2157 1363 4076 3887 
2158 2219 3758 2375 
2159 3028 3062 3027 
2160 3223 3901 2376 
2161 1612 4090 3164 
2162 1204 3956 3894 
2163 3761 3854 3351 
2164 3004 3890 3001 
2165 1562 3146 3088 
2166 3036 4152 3181 
2167 3914 4080 1623 
2168 1652 3245 1161 
2169 3303 3999 3304 
2170 3259 3767 3258 
2171 3237 3238 2580 
2172 3133 4162 2741 
2173 2456 3238 3237 
2174 3152 4157 2745 
2175 2389 3391 2854 
2176 2717 3391 2427 
2177 1014 3910 1013 
2178 3159 4261 3160 
2179 3155 3920 2462 
2180 3770 3831 2461 
2181 3003 3094 2384 
2182 2691 3931 3909 
2183 1622 2990 2989 
2184 2969 3162 1627 
2185 3073 3179 1631 
2186 2375 3253 2715 
2187 969 1653 968 
2188 1047 2550 1046 
2189 2722 4305 3870 
2190 3292 3779 2802 
2191 981 3985 3222 
2192 2456 3495 3238 
2193 973 3252 1630 
2194 3591 3990 3194 
2195 2991 2992 2990 
2196 2434 3935 3210 
2197 1894 3499 1891 
2198 3002 3004 3001 
2199 3270 3271 3269 
2200 2372 3972 3184 
2201 3401 4114 2916 
2202 1113 4303 1112 
2203 1622 2989 1052 
2204 3214 3890 3215 
2205 4085 4308 3891 
2206 4098 4113 3988 
2207 1131 4127 3209 
2208 3249 3284 1826 
2209 1132 4127 1131 
2210 1633 3910 1014 
2211 2580 3284 3237 
2212 2375 3758 3253 
2213 2996 3001 2994 
2214 1286 2368 1285 
2215 2308 3272 2736 
2216 1313 2530 1312 
2217 2314 3272 2303 
2218 1652 3246 3245 
2219 3162 4250 1627 
2220 2885 3050 1606 
2221 3258 3767 2435 
2222 1161 3245 1160 
2223 1636 3207 3144 
2224 3655 4247 3039 
2225 3188 4256 2635 
2226 3327 4245 3675 
2227 3279 3332 1817 
2228 2874 3847 3844 
2229 1042 2539 1661 
2230 1305 2542 1304 
2231 3278 3332 3279 
2232 1825 3285 1831 
2233 3699 3872 3301 
2234 3844 3847 1931 
2235 2648 3804 2875 
2236 3838 3839 3362 
2237 3172 3932 2997 
2238 3235 3273 2696 
2239 1084 3230 1083 
2240 2211 3332 3278 
2241 3370 4074 3016 
2242 1910 3839 3838 
2243 3093 4148 1603 
2244 3858 3860 2887 
2245 1601 4284 3140 
2246 2569 4189 3579 
2247 3540 3786 3784 
2248 2048 3860 3858 
2249 1202 3894 1201 
2250 2993 2994 2992 
2251 1245 3127 1244 
2252 3499 3760 1889 
2253 1893 3840 1931 
2254 3784 3786 2808 
2255 1273 3031 1272 
2256 1107 3036 1106 
2257 1627 4250 1190 
2258 3978 4280 1572 
2259 1042 1661 1041 
2260 2066 3498 3298 
2261 3231 3232 1634 
2262 2839 3682 3676 
2263 1891 3499 1889 
2264 2570 3290 3277 
2265 2066 3499 1894 
2266 3492 3498 2066 
2267 2666 3800 2670 
2268 1139 2529 1138 
2269 3237 3284 3249 
2270 3776 3778 3292 
2271 1817 3355 3279 
2272 2839 3676 3248 
2273 2590 3260 2589 
2274 2057 3778 3776 
2275 1744 3779 3292 
2276 2838 3498 3492 
2277 1379 3120 1378 
2278 1573 3256 1020 
2279 1035 2381 1034 
2280 3982 4044 2924 
2281 1846 3653 1849 
2282 2797 3764 3239 
2283 3342 3347 3343 
2284 1277 3864 1276 
2285 3427 3777 3426 
2286 3239 3770 2797 
2287 1083 1634 1082 
2288 3492 3523 2838 
2289 3343 3347 1907 
2290 3402 3796 3403 
2291 2539 3102 2923 
2292 1826 3746 3249 
2293 3177 4253 2526 
2294 3248 3676 2256 
2295 1995 3600 3523 
2296 2131 3324 2135 
2297 2135 3324 3261 
2298 2160 3172 3106 
2299 1164 2776 1163 
2300 3523 3600 2838 
2301 2592 3347 3342 
2302 3285 3381 1831 
2303 3042 3161 3083 
2304 1071 1615 1070 
2305 1064 2513 1063 
2306 1033 2885 1606 
2307 3175 3184 3178 
2308 1295 2198 1294 
2309 1130 1628 1129 
2310 1251 1588 1250 
2311 1826 3285 1825 
2312 3062 3105 3027 
2313 1081 1581 1080 
2314 1849 3266 1851 
2315 1241 4064 3127 
2316 1170 1600 1169 
2317 3278 3290 2211 
2318 1849 3653 3266 
2319 2796 3322 3299 
2320 3250 3600 1995 
2321 2147 3671 3255 
2322 1283 3154 1282 
2323 1172 2171 1171 
2324 1602 2718 1072 
2325 1887 3760 2256 
2326 1377 3122 2490 
2327 1995 3654 3250 
2328 3260 3299 2589 
2329 3238 3755 2573 
2330 2573 3758 2219 
2331 1191 1627 1190 
2332 2071 3668 3654 
2333 1622 2991 2990 
2334 3183 3845 3132 
2335 3209 4006 4005 
2336 3077 4082 3390 
2337 2636 3549 3544 
2338 1104 1587 1103 
2339 3755 3758 2573 
2340 2991 2993 2992 
2341 1851 3266 1855 
2342 3254 3668 2071 
2343 2160 3106 1054 
2344 1109 2159 1108 
2345 2996 3002 3001 
2346 3654 3668 3250 
2347 1317 1584 1316 
2348 1031 1637 1030 
2349 2128 3736 3671 
2350 1881 3464 3274 
2351 1168 2385 1167 
2352 3475 3711 3383 
2353 1227 1572 1226 
2354 3262 3288 1855 
2355 3277 3290 3278 
2356 1353 1617 1352 
2357 1138 3185 1137 
2358 2924 4218 2728 
2359 2570 3293 3290 
2360 2342 3315 2661 
2361 1766 3854 3761 
2362 1997 3700 3688 
2363 1855 3266 3262 
2364 1079 1570 1078 
2365 3239 3831 3770 
2366 2135 3660 3643 
2367 1998 3724 3723 
2368 2133 3324 2131 
2369 3723 3724 3265 
2370 2580 3738 3284 
2371 1568 2753 994 
2372 2136 3661 2133 
2373 2005 3689 3670 
2374 1229 1613 1228 
2375 2071 3688 3254 
2376 3219 3908 1647 
2377 1029 1603 1028 
2378 3257 3700 1997 
2379 2796 3299 3260 
2380 3316 3871 3867 
2381 2618 3396 3395 
2382 3670 3689 3275 
2383 3342 3361 2592 
2384 3258 3788 2790 
2385 1193 1589 1192 
2386 1020 3256 1019 
2387 3313 3314 2591 
2388 1248 2988 1247 
2389 3038 3283 3282 
2390 1724 3613 3446 
2391 1628 2792 1129 
2392 1219 1625 1218 
2393 2639 3405 3286 
2394 1311 3228 1621 
2395 3314 3315 2591 
2396 3267 3269 2362 
2397 1186 2474 1185 
2398 2840 3656 3447 
2399 3284 3738 3285 
2400 3688 3700 3254 
2401 1610 3234 3230 
2402 1848 3653 1846 
2403 3395 3475 2618 
2404 2076 3718 3710 
2405 3261 3660 2135 
2406 2072 3444 3438 
2407 2618 3505 3396 
2408 2362 3287 3267 
2409 1174 1604 1173 
2410 3315 3316 2661 
2411 2790 3816 2052 
2412 1079 2723 1570 
2413 1348 1662 1347 
2414 3643 3660 2862 
2415 2843 3662 3330 
2416 3396 3505 3397 
2417 3493 3548 3384 
2418 1147 3060 1146 
2419 1610 3230 1084 
2420 3012 3904 3013 
2421 2591 3356 3313 
2422 2286 3287 2289 
2423 2581 3312 2458 
2424 1351 1575 1350 
2425 1158 3111 1157 
2426 1876 3584 3385 
2427 2005 3659 3447 
2428 1137 1601 1136 
2429 3038 3282 2037 
2430 2234 3361 2236 
2431 3384 3548 3385 
2432 3381 3738 2216 
2433 1212 2785 1211 
2434 3438 3443 2072 
2435 1723 3445 1726 
2436 1724 3446 3445 
2437 3279 3767 3259 
2438 2591 3315 2342 
2439 1606 3196 1032 
2440 1165 4013 1164 
2441 3276 3299 1969 
2442 3277 3452 2570 
2443 1613 2553 1228 
2444 2249 3340 3338 
2445 3397 3505 2572 
2446 1818 3746 1826 
2447 1073 1602 1072 
2448 1033 1606 1032 
2449 3753 3866 3311 
2450 3320 3584 3552 
2451 1289 2710 1288 
2452 1145 3121 1144 
2453 2005 3670 3659 
2454 1103 3049 1102 
2455 1263 3211 1262 
2456 1189 2964 1188 
2457 2572 3549 3397 
2458 2575 3309 3308 
2459 1085 1610 1084 
2460 2285 3287 2286 
2461 1997 3710 3257 
2462 3444 3766 3737 
2463 2374 3153 2349 
2464 3265 3718 2076 
2465 3385 3548 1876 
2466 3274 3549 2636 
2467 1219 3101 1625 
2468 3289 3293 1782 
2469 1781 3293 1886 
2470 2575 3308 3307 
2471 3544 3549 2572 
2472 2289 3287 2362 
2473 1234 1631 1233 
2474 2133 3661 3324 
2475 1942 3721 1998 
2476 3274 3465 1881 
2477 1130 3209 1628 
2478 1367 1590 1366 
2479 1350 3390 1349 
2480 3299 3322 1969 
2481 3286 3405 3329 
2482 2582 3288 2584 
2483 1612 3180 1159 
2484 3348 3567 3398 
2485 978 1663 977 
2486 3867 3871 1795 
2487 2584 3288 3262 
2488 1969 3398 3276 
2489 3436 3443 3438 
2490 3442 3500 3479 
2491 1125 2963 1124 
2492 1355 2954 2756 
2493 1998 3721 3280 
2494 1311 1621 1310 
2495 3338 3345 2249 
2496 1946 3709 2079 
2497 3331 3500 3442 
2498 1351 2707 1575 
2499 3313 3356 2168 
2500 3291 3355 1817 
2501 3656 3716 1838 
2502 1249 1664 1248 
2503 3002 3005 3004 
2504 1772 3443 3436 
2505 2500 3040 1110 
2506 2371 3147 1065 
2507 3552 3584 1876 
2508 2906 3267 2579 
2509 3464 3549 3274 
2510 1931 3840 3281 
2511 3330 3662 2162 
2512 3447 3659 2840 
2513 2896 4117 3158 
2514 2841 3465 3274 
2515 2592 3361 2234 
2516 3202 3205 2371 
2517 973 1630 972 
2518 1886 3293 2570 
2519 1724 3445 1723 
2520 1184 1654 1183 
2521 3710 3718 3257 
2522 1024 1635 1023 
2523 2249 3361 3340 
2524 2312 2349 2311 
2525 2467 3759 2452 
2526 3360 3674 2765 
2527 3322 3521 3349 
2528 2796 3521 3322 
2529 2027 2028 2026 
2530 2123 3671 2147 
2531 1784 3289 1782 
2532 2872 3683 3286 
2533 1824 3329 1816 
2534 2505 3650 3469 
2535 997 1629 996 
2536 3231 3233 3232 
2537 2841 3608 3465 
2538 1950 3685 1996 
2539 1853 3585 1861 
2540 2441 3516 3377 
2541 997 3195 1629 
2542 1111 2500 1110 
2543 2847 3566 3400 
2544 1160 3245 1612 
2545 2350 2374 2349 
2546 999 2203 998 
2547 3251 3302 2583 
2548 2914 3071 1235 
2549 2596 3346 2951 
2550 1253 1562 1252 
2551 2458 3312 2575 
2552 1195 2172 1194 
2553 1585 2933 1075 
2554 2025 2026 2024 
2555 2575 3307 2356 
2556 2157 3306 2029 
2557 1788 1800 1787 
2558 2791 3258 2790 
2559 1708 3500 3331 
2560 3300 3301 2581 
2561 1162 1652 1161 
2562 2348 3449 2596 
2563 1772 3436 3435 
2564 2079 3709 3294 
2565 2654 3686 3295 
2566 2025 2027 2026 
2567 2037 3282 2033 
2568 3395 3711 3475 
2569 1726 3445 2072 
2570 1212 3229 2785 
2571 3282 3283 2157 
2572 3398 3567 3276 
2573 3461 3462 2934 
2574 1236 2914 1235 
2575 3365 3807 3364 
2576 1160 1612 1159 
2577 3545 3636 2637 
2578 3023 3490 1605 
2579 3009 3010 1588 
2580 995 1568 994 
2581 3435 3439 1772 
2582 1003 1611 1002 
2583 1172 3030 2171 
2584 1335 2421 1334 
2585 1269 2383 1268 
2586 1374 3052 1373 
2587 2871 3455 3392 
2588 3392 3455 2064 
2589 2236 3361 2249 
2590 2819 3718 3265 
2591 3281 3840 3835 
2592 2103 3378 2201 
2593 2459 3300 2581 
2594 1144 2705 1143 
2595 3358 3551 3366 
2596 1782 3293 1781 
2597 2062 3320 2050 
2598 3295 3686 2056 
2599 2995 2996 2994 
2600 3442 3479 2616 
2601 3495 3755 3238 
2602 1377 2490 1376 
2603 2906 3268 3267 
2604 3400 3566 2224 
2605 2841 3652 3608 
2606 2905 2906 2579 
2607 2209 2469 2347 
2608 2570 3452 1888 
2609 3461 3463 3462 
2610 2356 3307 2108 
2611 1365 2202 1364 
2612 2106 3618 2351 
2613 1007 1594 1006 
2614 3469 3650 2851 
2615 2248 3344 2316 
2616 3590 3628 3296 
2617 1368 3014 1367 
2618 1605 3490 2552 
2619 3671 3736 3255 
2620 2759 4128 2757 
2621 1321 1583 1320 
2622 1081 2773 1581 
2623 1568 3129 2753 
2624 1231 2492 1230 
2625 2312 2350 2349 
2626 2280 2282 2281 
2627 2076 3723 3265 
2628 1806 3291 1817 
2629 3447 3656 1690 
2630 1996 3685 3321 
2631 1302 1626 1301 
2632 2466 2754 2374 
2633 2583 3302 2469 
2634 3334 3335 2319 
2635 3377 3516 3376 
2636 2726 3130 2359 
2637 2255 3636 3545 
2638 2469 2501 2347 
2639 2469 3302 2501 
2640 2104 3378 2103 
2641 1804 3817 3815 
2642 3302 3303 2501 
2643 1346 1592 1345 
2644 2300 2314 2303 
2645 1754 3297 2068 
2646 3130 3522 2359 
2647 1801 1802 1800 
2648 2823 3700 3257 
2649 3290 3293 3289 
2650 2021 2791 2790 
2651 1373 2721 1372 
2652 3340 3361 3342 
2653 1585 2934 2933 
2654 2280 2283 2282 
2655 1786 1787 1784 
2656 3460 3461 2934 
2657 1810 2025 2024 
2658 3608 3652 2007 
2659 1102 1607 1101 
2660 979 3133 978 
2661 2596 3449 3346 
2662 2575 3312 3309 
2663 1786 1788 1787 
2664 2238 3345 2240 
2665 3329 3405 1816 
2666 2437 3325 2559 
2667 3296 3628 2521 
2668 1757 1758 1756 
2669 1091 1580 1090 
2670 2169 3039 3038 
2671 2169 3038 2037 
2672 1800 3332 2211 
2673 3359 3593 3526 
2674 2289 2362 2291 
2675 2324 3323 2327 
2676 2282 3449 2348 
2677 1834 3329 1824 
2678 2031 2157 2029 
2679 2579 3287 2285 
2680 1810 2024 1808 
2681 2294 3674 3360 
2682 1907 3692 3343 
2683 2021 2790 2052 
2684 2087 3320 2062 
2685 3298 3499 2066 
2686 3322 3349 1964 
2687 1091 3074 1580 
2688 1057 2663 1056 
2689 2212 3348 2010 
2690 3366 3551 2799 
2691 2351 3468 2525 
2692 2791 3452 3277 
2693 1027 1577 1026 
2694 2028 3306 2040 
2695 1039 2680 1038 
2696 3816 3835 2052 
2697 1017 1564 1016 
2698 3284 3285 1826 
2699 2021 3452 2791 
2700 2607 3441 3376 
2701 2246 3334 2319 
2702 2849 3599 3357 
2703 1111 2942 2500 
2704 2459 2581 2458 
2705 2589 3299 3276 
2706 2213 3356 2591 
2707 1323 1636 1322 
2708 2282 2348 2281 
2709 1015 1633 1014 
2710 1201 2931 1200 
2711 3280 3721 3719 
2712 1097 3097 1096 
2713 2672 3300 2459 
2714 2308 2736 2310 
2715 3382 3574 2842 
2716 1180 1609 1179 
2717 2582 2583 2469 
2718 1089 1665 1088 
2719 2178 2377 2179 
2720 1325 2531 1324 
2721 2377 2520 2378 
2722 2281 3404 2278 
2723 3334 3345 3335 
2724 3305 3843 2874 
2725 2280 2281 2278 
2726 2357 2459 2458 
2727 1855 3585 1853 
2728 2249 3345 2238 
2729 3275 3689 2110 
2730 2028 2040 2039 
2731 3309 3310 3308 
2732 1614 3174 1177 
2733 2201 3378 2487 
2734 2209 2347 2208 
2735 2280 3578 2283 
2736 1012 1597 1011 
2737 2090 3356 2213 
2738 1267 2907 1266 
2739 1803 1806 1802 
2740 2827 3668 3254 
2741 2552 3047 2908 
2742 3363 3365 3364 
2743 1964 3349 1961 
2744 2283 2285 2284 
2745 2205 2536 1290 
2746 2373 3388 2089 
2747 2279 2280 2278 
2748 2661 3351 2343 
2749 1800 2211 1787 
2750 2330 3357 2328 
2751 2769 3206 2770 
2752 2178 2179 2151 
2753 2377 2378 2179 
2754 2585 3404 2281 
2755 3640 3644 2439 
2756 3198 3200 1564 
2757 3415 3487 3082 
2758 3319 3320 2087 
2759 1157 1591 1156 
2760 3968 4249 1611 
2761 2305 3628 3590 
2762 2962 3190 2915 
2763 2209 2582 2469 
2764 2554 3619 2358 
2765 2322 3323 2324 
2766 2913 3104 2614 
2767 2310 2311 2309 
2768 3354 3355 3291 
2769 1564 3098 1016 
2770 1613 2555 2553 
2771 2240 3345 3334 
2772 1099 1608 1098 
2773 2791 3259 3258 
2774 3667 3677 3360 
2775 2584 3090 2583 
2776 3308 3313 2168 
2777 1788 1801 1800 
2778 3470 3515 3471 
2779 2766 2769 2768 
2780 3317 3391 2717 
2781 2007 3409 1922 
2782 2582 3616 3288 
2783 1807 1808 1806 
2784 1970 3701 3695 
2785 2764 2766 2765 
2786 3471 3515 3434 
2787 2177 2178 2151 
2788 1319 1566 1318 
2789 2394 3386 3319 
2790 2669 3363 2317 
2791 1375 1576 1374 
2792 2962 3191 3190 
2793 3090 3251 2583 
2794 1019 1651 1018 
2795 2357 2458 2356 
2796 2592 3597 3347 
2797 1852 3352 3333 
2798 2061 3616 2063 
2799 1955 3358 1954 
2800 2669 3365 3363 
2801 1954 3366 2074 
2802 2613 2614 2604 
2803 3335 3345 3338 
2804 3358 3366 1954 
2805 2274 2276 2275 
2806 3338 3339 3337 
2807 3526 3593 2844 
2808 2010 3348 1974 
2809 2150 2151 2141 
2810 2072 3445 3444 
2811 2487 3025 3024 
2812 3335 3337 3336 
2813 3366 3647 2074 
2814 2870 2872 2444 
2815 3340 3341 3339 
2816 1106 1619 1105 
2817 3309 3311 3310 
2818 1019 3256 1651 
2819 2844 3597 3526 
2820 1880 3359 1917 
2821 1836 2444 1834 
2822 1755 1757 1756 
2823 2355 2356 2108 
2824 2872 3286 2444 
2825 1087 1586 1086 
2826 1282 2462 1281 
2827 1962 3502 3484 
2828 1355 2756 1354 
2829 2764 2765 2763 
2830 2769 2770 2768 
2831 1343 3141 1567 
2832 3376 3516 2607 
2833 2232 3597 2592 
2834 3352 3353 3333 
2835 2303 2308 2304 
2836 1127 3089 1126 
2837 1808 3291 1806 
2838 2723 3123 1570 
2839 2270 2857 2554 
2840 2283 2284 2282 
2841 2961 3368 2958 
2842 3342 3343 3341 
2843 3373 3375 3374 
2844 971 1595 970 
2845 2582 2584 2583 
2846 2351 3618 3468 
2847 2277 2278 2276 
2848 1237 2702 1236 
2849 3278 3279 3259 
2850 3307 3308 2168 
2851 2031 3282 2157 
2852 2300 2303 2301 
2853 2276 3404 2372 
2854 2766 2768 2765 
2855 2393 2394 2174 
2856 2212 3567 3348 
2857 1886 2570 1888 
2858 3874 3875 1837 
2859 2520 3325 2378 
2860 2035 2037 2033 
2861 2951 3053 2950 
2862 2141 3661 2136 
2863 1755 1756 1754 
2864 2802 3779 2804 
2865 3335 3336 2319 
2866 2355 2357 2356 
2867 3373 3374 2161 
2868 3285 3738 3381 
2869 1772 3439 1732 
2870 2333 3357 2330 
2871 2731 2911 2601 
2872 1343 1567 1342 
2873 2958 3368 1569 
2874 3348 3398 1967 
2875 3319 3584 3320 
2876 1593 3070 1095 
2877 1256 1616 1255 
2878 3353 3713 3708 
2879 2317 3363 2167 
2880 3350 3474 2526 
2881 2393 2395 2394 
2882 2310 2312 2311 
2883 3843 3847 2874 
2884 2174 3319 2087 
2885 2443 3371 2801 
2886 3335 3338 3337 
2887 2095 3392 2064 
2888 2348 2596 2586 
2889 2024 3354 3291 
2890 2027 2029 2028 
2891 1696 3373 2161 
2892 2131 2135 2129 
2893 3484 3502 3406 
2894 1620 2473 2472 
2895 2090 2213 2212 
2896 3338 3340 3339 
2897 2276 2372 2275 
2898 1809 1810 1808 
2899 1732 3439 1734 
2900 2285 2286 2284 
2901 2004 3379 2001 
2902 2487 3024 2527 
2903 1614 3176 3174 
2904 3268 3269 3267 
2905 2029 3306 2028 
2906 2350 2466 2374 
2907 2140 2141 2136 
2908 2045 3380 1920 
2909 2011 2090 2010 
2910 3435 3494 3439 
2911 3340 3342 3341 
2912 1010 3165 1009 
2913 2602 2731 2601 
2914 2108 3307 2093 
2915 1068 1632 1067 
2916 1960 2042 2041 
2917 2312 2544 2350 
2918 1009 1563 1008 
2919 2395 2397 2394 
2920 1053 1622 1052 
2921 1917 3359 1988 
2922 2395 2398 2397 
2923 3378 3625 3025 
2924 2623 3275 2645 
2925 2762 2764 2763 
2926 1017 3198 1564 
2927 1659 3318 3317 
2928 1831 3381 1857 
2929 2596 2951 2950 
2930 2213 2342 2214 
2931 2458 2575 2356 
2932 3823 3827 3543 
2933 2437 2559 2558 
2934 2089 3388 2004 
2935 2127 2129 2128 
2936 1758 3367 1765 
2937 1178 1614 1177 
2938 2316 3402 2250 
2939 2783 3326 3017 
2940 1055 2160 1054 
2941 2283 3578 2478 
2942 1854 3352 1852 
2943 1759 1760 1758 
2944 2507 2597 2509 
2945 2246 2319 2248 
2946 3331 3574 1708 
2947 2671 2672 2459 
2948 1626 3201 2898 
2949 2091 3356 2090 
2950 2042 2085 2043 
2951 1758 1765 1756 
2952 981 3222 980 
2953 2342 2661 2343 
2954 2085 2317 2167 
2955 2600 2601 2599 
2956 1712 3574 3382 
2957 1920 3380 1883 
2958 2274 2275 2273 
2959 2378 3325 2437 
2960 2403 3475 2401 
2961 2960 2961 2958 
2962 1586 2915 1086 
2963 2168 3356 2091 
2964 2090 2212 2010 
2965 1814 3487 3415 
2966 2042 2043 2041 
2967 2431 2849 2339 
2968 3326 3327 3017 
2969 2319 3344 2248 
2970 2663 3043 1056 
2971 3347 3597 2844 
2972 2380 3387 2595 
2973 2398 2399 2397 
2974 1908 2216 1989 
2975 1700 3441 1767 
2976 1960 2041 1958 
2977 2693 3496 2690 
2978 2361 2452 2095 
2979 1309 1569 1308 
2980 3439 3494 3417 
2981 2398 2400 2399 
2982 2082 2190 2070 
2983 2093 2168 2091 
2984 3294 3709 3703 
2985 2009 2010 1974 
2986 1974 3348 1967 
2987 2213 2214 2212 
2988 2596 2950 2586 
2989 2167 3363 2442 
2990 2272 2274 2273 
2991 1734 3439 3417 
2992 2085 2167 2043 
2993 2577 2681 2590 
2994 2584 3091 3090 
2995 2011 2091 2090 
2996 2056 3686 3681 
2997 1806 1817 1802 
2998 1767 3441 2607 
2999 2127 2128 2125 
3000 3363 3364 2442 
3001 3377 3644 3640 
3002 1341 3159 1340 
3003 3135 3136 3134 
3004 1802 3332 1800 
3005 2155 3387 2380 
3006 2242 3334 2246 
3007 2930 2946 2945 
3008 2681 2797 2590 
3009 3380 3524 2868 
3010 1989 3413 1909 
3011 1965 1969 1964 
3012 1861 3585 2061 
3013 2460 2669 2317 
3014 1959 1960 1958 
3015 2318 2460 2317 
3016 2072 3443 1728 
3017 2123 2147 2121 
3018 2511 2887 2512 
3019 2640 3407 2641 
3020 2980 2982 1589 
3021 1796 3399 1820 
3022 3514 3530 3412 
3023 2342 2343 2214 
3024 2289 2291 2290 
3025 1969 3322 1964 
3026 2365 3410 2647 
3027 1217 2660 1216 
3028 2004 3388 3379 
3029 2832 2834 2833 
3030 2046 3394 1872 
3031 2834 2836 2835 
3032 1836 2870 2444 
3033 1756 3297 1754 
3034 1954 2074 1952 
3035 2138 3481 2142 
3036 1340 1579 1339 
3037 3376 3441 2161 
3038 2191 2390 2190 
3039 2830 2832 2831 
3040 2305 3590 3393 
3041 2392 2393 2174 
3042 1963 1964 1961 
3043 2150 2177 2151 
3044 1961 3349 1960 
3045 1890 2021 1892 
3046 2641 3407 2644 
3047 1862 1863 1854 
3048 2263 3406 2044 
3049 3445 3446 3444 
3050 3267 3287 2579 
3051 3788 3816 2790 
3052 2348 2586 2585 
3053 2361 2467 2452 
3054 1762 2049 1760 
3055 1021 1573 1020 
3056 3402 3403 2882 
3057 2552 3490 3047 
3058 2982 2985 1589 
3059 2046 3395 3394 
3060 2487 3378 3025 
3061 2093 3307 2168 
3062 2343 3351 2577 
3063 2842 3574 3331 
3064 2041 3551 3358 
3065 2308 2310 2309 
3066 1565 3606 2944 
3067 3442 3662 2843 
3068 1757 1759 1758 
3069 3422 3424 3423 
3070 1616 3152 1255 
3071 2733 3606 1565 
3072 2462 3087 1281 
3073 2009 2011 2010 
3074 1279 2540 1278 
3075 1988 2228 2104 
3076 2644 3407 2779 
3077 2028 2039 2026 
3078 1921 2000 1920 
3079 3425 3426 3424 
3080 1821 3512 3487 
3081 2400 2401 2399 
3082 1792 3399 1796 
3083 2213 2591 2342 
3084 1331 1623 1330 
3085 2644 2779 2778 
3086 1958 3358 1955 
3087 2267 3406 2263 
3088 2394 3319 2174 
3089 2063 2209 2208 
3090 1950 1996 1948 
3091 1206 2574 1205 
3092 2464 3402 2882 
3093 2140 2150 2141 
3094 3374 3376 2161 
3095 1838 3375 3373 
3096 1760 3367 1758 
3097 1971 3409 2105 
3098 2278 3404 2276 
3099 1861 1862 1854 
3100 1618 2979 1142 
3101 1850 3333 1929 
3102 1787 3289 1784 
3103 3288 3585 1855 
3104 2296 2300 2298 
3105 2832 2833 2831 
3106 2250 3402 2464 
3107 1764 3456 1762 
3108 2400 2402 2401 
3109 2505 3469 2507 
3110 1908 3381 2216 
3111 1852 3333 1850 
3112 2707 2708 1575 
3113 1761 1762 1760 
3114 2339 3357 2333 
3115 1946 2079 1944 
3116 2274 2277 2276 
3117 2836 2839 2837 
3118 3516 3529 3399 
3119 1585 3460 2934 
3120 2216 2218 2217 
3121 1179 3145 1178 
3122 1844 3416 1848 
3123 2167 2442 2215 
3124 2000 2155 2045 
3125 3436 3437 3427 
3126 2126 2127 2125 
3127 2834 2835 2833 
3128 2647 3406 2267 
3129 2201 2487 2486 
3130 1951 1952 1950 
3131 2618 3475 2403 
3132 1853 1854 1852 
3133 2600 2602 2601 
3134 1880 3593 3359 
3135 3374 3377 3376 
3136 3364 3372 3371 
3137 3417 3418 1790 
3138 2218 2580 2573 
3139 2836 2837 2835 
3140 2224 3566 2222 
3141 1885 1920 1883 
3142 2441 3529 3516 
3143 1762 3456 2049 
3144 2001 3379 2000 
3145 2414 2415 2411 
3146 1959 1961 1960 
3147 1769 1770 1764 
3148 3382 3497 1712 
3149 1857 3381 1908 
3150 2653 3411 2445 
3151 2155 2380 2176 
3152 2959 2960 2958 
3153 2216 2217 1989 
3154 1988 3359 2228 
3155 1995 3523 1900 
3156 2286 2289 2288 
3157 1566 2757 1318 
3158 1694 3373 1696 
3159 2580 3238 2573 
3160 3031 3032 1272 
3161 2375 2715 2551 
3162 1763 1764 1762 
3163 1949 1950 1948 
3164 2604 2605 2603 
3165 2378 2437 2436 
3166 2365 2647 2267 
3167 1960 3349 2042 
3168 2398 2420 2400 
3169 2478 2579 2285 
3170 1963 1965 1964 
3171 2240 3334 2242 
3172 2830 2831 2829 
3173 2464 2882 2880 
3174 2888 2891 2890 
3175 2694 3362 2693 
3176 2762 2763 2425 
3177 2399 3383 2571 
3178 2692 2693 2690 
3179 2218 2573 2219 
3180 2577 3351 2681 
3181 2085 2318 2317 
3182 1953 1954 1952 
3183 2849 3357 2339 
3184 2843 3330 2656 
3185 2801 3292 2802 
3186 2361 3401 2467 
3187 1884 2868 2867 
3188 2577 2590 2589 
3189 3418 3422 3420 
3190 1005 1571 1004 
3191 2380 2528 2518 
3192 2399 2571 2397 
3193 1947 1948 1946 
3194 2343 2577 2576 
3195 1886 1888 1887 
3196 1768 1769 1764 
3197 2412 2414 2411 
3198 2248 2316 2250 
3199 2000 3379 2155 
3200 3395 3396 3394 
3201 1885 1921 1920 
3202 1942 1998 1940 
3203 2003 2004 2001 
3204 2941 3046 2939 
3205 2318 2461 2460 
3206 3458 3478 3428 
3207 1736 3417 1790 
3208 2783 3017 3016 
3209 2242 2246 2244 
3210 2096 2361 2095 
3211 2124 2125 2123 
3212 1785 1786 1784 
3213 1692 1838 1694 
3214 2277 2279 2278 
3215 2898 2899 2668 
3216 2539 2923 1661 
3217 2599 3467 2483 
3218 1988 2104 2103 
3219 3422 3425 3424 
3220 2452 3392 2095 
3221 2828 2830 2829 
3222 1888 3452 1890 
3223 3422 3423 3420 
3224 1909 3413 1934 
3225 3497 3536 2047 
3226 2957 2958 1569 
3227 2393 3369 2396 
3228 3383 3384 2571 
3229 2078 3515 3470 
3230 2033 3282 2031 
3231 2273 3474 2197 
3232 1957 1958 1955 
3233 1770 3456 1764 
3234 2246 2248 2247 
3235 1698 3441 1700 
3236 2228 2229 2104 
3237 2839 3248 2837 
3238 1838 3373 1694 
3239 2324 2326 2325 
3240 2219 2375 2344 
3241 1859 3412 1885 
3242 3487 3512 3082 
3243 1801 1803 1802 
3244 1792 1796 1793 
3245 2445 3411 2188 
3246 3425 3427 3426 
3247 2024 3291 1808 
3248 1945 1946 1944 
3249 2443 2801 2800 
3250 2393 2396 2395 
3251 1730 3443 1772 
3252 2654 3295 2652 
3253 1921 2001 2000 
3254 1796 1813 1797 
3255 3352 3570 3353 
3256 1872 3394 1874 
3257 1820 1821 1813 
3258 1858 1859 1828 
3259 1827 1828 1821 
3260 2494 2498 2226 
3261 3379 3387 2155 
3262 2397 3386 2394 
3263 2097 2604 2603 
3264 2340 2431 2339 
3265 3514 3566 2846 
3266 2607 3399 1792 
3267 2306 2480 2313 
3268 2511 2512 2510 
3269 2402 2403 2401 
3270 2354 2355 2108 
3271 1696 2161 1698 
3272 2846 3566 2847 
3273 2846 3530 3514 
3274 2335 2339 2333 
3275 3277 3278 3259 
3276 2779 2780 2778 
3277 2975 3188 2733 
3278 2016 3453 2184 
3279 2106 2351 2175 
3280 1096 1593 1095 
3281 2630 2632 2631 
3282 2122 2123 2121 
3283 1917 1988 1987 
3284 1859 1883 1860 
3285 2887 2888 2512 
3286 3436 3438 3437 
3287 3458 3510 2078 
3288 1066 3202 2371 
3289 2380 2595 2528 
3290 2612 2760 2611 
3291 1971 2105 1975 
3292 2218 2219 2217 
3293 1874 1879 1877 
3294 1813 1814 1797 
3295 2226 3400 2224 
3296 2768 3360 2765 
3297 1879 3464 1877 
3298 2638 2747 2637 
3299 1840 3415 2051 
3300 1915 2007 1922 
3301 2021 2052 1892 
3302 2559 2560 2558 
3303 2417 3482 2406 
3304 1796 1797 1793 
3305 2000 2045 1920 
3306 2831 3600 3250 
3307 2003 2088 2004 
3308 2173 2174 2087 
3309 2959 3126 2960 
3310 1700 1767 1702 
3311 2867 3223 3081 
3312 2402 2404 2403 
3313 1851 1852 1850 
3314 3141 3142 1567 
3315 1859 1885 1883 
3316 1934 3413 2106 
3317 3585 3616 2061 
3318 2041 3358 1958 
3319 2446 2654 2652 
3320 2401 3475 3383 
3321 3422 3494 3425 
3322 1857 1908 1904 
3323 2286 2287 2284 
3324 1827 1858 1828 
3325 1884 3380 2868 
3326 1835 1836 1834 
3327 1957 1959 1958 
3328 1820 1827 1821 
3329 2274 3542 2277 
3330 2271 2272 2197 
3331 2483 3467 2484 
3332 1883 3380 1884 
3333 1965 3398 1969 
3334 1858 3412 1859 
3335 2088 2089 2004 
3336 2013 3453 2016 
3337 2378 2436 2179 
3338 1814 3415 1840 
3339 1934 2106 2094 
3340 2220 3412 1858 
3341 1870 2046 1872 
3342 1938 2076 1936 
3343 2498 3400 2226 
3344 2481 2482 2480 
3345 2706 2913 2614 
3346 1767 1792 1791 
3347 1992 2012 1993 
3348 2259 2852 2257 
3349 2957 2959 2958 
3350 1796 1820 1813 
3351 2692 2694 2693 
3352 2617 3456 1770 
3353 1734 3417 1736 
3354 2065 2095 2064 
3355 2259 3448 2866 
3356 3320 3552 2050 
3357 1792 1793 1791 
3358 2012 2013 1993 
3359 1767 2607 1792 
3360 2291 2292 2290 
3361 2822 2824 2823 
3362 1943 1944 1942 
3363 2142 3481 2156 
3364 2161 3441 1698 
3365 1850 1929 1847 
3366 2446 2652 2445 
3367 2476 3410 2365 
3368 2603 3453 2012 
3369 2272 2273 2197 
3370 3375 3644 3374 
3371 2658 3389 1785 
3372 2357 2671 2459 
3373 2824 2826 2825 
3374 1696 1698 1697 
3375 2828 2829 2827 
3376 2034 2035 2033 
3377 1700 1702 1701 
3378 1698 1700 1699 
3379 2386 3473 3095 
3380 2013 2016 2015 
3381 3310 3314 3313 
3382 2820 2822 2821 
3383 2016 2017 2015 
3384 2826 2827 2825 
3385 1728 3443 1730 
3386 1983 1992 1984 
3387 1877 3464 1881 
3388 2308 2309 2304 
3389 2300 2301 2298 
3390 2763 3485 2425 
3391 1740 3478 3458 
3392 1922 3409 1971 
3393 1686 2005 1688 
3394 2299 2302 2297 
3395 2840 3716 3656 
3396 2824 2825 2823 
3397 1721 1724 1723 
3398 1730 1772 1732 
3399 2228 2230 2229 
3400 1076 1585 1075 
3401 2016 2018 2017 
3402 2826 2828 2827 
3403 2106 2175 2094 
3404 1375 2751 1576 
3405 1813 3487 1814 
3406 2306 2481 2480 
3407 1694 1696 1695 
3408 1840 2051 1842 
3409 1859 1860 1828 
3410 2509 2511 2510 
3411 1883 1884 1860 
3412 2035 2038 2037 
3413 2442 3371 2443 
3414 1818 1826 1825 
3415 1992 1993 1984 
3416 2386 3095 3065 
3417 2491 3124 2431 
3418 1884 2867 2440 
3419 2528 3459 2518 
3420 2299 2306 2302 
3421 3418 3420 3419 
3422 2818 2820 2819 
3423 3397 3464 1879 
3424 3349 3521 2042 
3425 1767 1791 1702 
3426 2222 3514 2220 
3427 2167 2215 2043 
3428 3510 3515 2078 
3429 3377 3640 2441 
3430 2013 2015 2014 
3431 2163 2445 2188 
3432 2822 2823 2821 
3433 2085 3521 2318 
3434 2483 2484 2482 
3435 1810 2639 2025 
3436 1713 1716 1715 
3437 3425 3494 3435 
3438 2444 3329 1834 
3439 2155 2176 2045 
3440 2447 2662 2646 
3441 2163 2446 2445 
3442 3364 3371 2442 
3443 2401 3383 2399 
3444 2163 2188 2067 
3445 3383 3711 3384 
3446 2780 2930 2929 
3447 2695 2696 2694 
3448 2166 3450 2615 
3449 1870 1872 1871 
3450 1586 2962 2915 
3451 2404 2417 2406 
3452 2289 2290 2288 
3453 1949 1951 1950 
3454 2127 2130 2129 
3455 2236 2249 2238 
3456 1980 3457 1985 
3457 2012 3453 2013 
3458 2259 2866 2852 
3459 1814 1840 1839 
3460 1874 1877 1875 
3461 2225 2226 2224 
3462 1989 3519 3413 
3463 2410 2411 2409 
3464 2299 3588 3550 
3465 2303 2304 2301 
3466 1781 1886 1819 
3467 3406 3502 2044 
3468 2875 3804 3735 
3469 2612 3474 3350 
3470 1716 1794 1717 
3471 2652 2653 2445 
3472 1983 1984 1982 
3473 3412 3530 1885 
3474 2518 2956 2519 
3475 2151 3614 2141 
3476 1982 3457 1980 
3477 2291 2293 2292 
3478 2130 2131 2129 
3479 1877 1881 1878 
3480 1890 3452 2021 
3481 1874 3394 1879 
3482 2306 2313 2302 
3483 2107 2108 2093 
3484 2047 2163 2067 
3485 1872 1874 1873 
3486 1868 3493 1870 
3487 1333 1598 1332 
3488 1908 1989 1909 
3489 2686 2874 2684 
3490 2666 2670 2455 
3491 2816 2818 2817 
3492 2442 2443 2215 
3493 2188 3411 2447 
3494 2196 2611 2194 
3495 2248 2250 2247 
3496 2930 2945 2929 
3497 1947 1949 1948 
3498 1702 1703 1701 
3499 2227 2494 2226 
3500 2820 2821 2819 
3501 2404 2405 2403 
3502 2842 2843 2656 
3503 1700 1701 1699 
3504 1155 2532 1154 
3505 2156 2630 2427 
3506 3419 3478 1790 
3507 1769 1771 1770 
3508 1745 1747 1746 
3509 1886 1887 1819 
3510 1747 1749 1748 
3511 1698 1699 1697 
3512 2223 2224 2222 
3513 2598 2599 2483 
3514 2016 2184 2018 
3515 1902 1995 1900 
3516 1842 3416 1844 
3517 1696 1697 1695 
3518 2165 2453 2164 
3519 1951 1953 1952 
3520 1745 3470 1747 
3521 1862 1864 1863 
3522 2307 3346 2287 
3523 2380 2518 2176 
3524 1945 1947 1946 
3525 2221 2222 2220 
3526 3428 3478 3419 
3527 1991 2220 1858 
3528 2018 2019 2017 
3529 3418 3419 1790 
3530 1791 3479 1702 
3531 2507 3469 2597 
3532 2165 2455 2453 
3533 2655 2656 2654 
3534 2322 2324 2323 
3535 2447 3411 2662 
3536 2188 2447 2189 
3537 2288 2307 2287 
3538 1736 1790 1738 
3539 2453 3466 2648 
3540 2518 3459 2956 
3541 2425 3485 2315 
3542 1953 1955 1954 
3543 1742 3458 2078 
3544 3379 3388 3387 
3545 3394 3396 1879 
3546 1747 1748 1746 
3547 2271 2619 2272 
3548 2447 2646 2448 
3549 2414 2416 2415 
3550 1896 2066 1894 
3551 1726 2072 1728 
3552 2375 2551 2344 
3553 1626 2898 2668 
3554 3428 3510 3458 
3555 3421 3451 3430 
3556 2831 3250 2829 
3557 2841 3274 2636 
3558 2020 3473 2386 
3559 1840 1842 1841 
3560 2047 2067 1794 
3561 1740 3458 1742 
3562 2184 3473 2018 
3563 1941 1942 1940 
3564 2013 2014 1993 
3565 3321 3685 3673 
3566 2166 2615 2609 
3567 3471 3472 1780 
3568 1881 3465 1882 
3569 2565 3128 2569 
3570 1967 3398 1965 
3571 2286 2288 2287 
3572 2002 2003 2001 
3573 3417 3494 3418 
3574 2455 3466 2453 
3575 2169 3522 3039 
3576 3470 3471 1780 
3577 1688 3447 1690 
3578 2801 2802 2800 
3579 1742 2078 1745 
3580 3331 3442 2843 
3581 2005 3447 1688 
3582 1749 1750 1748 
3583 2156 3481 2630 
3584 1716 1717 1715 
3585 2022 2164 2019 
3586 2670 3466 2455 
3587 1716 2047 1794 
3588 2646 3489 3488 
3589 1828 3512 1821 
3590 2827 3254 2825 
3591 1749 1751 1750 
3592 1291 2205 1290 
3593 2818 2819 2817 
3594 2814 2816 2815 
3595 1896 3492 2066 
3596 1066 2371 1065 
3597 2318 3521 2796 
3598 2648 2875 2673 
3599 2022 2165 2164 
3600 2232 2592 2234 
3601 2197 3474 2196 
3602 2577 2589 2576 
3603 2343 2576 2214 
3604 2195 2197 2196 
3605 2284 3449 2282 
3606 2847 2848 2109 
3607 2080 3457 1982 
3608 2188 2189 2067 
3609 1747 3470 1780 
3610 2196 2612 2611 
3611 2891 2892 2890 
3612 2867 3081 2440 
3613 2598 2600 2599 
3614 2386 3065 2789 
3615 1981 1983 1982 
3616 3622 3651 3481 
3617 2097 2613 2604 
3618 1962 1963 1961 
3619 1736 1738 1737 
3620 1882 3465 1913 
3621 2195 2271 2197 
3622 1320 2932 1319 
3623 2088 3513 2207 
3624 1712 3497 1713 
3625 3435 3436 3427 
3626 2018 3473 2020 
3627 1976 3525 2084 
3628 1754 2068 1752 
3629 2003 3513 2088 
3630 2940 2941 2939 
3631 2018 2020 2019 
3632 2120 2121 2119 
3633 2017 3450 2015 
3634 1984 2080 1982 
3635 1943 1945 1944 
3636 1933 1997 1928 
3637 1745 1746 1743 
3638 3550 3588 3393 
3639 1814 1839 1797 
3640 1926 2071 1919 
3641 1771 1774 1773 
3642 1868 3548 3493 
3643 1863 3352 1854 
3644 2347 2606 2208 
3645 2447 2448 2189 
3646 2692 3440 2695 
3647 2164 3483 2019 
3648 3237 3249 2666 
3649 2078 3470 1745 
3650 1786 1805 1788 
3651 1702 3479 1703 
3652 1868 1870 1869 
3653 1774 1778 1777 
3654 1369 2181 1368 
3655 1753 1804 1755 
3656 2481 2483 2482 
3657 1738 3478 1740 
3658 3580 3598 1930 
3659 2692 2695 2694 
3660 3310 3313 3308 
3661 1887 2256 1819 
3662 2246 2247 2244 
3663 1842 1844 1843 
3664 1749 3476 1751 
3665 1742 1745 1743 
3666 1176 2535 1175 
3667 2949 3460 1585 
3668 3336 3344 2319 
3669 1613 2878 2555 
3670 1751 1752 1750 
3671 2773 2861 2774 
3672 2406 3482 2408 
3673 2796 3260 2461 
3674 2015 2166 2014 
3675 2335 2340 2339 
3676 2646 3488 2448 
3677 2412 2502 2414 
3678 1790 3478 1738 
3679 2020 2022 2019 
3680 2219 2344 2217 
3681 2616 3479 1791 
3682 2404 2406 2405 
3683 2707 2897 2708 
3684 2051 3416 1842 
3685 3547 3562 2615 
3686 1716 3497 2047 
3687 1778 1782 1781 
3688 2307 3677 3667 
3689 2446 2655 2654 
3690 2097 2603 2012 
3691 1713 3497 1716 
3692 2405 2618 2403 
3693 2068 3477 1752 
3694 1738 1740 1739 
3695 2408 2413 2410 
3696 2081 3414 2457 
3697 2967 4201 3079 
3698 3262 3263 3091 
3699 2020 2386 2023 
3700 2332 2333 2330 
3701 2270 2554 2358 
3702 3396 3397 1879 
3703 3382 3536 3497 
3704 2688 3623 3116 
3705 2209 3616 2582 
3706 2100 2373 2089 
3707 1934 2094 1990 
3708 2225 2227 2226 
3709 1783 1784 1782 
3710 2695 3158 2696 
3711 2015 3450 2166 
3712 2507 2509 2508 
3713 2578 2900 2422 
3714 2878 3240 2555 
3715 2751 2752 1576 
3716 2453 2648 2454 
3717 1827 1991 1858 
3718 2223 2225 2224 
3719 1870 3493 2046 
3720 3421 3430 3429 
3721 2691 2692 2690 
3722 2228 3526 2230 
3723 1740 1742 1741 
3724 3399 3529 1820 
3725 2647 3484 3406 
3726 1747 1780 1749 
3727 2392 3369 2393 
3728 1753 3486 1804 
3729 3676 3682 2617 
3730 2408 3482 2413 
3731 2816 2817 2815 
3732 2227 2495 2494 
3733 1266 2720 1265 
3734 2505 2507 2506 
3735 1736 1737 1735 
3736 1750 1779 1748 
3737 3420 3421 3419 
3738 2019 3483 2017 
3739 3248 3298 2837 
3740 2105 3491 1975 
3741 2615 2659 2609 
3742 3472 3476 1780 
3743 3423 3451 3420 
3744 2812 2814 2813 
3745 2113 2651 2438 
3746 2277 3542 2387 
3747 2387 2587 2279 
3748 2038 2169 2037 
3749 2008 2009 1974 
3750 1821 3487 1813 
3751 2823 3257 2821 
3752 2451 3448 2259 
3753 2293 2295 2292 
3754 1692 1694 1693 
3755 2149 3559 2346 
3756 1751 1753 1752 
3757 2538 3326 2783 
3758 2456 2666 2455 
3759 2014 3503 1993 
3760 3433 3434 3432 
3761 2526 3474 2273 
3762 1803 1807 1806 
3763 1882 1913 1912 
3764 1921 2002 2001 
3765 1738 1739 1737 
3766 1973 1974 1967 
3767 3384 3385 2571 
3768 2835 2838 2833 
3769 3476 3486 1751 
3770 3541 3568 1719 
3771 1980 1985 1978 
3772 3418 3494 3422 
3773 2619 3542 2272 
3774 1870 1871 1869 
3775 2926 3609 2619 
3776 2453 2454 2164 
3777 1694 1695 1693 
3778 1752 3477 1750 
3779 1884 2440 1860 
3780 1746 2073 1743 
3781 2032 2033 2031 
3782 2017 3483 3450 
3783 1978 3525 1976 
3784 2178 2379 2377 
3785 2258 2259 2257 
3786 1941 1943 1942 
3787 2221 2223 2222 
3788 1984 3503 2080 
3789 2892 3134 2890 
3790 2002 2109 2003 
3791 1780 3476 1749 
3792 1991 2221 2220 
3793 2124 2126 2125 
3794 2852 3546 2257 
3795 1793 2616 1791 
3796 3430 3431 3429 
3797 1690 1692 1691 
3798 3386 3584 3319 
3799 2409 2572 2407 
3800 2067 3504 1794 
3801 2415 3544 2411 
3802 1753 1754 1752 
3803 3413 3618 2106 
3804 1771 1773 1770 
3805 1156 2737 1155 
3806 2196 3474 2612 
3807 3911 4255 2181 
3808 2092 2093 2091 
3809 1983 3501 1992 
3810 1751 3486 1753 
3811 1844 1845 1843 
3812 1840 1841 1839 
3813 1748 3480 1746 
3814 1864 1866 1865 
3815 2491 3125 3124 
3816 1742 1743 1741 
3817 2902 2903 2650 
3818 1750 3477 1779 
3819 1844 1848 1846 
3820 2231 2345 2229 
3821 3431 3432 3429 
3822 2326 2432 2325 
3823 2166 2609 2608 
3824 1988 2103 1987 
3825 2842 3331 2843 
3826 2612 2877 2760 
3827 3431 3433 3432 
3828 2848 3513 2109 
3829 1773 2617 1770 
3830 2810 2812 2811 
3831 1872 1873 1871 
3832 1740 1741 1739 
3833 2608 3503 2014 
3834 1309 2957 1569 
3835 2611 3559 2194 
3836 2296 2297 2295 
3837 1734 1736 1735 
3838 2448 3488 2450 
3839 2287 3449 2284 
3840 2673 3562 3547 
3841 1746 3480 2073 
3842 2340 2491 2431 
3843 1753 1755 1754 
3844 2137 3596 2140 
3845 1864 1865 1863 
3846 1688 1690 1689 
3847 2655 2842 2656 
3848 1833 1834 1824 
3849 2370 2376 2337 
3850 1810 3405 2639 
3851 2298 2299 2297 
3852 1807 1809 1808 
3853 1874 1875 1873 
3854 2437 2558 2557 
3855 1779 3480 1748 
3856 1143 1618 1142 
3857 2888 2890 2889 
3858 1712 1713 1711 
3859 2448 2450 2449 
3860 1571 2896 1004 
3861 3420 3451 3421 
3862 1992 2097 2012 
3863 2256 3517 1819 
3864 3421 3429 3428 
3865 1866 1868 1867 
3866 1981 1982 1980 
3867 2045 3524 3380 
3868 2165 2456 2455 
3869 3168 3169 2426 
3870 1293 1578 1292 
3871 1778 1781 1777 
3872 2609 2610 2608 
3873 2406 2407 2405 
3874 2348 2585 2281 
3875 3504 3541 1794 
3876 1774 1777 1773 
3877 2774 3220 3066 
3878 2193 2194 2153 
3879 1225 1605 1224 
3880 3026 3029 1582 
3881 1877 1878 1875 
3882 1966 1967 1965 
3883 2636 3544 2415 
3884 2364 2365 2267 
3885 2386 2789 2023 
3886 2346 3678 2148 
3887 2454 3483 2164 
3888 2153 3559 2149 
3889 2814 2815 2813 
3890 2518 2519 2176 
3891 2689 2690 2687 
3892 2852 3598 3580 
3893 2850 3568 3541 
3894 1721 3568 1724 
3895 3397 3549 3464 
3896 3485 3534 2315 
3897 1708 1709 1707 
3898 1993 3503 1984 
3899 2424 2771 2761 
3900 3429 3510 3428 
3901 3065 3253 2789 
3902 1925 1926 1919 
3903 2271 2620 2619 
3904 1972 3565 1923 
3905 2448 2449 2189 
3906 1851 1855 1853 
3907 2173 2392 2174 
3908 3385 3584 3386 
3909 3425 3435 3427 
3910 1867 1970 1865 
3911 3421 3428 3419 
3912 1686 1688 1687 
3913 2283 2478 2285 
3914 1193 2980 1589 
3915 2020 2023 2022 
3916 1918 1919 1902 
3917 2088 2099 2089 
3918 2686 3305 2874 
3919 2272 3542 2274 
3920 3578 3679 2478 
3921 2626 2850 2449 
3922 2819 3265 2817 
3923 2892 3135 3134 
3924 2630 3651 2632 
3925 2607 3516 3399 
3926 1774 3507 1778 
3927 2406 2408 2407 
3928 1939 1940 1938 
3929 2166 2608 2014 
3930 2456 3237 2666 
3931 2265 2267 2263 
3932 2220 3514 3412 
3933 1599 2970 1221 
3934 1866 1867 1865 
3935 1098 3167 1097 
3936 1923 3565 1999 
3937 2065 2096 2095 
3938 1881 1882 1878 
3939 3359 3526 2228 
3940 3393 3588 2305 
3941 1981 2182 1983 
3942 2612 3350 2877 
3943 2047 3536 2163 
3944 2496 2497 2495 
3945 2663 3045 3043 
3946 1713 1714 1711 
3947 2042 3521 2085 
3948 2568 2902 2650 
3949 2250 2464 2251 
3950 2808 2810 2809 
3951 1901 1902 1900 
3952 2649 2862 2567 
3953 2022 3495 2165 
3954 2691 3440 2692 
3955 2405 3505 2618 
3956 2182 3501 1983 
3957 2634 2841 2636 
3958 2049 3367 1760 
3959 1717 3541 1719 
3960 1934 1990 1924 
3961 2551 2919 2845 
3962 1717 1719 1718 
3963 2630 2631 2427 
3964 2938 2939 1571 
3965 1994 2257 1911 
3966 2475 2476 2365 
3967 1713 1715 1714 
3968 2081 2457 2083 
3969 2260 2514 2177 
3970 1976 2084 1972 
3971 2069 3414 2081 
3972 1743 3518 1741 
3973 3450 3547 2615 
3974 2408 2409 2407 
3975 3434 3515 3432 
3976 1878 3546 1875 
3977 2443 2800 2799 
3978 1737 2077 1735 
3979 1182 1582 1181 
3980 1888 1890 1889 
3981 2367 3401 2361 
3982 2262 3511 2264 
3983 1842 1843 1841 
3984 2122 2124 2123 
3985 2729 2735 2367 
3986 2189 3504 2067 
3987 2487 2527 2486 
3988 2145 2148 2144 
3989 1839 3535 1797 
3990 1849 1850 1847 
3991 3432 3510 3429 
3992 1709 1711 1710 
3993 2464 2880 2465 
3994 1709 1710 1707 
3995 1911 3546 1878 
3996 2648 2673 2454 
3997 2638 3064 2747 
3998 2450 2626 2449 
3999 2264 2640 2266 
4000 2846 2847 2109 
4001 2572 3505 2407 
4002 2264 3511 2640 
4003 2254 2505 2504 
4004 1901 1918 1902 
4005 2132 2133 2131 
4006 3542 3609 2387 
4007 2690 3496 2687 
4008 2571 3386 2397 
4009 1768 3563 1798 
4010 1918 1925 1919 
4011 1888 1889 1887 
4012 1899 1900 1898 
4013 1860 3512 1828 
4014 2411 3544 2409 
4015 2641 2644 2643 
4016 3081 3082 2440 
4017 1868 1869 1867 
4018 1913 1914 1912 
4019 1956 1957 1955 
4020 2299 3550 2306 
4021 2334 2335 2333 
4022 1703 1705 1704 
4023 2437 2557 2436 
4024 1959 1962 1961 
4025 2302 3534 2297 
4026 3524 3612 2868 
4027 1705 1708 1707 
4028 1798 2261 1811 
4029 2088 2207 2099 
4030 1708 3574 1709 
4031 1809 3405 1810 
4032 1734 1735 1733 
4033 2134 2136 2133 
4034 1759 1761 1760 
4035 1705 1707 1706 
4036 2707 3264 2897 
4037 1741 1789 1739 
4038 1927 1928 1926 
4039 1992 3501 2097 
4040 1827 3529 1991 
4041 2556 2621 2497 
4042 1899 1901 1900 
4043 1927 2183 1932 
4044 2109 3513 2003 
4045 2812 2813 2811 
4046 1823 1824 1816 
4047 1709 1712 1711 
4048 3432 3515 3510 
4049 2806 2808 2807 
4050 2318 2796 2461 
4051 2481 2598 2483 
4052 2758 2759 2757 
4053 2620 2926 2619 
4054 2413 3538 2410 
4055 2408 2410 2409 
4056 3323 3632 2327 
4057 2258 2451 2259 
4058 2407 3505 2405 
4059 2752 2916 1576 
4060 1898 3492 1896 
4061 2063 3616 2209 
4062 2446 3536 2655 
4063 1820 3529 1827 
4064 2496 2625 2556 
4065 2002 2846 2109 
4066 1873 1930 1871 
4067 2774 3066 1581 
4068 2780 2929 2778 
4069 2802 2804 2803 
4070 2644 2778 2777 
4071 2137 2140 2136 
4072 3286 3329 2444 
4073 2073 3518 1743 
4074 1692 1693 1691 
4075 1909 1934 1924 
4076 1628 2965 2792 
4077 1154 2966 1153 
4078 1783 1785 1784 
4079 2496 2556 2497 
4080 1793 3535 2616 
4081 2686 3496 3305 
4082 1732 1734 1733 
4083 2163 3536 2446 
4084 1937 1938 1936 
4085 1908 1909 1904 
4086 1797 3535 1793 
4087 2223 2439 2225 
4088 1684 1686 1685 
4089 2086 2087 2062 
4090 2804 2806 2805 
4091 1815 1816 1809 
4092 2227 2496 2495 
4093 2835 3498 2838 
4094 1823 1832 1824 
4095 1076 2949 1585 
4096 2275 2526 2273 
4097 2324 2325 2323 
4098 2222 3566 3514 
4099 1732 1733 1731 
4100 2146 3651 3622 
4101 2096 2367 2361 
4102 1979 1981 1980 
4103 2293 2296 2295 
4104 1761 1763 1762 
4105 1771 2053 1774 
4106 2352 2578 2422 
4107 1794 3541 1717 
4108 1991 2441 2221 
4109 1857 1904 1903 
4110 2584 3262 3091 
4111 1763 1768 1764 
4112 1768 1776 1769 
4113 2297 3534 2295 
4114 1730 1732 1731 
4115 2940 3100 2941 
4116 1690 1691 1689 
4117 1925 1927 1926 
4118 2503 2637 2253 
4119 1853 1861 1854 
4120 2440 3512 1860 
4121 1939 1941 1940 
4122 2764 2767 2766 
4123 2551 2845 2344 
4124 1788 3626 1801 
4125 2986 2987 2975 
4126 1863 3570 3352 
4127 2810 2811 2809 
4128 2632 2633 2631 
4129 1885 3530 1921 
4130 1566 3151 2758 
4131 2449 3504 2189 
4132 1866 3548 1868 
4133 2097 3501 2613 
4134 1977 3491 2360 
4135 1739 3520 1737 
4136 2230 2231 2229 
4137 2331 2332 2330 
4138 1781 1819 1777 
4139 1815 1823 1816 
4140 1932 1933 1928 
4141 1703 1704 1701 
4142 1935 1936 1933 
4143 1985 3525 1978 
4144 1741 3518 1789 
4145 2165 3495 2456 
4146 1717 1718 1715 
4147 2976 2977 2548 
4148 2625 2840 2556 
4149 1882 1911 1878 
4150 2023 3495 2022 
4151 1979 1980 1978 
4152 2335 3553 2340 
4153 2850 3504 2449 
4154 1801 3626 2269 
4155 3212 3213 3100 
4156 2149 2346 2148 
4157 2120 2122 2121 
4158 1773 3517 2617 
4159 2815 3280 2813 
4160 1730 1731 1729 
4161 2409 3544 2572 
4162 2688 3116 2772 
4163 2634 2636 2415 
4164 1918 2054 1925 
4165 2919 3468 2845 
4166 1845 2056 1843 
4167 1699 2055 1697 
4168 1733 1775 1731 
4169 2416 2635 2634 
4170 1321 3096 1583 
4171 2560 2562 2561 
4172 1719 1721 1720 
4173 2837 3498 2835 
4174 1986 2064 1905 
4175 2598 3393 2600 
4176 2562 2565 2563 
4177 2503 2638 2637 
4178 2747 3545 2637 
4179 1778 1783 1782 
4180 3503 3543 2080 
4181 1688 1689 1687 
4182 2352 2422 2175 
4183 2565 2569 2566 
4184 1851 1853 1852 
4185 3469 3694 2597 
4186 2195 2196 2194 
4187 1963 1966 1965 
4188 2334 2337 2335 
4189 1890 1892 1891 
4190 2850 3541 3504 
4191 2689 2691 2690 
4192 2129 3643 2128 
4193 2250 2251 2247 
4194 1977 2360 1979 
4195 2655 3382 2842 
4196 3479 3500 1703 
4197 1865 3570 1863 
4198 1841 2162 1839 
4199 1566 2758 2757 
4200 1939 2199 1941 
4201 2652 3720 2653 
4202 2977 3166 2548 
4203 1897 1899 1898 
4204 2454 3547 3483 
4205 2340 3553 2879 
4206 1957 3502 1959 
4207 1991 3529 2441 
4208 2355 3454 2357 
4209 1916 3558 1914 
4210 1899 1910 1901 
4211 3465 3608 1913 
4212 1915 3608 2007 
4213 1729 2075 1727 
4214 2773 2774 1581 
4215 2387 3609 2588 
4216 2627 2679 2658 
4217 2443 2799 2215 
4218 2412 2716 2502 
4219 1893 1931 1895 
4220 2519 3524 2176 
4221 1833 1835 1834 
4222 2422 3506 2175 
4223 1953 1956 1955 
4224 2369 2628 2541 
4225 2509 2510 2508 
4226 1895 1896 1894 
4227 3357 3599 2328 
4228 2082 2191 2190 
4229 1900 3523 1898 
4230 1703 3500 1705 
4231 2627 2658 1785 
4232 1719 1720 1718 
4233 3082 3512 2440 
4234 2344 3519 2217 
4235 1956 2044 1957 
4236 2162 3535 1839 
4237 2811 3294 2809 
4238 1897 1898 1896 
4239 2217 3519 1989 
4240 1882 1912 1911 
4241 2043 3551 2041 
4242 1994 2258 2257 
4243 2296 2298 2297 
4244 1835 3455 1836 
4245 3483 3547 3450 
4246 2808 2809 2807 
4247 2351 2352 2175 
4248 2340 2879 2491 
4249 2364 2475 2365 
4250 1728 1730 1729 
4251 2011 2092 2091 
4252 2354 2493 2355 
4253 1893 1894 1891 
4254 2416 2634 2415 
4255 3360 3677 2294 
4256 2265 2364 2267 
4257 2802 2803 2800 
4258 2112 3532 3531 
4259 2613 2706 2614 
4260 2142 2156 2154 
4261 3298 3498 2837 
4262 1737 3520 2077 
4263 2493 3454 2355 
4264 2143 2144 2139 
4265 2262 3560 3511 
4266 1686 1687 1685 
4267 2762 3408 2764 
4268 2749 2750 2382 
4269 3346 3449 2287 
4270 1222 1599 1221 
4271 1769 3508 1771 
4272 2651 2664 2438 
4273 2376 3553 2337 
4274 2257 3546 1911 
4275 2271 3537 2620 
4276 2225 3528 2227 
4277 2242 2244 2243 
4278 2457 2859 2083 
4279 1785 3389 1786 
4280 2900 2901 2422 
4281 1783 2627 1785 
4282 3513 3554 2207 
4283 2655 3536 3382 
4284 2192 2468 2341 
4285 3695 3701 2662 
4286 1777 3517 1773 
4287 2410 2412 2411 
4288 1990 2048 1924 
4289 2313 2315 2302 
4290 1225 3023 1605 
4291 2230 3597 2232 
4292 1701 3572 1699 
4293 2637 3636 2253 
4294 2193 2195 2194 
4295 1619 2426 1105 
4296 2541 2667 2370 
4297 995 3150 1568 
4298 2701 2886 2058 
4299 1913 1915 1914 
4300 2806 2807 2805 
4301 2175 3506 2094 
4302 2610 3543 2608 
4303 1959 3502 1962 
4304 2192 2193 2153 
4305 1247 3086 1246 
4306 1763 3563 1768 
4307 2586 2788 2585 
4308 2332 2334 2333 
4309 2468 2978 2711 
4310 1812 2059 1799 
4311 2507 2508 2506 
4312 1864 1876 1866 
4313 1844 1846 1845 
4314 2468 2711 2341 
4315 1912 1994 1911 
4316 1947 1968 1949 
4317 2475 2910 2476 
4318 2682 3281 2677 
4319 2930 3733 2946 
4320 2807 3321 2805 
4321 1921 3530 2002 
4322 2888 2889 2512 
4323 1307 1565 1306 
4324 2294 3677 2290 
4325 2848 3554 3513 
4326 1904 3561 1903 
4327 2176 3524 2045 
4328 1927 1932 1928 
4329 1725 1744 1722 
4330 2562 3603 2565 
4331 2565 2566 2563 
4332 1956 2262 2044 
4333 1977 1978 1976 
4334 2608 3543 3503 
4335 2143 2145 2144 
4336 2631 2717 2427 
4337 2856 3131 2515 
4338 2587 3578 2279 
4339 2040 2186 2185 
4340 1836 2871 2870 
4341 2671 3115 2672 
4342 3327 3328 3017 
4343 1798 1811 1799 
4344 1836 3455 2871 
4345 1973 2008 1974 
4346 1735 3539 1733 
4347 1695 1766 1693 
4348 2589 3276 2576 
4349 1923 1999 1916 
4350 2107 2354 2108 
4351 2436 3614 2179 
4352 2547 2976 2548 
4353 3385 3386 2571 
4354 2113 3602 2651 
4355 1986 2065 2064 
4356 2145 2149 2148 
4357 2341 3537 2193 
4358 2804 2805 2803 
4359 2044 3502 1957 
4360 2369 2370 2337 
4361 1789 3520 1739 
4362 2687 3496 2686 
4363 2357 3454 2671 
4364 2588 2936 2587 
4365 1975 1976 1972 
4366 2845 3519 2344 
4367 2620 2927 2926 
4368 2464 2465 2251 
4369 1979 3533 1981 
4370 2192 2341 2193 
4371 1776 3508 1769 
4372 1849 1851 1850 
4373 2673 3547 2454 
4374 2615 3562 2659 
4375 1705 1706 1704 
4376 1831 1857 1856 
4377 1811 1818 1812 
4378 2230 2232 2231 
4379 2833 3600 2831 
4380 1943 2098 1945 
4381 2880 2881 2465 
4382 1977 1979 1978 
4383 1818 1825 1822 
4384 2214 3567 2212 
4385 2130 2132 2131 
4386 1825 1831 1829 
4387 1697 3527 1695 
4388 1768 1798 1776 
4389 1909 1924 1904 
4390 2306 3550 2481 
4391 1937 1939 1938 
4392 1721 1723 1722 
4393 1798 1799 1776 
4394 1893 1895 1894 
4395 2334 2369 2337 
4396 1981 3533 2182 
4397 1728 1729 1727 
4398 2938 2940 2939 
4399 2791 3277 3259 
4400 2240 2242 2241 
4401 2193 3537 2195 
4402 1005 2938 1571 
4403 2156 2427 2389 
4404 1895 1897 1896 
4405 1726 1728 1727 
4406 1723 1726 1725 
4407 2094 2111 1990 
4408 3260 3770 2461 
4409 1935 2180 1937 
4410 2862 3556 2567 
4411 1567 3187 1342 
4412 1833 1880 1835 
4413 2563 3556 2561 
4414 2439 3528 2225 
4415 3084 3085 2750 
4416 1924 3561 1904 
4417 2077 3539 1735 
4418 2541 2943 2667 
4419 1819 3517 1777 
4420 2127 3610 2130 
4421 1829 1830 1822 
4422 2640 2641 2266 
4423 2195 3537 2271 
4424 2387 2588 2587 
4425 1941 3555 1943 
4426 2194 3559 2153 
4427 2315 3534 2302 
4428 2262 2263 2044 
4429 1705 3500 1708 
4430 2138 3622 3481 
4431 1706 2629 1704 
4432 2566 2567 2563 
4433 2735 3401 2367 
4434 1862 3552 1864 
4435 1892 1893 1891 
4436 2360 3533 1979 
4437 1932 1935 1933 
4438 2150 2260 2177 
4439 2227 3528 2496 
4440 2644 2777 2643 
4441 2364 2477 2475 
4442 2496 3528 2625 
4443 1720 2057 1718 
4444 2026 3354 2024 
4445 2337 3553 2335 
4446 2562 2563 2561 
4447 1994 2268 2258 
4448 2324 2327 2326 
4449 1970 3570 1865 
4450 2139 3596 2137 
4451 2505 2506 2504 
4452 2002 3530 2846 
4453 1721 1722 1720 
4454 1890 1891 1889 
4455 1823 1907 1832 
4456 2156 2389 2154 
4457 1861 2050 1862 
4458 2104 3625 3378 
4459 2369 2541 2370 
4460 2389 2853 2154 
4461 3262 3266 3263 
4462 2084 3565 1972 
4463 2650 3255 2649 
4464 2643 2973 2642 
4465 1798 3563 2261 
4466 2750 3532 2382 
4467 2262 2264 2263 
4468 1898 3523 3492 
4469 2626 3613 2850 
4470 2602 3140 2731 
4471 2264 2265 2263 
4472 1723 1725 1722 
4473 2053 3507 1774 
4474 1726 1727 1725 
4475 2936 3679 2587 
4476 2557 3261 2795 
4477 2351 2525 2352 
4478 2565 3603 3128 
4479 2199 3555 1941 
4480 2152 2153 2149 
4481 1975 1977 1976 
4482 2132 2134 2133 
4483 2688 2689 2687 
4484 1935 1937 1936 
4485 2852 3580 3546 
4486 2876 3239 2629 
4487 1966 1973 1967 
4488 1903 2058 1856 
4489 1929 3720 3698 
4490 2264 2266 2265 
4491 1707 3581 1706 
4492 2211 3290 3289 
4493 2560 2561 2558 
4494 2568 2650 2649 
4495 1731 3540 1729 
4496 1875 3580 1873 
4497 2481 3550 2598 
4498 2940 3212 3100 
4499 1778 3507 1783 
4500 2119 3591 2117 
4501 2086 2173 2087 
4502 2641 2642 2266 
4503 1971 1972 1923 
4504 1907 2844 1832 
4505 1880 1917 1905 
4506 2292 2294 2290 
4507 1733 3539 1775 
4508 2389 2854 2853 
4509 1570 3067 1078 
4510 2416 3975 3188 
4511 3526 3597 2230 
4512 1706 2876 2629 
4513 2152 2192 2153 
4514 2893 3076 2536 
4515 1971 1975 1972 
4516 2799 3647 3366 
4517 2145 2152 2149 
4518 2568 3579 2902 
4519 1873 3580 1930 
4520 2134 2137 2136 
4521 2235 3601 2233 
4522 2064 3455 1905 
4523 1832 1833 1824 
4524 2301 3588 2298 
4525 2298 3588 2299 
4526 2620 3573 2927 
4527 2566 2568 2567 
4528 2092 2107 2093 
4529 2901 3506 2422 
4530 3411 3713 2662 
4531 2229 3625 2104 
4532 3034 3048 3033 
4533 2215 3551 2043 
4534 2103 2201 2200 
4535 3647 3673 2074 
4536 3681 3686 3330 
4537 2598 3550 3393 
4538 3546 3580 1875 
4539 2279 3578 2280 
4540 2639 3620 2025 
4541 1775 3540 1731 
4542 1846 1847 1845 
4543 1765 3297 1756 
4544 2641 2643 2642 
4545 2685 2688 2687 
4546 1719 3568 1721 
4547 2485 2858 2200 
4548 1951 3560 1953 
4549 1729 3540 2075 
4550 2412 3538 2716 
4551 1577 3034 3033 
4552 1945 3557 1947 
4553 2329 2330 2328 
4554 2558 3577 2557 
4555 1704 3572 1701 
4556 2311 2521 2309 
4557 2872 3725 3683 
4558 1999 3558 1916 
4559 1903 2701 2058 
4560 2568 2649 2567 
4561 1917 1987 1986 
4562 2183 3576 1932 
4563 1811 1812 1799 
4564 2711 3573 2341 
4565 1699 3572 2055 
4566 2307 3684 3346 
4567 2081 2083 2082 
4568 2734 2975 2733 
4569 3188 3606 2733 
4570 1684 1685 1683 
4571 1876 3548 1866 
4572 1353 3063 1617 
4573 1783 3507 2627 
4574 2277 2387 2279 
4575 2305 3588 2301 
4576 2744 3370 3369 
4577 1857 1903 1856 
4578 1818 1822 1812 
4579 2765 3674 2763 
4580 1182 3026 1582 
4581 1825 1829 1822 
4582 2009 3531 2011 
4583 1831 1856 1829 
4584 2331 2338 2332 
4585 3410 3665 2647 
4586 2866 3598 2852 
4587 2008 2112 2009 
4588 2552 2908 2724 
4589 2247 3594 2244 
4590 1880 1905 1835 
4591 2569 3579 2566 
4592 2134 2138 2137 
4593 1966 2060 1973 
4594 1192 2793 1191 
4595 2576 3567 2214 
4596 2238 2240 2239 
4597 2363 2863 2126 
4598 2859 2860 2083 
4599 1710 3581 1707 
4600 2685 2687 2686 
4601 1709 3574 1712 
4602 2557 3577 3261 
4603 1975 3491 1977 
4604 2125 3671 2123 
4605 2138 2142 2139 
4606 3537 3573 2620 
4607 2329 2336 2331 
4608 2685 2686 2684 
4609 2142 2154 2143 
4610 2048 3561 1924 
4611 1682 1684 1683 
4612 2232 2234 2233 
4613 2332 3564 2334 
4614 3280 3724 1998 
4615 2055 3527 1697 
4616 2237 2252 2235 
4617 2050 3552 1862 
4618 1027 2748 1577 
4619 2688 2772 2689 
4620 1690 3656 1692 
4621 2304 2305 2301 
4622 2326 3599 2432 
4623 2795 3614 2436 
4624 2260 2515 2514 
4625 1915 1916 1914 
4626 2850 3613 3568 
4627 1759 1906 1761 
4628 2567 3556 2563 
4629 2799 3551 2215 
4630 1902 3654 1995 
4631 2619 3609 3542 
4632 1776 3617 3508 
4633 1922 1923 1916 
4634 1695 3527 1766 
4635 2094 3506 2111 
4636 2744 3369 2392 
4637 2628 3575 2541 
4638 2410 3538 2412 
4639 1816 3405 1809 
4640 2639 3683 3620 
4641 1953 3560 1956 
4642 2623 3670 3275 
4643 1943 3555 2098 
4644 2465 2851 2251 
4645 2113 2438 2382 
4646 2901 3624 3506 
4647 1922 1971 1923 
4648 1807 1815 1809 
4649 1907 3347 2844 
4650 2602 3296 3140 
4651 1771 3508 2053 
4652 1903 3561 2701 
4653 2118 2120 2119 
4654 2252 3601 2235 
4655 2329 2331 2330 
4656 2118 2489 2120 
4657 1196 2971 1195 
4658 1962 3631 1963 
4659 2138 2139 2137 
4660 3519 3618 3413 
4661 1689 1795 1687 
4662 2369 3564 2628 
4663 2561 3577 2558 
4664 2743 3242 3078 
4665 2251 3594 2247 
4666 2463 2744 2392 
4667 2557 2795 2436 
4668 1915 1922 1916 
4669 2341 3573 3537 
4670 2720 2784 1265 
4671 3433 3827 3823 
4672 2761 2762 2425 
4673 2211 3289 1787 
4674 2838 3600 2833 
4675 2118 2119 2117 
4676 2126 3610 2127 
4677 2056 3698 3295 
4678 2142 2143 2139 
4679 3558 3569 1914 
4680 3508 3617 3509 
4681 2602 3590 3296 
4682 2124 2363 2126 
4683 2382 3532 2112 
4684 1623 2894 1330 
4685 1582 2895 1181 
4686 3484 3631 1962 
4687 2179 3614 2151 
4688 2117 2158 2115 
4689 1914 3569 1912 
4690 2008 2113 2112 
4691 2075 3582 1727 
4692 2232 2233 2231 
4693 2265 3571 2364 
4694 2234 2236 2235 
4695 3556 3577 2561 
4696 1565 2944 1306 
4697 1935 3576 2180 
4698 2764 3408 2767 
4699 1956 3560 2262 
4700 2388 2729 2367 
4701 2071 3654 1919 
4702 3393 3590 2600 
4703 2844 3593 1832 
4704 1706 3581 2876 
4705 3508 3509 2053 
4706 1817 3332 1802 
4707 2708 2709 1575 
4708 2566 3579 2568 
4709 2798 3216 3149 
4710 2061 2062 2050 
4711 2621 2622 2497 
4712 2629 3572 1704 
4713 2191 3621 2419 
4714 1947 3557 1968 
4715 3276 3567 2576 
4716 2231 3611 2345 
4717 1682 2110 1684 
4718 2236 2238 2237 
4719 2144 3596 2139 
4720 3109 3110 2901 
4721 2734 2986 2975 
4722 1725 3582 1744 
4723 2103 2200 1987 
4724 2508 2697 2506 
4725 3506 3624 2111 
4726 2749 3084 2750 
4727 2779 3717 2780 
4728 2345 3625 2229 
4729 2541 3575 2943 
4730 2266 3571 2265 
4731 2244 2245 2243 
4732 1912 3569 1994 
4733 2642 3571 2266 
4734 2338 3564 2332 
4735 1846 1849 1847 
4736 3168 3170 3169 
4737 2098 3557 1945 
4738 2643 3583 2973 
4739 2320 2909 2322 
4740 1812 3592 2059 
4741 2519 3612 3524 
4742 2845 3618 3519 
4743 3261 3324 2795 
4744 2327 2328 2326 
4745 1987 3604 1986 
4746 2260 2855 2515 
4747 2099 2100 2089 
4748 2600 3590 2602 
4749 3568 3613 1724 
4750 2364 3571 2477 
4751 2627 3639 2679 
4752 2242 2243 2241 
4753 1994 3569 2268 
4754 2130 2146 2132 
4755 3673 3685 2074 
4756 1727 3582 1725 
4757 2499 2974 2727 
4758 2468 3664 2978 
4759 1801 2269 1803 
4760 2295 3629 2292 
4761 2441 3640 2221 
4762 2241 2255 2239 
4763 2130 3610 2146 
4764 2780 3727 2930 
4765 2223 3640 2439 
4766 1786 3389 1805 
4767 2683 2684 2682 
4768 2162 3681 3330 
4769 2363 2865 2864 
4770 2334 3564 2369 
4771 2244 3594 2245 
4772 1830 3592 1822 
4773 2030 2031 2029 
4774 3534 3629 2295 
4775 1288 2922 1287 
4776 2438 2749 2382 
4777 1932 3576 1935 
4778 2201 2486 2485 
4779 993 1574 992 
4780 2800 3647 2799 
4781 2708 2742 2709 
4782 2143 3589 2145 
4783 2145 3589 2152 
4784 2485 2869 2858 
4785 2678 2719 2683 
4786 1917 1986 1905 
4787 2011 3531 2092 
4788 2631 3586 2717 
4789 2059 3617 1799 
4790 2855 2856 2515 
4791 1986 3604 2065 
4792 2900 3109 2901 
4793 2117 3591 2158 
4794 3719 3721 2079 
4795 2853 3589 2154 
4796 2032 2034 2033 
4797 1864 3552 1876 
4798 2113 2382 2112 
4799 2096 2388 2367 
4800 3407 3697 2779 
4801 3164 3408 2762 
4802 1829 3595 1830 
4803 2419 3226 2920 
4804 2633 3587 3586 
4805 2030 2032 2031 
4806 2478 3679 2905 
4807 2063 2086 2062 
4808 2240 2241 2239 
4809 2777 3583 2643 
4810 3170 3171 3169 
4811 2621 2623 2622 
4812 2853 3646 3589 
4813 2112 3531 2009 
4814 3815 3817 3562 
4815 3596 3615 2140 
4816 2254 3650 2505 
4817 2173 2463 2392 
4818 2560 2564 2562 
4819 3589 3646 2152 
4820 2254 2504 2503 
4821 2025 3620 2027 
4822 1249 2320 1664 
4823 2863 3610 2126 
4824 2030 2187 2032 
4825 2061 2063 2062 
4826 3601 3611 2233 
4827 2058 3595 1856 
4828 1833 3593 1880 
4829 2234 2235 2233 
4830 2594 2676 2675 
4831 2313 2424 2315 
4832 1832 3593 1833 
4833 1861 2061 2050 
4834 2292 3629 2294 
4835 3468 3618 2845 
4836 2081 2082 2070 
4837 2245 2254 2253 
4838 2363 2864 2863 
4839 2135 3643 2129 
4840 2640 3669 3407 
4841 2201 2485 2200 
4842 2761 3164 2762 
4843 2040 2185 2039 
4844 2140 3615 2150 
4845 2154 3589 2143 
4846 2683 2685 2684 
4847 2993 2995 2994 
4848 2829 3668 2827 
4849 1913 3608 1915 
4850 2245 2253 2243 
4851 2858 3604 2200 
4852 1968 3638 1949 
4853 2114 2479 2116 
4854 2633 3586 2631 
4855 2328 3599 2326 
4856 2499 3619 2974 
4857 2768 3667 3360 
4858 2236 2237 2235 
4859 3156 3157 2894 
4860 1905 3455 1835 
4861 3288 3616 3585 
4862 3594 3650 2245 
4863 1680 1682 1681 
4864 3286 3683 2639 
4865 2634 3652 2841 
4866 3242 3243 3078 
4867 1951 3638 3560 
4868 2148 3666 2144 
4869 3631 3665 2060 
4870 2865 3035 2864 
4871 3703 3709 1996 
4872 2107 2366 2354 
4873 2192 3646 2468 
4874 2388 2730 2729 
4875 3560 3638 3511 
4876 1822 3592 1812 
4877 1763 3634 3563 
4878 2548 3675 1578 
4879 1682 1683 1681 
4880 2254 2503 2253 
4881 1805 3626 1788 
4882 2238 2239 2237 
4883 2083 3621 2082 
4884 2851 3594 2251 
4885 2860 3621 2083 
4886 2256 3760 3248 
4887 1952 3685 1950 
4888 2027 2030 2029 
4889 1856 3595 1829 
4890 2082 3621 2191 
4891 1949 3638 1951 
4892 1799 3617 1776 
4893 2063 2208 2086 
4894 1761 3634 1763 
4895 1126 2918 1125 
4896 2069 3658 3414 
4897 2122 3605 2124 
4898 2221 3640 2223 
4899 2150 3615 2260 
4900 2840 3659 2556 
4901 1574 2430 2429 
4902 2617 3682 3456 
4903 2207 3645 2099 
4904 2327 2329 2328 
4905 1973 3602 2008 
4906 2060 3602 1973 
4907 3609 3657 2588 
4908 2656 3686 2654 
4909 1578 2470 1292 
4910 3110 3624 2901 
4911 2200 3604 1987 
4912 2008 3602 2113 
4913 3085 3691 2750 
4914 2564 3603 2562 
4915 1683 1837 1681 
4916 2926 3657 3609 
4917 3484 3665 3631 
4918 2086 3607 2173 
4919 2727 2924 2728 
4920 2588 2952 2936 
4921 3374 3644 3377 
4922 1963 3631 1966 
4923 3294 3719 2079 
4924 2478 2905 2579 
4925 3321 3703 1996 
4926 2547 2548 1578 
4927 2851 3650 3594 
4928 3243 3244 3078 
4929 2499 2726 2359 
4930 1338 1624 1337 
4931 2783 3016 3015 
4932 2034 2036 2035 
4933 991 1620 990 
4934 3353 3708 3333 
4935 2606 3607 2208 
4936 1966 3631 2060 
4937 1906 3634 1761 
4938 3375 3687 3644 
4939 1116 2516 1115 
4940 2616 3662 3442 
4941 2134 3622 2138 
4942 2743 3077 2709 
4943 1623 3156 2894 
4944 1686 3689 2005 
4945 2358 2359 2170 
4946 2527 2775 2486 
4947 2909 3323 2322 
4948 2424 2425 2315 
4949 2205 2537 2536 
4950 2742 2743 2709 
4951 3535 3662 2616 
4952 2116 2117 2115 
4953 2463 2745 2744 
4954 2132 3622 2134 
4955 1926 3688 2071 
4956 3346 3684 2951 
4957 1807 3630 1815 
4958 2038 2170 2169 
4959 2233 3611 2231 
4960 3596 3666 3615 
4961 1997 3688 1928 
4962 2678 2683 2682 
4963 2260 3615 2855 
4964 2256 3676 3517 
4965 3540 3784 2075 
4966 2237 3627 2252 
4967 2191 2419 2391 
4968 1584 2738 1316 
4969 3509 3639 2053 
4970 2685 3623 2688 
4971 2329 3632 2336 
4972 2743 3078 3077 
4973 2358 3619 2499 
4974 2803 3647 2800 
4975 1968 3669 3638 
4976 3485 3629 3534 
4977 2678 2682 2677 
4978 2727 2728 2726 
4979 2309 3628 2304 
4980 2719 3623 2683 
4981 2065 3649 2096 
4982 2908 3225 2724 
4983 2124 3605 2363 
4984 2069 2081 2070 
4985 2190 3696 2070 
4986 2304 3628 2305 
4987 2114 2115 2102 
4988 2053 3639 3507 
4989 2116 2118 2117 
4990 2096 3649 2388 
4991 2732 2734 2733 
4992 2027 3620 2030 
4993 2173 3607 2463 
4994 2322 2323 2321 
4995 2152 3646 2192 
4996 2424 2761 2425 
4997 1093 1659 1092 
4998 2208 3607 2086 
4999 3620 3683 2187 
5000 1680 1681 1679 
5001 3059 3168 2426 
5002 3321 3673 2805 
5003 2255 3627 2239 
5004 2646 3701 3489 
5005 2363 3605 2865 
5006 2635 3652 2634 
5007 3604 3649 2065 
5008 2146 3622 2132 
5009 1626 2668 1301 
5010 2588 3657 2952 
5011 1841 3681 2162 
5012 2354 3633 2493 
5013 1919 3654 1902 
5014 1676 2206 1678 
5015 3629 3674 2294 
5016 1692 3656 1838 
5017 3507 3639 2627 
5018 2099 2101 2100 
5019 2623 2645 2624 
5020 3708 3713 2653 
5021 2038 2270 2170 
5022 2191 2391 2390 
5023 1595 2739 970 
5024 2056 3681 1843 
5025 2114 2116 2115 
5026 3532 3648 3531 
5027 2527 2948 2775 
5028 2683 3623 2685 
5029 1838 3716 3375 
5030 3615 3666 2855 
5031 2186 2434 2433 
5032 2101 2102 2100 
5033 2269 3630 1803 
5034 2035 3635 2038 
5035 3481 3651 2630 
5036 2241 3636 2255 
5037 2825 3700 2823 
5038 2732 2733 1565 
5039 1948 3709 1946 
5040 3643 3736 2128 
5041 3577 3660 3261 
5042 1678 1680 1679 
5043 2110 3728 3275 
5044 3556 3660 3577 
5045 2419 2920 2391 
5046 2432 2517 2325 
5047 1803 3630 1807 
5048 2538 2783 2782 
5049 3717 3727 2780 
5050 2039 3354 2026 
5051 3438 3737 3437 
5052 2101 2114 2102 
5053 2556 3659 2621 
5054 3266 3653 3263 
5055 1611 4249 1002 
5056 2069 2070 2036 
5057 2327 3632 2329 
5058 3012 3013 2385 
5059 2245 3650 2254 
5060 1578 3675 2470 
5061 2239 3627 2237 
5062 2076 3710 1936 
5063 2170 3522 2169 
5064 2670 3800 3745 
5065 3638 3669 3511 
5066 2243 3636 2241 
5067 3648 3691 2366 
5068 2253 3636 2243 
5069 3667 3684 2307 
5070 3532 3691 3648 
5071 3649 3680 2388 
5072 1307 2732 1565 
5073 1929 3698 1847 
5074 2034 2069 2036 
5075 1867 3704 1970 
5076 1584 3137 3069 
5077 2787 3021 3020 
5078 2366 3633 2354 
5079 2092 3648 2107 
5080 2162 3662 3535 
5081 2675 2678 2677 
5082 3727 3733 2930 
5083 1933 3710 1997 
5084 2965 3247 3092 
5085 2858 3649 3604 
5086 1845 3698 2056 
5087 2187 3658 2032 
5088 2290 3677 2288 
5089 3493 3711 2046 
5090 3614 3661 2141 
5091 1823 3692 1907 
5092 2783 3015 2782 
5093 2107 3648 2366 
5094 2862 3660 3556 
5095 2854 3664 2853 
5096 2036 3635 2035 
5097 2359 3522 2170 
5098 2770 3667 2768 
5099 3426 3777 3739 
5100 2325 3641 2323 
5101 1136 2657 1135 
5102 3485 3674 3629 
5103 2270 3635 2857 
5104 1619 3059 2426 
5105 2358 2499 2359 
5106 3250 3668 2829 
5107 2030 3620 2187 
5108 2439 3687 3528 
5109 3531 3648 2092 
5110 1944 3721 1942 
5111 2803 3673 3647 
5112 2128 3671 2125 
5113 2186 2433 2185 
5114 2647 3665 3484 
5115 1998 3723 1940 
5116 3698 3720 3295 
5117 3294 3703 2809 
5118 3635 3696 2857 
5119 3659 3670 2621 
5120 3651 3705 2632 
5121 1938 3723 2076 
5122 2099 3645 2101 
5123 3456 3682 2049 
5124 3646 3664 2468 
5125 2521 3628 2309 
5126 3384 3711 3493 
5127 2807 3703 3321 
5128 2110 3689 1684 
5129 3630 3692 1815 
5130 1970 3695 3570 
5131 2851 3694 3469 
5132 2858 3680 3649 
5133 2623 2624 2622 
5134 971 2912 1595 
5135 2032 3658 2034 
5136 2675 2677 2674 
5137 2853 3664 3646 
5138 2821 3718 2819 
5139 1605 2552 2533 
5140 2974 3637 2727 
5141 1595 2798 2739 
5142 3511 3669 2640 
5143 2621 3670 2623 
5144 1293 2547 1578 
5145 1239 2740 1238 
5146 2805 3673 2803 
5147 3697 3717 2779 
5148 2465 3694 2851 
5149 3517 3676 2617 
5150 3564 3663 2628 
5151 1365 2972 2202 
5152 2499 2727 2726 
5153 2338 3663 3564 
5154 2808 3786 2810 
5155 2537 2893 2536 
5156 2763 3674 3485 
5157 1251 3009 1588 
5158 3375 3716 3687 
5159 2951 3702 3053 
5160 2288 3677 2307 
5161 2798 3149 2739 
5162 2320 2322 2321 
5163 3644 3687 2439 
5164 1843 3681 1841 
5165 2552 2724 2533 
5166 3324 3661 2795 
5167 2038 3635 2270 
5168 2795 3661 3614 
5169 3410 3690 3665 
5170 1595 3672 2798 
5171 2270 2358 2170 
5172 2433 2435 2185 
5173 1678 1679 1677 
5174 2811 3719 3294 
5175 967 3915 2921 
5176 3280 3719 2813 
5177 2074 3685 1952 
5178 3166 3675 2548 
5179 2144 3666 3596 
5180 2587 3679 3578 
5181 2944 4192 1306 
5182 1338 3080 1624 
5183 2836 3772 2839 
5184 3330 3686 2656 
5185 2869 3680 2858 
5186 3410 3726 3690 
5187 3265 3724 2817 
5188 2904 3012 2385 
5189 1684 3689 1686 
5190 2834 3774 2836 
5191 3206 3702 2770 
5192 2815 3724 3280 
5193 2034 3658 2069 
5194 1605 2533 1224 
5195 2965 3092 2792 
5196 3075 4139 1061 
5197 1928 3688 1926 
5198 1577 3033 1026 
5199 2036 3696 3635 
5200 2594 2675 2674 
5201 3669 3697 3407 
5202 2542 4278 3830 
5203 1815 3692 1823 
5204 2148 3678 3666 
5205 2434 2593 2433 
5206 2430 2546 2429 
5207 2662 3713 3695 
5208 2057 3776 3372 
5209 3570 3695 3353 
5210 2781 2873 2546 
5211 3528 3687 2625 
5212 1930 3730 1871 
5213 2727 3637 2924 
5214 3690 3726 2651 
5215 2581 3872 3312 
5216 2388 3680 2730 
5217 3602 3690 2651 
5218 2434 2594 2593 
5219 2855 3678 2856 
5220 2538 2782 2537 
5221 3775 3807 1714 
5222 2770 3702 3684 
5223 2216 3738 2218 
5224 1837 3699 1681 
5225 3343 3751 3341 
5226 3786 3792 2810 
5227 2810 3792 2812 
5228 3021 3022 3020 
5229 2546 2549 2429 
5230 2832 3783 3782 
5231 3403 3796 3749 
5232 2653 3720 3708 
5233 1306 4192 1305 
5234 2517 3641 2325 
5235 2452 3756 3392 
5236 2594 2674 2593 
5237 3737 3766 2451 
5238 1676 1678 1677 
5239 2430 2781 2546 
5240 3354 3693 3355 
5241 2205 2538 2537 
5242 3333 3708 1929 
5243 2750 3691 3532 
5244 2662 3701 2646 
5245 3254 3700 2825 
5246 2881 3694 2465 
5247 3706 3707 3633 
5248 3598 3731 1930 
5249 2649 3736 2862 
5250 2836 3774 3772 
5251 3701 3704 3489 
5252 3610 3705 2146 
5253 1847 3698 1845 
5254 2653 3713 3411 
5255 2830 3785 3783 
5256 1968 3697 3669 
5257 2060 3690 3602 
5258 1303 3830 1302 
5259 1970 3704 3701 
5260 2832 3782 2834 
5261 2321 2488 1664 
5262 2146 3705 3651 
5263 3687 3716 2625 
5264 3666 3678 2855 
5265 3557 3697 1968 
5266 3684 3702 2951 
5267 1677 2006 1675 
5268 2834 3782 3774 
5269 1869 3704 1867 
5270 3295 3720 2652 
5271 3598 3740 3731 
5272 2770 3684 3667 
5273 2809 3703 2807 
5274 1930 3731 3730 
5275 1261 2423 1260 
5276 2472 2741 2471 
5277 1681 3699 1679 
5278 1620 2471 990 
5279 2812 3794 2814 
5280 2632 3741 2633 
5281 1996 3709 1948 
5282 2862 3736 3643 
5283 1620 2472 2471 
5284 3372 3775 2057 
5285 3022 3093 3020 
5286 2046 3711 3395 
5287 3341 3757 3339 
5288 3665 3690 2060 
5289 2866 3744 3740 
5290 1757 3735 1759 
5291 1811 3746 1818 
5292 3448 3744 2866 
5293 2204 2712 1668 
5294 2511 3857 2887 
5295 2863 3705 3610 
5296 3773 3819 1710 
5297 2549 3655 2429 
5298 2912 3672 1595 
5299 1936 3710 1933 
5300 3085 3706 3691 
5301 2866 3740 3598 
5302 2755 3722 2937 
5303 2476 3726 3410 
5304 2070 3696 2036 
5305 3664 3715 2978 
5306 1574 2429 2428 
5307 3705 3741 2632 
5308 2429 3655 2428 
5309 2814 3798 2816 
5310 3792 3794 2812 
5311 2830 3783 2832 
5312 1574 2428 992 
5313 3634 3745 3563 
5314 3794 3798 2814 
5315 2657 2935 1135 
5316 1168 2904 2385 
5317 2625 3716 2840 
5318 3257 3718 2821 
5319 3756 3769 2871 
5320 1676 3743 2206 
5321 2813 3719 2811 
5322 3557 3717 3697 
5323 3704 3730 3489 
5324 3033 4023 1025 
5325 1869 3730 3704 
5326 2079 3721 1944 
5327 3857 3858 2887 
5328 2039 3693 3354 
5329 2185 3693 2039 
5330 2816 3795 2818 
5331 2098 3717 3557 
5332 3906 4110 3000 
5333 2633 3750 3587 
5334 1676 1677 1675 
5335 3558 3739 3569 
5336 3448 3748 3744 
5337 2366 3706 3633 
5338 1940 3723 1938 
5339 987 3985 986 
5340 2817 3724 2815 
5341 1673 1676 1675 
5342 2316 3803 3796 
5343 2320 2321 1664 
5344 3741 3750 2633 
5345 2390 4092 3149 
5346 2818 3793 2820 
5347 3339 3771 3337 
5348 1616 4157 3152 
5349 3613 3748 3446 
5350 2863 3741 3705 
5351 976 2545 975 
5352 2854 3715 3664 
5353 2435 3693 2185 
5354 2258 3754 2451 
5355 2098 3727 3717 
5356 3630 3751 3692 
5357 3751 3757 3341 
5358 2816 3798 3795 
5359 2651 3726 2664 
5360 2661 3761 3351 
5361 2820 3791 2822 
5362 3737 3754 3437 
5363 2712 3806 1668 
5364 2787 3020 3019 
5365 1795 3753 1687 
5366 2818 3795 3793 
5367 2822 3790 2824 
5368 3555 3727 2098 
5369 3275 3728 2645 
5370 1657 3841 2698 
5371 3691 3706 2366 
5372 2023 3755 3495 
5373 2824 3789 2826 
5374 2828 3785 2830 
5375 3658 3725 3414 
5376 2822 3791 3790 
5377 1871 3730 1869 
5378 2430 3058 2781 
5379 2826 3787 2828 
5380 2820 3793 3791 
5381 3639 3749 2679 
5382 3489 3731 3488 
5383 2435 3788 3258 
5384 3444 3737 3438 
5385 3446 3766 3444 
5386 2824 3790 3789 
5387 2826 3789 3787 
5388 2187 3725 3658 
5389 3695 3713 3353 
5390 2828 3787 3785 
5391 2872 3762 3725 
5392 2703 2955 2704 
5393 1584 3069 2738 
5394 3683 3725 2187 
5395 2199 3733 3555 
5396 3555 3733 3727 
5397 3337 3781 3336 
5398 3060 4176 1146 
5399 1670 2418 1672 
5400 3731 3740 3488 
5401 2716 3729 2502 
5402 3757 3771 3339 
5403 2723 4236 3123 
5404 3730 3731 3489 
5405 2218 3738 2580 
5406 3292 3778 1744 
5407 3466 3804 2648 
5408 1759 3735 1906 
5409 3437 3777 3427 
5410 3708 3720 1929 
5411 2910 4266 3118 
5412 2670 3802 3466 
5413 2801 3776 3292 
5414 3239 3764 2629 
5415 3488 3740 2450 
5416 3255 3736 2649 
5417 4135 4201 1118 
5418 2870 3762 2872 
5419 3569 3739 2268 
5420 1657 2698 1666 
5421 3740 3744 2450 
5422 3058 3210 2781 
5423 3802 3804 3466 
5424 1021 3747 1573 
5425 1029 3714 1603 
5426 3771 3781 3337 
5427 2870 3769 3762 
5428 2713 2722 2712 
5429 2864 3741 2863 
5430 2703 2704 2665 
5431 3426 3801 3424 
5432 3372 3776 3371 
5433 2450 3744 2626 
5434 3554 4225 2861 
5435 3692 3751 3343 
5436 3344 3803 2316 
5437 2885 3752 3050 
5438 3572 3764 2055 
5439 1804 3815 3810 
5440 1022 3747 1021 
5441 2797 3770 2590 
5442 3424 3805 3423 
5443 1711 3773 1710 
5444 3781 3799 3336 
5445 1670 3824 2418 
5446 3249 3800 2666 
5447 3634 3802 3745 
5448 3563 3745 2261 
5449 3725 3762 3414 
5450 1715 3775 1714 
5451 1673 1674 1671 
5452 2418 2703 2665 
5453 2804 3780 2806 
5454 1673 1675 1674 
5455 2261 3746 1811 
5456 3744 3748 2626 
5457 3336 3799 3344 
5458 1744 3778 1722 
5459 1720 3778 2057 
5460 2057 3775 1718 
5461 2864 3750 3741 
5462 2721 3981 3061 
5463 2966 4282 1153 
5464 3823 3825 3434 
5465 2787 3019 2786 
5466 3799 3803 3344 
5467 3805 3808 3423 
5468 3801 3805 3424 
5469 2626 3748 3613 
5470 3423 3808 3451 
5471 1757 3810 3735 
5472 3509 3749 3639 
5473 3682 3772 2049 
5474 2451 3754 3737 
5475 2316 3796 3402 
5476 3035 3750 2864 
5477 3298 3760 3499 
5478 3248 3760 3298 
5479 3558 3801 3739 
5480 3451 3814 3430 
5481 3486 3817 1804 
5482 2839 3772 3682 
5483 2859 3759 2860 
5484 2590 3770 3260 
5485 3808 3814 3451 
5486 2871 3769 2870 
5487 2782 3742 2537 
5488 3311 3875 3874 
5489 3173 3922 2976 
5490 2075 3780 3582 
5491 3814 3821 3430 
5492 2537 3742 2893 
5493 2418 2665 1672 
5494 2698 2700 2699 
5495 2859 3769 3756 
5496 3430 3821 3431 
5497 3826 3827 3433 
5498 1687 3753 1685 
5499 3821 3826 3431 
5500 3434 3825 3471 
5501 2452 3759 3756 
5502 3431 3826 3433 
5503 1302 3830 1626 
5504 2269 3751 3630 
5505 3754 3777 3437 
5506 2923 2984 2983 
5507 3835 3840 2052 
5508 3748 3766 3446 
5509 2714 2787 2786 
5510 2886 3813 2058 
5511 2268 3754 2258 
5512 3813 3842 3595 
5513 3310 3866 3314 
5514 1804 3810 1755 
5515 3218 4246 1597 
5516 2059 3836 3829 
5517 2506 3811 2504 
5518 2722 3889 2712 
5519 3281 3844 1931 
5520 3392 3756 2871 
5521 3001 3890 3214 
5522 1672 1673 1671 
5523 2269 3757 3751 
5524 2609 3822 2610 
5525 3543 3827 2080 
5526 1001 3054 1000 
5527 3372 3807 3775 
5528 3448 3766 3748 
5529 1123 2522 1122 
5530 2789 3755 2023 
5531 2204 2713 2712 
5532 3305 3839 1910 
5533 3764 3853 2055 
5534 4044 4218 2924 
5535 3739 3801 3426 
5536 3006 3037 3005 
5537 3745 3802 2670 
5538 3735 3810 2875 
5539 3773 3807 3365 
5540 3623 3809 3116 
5541 2760 3834 2611 
5542 2673 3815 3562 
5543 2789 3758 3755 
5544 2433 3788 2435 
5545 3253 3758 2789 
5546 3626 3757 2269 
5547 2703 3734 2955 
5548 3355 3767 3279 
5549 1670 1672 1671 
5550 3316 3761 2661 
5551 3362 3839 2693 
5552 3365 3819 3773 
5553 3877 3883 2006 
5554 3433 3823 3434 
5555 1673 3743 1676 
5556 3559 3834 2346 
5557 2054 3838 3362 
5558 1910 3843 3305 
5559 3496 3839 3305 
5560 2665 3743 1672 
5561 1918 3838 2054 
5562 3762 3769 2457 
5563 3281 3835 2677 
5564 1910 3838 1901 
5565 3414 3762 2457 
5566 3075 3849 1058 
5567 3472 3818 3476 
5568 3693 3767 3355 
5569 3351 3854 2681 
5570 2268 3777 3754 
5571 2059 3829 3617 
5572 1068 3876 1632 
5573 2681 3853 2797 
5574 2874 3844 2684 
5575 2261 3800 3746 
5576 3822 3825 2610 
5577 1653 2725 968 
5578 3472 3822 3818 
5579 2995 2998 2996 
5580 2451 3766 3448 
5581 2629 3764 3572 
5582 2714 2786 2713 
5583 1892 3840 1893 
5584 1672 3743 1673 
5585 3746 3800 3249 
5586 1899 3843 1910 
5587 2682 3844 3281 
5588 1069 3876 1068 
5589 2006 3855 3852 
5590 1570 3846 3067 
5591 3626 3771 3757 
5592 1931 3847 1895 
5593 1196 3768 2971 
5594 4009 4219 1572 
5595 2204 2714 2713 
5596 2457 3769 2859 
5597 2435 3767 3693 
5598 3756 3759 2859 
5599 2418 3880 2703 
5600 2461 3831 2460 
5601 2681 3854 3853 
5602 2049 3772 3367 
5603 2460 3828 2669 
5604 1164 4013 2776 
5605 2669 3819 3365 
5606 2884 3969 3734 
5607 1606 3870 3196 
5608 3367 3774 1765 
5609 1714 3773 1711 
5610 1805 3771 3626 
5611 3371 3776 2801 
5612 2100 3850 2373 
5613 3772 3774 3367 
5614 3364 3807 3372 
5615 2698 3732 2700 
5616 2755 2937 966 
5617 1718 3775 1715 
5618 2923 2983 1661 
5619 1722 3778 1720 
5620 1346 3891 1592 
5621 3316 3867 3859 
5622 1580 4232 3586 
5623 3796 3803 2679 
5624 2993 2997 2995 
5625 3297 3783 2068 
5626 2787 3848 3021 
5627 1805 3781 3771 
5628 2460 3831 3828 
5629 1210 3018 1209 
5630 3779 3780 2804 
5631 2509 3856 2511 
5632 3509 3829 3749 
5633 3774 3782 1765 
5634 2969 3812 3162 
5635 3582 3779 1744 
5636 1669 2204 1668 
5637 3783 3785 2068 
5638 3782 3783 3297 
5639 2669 3828 3819 
5640 1670 1671 1669 
5641 2698 2699 1666 
5642 3749 3829 3403 
5643 2887 3860 2888 
5644 3389 3781 1805 
5645 2605 3862 2603 
5646 3453 3862 2184 
5647 1667 1670 1669 
5648 3592 3837 3836 
5649 1765 3782 3297 
5650 1347 3891 1346 
5651 3592 3836 2059 
5652 2806 3784 2808 
5653 1766 3859 1693 
5654 1990 3861 2048 
5655 3389 3799 3781 
5656 2068 3785 3477 
5657 2048 3858 3561 
5658 3785 3787 3477 
5659 3477 3787 1779 
5660 1775 3786 3540 
5661 3787 3789 1779 
5662 1779 3789 3480 
5663 2797 3853 3764 
5664 3480 3790 2073 
5665 1775 3792 3786 
5666 2881 3820 3694 
5667 3789 3790 3480 
5668 3790 3791 2073 
5669 2881 3842 3813 
5670 2073 3791 3518 
5671 1667 1668 1658 
5672 2658 3799 3389 
5673 3518 3793 1789 
5674 2077 3794 3539 
5675 3791 3793 3518 
5676 3315 3871 3316 
5677 3539 3792 1775 
5678 2077 3798 3794 
5679 1238 3980 1237 
5680 1246 3797 1245 
5681 1674 3763 1671 
5682 3793 3795 1789 
5683 1789 3795 3520 
5684 3520 3798 2077 
5685 3097 4060 1593 
5686 2075 3784 3780 
5687 3063 4142 4039 
5688 3539 3794 3792 
5689 3810 3815 2875 
5690 1229 3868 1613 
5691 3795 3798 3520 
5692 1689 3867 1795 
5693 2658 3803 3799 
5694 2593 3788 2433 
5695 1104 4170 1587 
5696 1999 3801 3558 
5697 1830 3837 3592 
5698 2996 3832 3002 
5699 3739 3777 2268 
5700 2997 4143 3172 
5701 1563 4118 3851 
5702 2006 3852 1675 
5703 1830 3842 3837 
5704 3645 3970 3233 
5705 2679 3803 2658 
5706 1906 3804 3802 
5707 1999 3805 3801 
5708 3694 3820 2597 
5709 3565 3805 1999 
5710 3749 3796 2679 
5711 1906 3802 3634 
5712 3595 3842 1830 
5713 3565 3808 3805 
5714 3476 3818 3486 
5715 2676 4095 3129 
5716 2610 3825 3823 
5717 3316 3859 3761 
5718 1683 3874 1837 
5719 1221 4286 1220 
5720 2084 3808 3565 
5721 1755 3810 1757 
5722 2697 3811 2506 
5723 2084 3814 3808 
5724 3820 3856 2597 
5725 3829 3836 3403 
5726 2719 3809 3623 
5727 3525 3814 2084 
5728 1648 1657 1656 
5729 1612 4126 3180 
5730 3165 4295 3925 
5731 3002 3006 3005 
5732 2875 3815 2673 
5733 2593 3816 3788 
5734 2058 3813 3595 
5735 3745 3800 2261 
5736 3525 3821 3814 
5737 1667 1669 1668 
5738 2740 3980 1238 
5739 2886 3820 3813 
5740 1653 2925 2883 
5741 2968 3878 2969 
5742 3562 3817 2659 
5743 3752 4161 2524 
5744 2886 3856 3820 
5745 3048 4164 4023 
5746 1671 3763 1669 
5747 3818 3822 2659 
5748 1037 3163 1036 
5749 2523 2524 2353 
5750 2659 3822 2609 
5751 3457 3827 3826 
5752 1985 3821 3525 
5753 1710 3819 3581 
5754 3115 3888 2672 
5755 1985 3826 3821 
5756 3457 3826 1985 
5757 3471 3825 3472 
5758 2610 3823 3543 
5759 2674 3816 2593 
5760 3699 3877 1679 
5761 2970 4286 1221 
5762 2080 3827 3457 
5763 3735 3804 1906 
5764 3002 3832 3006 
5765 2204 3763 2714 
5766 1674 3848 3763 
5767 1044 1596 1043 
5768 2708 3882 2742 
5769 1119 4135 1118 
5770 2480 3886 2313 
5771 2700 2884 2699 
5772 1677 3877 2006 
5773 1669 3763 2204 
5774 3819 3828 3581 
5775 2424 3886 2771 
5776 2383 3892 1268 
5777 3581 3828 2876 
5778 1361 4216 1360 
5779 3761 3859 1766 
5780 3848 3852 3021 
5781 3617 3829 3509 
5782 3271 3936 2293 
5783 3409 4046 2987 
5784 3828 3831 2876 
5785 3301 3877 3699 
5786 2876 3831 3239 
5787 3582 3780 3779 
5788 1626 3830 3201 
5789 3909 3931 3055 
5790 2373 4267 3949 
5791 3472 3825 3822 
5792 2674 3835 3816 
5793 2611 3834 3559 
5794 2210 2353 1655 
5795 3753 3874 1685 
5796 3403 3836 2882 
5797 3836 3837 2882 
5798 1901 3838 1918 
5799 2677 3835 2674 
5800 3080 3962 1624 
5801 2882 3837 2880 
5802 3780 3784 2806 
5803 3311 3874 3753 
5804 1258 4042 3742 
5805 3763 3848 2714 
5806 2693 3839 3496 
5807 1061 3912 3075 
5808 4215 4303 3089 
5809 3837 3842 2880 
5810 1656 2210 1655 
5811 3136 4220 1624 
5812 3813 3820 2881 
5813 2052 3840 1892 
5814 3233 4032 3645 
5815 1897 3843 1899 
5816 3123 3846 1570 
5817 2880 3842 2881 
5818 1897 3847 3843 
5819 1895 3847 1897 
5820 2684 3844 2682 
5821 3833 4047 1615 
5822 3856 3857 2511 
5823 2672 3893 3300 
5824 1201 3894 2931 
5825 1648 1656 1655 
5826 3852 3855 3021 
5827 1714 3807 3773 
5828 1657 1658 1656 
5829 3868 3869 2878 
5830 1666 1667 1658 
5831 2700 4133 4091 
5832 1657 1666 1658 
5833 3043 4213 3044 
5834 1057 3849 2663 
5835 3888 3893 2672 
5836 3312 3875 3309 
5837 1274 3864 1273 
5838 1270 3927 1269 
5839 1646 1647 1644 
5840 2578 4002 3156 
5841 3309 3875 3311 
5842 2048 3861 3860 
5843 2714 3848 2787 
5844 2210 2523 2353 
5845 2102 3850 2100 
5846 1008 3851 1007 
5847 1648 1655 1647 
5848 3486 3818 3817 
5849 1632 3876 3204 
5850 2998 3832 2996 
5851 3624 3865 3863 
5852 2711 3895 3573 
5853 3624 3863 2111 
5854 2055 3853 3527 
5855 2473 4297 3712 
5856 3301 3883 3877 
5857 2186 3935 2434 
5858 3853 3854 3527 
5859 2597 3856 2509 
5860 3527 3854 1766 
5861 1667 3824 1670 
5862 3817 3818 2659 
5863 3612 3901 2868 
5864 2701 3857 2886 
5865 3110 3865 3624 
5866 2867 3901 3223 
5867 3911 3981 3898 
5868 1693 3859 1691 
5869 2888 3860 2891 
5870 1675 3852 1674 
5871 2701 3858 3857 
5872 3021 3855 3022 
5873 3561 3858 2701 
5874 3161 3953 3083 
5875 2998 3833 3832 
5876 1665 3873 1088 
5877 1100 4015 1099 
5878 3314 3871 3315 
5879 2352 3899 2578 
5880 3079 4201 4135 
5881 2111 3861 1990 
5882 2603 3862 3453 
5883 1088 3873 1087 
5884 2891 3863 2892 
5885 3863 3865 2892 
5886 3157 3998 2894 
5887 3859 3867 1691 
5888 2892 3865 3135 
5889 3849 3885 2663 
5890 3232 3970 2861 
5891 991 3903 1620 
5892 1795 3866 3753 
5893 1691 3867 1689 
5894 1674 3852 3848 
5895 1613 3868 2878 
5896 3050 3870 1606 
5897 3153 3916 2349 
5898 2678 3907 2719 
5899 2699 3824 1666 
5900 2676 3907 2675 
5901 1646 1648 1647 
5902 3147 4309 3045 
5903 1668 3806 1658 
5904 2111 3863 3861 
5905 3861 3863 2891 
5906 1658 3806 1656 
5907 1656 3806 2210 
5908 1240 4130 1239 
5909 1645 1650 1646 
5910 1151 3900 1150 
5911 3958 4237 2493 
5912 1685 3874 1683 
5913 1837 3872 3699 
5914 3300 3883 3301 
5915 1087 3873 1586 
5916 1239 4130 2740 
5917 1666 3824 1667 
5918 2657 4306 2947 
5919 2311 3916 2521 
5920 1679 3877 1677 
5921 3999 4187 3304 
5922 2977 3996 3166 
5923 3185 4071 2731 
5924 3824 3880 2418 
5925 1287 3884 1286 
5926 2964 4083 4051 
5927 1379 4081 3120 
5928 1023 3896 1022 
5929 2886 3857 3856 
5930 1010 3929 3165 
5931 1662 4085 3891 
5932 2897 3882 2708 
5933 1635 3896 1023 
5934 3155 4035 2720 
5935 2910 3924 2476 
5936 3663 3921 2628 
5937 3204 4276 2998 
5938 1939 3923 2199 
5939 2180 3923 1937 
5940 2663 3885 3045 
5941 2751 4010 3226 
5942 3240 4070 2432 
5943 1648 3841 1657 
5944 1214 4188 1213 
5945 3860 3861 2891 
5946 2313 3886 2424 
5947 3204 4274 3203 
5948 3083 4145 2981 
5949 3055 3979 2203 
5950 2929 3925 2778 
5951 2489 3965 3192 
5952 1650 3841 1646 
5953 2538 3926 3326 
5954 1086 4233 1085 
5955 3903 4297 2473 
5956 3126 4299 2706 
5957 2915 4233 1086 
5958 3872 3875 3312 
5959 1615 4113 4098 
5960 1291 3926 2205 
5961 1646 3841 1648 
5962 2947 4306 1601 
5963 1645 1646 1644 
5964 2689 3931 2691 
5965 2865 3950 3035 
5966 2712 3889 3806 
5967 1643 1649 1645 
5968 2775 4226 4048 
5969 3014 4255 3189 
5970 2300 3936 2314 
5971 3866 3871 3314 
5972 2699 3880 3824 
5973 2920 3959 2391 
5974 2884 3880 2699 
5975 2695 3934 3158 
5976 2293 3936 2296 
5977 1615 4098 3833 
5978 2514 3938 2177 
5979 2178 3938 2379 
5980 3057 4271 3056 
5981 1662 3891 1347 
5982 2719 4000 3809 
5983 1639 1660 1641 
5984 3726 3924 2664 
5985 1795 3871 3866 
5986 3225 4038 2158 
5987 1639 1640 1596 
5988 1268 3892 1267 
5989 1643 1645 1644 
5990 3273 3943 2054 
5991 2781 3935 2873 
5992 2559 3942 2560 
5993 3022 3888 3093 
5994 2999 4110 3117 
5995 3151 4155 2715 
5996 1927 3943 2183 
5997 1641 1643 1642 
5998 3022 3893 3888 
5999 2054 3943 1925 
6000 1588 4173 4077 
6001 1837 3875 3872 
6002 1653 2883 2725 
6003 1375 4242 2751 
6004 3387 3949 2595 
6005 1376 4242 1375 
6006 2929 4118 3925 
6007 2728 3944 2726 
6008 2373 3949 3388 
6009 3949 4267 3047 
6010 2586 3948 2788 
6011 2934 3933 2933 
6012 1025 4023 1024 
6013 3887 4076 2954 
6014 3203 4274 3932 
6015 2006 3883 3855 
6016 2432 4070 2517 
6017 1024 4023 1635 
6018 2936 3952 3679 
6019 3926 4245 3326 
6020 3573 3895 2927 
6021 1643 1644 1642 
6022 2210 3889 2523 
6023 3806 3889 2210 
6024 2110 3963 3728 
6025 2494 3897 2498 
6026 3633 3958 2493 
6027 2729 3898 2735 
6028 3119 3910 1633 
6029 2890 3962 2889 
6030 993 3957 1574 
6031 3317 4288 3391 
6032 2720 4203 3155 
6033 1680 3963 1682 
6034 3318 4288 3317 
6035 3197 4305 2786 
6036 1022 3896 3747 
6037 3916 4141 2521 
6038 2525 3899 2352 
6039 1641 1642 1640 
6040 2868 3901 2867 
6041 968 3915 967 
6042 3300 3893 3883 
6043 3896 4263 3707 
6044 2118 3965 2489 
6045 1638 1639 1596 
6046 2479 3965 2116 
6047 2911 4202 4112 
6048 2430 3957 3058 
6049 1620 3903 2473 
6050 2181 3981 3911 
6051 2345 3966 3625 
6052 3467 4112 3051 
6053 3404 3972 2372 
6054 3845 4108 3132 
6055 3149 4092 2925 
6056 1062 3912 1061 
6057 1604 4059 3178 
6058 2968 4206 3878 
6059 2987 4268 3409 
6060 3124 3971 2431 
6061 2711 4060 3895 
6062 2848 4096 3220 
6063 1639 1641 1640 
6064 4043 4124 2794 
6065 2729 3911 3898 
6066 3218 3910 3119 
6067 3084 4001 3256 
6068 3013 3955 2385 
6069 3985 4181 986 
6070 3855 3893 3022 
6071 2675 3907 2678 
6072 2502 3975 2414 
6073 1044 1638 1596 
6074 3883 3893 3855 
6075 1213 4188 4105 
6076 2788 3972 2585 
6077 1163 3928 1162 
6078 3172 4143 3106 
6079 2776 3928 1163 
6080 3591 4016 2158 
6081 1294 4196 1293 
6082 3064 4018 2747 
6083 1597 3929 1011 
6084 1293 4196 2547 
6085 1244 4064 1243 
6086 2963 4301 1124 
6087 1629 4302 3150 
6088 3212 4022 2946 
6089 3176 4253 3177 
6090 3054 3968 3055 
6091 2725 3915 968 
6092 2691 3909 3440 
6093 3000 4210 2990 
6094 2368 4004 1285 
6095 3328 4066 2396 
6096 2730 3911 2729 
6097 1332 3914 1331 
6098 3416 4292 2943 
6099 2964 4250 3162 
6100 3070 4068 1094 
6101 2767 3987 2766 
6102 2420 4049 3166 
6103 2147 3990 2121 
6104 1607 3913 1101 
6105 3194 4031 2903 
6106 1089 3946 1665 
6107 2119 3990 3591 
6108 3894 3956 2931 
6109 1642 3007 1640 
6110 3048 4237 3958 
6111 1598 3914 1332 
6112 3873 3950 1586 
6113 2349 3916 2311 
6114 3231 4103 3233 
6115 3553 3993 2879 
6116 2420 3996 2400 
6117 965 4050 964 
6118 2944 4169 3729 
6119 1628 4005 2965 
6120 2203 3979 3195 
6121 3245 4090 1612 
6122 3139 4120 3003 
6123 2931 4172 1200 
6124 3959 4040 2883 
6125 3150 4000 1568 
6126 1206 4101 2574 
6127 3370 4007 3369 
6128 2731 4284 3185 
6129 2989 4210 2999 
6130 2706 3918 2913 
6131 1647 3908 1644 
6132 2492 4285 3179 
6133 2540 4027 1278 
6134 3235 3954 2183 
6135 1641 3881 1643 
6136 3255 4031 2147 
6137 3233 3970 3232 
6138 3139 3905 1638 
6139 3162 4083 2964 
6140 1580 3946 1090 
6141 1170 3919 1600 
6142 2972 3991 2202 
6143 2157 4028 3306 
6144 2977 4129 3996 
6145 1140 4056 1139 
6146 4091 4133 3037 
6147 2943 4168 3416 
6148 2462 3920 3087 
6149 3160 3930 1579 
6150 2935 4054 4006 
6151 3253 4275 2715 
6152 3221 3994 2421 
6153 2628 3921 3575 
6154 2606 4025 3607 
6155 2921 3917 2755 
6156 3706 4011 3707 
6157 2903 4031 2650 
6158 2463 4025 2745 
6159 3216 4163 2390 
6160 1614 3983 3176 
6161 2114 4032 2479 
6162 3809 4000 3150 
6163 3104 4037 2614 
6164 2490 4040 4010 
6165 2532 4227 1154 
6166 2604 4037 2605 
6167 1154 4227 2966 
6168 1937 3923 1939 
6169 3645 4032 2101 
6170 3830 4278 3201 
6171 1660 3881 1641 
6172 2755 3917 3722 
6173 1643 3881 1649 
6174 2158 4038 2115 
6175 3188 3975 3606 
6176 3641 4290 3072 
6177 1596 3902 1043 
6178 2381 4277 3186 
6179 3306 4045 2040 
6180 2476 3924 3726 
6181 2470 4245 3926 
6182 2374 4054 3153 
6183 2527 4039 2948 
6184 4061 4274 3204 
6185 2778 3925 2777 
6186 3653 4058 3263 
6187 2480 4271 3886 
6188 1600 4140 3206 
6189 2635 4046 3652 
6190 3283 4247 2549 
6191 3946 4158 1665 
6192 3895 4060 3097 
6193 3642 3967 2488 
6194 1651 4001 3199 
6195 2183 3954 3576 
6196 2182 4052 3501 
6197 3027 4240 3026 
6198 2794 4124 989 
6199 2205 3926 2538 
6200 3201 4278 2716 
6201 2007 4046 3409 
6202 3462 3933 2934 
6203 1637 4088 3714 
6204 1634 4160 1082 
6205 2485 4048 2869 
6206 2775 4048 2486 
6207 2613 4052 2706 
6208 1162 3928 1652 
6209 3044 4213 3205 
6210 2947 4141 3916 
6211 3925 4118 1563 
6212 1011 3929 1010 
6213 3672 4053 2798 
6214 1139 4056 2529 
6215 1638 3905 1639 
6216 2396 4066 2395 
6217 2398 4066 2420 
6218 2772 3931 2689 
6219 2622 4062 2497 
6220 3244 4308 4085 
6221 2782 4041 3742 
6222 3219 3984 3908 
6223 2574 3956 1205 
6224 2941 3954 3046 
6225 3220 4225 2848 
6226 2544 4207 3182 
6227 3897 4067 3066 
6228 1250 4077 1249 
6229 1639 3905 1660 
6230 1581 4067 1080 
6231 1652 4065 3246 
6232 3045 4213 3043 
6233 3765 3933 3462 
6234 3227 3941 2752 
6235 2498 4096 3400 
6236 1644 3908 1642 
6237 1249 4077 2320 
6238 1569 4099 1308 
6239 3078 4085 3077 
6240 1564 4093 3098 
6241 3440 3934 2695 
6242 2793 4026 2968 
6243 2742 4024 2743 
6244 3490 4138 2595 
6245 2847 4096 2848 
6246 2905 4069 2906 
6247 2296 3936 2300 
6248 3742 4042 2893 
6249 2177 3938 2178 
6250 2956 4107 2519 
6251 2710 4269 1288 
6252 3210 3935 2781 
6253 3090 4165 3251 
6254 3869 4070 2878 
6255 2432 4231 3240 
6256 4073 4301 2963 
6257 1269 3927 2383 
6258 2911 4112 2601 
6259 4006 4283 2935 
6260 1615 4047 1070 
6261 2704 3933 3765 
6262 2961 3939 3368 
6263 2599 4112 3467 
6264 3046 4117 2939 
6265 2501 4123 2347 
6266 2938 4109 2940 
6267 2102 4038 3850 
6268 2540 4174 4027 
6269 1571 4117 2896 
6270 3251 4165 2336 
6271 2910 4093 3924 
6272 3605 4229 3191 
6273 3296 4141 3140 
6274 1288 4269 2922 
6275 2404 4129 2417 
6276 2771 4126 2761 
6277 3886 4271 3057 
6278 1295 4260 2198 
6279 3038 4247 3283 
6280 3846 4062 2622 
6281 3797 4130 3127 
6282 3046 3954 3235 
6283 3948 3974 2788 
6284 2390 4163 2190 
6285 2889 4134 2512 
6286 2752 3941 2916 
6287 2788 4102 3972 
6288 2926 4137 3657 
6289 1597 4079 3218 
6290 1572 4280 1226 
6291 1290 4151 1289 
6292 2536 4151 1290 
6293 1589 4298 1192 
6294 2467 4153 3759 
6295 2560 3942 2564 
6296 3229 4105 1199 
6297 3102 4161 2923 
6298 1925 3943 1927 
6299 3186 4277 3163 
6300 3117 4110 3906 
6301 3302 4272 3303 
6302 1192 4298 2793 
6303 2981 4311 2980 
6304 2860 4153 3227 
6305 1105 4170 1104 
6306 2745 4157 2744 
6307 1625 3989 1218 
6308 1649 3964 1645 
6309 1315 4147 1314 
6310 2995 4061 2998 
6311 2426 4170 1105 
6312 2726 3944 3130 
6313 2336 4165 2331 
6314 2909 4187 3323 
6315 3729 4192 2944 
6316 2954 3947 2756 
6317 3131 4186 2515 
6318 2510 4184 2508 
6319 2379 4206 2377 
6320 1090 3946 1089 
6321 2975 4256 3188 
6322 2475 4266 2910 
6323 2861 4225 2774 
6324 2491 4205 3125 
6325 2950 3948 2586 
6326 1678 4289 1680 
6327 3388 3949 3387 
6328 1351 4235 2707 
6329 2664 4228 2438 
6330 1352 4235 1351 
6331 2489 4229 2120 
6332 3599 4231 2432 
6333 2660 4089 1216 
6334 3068 4226 2972 
6335 4056 4125 2529 
6336 3545 4212 2255 
6337 1586 3950 2962 
6338 3454 4239 2671 
6339 2122 4229 3605 
6340 2914 3967 3071 
6341 3696 4163 2857 
6342 3612 3993 3901 
6343 3166 4049 3675 
6344 4048 4226 3068 
6345 3148 3998 2531 
6346 2785 4014 3961 
6347 3179 4285 1232 
6348 1317 4128 1584 
6349 1036 4277 1035 
6350 3908 3984 3007 
6351 1642 3908 3007 
6352 3093 4221 3020 
6353 2865 4183 3950 
6354 2873 4209 2546 
6355 3603 3953 3128 
6356 3679 3952 2905 
6357 2385 3955 1167 
6358 961 4094 3722 
6359 3114 4265 4174 
6360 1135 4283 1134 
6361 2786 4088 3197 
6362 3873 4310 3950 
6363 1574 3957 2430 
6364 2495 4236 2494 
6365 2549 4247 3655 
6366 2913 3986 3104 
6367 3408 4090 3246 
6368 3035 4158 3750 
6369 3025 4191 3024 
6370 3707 3958 3633 
6371 2530 3986 3228 
6372 1094 4068 1093 
6373 1284 4004 1283 
6374 2935 4283 1135 
6375 1277 4027 3864 
6376 3587 4158 3946 
6377 3053 4197 2950 
6378 2547 4196 3173 
6379 3041 4223 3247 
6380 1640 3902 1596 
6381 1093 4068 1659 
6382 3256 4001 1651 
6383 2925 3959 2883 
6384 2786 4305 2713 
6385 3941 4153 2467 
6386 3959 4092 2391 
6387 1659 4068 3318 
6388 2993 4143 2997 
6389 1650 4019 3732 
6390 3134 3962 2890 
6391 2785 3961 1211 
6392 3714 4088 3019 
6393 2857 4053 2554 
6394 3947 4222 2756 
6395 1682 3963 2110 
6396 3833 4098 3832 
6397 4017 4018 3244 
6398 3074 4232 1580 
6399 3263 4058 3921 
6400 3209 4127 2543 
6401 3878 4206 2379 
6402 4110 4210 3000 
6403 2848 4225 3554 
6404 3625 3966 3025 
6405 3246 4065 3904 
6406 1289 4151 2710 
6407 3993 4107 2879 
6408 3409 4268 2105 
6409 2983 4304 1661 
6410 2116 3965 2118 
6411 1222 4012 1599 
6412 4005 4214 2965 
6413 2985 4166 3325 
6414 3637 3982 2924 
6415 1645 3964 1650 
6416 2760 3973 3845 
6417 3019 4221 3714 
6418 2368 4294 4004 
6419 2717 4232 3317 
6420 2913 4238 3986 
6421 3317 4232 3074 
6422 3190 4033 2915 
6423 2731 4071 2911 
6424 1602 3969 2718 
6425 3163 4277 1036 
6426 2854 4288 3715 
6427 3007 3902 1640 
6428 2982 4311 3942 
6429 3714 4221 1603 
6430 3211 4248 1262 
6431 2431 3971 2849 
6432 2585 3972 3404 
6433 2877 3973 2760 
6434 2722 4003 3889 
6435 3899 4002 2578 
6436 1264 4144 1263 
6437 1599 3995 2970 
6438 1263 4144 3211 
6439 3156 4002 3157 
6440 4040 4258 2883 
6441 1215 4075 1214 
6442 1333 3994 1598 
6443 1334 3994 1333 
6444 2414 3975 2416 
6445 1296 3976 1295 
6446 4060 4190 1593 
6447 3187 4261 3159 
6448 3884 3977 2784 
6449 2539 3984 3102 
6450 3236 4155 2932 
6451 2528 3978 3459 
6452 3192 4182 3234 
6453 3102 3984 3219 
6454 4174 4265 3032 
6455 2953 4012 2534 
6456 2716 4278 3729 
6457 3109 4200 3110 
6458 3931 3979 3055 
6459 2545 3982 3252 
6460 2735 4114 3401 
6461 2969 4131 3812 
6462 1593 4190 3070 
6463 4097 4211 3945 
6464 3924 4093 3200 
6465 3901 3993 2376 
6466 3114 4174 2540 
6467 3930 4134 2889 
6468 1237 3980 2702 
6469 3983 4253 3176 
6470 2391 4092 2390 
6471 4010 4242 2490 
6472 3005 4019 3004 
6473 3768 4075 1215 
6474 1592 4104 1345 
6475 982 3985 981 
6476 3350 3983 2877 
6477 3115 4264 3888 
6478 3242 4024 2252 
6479 1654 4020 3028 
6480 2766 3987 2769 
6481 2906 4021 3268 
6482 2756 4222 4142 
6483 1607 4069 3952 
6484 1218 3989 1217 
6485 2742 4254 4024 
6486 3986 4238 3228 
6487 3173 4196 2198 
6488 3040 4223 3041 
6489 3129 4095 2753 
6490 2121 3990 2119 
6491 3935 4045 2873 
6492 1296 4262 3976 
6493 3929 4295 3165 
6494 2902 3992 2903 
6495 1611 4259 3968 
6496 3889 4003 2523 
6497 2948 3991 2775 
6498 2421 3994 1334 
6499 2376 3993 3553 
6500 3976 4260 1295 
6501 2902 3995 3992 
6502 1285 4004 1284 
6503 3976 4262 1299 
6504 3886 4149 2771 
6505 2400 3996 2402 
6506 3579 3995 2902 
6507 3006 3988 3037 
6508 986 4181 985 
6509 3034 4237 3048 
6510 3950 4310 3035 
6511 3632 3999 2336 
6512 3209 4005 1628 
6513 4112 4202 3051 
6514 3221 4200 3994 
6515 1597 4246 3929 
6516 1568 4000 3129 
6517 3243 4017 3244 
6518 2749 4001 3084 
6519 2956 4205 4107 
6520 3942 4311 4145 
6521 4129 4251 2417 
6522 2743 4024 3242 
6523 3369 4007 2396 
6524 4001 4228 3199 
6525 1227 4009 1572 
6526 3206 4140 3702 
6527 3050 4003 3870 
6528 3030 3974 3948 
6529 3672 4224 3619 
6530 3937 3967 2914 
6531 3870 4003 2722 
6532 2746 4016 3193 
6533 3192 4033 3190 
6534 2741 4115 3879 
6535 1042 4159 2539 
6536 3303 4272 3999 
6537 2885 3997 3752 
6538 2898 4029 2899 
6539 3925 4295 2777 
6540 3226 4010 2920 
6541 1166 4013 1165 
6542 3491 4063 2360 
6543 3178 4059 2535 
6544 2748 4287 1577 
6545 3212 4109 4022 
6546 3085 4011 3706 
6547 3325 4166 2559 
6548 3055 3968 3909 
6549 1099 4015 1608 
6550 3092 4241 2792 
6551 1283 4004 3154 
6552 3144 4002 3899 
6553 2747 4017 3545 
6554 3264 4191 2897 
6555 3140 4284 2731 
6556 985 4181 983 
6557 3026 4240 3029 
6558 3922 4251 2976 
6559 2502 4169 3975 
6560 2946 4022 2945 
6561 3972 4102 3184 
6562 2252 4024 3601 
6563 2740 4130 3797 
6564 3960 4304 2983 
6565 3072 4290 3073 
6566 1175 4059 1174 
6567 4083 4243 2474 
6568 3732 4133 2700 
6569 3950 4183 2962 
6570 3729 4169 2502 
6571 2535 4059 1175 
6572 3057 4149 3886 
6573 2941 4121 3954 
6574 1186 4051 2474 
6575 1069 4047 3876 
6576 1148 4204 1147 
6577 3283 4028 2157 
6578 2198 4196 1294 
6579 2966 4227 4176 
6580 2937 4094 4050 
6581 3675 4245 2470 
6582 3607 4025 2463 
6583 964 4050 963 
6584 3234 4103 3231 
6585 1278 4027 1277 
6586 1198 4188 1197 
6587 2605 4034 3862 
6588 3987 4072 2769 
6589 2488 3967 3937 
6590 4063 4100 2360 
6591 2918 4097 3945 
6592 2716 4180 3201 
6593 2413 4029 3538 
6594 1141 4056 1140 
6595 3929 4246 3583 
6596 2949 4055 3460 
6597 2650 4031 3255 
6598 3440 4259 3934 
6599 3898 3981 2721 
6600 2635 4256 4046 
6601 2101 4032 2114 
6602 1013 4079 1012 
6603 1335 4179 2421 
6604 2202 4222 3947 
6605 4036 4123 2501 
6606 962 4094 961 
6607 4063 4084 3939 
6608 3132 4108 2895 
6609 2955 4116 4008 
6610 2360 4100 3533 
6611 1624 4220 1337 
6612 2614 4037 2604 
6613 4003 4194 2523 
6614 2720 4035 2784 
6615 1226 4280 1225 
6616 3155 4203 3920 
6617 2115 4038 2102 
6618 3030 4197 2171 
6619 4047 4276 3876 
6620 4027 4174 3031 
6621 3100 4270 4121 
6622 4028 4209 2873 
6623 1225 4280 3023 
6624 3024 4039 2527 
6625 988 4124 3222 
6626 1259 4042 1258 
6627 1207 4101 1206 
6628 969 4150 1653 
6629 3211 4269 2710 
6630 3939 4084 2986 
6631 2472 4115 2741 
6632 2772 3979 3931 
6633 4004 4294 3154 
6634 4087 4248 3211 
6635 980 4043 979 
6636 3971 4231 2849 
6637 3869 4198 4070 
6638 3015 4041 2782 
6639 2559 4166 3942 
6640 3264 4235 1617 
6641 4100 4132 3533 
6642 3461 4199 3728 
6643 1187 4051 1186 
6644 2040 4045 2186 
6645 1617 4235 1352 
6646 3186 4252 2381 
6647 2925 4092 3959 
6648 3951 4147 1315 
6649 2919 4177 3208 
6650 3019 4088 2786 
6651 1070 4047 1069 
6652 3996 4129 2402 
6653 3652 4046 2007 
6654 2893 4086 3076 
6655 2486 4048 2485 
6656 3160 4134 3930 
6657 3501 4052 2613 
6658 3979 4171 3195 
6659 2772 4171 3979 
6660 2798 4053 3216 
6661 3954 4121 3576 
6662 2754 4054 2374 
6663 4019 4133 3732 
6664 3003 4120 3094 
6665 3164 4090 3408 
6666 3937 4122 2988 
6667 4005 4006 2754 
6668 3978 4138 3023 
6669 1012 4079 1597 
6670 2528 4138 3978 
6671 4026 4298 2985 
6672 3862 4034 3138 
6673 3100 4121 2941 
6674 2645 4055 2624 
6675 3991 4222 2202 
6676 3197 4088 1637 
6677 3583 4295 3929 
6678 2900 4080 3109 
6679 3006 4098 3988 
6680 3350 4253 3983 
6681 2978 4060 2711 
6682 1174 4059 1604 
6683 1848 4058 3653 
6684 3977 4144 1264 
6685 2898 4180 4029 
6686 3887 4119 1362 
6687 3533 4132 2182 
6688 2186 4045 3935 
6689 2497 4062 2495 
6690 1189 4250 2964 
6691 982 4181 3985 
6692 4121 4270 2180 
6693 2754 4214 4005 
6694 2395 4066 2398 
6695 4201 4296 1117 
6696 3632 4187 3999 
6697 3066 4067 1581 
6698 2997 4061 2995 
6699 1059 4139 3075 
6700 3612 4107 3993 
6701 2912 4224 3672 
6702 2878 4070 3240 
6703 2749 4228 4001 
6704 3994 4200 1598 
6705 2769 4072 3206 
6706 4178 4282 3060 
6707 3956 4014 2931 
6708 3390 4082 1349 
6709 989 4124 988 
6710 3833 4276 4047 
6711 1349 4082 1348 
6712 1272 4257 1271 
6713 3016 4074 3015 
6714 3085 4279 4011 
6715 1364 4076 1363 
6716 3968 4259 3909 
6717 3910 4079 1013 
6718 1348 4082 1662 
6719 3191 4183 3605 
6720 10 4081 1379 
6721 2320 4077 2909 
6722 3195 4171 1629 
6723 3004 4019 3964 
6724 1049 4078 1048 
6725 4055 4199 3460 
6726 2792 4241 3940 
6727 3247 4214 2466 
6728 2371 4309 3147 
6729 2051 4292 3416 
6730 4058 4168 3575 
6731 2105 4084 3491 
6732 3123 4062 3846 
6733 2954 4076 3947 
6734 4029 4180 3538 
6735 3702 4140 3053 
6736 3246 4090 3245 
6737 3244 4085 3078 
6738 4024 4254 3601 
6739 3093 4264 4148 
6740 2961 4100 4063 
6741 2967 4296 4201 
6742 3247 4223 3092 
6743 3997 4252 2984 
6744 3109 4080 3914 
6745 4022 4109 1594 
6746 3050 4194 4003 
6747 3400 4096 2847 
6748 2542 4192 3729 
6749 2998 4276 3833 
6750 3200 4093 1564 
6751 3268 4208 3171 
6752 1114 4097 1113 
6753 2721 4193 3898 
6754 3184 4102 3178 
6755 3368 4099 1569 
6756 4018 4308 3244 
6757 1199 4105 1198 
6758 1071 4113 1615 
6759 2965 4214 3247 
6760 2960 4100 2961 
6761 1345 4104 1344 
6762 2484 4057 4030 
6763 3605 4183 2865 
6764 3182 4207 3181 
6765 3812 4083 3162 
6766 2543 4127 1133 
6767 2728 4115 3944 
6768 2519 4107 3612 
6769 1041 4304 1040 
6770 4171 4302 1629 
6771 3768 4089 2971 
6772 3921 4058 3575 
6773 3904 4065 3013 
6774 2940 4109 3212 
6775 1118 4201 1117 
6776 1114 4211 4097 
6777 2574 4014 3956 
6778 2601 4112 2599 
6779 2945 4118 2929 
6780 2978 4190 4060 
6781 1362 4119 1361 
6782 2939 4117 1571 
6783 1073 4116 1602 
6784 2645 4199 4055 
6785 3900 4204 1148 
6786 2700 4091 2884 
6787 3722 4094 2937 
6788 4184 4261 2697 
6789 2897 4191 3966 
6790 3964 4019 1650 
6791 2960 4132 4100 
6792 2159 4152 1108 
6793 1848 4168 4058 
6794 2747 4018 4017 
6795 3882 4254 2742 
6796 1313 4147 2530 
6797 3576 4121 2180 
6798 3127 4064 1244 
6799 2347 4123 2606 
6800 2776 4013 3955 
6801 3832 4098 3006 
6802 1108 4152 1107 
6803 3974 4102 2788 
6804 1128 4136 1127 
6805 3224 4292 2051 
6806 3035 4310 4158 
6807 2761 4126 3164 
6808 2595 4138 2528 
6809 2402 4129 2404 
6810 3032 4265 3927 
6811 1584 4128 3137 
6812 1358 4216 1357 
6813 4006 4054 2754 
6814 3028 4243 3812 
6815 1117 4296 1116 
6816 2383 4185 3892 
6817 2490 4242 1376 
6818 3037 4133 3005 
6819 3126 4132 2960 
6820 2549 4209 3283 
6821 983 4181 982 
6822 1601 4306 1136 
6823 1262 4248 1261 
6824 3150 4302 3809 
6825 2512 4134 2510 
6826 3110 4200 3221 
6827 1116 4296 2516 
6828 3948 4197 3030 
6829 2927 4137 2926 
6830 2521 4141 3296 
6831 2938 4293 4109 
6832 2794 4162 4043 
6833 3023 4138 3490 
6834 3060 4204 4178 
6835 3032 4257 1272 
6836 1136 4306 2657 
6837 3938 4244 2379 
6838 3575 4168 2943 
6839 1603 4148 1028 
6840 2990 4210 2989 
6841 1120 4135 1119 
6842 3851 4118 2945 
6843 4010 4040 2920 
6844 3122 4258 2490 
6845 1107 4152 3036 
6846 1124 4301 1123 
6847 3975 4169 3606 
6848 3005 4133 4019 
6849 3944 4115 2472 
6850 1583 4177 3236 
6851 3236 4177 2919 
6852 2957 4146 2959 
6853 3797 4230 2740 
6854 3076 4151 2536 
6855 3655 4297 2428 
6856 2336 4272 3251 
6857 2524 4194 3752 
6858 1314 4147 1313 
6859 1256 4154 1616 
6860 3232 4160 1634 
6861 3205 4309 2371 
6862 3047 4267 2908 
6863 3942 4166 2982 
6864 2479 4182 3965 
6865 2991 4143 2993 
6866 1152 4178 1151 
6867 1653 4150 2925 
6868 3201 4180 2898 
6869 2744 4157 3370 
6870 2513 4234 3912 
6871 3750 4158 3587 
6872 2923 4161 2984 
6873 3218 4079 3910 
6874 4035 4294 2368 
6875 1261 4248 2423 
6876 2920 4040 3959 
6877 3460 4199 3461 
6878 4144 4269 3211 
6879 2543 4283 4006 
6880 2190 4163 3696 
6881 3928 4065 1652 
6882 3611 4254 3882 
6883 1600 4175 1169 
6884 2331 4165 2338 
6885 3759 4153 2860 
6886 3154 4294 3155 
6887 3619 4224 2974 
6888 3416 4168 1848 
6889 2982 4166 2985 
6890 3169 4170 2426 
6891 2972 4226 3991 
6892 3606 4169 2944 
6893 3934 4217 2896 
6894 3116 4171 2772 
6895 1147 4204 3060 
6896 3181 4207 3099 
6897 3229 4172 2785 
6898 1260 4300 1259 
6899 3984 4159 3007 
6900 1231 4285 2492 
6901 3116 4302 4171 
6902 1146 4176 1145 
6903 1336 4179 1335 
6904 4167 4296 2967 
6905 2961 4063 3939 
6906 3053 4140 3919 
6907 3878 4131 2969 
6908 1232 4285 1231 
6909 3538 4180 2716 
6910 1002 4249 1001 
6911 2523 4194 2524 
6912 2962 4183 3191 
6913 3124 4307 3971 
6914 3927 4257 3032 
6915 2508 4184 2697 
6916 4146 4299 2959 
6917 3918 4299 4146 
6918 2904 4175 4072 
6919 2515 4186 2514 
6920 1305 4192 2542 
6921 3323 4187 3632 
6922 3491 4084 4063 
6923 1115 4211 1114 
6924 3715 4190 2978 
6925 2908 4267 3850 
6926 2516 4211 1115 
6927 1001 4249 3054 
6928 3228 4238 1621 
6929 2879 4205 2491 
6930 2377 4206 2520 
6931 3031 4174 3032 
6932 3849 4234 3885 
6933 2516 4296 4167 
6934 1190 4250 1189 
6935 1577 4287 3034 
6936 3752 4194 3050 
6937 1003 4217 1611 
6938 2466 4214 2754 
6939 1035 4277 2381 
6940 3728 4199 2645 
6941 2546 4209 2549 
6942 2986 4268 2987 
6943 3952 4069 2905 
6944 1085 4233 1610 
6945 2255 4212 3627 
6946 2545 4044 3982 
6947 2517 4290 3641 
6948 2849 4231 3599 
6949 1337 4220 1336 
6950 1153 4282 1152 
6951 1369 4291 2181 
6952 3062 4244 3105 
6953 2774 4225 3220 
6954 3105 4240 3027 
6955 1060 4139 1059 
6956 2423 4300 1260 
6957 2438 4228 2749 
6958 2120 4229 2122 
6959 3213 4270 3100 
6960 2707 4235 3264 
6961 3039 4247 3038 
6962 2493 4237 3454 
6963 3586 4232 2717 
6964 3326 4245 3327 
6965 3015 4154 4041 
6966 3020 4221 3019 
6967 2526 4253 3350 
6968 2671 4239 3115 
6969 3583 4246 2973 
6970 2976 4251 2977 
6971 2180 4270 3923 
6972 2987 4256 2975 
6973 3251 4272 3302 
6974 3601 4254 3611 
6975 3940 4136 1128 
6976 3227 4153 3941 
6977 2918 4303 4097 
6978 2482 4271 2480 
6979 2477 4266 2475 
6980 3850 4267 2373 
6981 3065 4275 3253 
6982 1594 4293 1006 
6983 2985 4298 1589 
6984 3391 4288 2854 
6985 2942 4215 4136 
6986 3084 4279 3085 
6987 2959 4299 3126 
6988 2555 4307 2553 
6989 2777 4295 3583 
6990 3729 4278 2542 
6991 3707 4263 3958 
6992 2942 4136 3940 
6993 2206 4289 1678 
6994 2980 4311 2982 
6995 2428 4297 3903 
6996 3712 4297 3655 
6997 3809 4302 3116 
6998 2539 4159 3984 
6999 1197 4188 4075 
7000 1661 4304 1041 
7001 3891 4308 1592 
7002 2713 4305 2722 
7003 4046 4256 2987 
7004 3919 4140 1600 
7005 4107 4205 2879 
7006 2884 4091 3969 
7007 3918 4146 1621 
7008 4014 4172 2931 
7009 3892 4185 3113 
7010 3885 4234 2513 
7011 1123 4301 2522 
7012 3879 4218 1663 
7013 3920 4203 2907 
7014 4030 4057 2917 
7015 3927 4265 2383 
7016 2977 4251 4129 
7017 1663 4218 4044 
7018 2706 4299 3918 
7019 1635 4263 3896 
7020 3876 4276 3204 
7021 1040 4304 3960 
7022 2516 4167 3945 
7023 3898 4193 2735 
7024 3945 4167 2963 
7025 3105 4244 3938 
7026 4148 4264 2748 
7027 1665 4310 3873 
7028 3942 4145 2564 
7029 4055 4156 2624 
7030 2785 4172 4014 
7031 3007 4159 3902 
7032 2383 4265 4185 
7033 2530 4147 3951 
7034 3888 4264 3093 
7035 2494 4236 3897 
7036 3011 4123 4036 
7037 4070 4198 2517 
7038 2793 4298 4026 
7039 1587 4208 4021 
7040 3988 4113 2718 
7041 4021 4208 3268 
7042 4105 4188 1198 
7043 4020 4243 3028 
7044 2740 4230 3980 
7045 1621 4238 3918 
7046 1151 4178 3900 
7047 4042 4086 2893 
7048 1259 4300 4042 
7049 3958 4164 3048 
7050 2730 4255 3911 
7051 4033 4233 2915 
7052 3918 4238 2913 
7053 3909 4259 3440 
7054 2922 4144 3977 
7055 4185 4265 3114 
7056 4023 4164 1635 
7057 3923 4270 3213 
7058 3981 4291 3061 
7059 3932 4274 2997 
7060 1134 4283 2543 
7061 3945 4211 2516 
7062 2950 4197 3948 
7063 4042 4300 4086 
7064 4071 4125 2911 
7065 3986 4281 3104 
7066 3965 4182 3192 
7067 3054 4249 3968 
7068 4074 4154 3015 
7069 1592 4308 4018 
7070 3966 4191 3025 
7071 1616 4154 4074 
7072 2181 4291 3981 
7073 2474 4243 4020 
7074 3958 4263 4164 
7075 3991 4226 2775 
7076 3999 4272 2336 
7077 2735 4193 4114 
7078 4114 4193 3052 
7079 2529 4125 4071 
7080 4077 4173 2909 
7081 3971 4307 2555 
7082 3234 4182 4103 
7083 3969 4273 2718 
7084 2381 4252 3997 
7085 1152 4282 4178 
7086 2738 4281 3951 
7087 2490 4258 4040 
7088 2660 4195 4089 
7089 2949 4156 4055 
7090 2423 4248 4087 
7091 4073 4167 2967 
7092 2948 4222 3991 
7093 3988 4273 3037 
7094 4125 4202 2911 
7095 3155 4294 4035 
7096 3023 4280 3978 
7097 3283 4209 4028 
7098 2922 4269 4144 
7099 2963 4167 4073 
7100 2751 4242 4010 
7101 4103 4182 2479 
7102 2974 4224 4106 
7103 4075 4188 1214 
7104 2718 4273 3988 
7105 1610 4233 4033 
7106 2979 4202 4125 
7107 2522 4301 4073 
7108 4089 4195 2971 
7109 2997 4274 4061 
7110 4142 4222 2948 
7111 4084 4268 2986 
7112 4213 4309 3205 
7113 4091 4273 3969 
7114 2999 4210 4110 
7115 4106 4224 2912 
7116 3812 4243 4083 
7117 1357 4216 4119 
7118 4119 4216 1361 
7119 3037 4273 4091 
7120 4158 4310 1665 
7121 4109 4293 1594 
7122 2105 4268 4084 
7123 4178 4204 3900 
7124 4086 4300 2423 
7125 1336 4220 4179 
7126 4179 4220 3136 
7127 4198 4290 2517 
7128 4097 4303 1113 
7129 4145 4311 2981 
7130 3034 4287 4239 
7131 4164 4263 1635 
7132 3101 4286 4189 
7133 4189 4286 2970 
7134 3073 4290 4198 
7135 4239 4287 3115 
7136 3045 4309 4213 
2 11 2 28
7137 4314 4317 1390 
7138 1380 4315 11 
7139 11 4315 1392 
7140 1391 4314 1390 
7141 1390 4317 4313 
7142 1385 4312 1384 
7143 1383 4316 4313 
7144 1392 4315 1391 
7145 1388 4312 1387 
7146 1385 4319 4312 
7147 1391 4315 4314 
7148 1390 4313 1389 
7149 1382 4314 1381 
7150 4313 4317 1383 
7151 1384 4316 1383 
7152 4312 4316 1384 
7153 4313 4318 1389 
7154 1387 4319 1386 
7155 1381 4315 1380 
7156 1383 4317 1382 
7157 4316 4318 4313 
7158 4314 4315 1381 
7159 4312 4319 1387 
7160 1389 4318 1388 
7161 1388 4318 4312 
7162 1386 4319 1385 
7163 1382 4317 4314 
7164 4312 4318 4316 
2 12 2 3
7165 1395 12 1393 
7166 1396 12 1395 
7167 1395 1393 1394 
2 13 2 12
7168 1401 4320 1400 
7169 1400 4320 1399 
7170 1403 4321 1402 
7171 1399 4320 1398 
7172 1402 4321 1401 
7173 1401 4321 4320 
7174 13 4321 1403 
7175 1398 4322 1397 
7176 4320 4322 1398 
7177 1397 4322 13 
7178 13 4322 4321 
7179 4321 4322 4320 
2 14 2 17
7180 1407 4325 1406 
7181 1408 4325 1407 
7182 1411 4323 1410 
7183 1406 4325 4323 
7184 1413 4326 1412 
7185 1404 4326 14 
7186 4324 4326 1404 
7187 1411 4324 4323 
7188 1412 4326 4324 
7189 1406 4323 1405 
7190 4323 4325 1410 
7191 1412 4324 1411 
7192 4323 4324 1405 
7193 1410 4325 1409 
7194 1405 4324 1404 
7195 1409 4325 1408 
7196 14 4326 1413 
2 15 2 5
7197 1414 4327 15 
7198 1415 4327 1414 
7199 1417 4327 1416 
7200 1416 4327 1415 
7201 15 4327 1417 
2 16 2 2
7202 1420 1418 1419 
7203 1420 16 1418 
2 17 2 9779
7204 456 457 6852 
7205 4421 1413 6055 
7206 4933 6850 7710 
7207 6550 5624 7931 
7208 424 425 7598 
7209 1005 1004 6170 
7210 135 136 5791 
7211 5194 889 6107 
7212 4756 5190 6013 
7213 6107 5338 6108 
7214 4395 6461 6463 
7215 4996 6576 7853 
7216 5847 5077 6421 
7217 612 613 4534 
7218 5608 5679 6148 
7219 7026 5553 7104 
7220 5107 5570 5934 
7221 5172 817 6380 
7222 432 433 6365 
7223 4570 596 7745 
7224 4957 6393 6616 
7225 5706 6408 6570 
7226 992 991 8448 
7227 317 318 6874 
7228 1419 4560 6990 
7229 7078 7079 7539 
7230 748 6840 8262 
7231 5667 6525 7387 
7232 752 753 7250 
7233 991 8096 8448 
7234 6365 433 8005 
7235 5739 7078 7539 
7236 6850 6519 7710 
7237 6955 5007 7316 
7238 5966 5610 6127 
7239 242 243 8227 
7240 5658 6086 7300 
7241 772 6414 6415 
7242 708 709 5365 
7243 6609 4997 6610 
7244 7188 5841 7311 
7245 1271 5283 7158 
7246 6044 4460 6964 
7247 5872 242 8227 
7248 6747 6695 7138 
7249 4840 7839 7856 
7250 6091 4489 7053 
7251 4497 4421 6055 
7252 5624 5257 7931 
7253 5970 6204 7210 
7254 6394 4760 6395 
7255 5756 674 6208 
7256 6386 5484 7148 
7257 7178 5501 7492 
7258 4476 6199 6434 
7259 243 244 8227 
7260 869 868 6384 
7261 5936 269 6145 
7262 1272 1271 7158 
7263 5342 5984 6445 
7264 5164 876 5166 
7265 5903 5147 6202 
7266 748 749 6840 
7267 6294 5578 6961 
7268 125 126 6598 
7269 7066 6808 7255 
7270 6123 7760 8243 
7271 569 4758 5124 
7272 6904 5544 7748 
7273 4840 6368 7839 
7274 5507 6292 6653 
7275 6019 5272 7156 
7276 4454 6100 7792 
7277 6127 5610 7903 
7278 6639 4891 6972 
7279 4858 1242 7489 
7280 6594 5536 6666 
7281 6842 4956 6900 
7282 6248 6536 8129 
7283 5507 6653 6654 
7284 5066 6298 7915 
7285 1396 5785 7582 
7286 4504 4532 6487 
7287 818 817 5172 
7288 4393 6591 7295 
7289 6067 4351 6068 
7290 5304 4492 6251 
7291 6414 5664 6415 
7292 1265 1264 8092 
7293 815 1 7807 
7294 928 927 5258 
7295 5753 7178 7492 
7296 5395 847 8163 
7297 5940 4927 8328 
7298 4813 6134 6481 
7299 6197 4423 6780 
7300 4996 6575 6576 
7301 743 744 7411 
7302 5356 5314 5925 
7303 4629 6261 7491 
7304 1205 5059 6663 
7305 6028 5163 6388 
7306 712 713 6691 
7307 5299 4976 5717 
7308 7298 7627 7850 
7309 5290 6435 7719 
7310 75 76 7782 
7311 5786 5892 5973 
7312 6666 5536 7772 
7313 7939 6334 8040 
7314 5847 6421 7928 
7315 509 4351 6067 
7316 4763 6430 6699 
7317 6546 4923 7642 
7318 4923 1332 7642 
7319 6706 5902 7850 
7320 772 773 6414 
7321 6086 5658 7607 
7322 6089 5782 6469 
7323 928 5258 6631 
7324 5358 6101 7868 
7325 7468 7717 7746 
7326 6435 5290 7116 
7327 5798 7562 7717 
7328 264 4976 5299 
7329 4449 6814 7182 
7330 7243 7657 7819 
7331 5066 6296 6298 
7332 787 5980 7682 
7333 1061 1060 5625 
7334 4831 263 5299 
7335 6444 4393 7295 
7336 6807 7029 7687 
7337 5430 6682 6684 
7338 6808 4759 7255 
7339 6415 5664 7631 
7340 890 889 5194 
7341 6430 5842 6699 
7342 5845 507 6657 
7343 7760 7215 8243 
7344 5921 1062 6595 
7345 244 4955 8227 
7346 4949 373 7832 
7347 4998 7461 7654 
7348 6028 5319 8212 
7349 4694 4891 6426 
7350 1203 4694 6426 
7351 5376 6248 8129 
7352 629 630 7487 
7353 6020 5574 6537 
7354 4743 6234 6235 
7355 5903 6202 7629 
7356 5950 5396 6151 
7357 5375 4989 5623 
7358 4423 6197 6897 
7359 335 5424 7410 
7360 5197 5973 7579 
7361 6194 6196 6434 
7362 5857 107 6038 
7363 4576 6037 6851 
7364 5292 4559 5293 
7365 4366 6695 6747 
7366 4922 869 6384 
7367 5294 6774 6912 
7368 518 4411 6049 
7369 5315 6137 6957 
7370 6775 4844 7442 
7371 6216 4493 6628 
7372 6035 5126 6252 
7373 5629 851 6020 
7374 1347 5289 6428 
7375 5258 7626 7718 
7376 5830 6099 7781 
7377 6199 4476 6433 
7378 6929 5940 8328 
7379 4526 5525 5954 
7380 5107 431 5570 
7381 4444 6176 6178 
7382 6377 7334 7803 
7383 4534 613 4535 
7384 4831 5299 5368 
7385 753 5485 7250 
7386 867 4559 5292 
7387 4460 6044 7186 
7388 5801 6171 7610 
7389 5124 4758 5272 
7390 5543 6514 7478 
7391 877 876 5164 
7392 685 5240 6947 
7393 6037 4576 6852 
7394 5555 6070 6954 
7395 4605 787 7682 
7396 6989 5379 7335 
7397 6171 5801 7393 
7398 6013 5190 6014 
7399 6070 5555 6955 
7400 1073 1072 6743 
7401 550 551 6862 
7402 5815 1391 7845 
7403 6173 4473 6863 
7404 1057 5801 6165 
7405 6148 5679 7508 
7406 5574 6020 7460 
7407 7019 5032 7296 
7408 6950 5837 7574 
7409 4970 665 7127 
7410 6391 6960 7506 
7411 6428 5289 6478 
7412 4898 6105 6668 
7413 5902 6706 7698 
7414 6886 6883 7680 
7415 6353 5721 6799 
7416 6274 5240 7884 
7417 6085 4698 6281 
7418 684 685 6947 
7419 7626 6381 7718 
7420 5294 6912 7467 
7421 1116 5456 5669 
7422 5606 7115 7209 
7423 5819 5204 6969 
7424 6252 5126 8437 
7425 6395 4760 7048 
7426 4975 6111 6116 
7427 5473 5715 6418 
7428 273 4714 5808 
7429 7808 5359 8102 
7430 962 5786 6023 
7431 6327 4415 6944 
7432 5685 6960 7412 
7433 6060 5675 7104 
7434 6157 4562 6295 
7435 6206 6842 6900 
7436 1062 1061 6595 
7437 5841 7188 7620 
7438 6610 4997 6881 
7439 6479 5582 8046 
7440 7148 5484 7149 
7441 443 444 6790 
7442 4573 1397 6444 
7443 734 6476 7750 
7444 1 5660 7807 
7445 6331 5668 6478 
7446 6088 4707 6089 
7447 5725 6391 7506 
7448 6522 4580 8400 
7449 1017 1016 7225 
7450 6270 5359 7808 
7451 6023 5786 6920 
7452 6482 7243 7819 
7453 1395 4353 6775 
7454 6108 5338 7893 
7455 440 441 6791 
7456 7461 4998 7906 
7457 5367 6208 6895 
7458 441 5248 6791 
7459 7029 4541 7687 
7460 5893 4961 6572 
7461 6610 6881 7284 
7462 5805 7160 8034 
7463 5675 6060 7103 
7464 5445 6243 7394 
7465 7528 6077 7732 
7466 6793 4488 6794 
7467 268 269 5936 
7468 8021 6855 8032 
7469 6752 4344 7680 
7470 5174 4727 6035 
7471 7019 7296 7297 
7472 6794 4488 7382 
7473 5427 5723 5979 
7474 6323 4551 7046 
7475 410 411 6389 
7476 6229 4728 6805 
7477 5234 7336 7698 
7478 596 597 7745 
7479 5785 1395 6775 
7480 6357 1358 7201 
7481 5012 7528 7732 
7482 6632 6633 6693 
7483 1005 6170 7286 
7484 6146 7740 7843 
7485 126 5498 6598 
7486 6365 5932 7367 
7487 6986 5134 7550 
7488 6232 1396 7582 
7489 991 5092 8096 
7490 4562 6157 6336 
7491 4580 4568 8400 
7492 313 4455 6098 
7493 6023 6920 6954 
7494 6525 5667 7355 
7495 6450 4515 7054 
7496 6320 4356 6871 
7497 6169 4895 6986 
7498 5470 6729 6730 
7499 5629 6020 6537 
7500 1098 1097 7368 
7501 6065 959 7601 
7502 4939 4938 6211 
7503 5668 6331 7446 
7504 7001 4454 7792 
7505 5748 4437 6028 
7506 10 5314 5356 
7507 7491 6261 7931 
7508 4728 6229 7276 
7509 1274 4492 5304 
7510 5786 961 5892 
7511 1186 5828 7351 
7512 4855 1305 6483 
7513 5570 6365 7367 
7514 6358 5677 6359 
7515 172 173 7359 
7516 6920 5332 6954 
7517 4727 308 6035 
7518 4548 6265 6861 
7519 6754 5970 7210 
7520 5490 669 5568 
7521 6582 7099 7375 
7522 6266 5730 7745 
7523 7177 790 7349 
7524 4526 1388 5525 
7525 5681 946 6081 
7526 5966 6127 8114 
7527 5272 5851 7156 
7528 5544 6597 7748 
7529 1154 1153 7673 
7530 260 261 6779 
7531 5317 5766 6155 
7532 5838 4488 6793 
7533 5729 6294 6961 
7534 5648 6356 7206 
7535 5306 5304 6251 
7536 4449 7182 8173 
7537 4423 6263 6780 
7538 425 4670 7598 
7539 1411 4707 6088 
7540 5938 6137 7425 
7541 5894 8021 8032 
7542 5125 6094 7229 
7543 5876 898 7802 
7544 5684 6138 8073 
7545 760 761 7097 
7546 6141 4863 6167 
7547 5365 709 5537 
7548 4552 4979 6993 
7549 5163 6028 8212 
7550 6821 5009 6897 
7551 6476 5976 7750 
7552 4358 5800 6137 
7553 6181 5503 6498 
7554 7013 6005 7687 
7555 5080 6241 6642 
7556 8166 6047 8227 
7557 6881 5138 7284 
7558 856 855 5294 
7559 5487 6019 6670 
7560 4395 6463 7540 
7561 4941 6239 6240 
7562 373 374 7832 
7563 5240 7546 7884 
7564 7161 6045 8294 
7565 5596 6708 6709 
7566 6170 1004 7220 
7567 4437 5319 6028 
7568 6359 5677 7837 
7569 6248 5426 6536 
7570 270 4816 6145 
7571 5294 855 7798 
7572 5473 5164 5715 
7573 6713 1351 7516 
7574 4723 6446 7308 
7575 6514 5543 6555 
7576 1242 1241 7489 
7577 7011 6212 8106 
7578 4489 6091 7343 
7579 6883 6753 7680 
7580 6134 4813 7780 
7581 5780 4481 5781 
7582 4822 6540 7217 
7583 4816 271 6373 
7584 6183 4678 7742 
7585 974 4989 5375 
7586 1233 5839 8098 
7587 6884 6726 7845 
7588 335 336 5424 
7589 5628 6251 6704 
7590 7199 6675 7802 
7591 6539 5685 7412 
7592 6233 5434 6526 
7593 4531 6284 6286 
7594 1296 1295 7855 
7595 5140 5836 6110 
7596 421 5385 7725 
7597 7781 6099 8485 
7598 745 746 4381 
7599 5366 4573 6444 
7600 6137 5315 7425 
7601 6766 4412 7170 
7602 360 361 6237 
7603 6213 4338 6942 
7604 5457 7143 7144 
7605 5074 6159 6541 
7606 5014 6562 8090 
7607 6137 5800 6957 
7608 5599 5125 7229 
7609 4424 5073 6425 
7610 6491 5609 6668 
7611 1395 1394 4353 
7612 6396 4650 7102 
7613 4532 5239 6487 
7614 5499 6396 7102 
7615 623 624 5499 
7616 6149 5373 6982 
7617 5781 6526 7130 
7618 6704 6251 7157 
7619 5857 6038 6803 
7620 6131 5473 6418 
7621 322 323 7435 
7622 5301 6209 6210 
7623 7000 4454 7001 
7624 6585 6336 6614 
7625 6705 5544 7522 
7626 6435 5793 8234 
7627 7299 6076 7868 
7628 6395 7048 7486 
7629 6990 4560 6991 
7630 6076 5358 7868 
7631 6882 5819 6969 
7632 1409 5127 6561 
7633 7160 5805 7617 
7634 6578 4565 7823 
7635 1250 1249 5670 
7636 5054 7367 7524 
7637 7389 6501 7765 
7638 4444 6178 6179 
7639 4548 550 6862 
7640 4576 456 6852 
7641 5846 7820 8444 
7642 5654 322 7435 
7643 7357 7725 7726 
7644 6049 4411 7520 
7645 4503 6143 7242 
7646 6199 6194 6434 
7647 4891 6639 7688 
7648 5303 6029 6778 
7649 6597 5544 6705 
7650 4847 5706 6570 
7651 5319 5834 8212 
7652 227 6334 7939 
7653 96 97 5850 
7654 5134 6986 7756 
7655 6546 5451 7210 
7656 7564 1265 8092 
7657 1387 6110 6816 
7658 7777 5973 8301 
7659 6765 83 8215 
7660 233 234 7010 
7661 7048 4399 7486 
7662 5525 1387 6816 
7663 505 506 5438 
7664 6452 6450 7054 
7665 1116 1115 5456 
7666 7204 6578 7823 
7667 6197 6821 6897 
7668 4543 6071 7100 
7669 4698 6085 7230 
7670 6377 4755 7036 
7671 5650 1237 6556 
7672 307 308 4665 
7673 6434 6435 8234 
7674 6619 5569 7192 
7675 507 4345 6657 
7676 5303 6778 7140 
7677 4788 5644 5790 
7678 1206 1205 6663 
7679 847 5413 8163 
7680 1336 1335 5724 
7681 5151 7777 8301 
7682 1233 1232 5839 
7683 6581 4798 7635 
7684 4352 1334 6140 
7685 6159 5074 6573 
7686 4927 5940 7969 
7687 7336 6042 7698 
7688 135 5791 5792 
7689 7008 5468 7142 
7690 7488 6925 7614 
7691 6005 7013 7403 
7692 5850 97 8185 
7693 4352 6140 6164 
7694 6383 4391 6643 
7695 762 763 6864 
7696 614 615 4991 
7697 5637 5665 7364 
7698 4591 7197 7334 
7699 6803 5242 7622 
7700 5373 6149 6981 
7701 234 5317 7010 
7702 315 7431 7449 
7703 4937 1073 6743 
7704 4992 4580 6522 
7705 6521 4992 6522 
7706 1369 1368 6387 
7707 258 259 4367 
7708 4743 6235 6544 
7709 7740 4597 7843 
7710 4798 6581 8122 
7711 6266 7745 8459 
7712 6393 5945 6616 
7713 6325 4611 6327 
7714 5371 206 7207 
7715 5512 6175 6230 
7716 1314 1313 6139 
7717 5984 5342 7678 
7718 1392 1391 5815 
7719 5813 6377 7803 
7720 5132 6527 6999 
7721 4522 6160 6788 
7722 623 5499 7102 
7723 1314 6139 8107 
7724 5572 581 7239 
7725 5603 1406 5752 
7726 1369 6387 6492 
7727 5756 6208 7620 
7728 1301 4978 6823 
7729 6111 4975 6714 
7730 7143 5457 7588 
7731 457 5031 6852 
7732 794 795 7372 
7733 6098 4455 6597 
7734 5500 6582 7375 
7735 5372 7161 8294 
7736 1356 1355 7129 
7737 811 6013 7557 
7738 1250 5670 7339 
7739 5618 7226 7511 
7740 4866 6025 7122 
7741 6071 4543 7329 
7742 6527 5132 7407 
7743 5427 976 5723 
7744 7182 7819 8008 
7745 176 177 6472 
7746 5930 7177 7349 
7747 7650 6282 7749 
7748 6241 5080 7978 
7749 5783 1282 8434 
7750 5472 4713 6689 
7751 134 5792 7595 
7752 6375 5783 8434 
7753 443 6790 8371 
7754 523 524 7077 
7755 5596 6709 6710 
7756 1381 4424 6425 
7757 6101 5178 6566 
7758 5668 4950 6478 
7759 5401 7299 7868 
7760 318 4808 6874 
7761 6209 5301 6211 
7762 6283 5425 8246 
7763 713 5728 6691 
7764 4863 6141 6168 
7765 503 504 7971 
7766 7504 5281 7907 
7767 4338 6213 7131 
7768 6143 4503 7956 
7769 1358 1357 7201 
7770 4950 5787 6478 
7771 6131 6418 7640 
7772 6164 5392 6596 
7773 7164 5123 7213 
7774 6261 4629 7998 
7775 7060 5687 7913 
7776 6165 5801 7610 
7777 7627 5351 7850 
7778 5830 4559 6099 
7779 668 669 5490 
7780 5724 1335 8154 
7781 6055 7237 7568 
7782 7449 5901 7748 
7783 957 958 5668 
7784 4391 7650 7749 
7785 297 298 6412 
7786 4723 188 6446 
7787 4528 7057 7058 
7788 5007 7315 7316 
7789 82 83 6765 
7790 5017 5066 7915 
7791 7364 5665 7598 
7792 981 5279 6335 
7793 6408 5706 6571 
7794 7153 6421 8037 
7795 4399 629 7487 
7796 5459 4860 7273 
7797 5381 335 7410 
7798 5957 6250 6991 
7799 5995 6289 6290 
7800 388 6122 8243 
7801 5519 5818 6492 
7802 7343 5613 7682 
7803 134 135 5792 
7804 5569 5568 7192 
7805 5973 5892 7579 
7806 7610 6171 8131 
7807 6101 6566 7868 
7808 5362 5364 6423 
7809 6890 5887 7336 
7810 1236 5106 6556 
7811 5487 5124 6019 
7812 4460 6429 6964 
7813 188 189 6446 
7814 6100 4454 7433 
7815 5470 6730 6731 
7816 975 5375 6985 
7817 6434 6196 6435 
7818 1351 1350 7516 
7819 5787 6428 6478 
7820 4344 6752 7167 
7821 6138 5684 7269 
7822 5882 6215 6423 
7823 5553 6060 7104 
7824 7231 6376 7876 
7825 5303 7140 7425 
7826 524 5266 7077 
7827 4738 327 6215 
7828 1164 1163 5793 
7829 4528 7058 7239 
7830 5465 4867 6367 
7831 4430 6839 8022 
7832 7025 4723 7308 
7833 5699 4517 6641 
7834 4334 6884 7845 
7835 7226 6652 7511 
7836 4513 4711 6419 
7837 6211 6212 7011 
7838 6198 7502 7872 
7839 6547 5485 7249 
7840 6577 7231 7876 
7841 6122 388 7028 
7842 5536 6594 7762 
7843 6387 5519 6492 
7844 4616 4349 6976 
7845 5222 421 7725 
7846 7074 7164 7213 
7847 6538 4711 6719 
7848 5723 975 6985 
7849 5425 6378 8246 
7850 5244 6130 7820 
7851 4961 5202 6572 
7852 6471 6989 7335 
7853 5504 7293 7770 
7854 7027 6935 7453 
7855 6277 4704 6480 
7856 5593 5011 7797 
7857 5950 6151 8026 
7858 4554 6908 6909 
7859 6096 1154 7673 
7860 6485 6369 7933 
7861 5641 6479 8046 
7862 4469 6439 7154 
7863 7024 6142 8194 
7864 5456 4822 7217 
7865 1173 6275 7337 
7866 6323 7046 7878 
7867 6997 5699 7180 
7868 6718 5486 6826 
7869 4358 1210 5800 
7870 272 273 5808 
7871 1224 4859 7584 
7872 5839 6029 7724 
7873 25 26 7694 
7874 5733 5734 7549 
7875 959 5356 7601 
7876 665 666 7127 
7877 1061 5625 6595 
7878 5306 6251 7466 
7879 4520 317 6874 
7880 6525 4569 7387 
7881 5806 7153 8355 
7882 5364 5882 6423 
7883 7428 5979 7550 
7884 7274 5653 7445 
7885 4976 4977 5947 
7886 1243 4753 7573 
7887 7367 5932 7524 
7888 4345 6067 6552 
7889 568 4860 5459 
7890 6355 4587 7236 
7891 5009 222 6897 
7892 1019 1018 6661 
7893 5134 7428 7550 
7894 6190 6633 7731 
7895 6796 6987 7373 
7896 6520 4992 6521 
7897 6642 6177 7342 
7898 5269 7266 7267 
7899 5781 4481 6526 
7900 6488 6785 6786 
7901 6756 5308 7466 
7902 4356 6320 7612 
7903 6050 25 7694 
7904 1386 5140 6110 
7905 898 4873 7802 
7906 1107 4517 5699 
7907 581 582 7239 
7908 4993 800 6227 
7909 5092 7320 7322 
7910 7717 6410 7746 
7911 7140 5938 7425 
7912 812 4756 6013 
7913 4993 6227 6228 
7914 6211 4938 6212 
7915 6560 5014 8090 
7916 6568 4957 7377 
7917 656 657 5922 
7918 7431 6011 7449 
7919 501 4357 6238 
7920 6013 6015 7557 
7921 5347 154 7657 
7922 6721 6133 6722 
7923 6265 4548 6862 
7924 7249 5485 7816 
7925 6250 5155 6991 
7926 266 5936 7124 
7927 1151 5866 8095 
7928 4345 6552 6553 
7929 5973 5197 7580 
7930 6239 4941 6420 
7931 4955 8166 8227 
7932 4650 6396 7241 
7933 444 4522 6790 
7934 5126 5750 8437 
7935 309 310 5125 
7936 6393 4957 6568 
7937 6236 510 8411 
7938 1370 6492 6493 
7939 7694 5457 8061 
7940 5698 7356 7357 
7941 269 270 6145 
7942 7468 5797 7717 
7943 6817 7520 7691 
7944 5752 7465 7647 
7945 4915 125 6598 
7946 1238 1237 5650 
7947 5554 6380 6824 
7948 5828 7041 7351 
7949 6047 8226 8227 
7950 1108 5699 6997 
7951 6377 7036 7334 
7952 6955 7316 8247 
7953 469 4513 6419 
7954 7362 5850 8185 
7955 6098 6705 7374 
7956 4412 6766 7634 
7957 7820 6559 8444 
7958 7115 5606 8035 
7959 998 4551 6294 
7960 4558 6950 7574 
7961 7039 7855 7856 
7962 4978 6369 6489 
7963 5301 4939 6211 
7964 6390 5415 7937 
7965 5902 644 6247 
7966 5681 6081 7514 
7967 6847 7006 7219 
7968 6029 5839 8059 
7969 5317 235 5766 
7970 6380 5554 8208 
7971 6160 4522 6787 
7972 6207 5722 7685 
7973 4816 6373 7990 
7974 6208 5367 7620 
7975 6051 7129 7378 
7976 5414 943 6440 
7977 4369 6321 6588 
7978 6011 5901 7449 
7979 6773 4764 6911 
7980 6613 5324 8021 
7981 5338 6107 6109 
7982 1050 1049 5953 
7983 6929 5619 7713 
7984 6014 6018 7390 
7985 7153 5806 7633 
7986 5793 1163 8234 
7987 5242 6803 7569 
7988 673 674 5756 
7989 1024 1023 5914 
7990 6064 5370 7028 
7991 4788 5490 5644 
7992 6243 6244 7394 
7993 1407 1406 5603 
7994 6172 4960 7482 
7995 211 212 7081 
7996 4680 6286 6750 
7997 921 6418 7203 
7998 6238 4357 6503 
7999 7151 5602 8368 
8000 412 4437 5748 
8001 8036 7668 8406 
8002 6746 5547 7105 
8003 1391 4334 7845 
8004 7356 5698 7894 
8005 6912 4988 7372 
8006 6292 5507 6661 
8007 982 981 6335 
8008 5059 6554 6663 
8009 6353 6799 6801 
8010 4330 176 6472 
8011 5782 6089 7768 
8012 154 155 7657 
8013 5799 5531 6714 
8014 4678 6183 8144 
8015 6396 5499 7416 
8016 6055 6088 7237 
8017 7725 5871 7726 
8018 7262 4447 7510 
8019 5909 7076 8001 
8020 4493 6216 6664 
8021 5403 6337 7234 
8022 4488 858 7382 
8023 6369 4978 7933 
8024 4849 6830 6834 
8025 5291 6279 7066 
8026 957 5668 7446 
8027 5537 6511 8361 
8028 76 4819 7782 
8029 6944 4415 7063 
8030 4661 7388 7543 
8031 6989 6471 7570 
8032 6215 5882 7953 
8033 570 4467 6528 
8034 4753 7572 7573 
8035 7600 5452 7707 
8036 4353 1394 4354 
8037 148 5432 7563 
8038 1237 1236 6556 
8039 5648 7206 7235 
8040 4962 987 6249 
8041 5127 5720 6561 
8042 6863 4473 6864 
8043 266 267 5936 
8044 4915 6354 6411 
8045 7025 6466 7162 
8046 4758 570 6528 
8047 7017 7016 7330 
8048 6089 6469 7237 
8049 614 4991 5039 
8050 5537 6424 6511 
8051 5582 7180 8046 
8052 7669 5423 7793 
8053 4352 6164 6596 
8054 6722 6133 7780 
8055 6130 5244 7861 
8056 6759 5571 6760 
8057 6753 6752 7680 
8058 6289 5995 6291 
8059 6526 5434 7130 
8060 6439 4469 7420 
8061 7053 4489 7177 
8062 141 142 7234 
8063 6202 5147 7047 
8064 5014 6532 6562 
8065 5052 7153 8037 
8066 5269 7267 7489 
8067 7363 7362 8185 
8068 5996 5992 6755 
8069 411 5748 6389 
8070 505 5438 5439 
8071 4844 6494 7442 
8072 5204 5464 6969 
8073 4396 748 8262 
8074 4723 7025 7162 
8075 1344 5388 6392 
8076 7006 4378 7219 
8077 5937 982 6335 
8078 4554 6909 7676 
8079 5283 7011 8106 
8080 6555 5652 7287 
8081 7197 5656 7334 
8082 6963 5505 7024 
8083 584 585 5833 
8084 5198 6410 7717 
8085 4638 7024 8194 
8086 7045 7950 7993 
8087 6144 6482 7242 
8088 5940 6929 7713 
8089 1350 1349 6034 
8090 6243 5445 6915 
8091 6781 6702 7476 
8092 798 799 7288 
8093 954 4847 6570 
8094 7549 5734 7783 
8095 6031 5094 7617 
8096 647 648 4909 
8097 656 5922 8135 
8098 543 4481 5780 
8099 5860 7488 7614 
8100 222 223 6897 
8101 7801 6036 7877 
8102 6247 7298 7850 
8103 6702 6781 7842 
8104 4397 4527 6775 
8105 6658 4548 6861 
8106 5081 7026 7104 
8107 6531 6052 7897 
8108 9 944 5707 
8109 5416 7350 7951 
8110 7023 5593 7042 
8111 5923 7504 7907 
8112 4458 7344 8225 
8113 7221 6555 7287 
8114 5649 6441 7480 
8115 6105 4898 8240 
8116 1305 1304 6483 
8117 542 5780 6246 
8118 6839 4430 7474 
8119 1016 5696 7225 
8120 5980 7343 7682 
8121 5128 6531 7897 
8122 839 838 6919 
8123 1059 1058 6033 
8124 6361 5597 6508 
8125 6787 4373 6813 
8126 5457 7144 8061 
8127 4738 6215 7953 
8128 7352 75 7782 
8129 6488 4769 6785 
8130 1186 1185 5828 
8131 838 5111 6919 
8132 4940 5474 6721 
8133 4470 6676 6677 
8134 1225 1224 7584 
8135 6198 7872 8202 
8136 206 207 7207 
8137 6116 6112 6503 
8138 5570 432 6365 
8139 6216 6628 7671 
8140 6412 298 6662 
8141 5505 6963 7388 
8142 6025 4866 7943 
8143 6372 5713 7596 
8144 6678 4537 7463 
8145 5175 6890 7336 
8146 4343 7188 7311 
8147 4408 6207 7685 
8148 6471 6890 7570 
8149 433 4883 8005 
8150 5677 6358 7208 
8151 7388 6963 7543 
8152 853 852 7290 
8153 4665 308 4727 
8154 6445 5984 6446 
8155 921 920 6418 
8156 1302 1301 6823 
8157 5784 6098 7374 
8158 5616 6271 6416 
8159 5914 1023 8393 
8160 4913 5608 6436 
8161 1050 5953 8447 
8162 6331 5090 7446 
8163 6717 7253 7414 
8164 4713 5335 6689 
8165 7272 4942 7760 
8166 5174 6035 6252 
8167 4337 7358 7615 
8168 6175 5512 7406 
8169 287 8101 8438 
8170 6201 4778 7499 
8171 4759 6808 8293 
8172 1350 6034 7516 
8173 4778 6201 8077 
8174 7325 681 8420 
8175 6950 6639 6972 
8176 5873 7194 7311 
8177 6558 7599 7600 
8178 6182 5506 6671 
8179 5652 6622 7287 
8180 745 4381 8147 
8181 7692 7120 7910 
8182 899 898 5876 
8183 4447 7262 7966 
8184 5707 944 5708 
8185 5712 7400 7604 
8186 747 4396 6371 
8187 6698 7669 7793 
8188 5480 6628 7441 
8189 584 5833 8138 
8190 6646 7764 8218 
8191 7668 7667 8406 
8192 4873 7199 7802 
8193 5880 5879 6475 
8194 190 4853 6445 
8195 5671 6280 6876 
8196 4872 5397 7218 
8197 4502 6288 6448 
8198 4473 6173 7097 
8199 5864 5380 6606 
8200 6041 5580 6366 
8201 6461 4395 7049 
8202 1244 1243 7573 
8203 6911 4764 7736 
8204 5374 5981 7920 
8205 6978 7082 8352 
8206 7121 7737 7910 
8207 5947 4977 7480 
8208 5504 7770 7794 
8209 5291 482 7065 
8210 572 7167 7500 
8211 4349 819 6976 
8212 6284 4531 6611 
8213 7253 5660 7414 
8214 7275 7274 7445 
8215 6031 7617 8217 
8216 4984 5899 6367 
8217 7535 6120 7783 
8218 7358 6460 7615 
8219 5617 6699 7861 
8220 5353 6084 6397 
8221 6370 5614 6421 
8222 138 5687 7060 
8223 6370 6421 7153 
8224 5547 6746 8077 
8225 1370 6493 7686 
8226 6682 5430 7163 
8227 6101 5358 7262 
8228 6156 4461 7812 
8229 5606 7209 7436 
8230 4473 762 6864 
8231 6412 6390 7937 
8232 4380 6632 8350 
8233 6204 5970 7875 
8234 7273 5487 7646 
8235 7683 5355 8123 
8236 1152 1151 8095 
8237 4960 6172 7961 
8238 5141 4552 6993 
8239 822 821 6066 
8240 6279 5291 7065 
8241 6676 4470 6679 
8242 5671 6876 7105 
8243 6102 7576 7772 
8244 73 4469 7154 
8245 7599 4350 7600 
8246 7076 5909 7529 
8247 5301 6210 6362 
8248 4537 6678 8071 
8249 5012 6366 7528 
8250 819 818 4906 
8251 4793 439 6791 
8252 5673 6565 7227 
8253 6237 361 7733 
8254 510 511 8411 
8255 6272 7086 7324 
8256 7737 7121 8092 
8257 6647 6648 6818 
8258 7520 4411 7691 
8259 6139 5193 6515 
8260 5990 4549 5991 
8261 6808 7066 7929 
8262 5503 6181 7225 
8263 5489 6888 7890 
8264 5597 6361 8093 
8265 1295 5951 7855 
8266 7045 5765 7950 
8267 4818 5479 6495 
8268 6248 5376 8112 
8269 5602 7151 7257 
8270 6743 1072 8418 
8271 4587 6355 7383 
8272 5494 5653 7274 
8273 5018 5019 7130 
8274 6105 6667 6668 
8275 6347 6345 6679 
8276 6168 4647 7806 
8277 4763 380 6430 
8278 6852 5031 6853 
8279 5534 5250 6362 
8280 6783 4330 7927 
8281 6321 4369 6965 
8282 7788 7487 8004 
8283 6622 5652 7327 
8284 309 5125 5126 
8285 4809 7004 7837 
8286 5434 6233 8094 
8287 1204 1203 6426 
8288 7528 6095 7964 
8289 1352 1351 6713 
8290 7920 5981 8010 
8291 1097 5050 7368 
8292 439 440 6791 
8293 4975 6116 6564 
8294 5373 1098 7368 
8295 1264 5228 8092 
8296 6627 5268 6628 
8297 5797 5798 7717 
8298 5365 5537 6497 
8299 5451 6528 7210 
8300 4825 5477 6422 
8301 6189 6917 7056 
8302 5388 6287 8297 
8303 761 4473 7097 
8304 7465 5752 8184 
8305 6094 311 6431 
8306 4480 7027 7453 
8307 6993 4979 7136 
8308 6517 4719 7470 
8309 6602 4796 6604 
8310 6112 6114 6503 
8311 694 5614 6370 
8312 4429 6206 6900 
8313 5769 6655 7712 
8314 7350 5416 8216 
8315 5096 6551 7088 
8316 874 873 6829 
8317 5572 7058 7070 
8318 6628 5268 7441 
8319 6482 6351 7242 
8320 7212 7074 7213 
8321 1323 1322 6648 
8322 5721 6353 8074 
8323 7023 7042 7984 
8324 4958 1171 6583 
8325 6044 6205 7186 
8326 173 5104 7359 
8327 6410 5198 7684 
8328 1322 4355 6648 
8329 7042 5593 7797 
8330 6071 7329 7892 
8331 6041 6401 7905 
8332 1348 1347 6428 
8333 5074 6541 6542 
8334 5080 6642 7342 
8335 4415 6327 7561 
8336 7334 5656 7803 
8337 1283 1282 5783 
8338 6693 6633 7565 
8339 480 481 7255 
8340 6723 6722 7139 
8341 7572 6153 7573 
8342 6633 6190 7565 
8343 7562 5198 7717 
8344 5158 6632 6693 
8345 6594 6059 7762 
8346 4937 6741 6742 
8347 960 959 6065 
8348 6336 6585 7118 
8349 5734 7535 7783 
8350 7576 4608 7772 
8351 5369 5566 6502 
8352 1209 1208 7222 
8353 4706 565 6524 
8354 4647 6168 7448 
8355 5912 5913 7159 
8356 6 881 4419 
8357 4993 6228 6496 
8358 555 556 6544 
8359 6516 7163 8410 
8360 508 509 6067 
8361 868 5292 6384 
8362 6641 5641 8046 
8363 7657 4762 7819 
8364 556 4743 6544 
8365 6253 5209 7289 
8366 6505 6945 8485 
8367 5073 4818 6495 
8368 5508 6718 6826 
8369 5241 7076 7529 
8370 7398 5340 8193 
8371 915 914 7655 
8372 1404 14 8340 
8373 5710 7801 7877 
8374 5580 6095 7528 
8375 7355 6442 7556 
8376 2 823 5011 
8377 4957 6616 8327 
8378 6945 5274 8485 
8379 4977 5649 7480 
8380 548 549 6658 
8381 5546 7337 7480 
8382 6514 6378 7478 
8383 667 4788 7127 
8384 4504 6487 7699 
8385 6401 6041 7652 
8386 6288 4502 8027 
8387 7507 424 7598 
8388 4671 4805 6512 
8389 4614 163 6510 
8390 1355 5325 7129 
8391 5608 6148 7055 
8392 7557 6015 8317 
8393 5100 6106 8354 
8394 6447 90 8383 
8395 6636 6276 7858 
8396 6080 4793 7864 
8397 7088 6551 8148 
8398 666 667 7127 
8399 4894 407 7621 
8400 6502 7303 7979 
8401 4849 760 7097 
8402 5241 514 6432 
8403 5166 876 7271 
8404 5520 8141 8336 
8405 6271 5616 7704 
8406 5572 7070 7921 
8407 7630 7623 8476 
8408 45 4813 6481 
8409 6295 4346 6913 
8410 4520 6332 6873 
8411 787 788 5980 
8412 236 237 7744 
8413 5697 6586 7292 
8414 5370 6122 7028 
8415 6151 5396 7190 
8416 4793 6080 7571 
8417 6130 5650 7820 
8418 6106 5100 7675 
8419 5696 1015 6467 
8420 470 471 6382 
8421 5392 6164 6800 
8422 6137 5938 7866 
8423 6416 6912 7372 
8424 482 483 7065 
8425 6008 1219 6697 
8426 6167 7176 7919 
8427 6171 7393 8158 
8428 217 218 6254 
8429 5975 5438 6841 
8430 6647 6818 7430 
8431 6986 4895 7896 
8432 7632 4404 7827 
8433 5785 6775 7442 
8434 410 6389 8445 
8435 4567 5821 6579 
8436 565 566 6524 
8437 4719 6517 7670 
8438 6181 6498 6661 
8439 1299 1298 6485 
8440 5090 6331 7270 
8441 983 982 5937 
8442 90 6397 8383 
8443 4531 6286 7751 
8444 506 507 5845 
8445 4633 5169 7067 
8446 6895 6208 7165 
8447 914 4998 7655 
8448 57 4913 6436 
8449 6164 6140 7875 
8450 6655 5769 7857 
8451 7176 6167 7830 
8452 4911 5650 6130 
8453 1183 6378 6514 
8454 851 850 6020 
8455 4978 6489 6823 
8456 5528 6747 7138 
8457 6264 7507 8219 
8458 7765 6501 7766 
8459 1413 1412 6055 
8460 4867 892 6367 
8461 1058 1057 6165 
8462 6876 5185 7105 
8463 5308 5306 7466 
8464 712 6691 7879 
8465 6181 1017 7225 
8466 1284 4827 6358 
8467 212 6052 7081 
8468 6202 6027 7629 
8469 7819 4762 8008 
8470 4796 6602 6605 
8471 517 518 6049 
8472 4541 7013 7687 
8473 7159 5913 8237 
8474 6507 6645 6646 
8475 4704 6277 6846 
8476 5549 6636 7858 
8477 5928 7439 7566 
8478 6076 7299 7795 
8479 6146 6147 7740 
8480 1410 1409 6561 
8481 6354 4915 6598 
8482 4853 5342 6445 
8483 4805 5196 6512 
8484 5578 6294 7216 
8485 4962 6249 7318 
8486 4958 6583 7146 
8487 5609 6491 7333 
8488 6652 5138 7511 
8489 5218 5888 6409 
8490 6262 5371 7207 
8491 5324 6613 7825 
8492 4480 6742 7027 
8493 6281 4698 6282 
8494 7020 4517 8180 
8495 6987 4413 7373 
8496 6161 5684 8073 
8497 4895 6169 7315 
8498 7186 6205 8424 
8499 6558 7600 7707 
8500 218 4735 6254 
8501 5888 5374 7887 
8502 137 138 7060 
8503 6433 4546 7881 
8504 1018 6181 6661 
8505 6182 6183 7742 
8506 5512 6230 6231 
8507 6516 6682 7163 
8508 5843 6401 7960 
8509 7353 6777 7376 
8510 6176 4444 7888 
8511 6234 4743 8486 
8512 1311 1310 6683 
8513 4546 6433 8083 
8514 55 5898 6403 
8515 5973 7580 8301 
8516 6046 6564 7370 
8517 5259 841 6400 
8518 6360 7004 7005 
8519 4367 259 5466 
8520 1393 4865 6903 
8521 1297 1296 4612 
8522 6911 4988 6912 
8523 1343 1342 7110 
8524 4452 6832 7080 
8525 6744 5816 7278 
8526 4611 6325 6836 
8527 542 6246 8461 
8528 7320 7319 7322 
8529 4371 640 6470 
8530 5507 1019 6661 
8531 6015 6017 8317 
8532 1310 4383 6683 
8533 1345 1344 6392 
8534 6784 6783 7927 
8535 5468 7087 7142 
8536 6888 6285 7890 
8537 7184 7380 7707 
8538 4726 6514 6555 
8539 5377 6363 7075 
8540 6519 6517 7470 
8541 5520 7443 8141 
8542 7329 5865 7892 
8543 287 288 8101 
8544 107 108 6038 
8545 4461 6156 7554 
8546 852 5636 7290 
8547 472 4549 5990 
8548 4710 6983 8006 
8549 7160 1371 8034 
8550 6262 4542 7195 
8551 5506 6182 7742 
8552 5748 6028 6388 
8553 7515 5860 7614 
8554 7184 4677 7380 
8555 6157 6158 6336 
8556 115 116 6138 
8557 1356 7129 7521 
8558 5831 6867 7371 
8559 6570 6408 8174 
8560 6498 6292 6661 
8561 6521 6523 6524 
8562 5138 6652 7284 
8563 192 4380 8350 
8564 6670 6019 8000 
8565 311 5784 6431 
8566 92 93 5948 
8567 8101 6420 8438 
8568 6206 4429 7310 
8569 399 400 6533 
8570 5536 6102 7772 
8571 6030 803 8375 
8572 343 5648 6417 
8573 1174 1173 7337 
8574 166 167 6940 
8575 6139 6515 8017 
8576 5571 6759 7459 
8577 6332 4520 6874 
8578 6398 5979 7428 
8579 5351 6706 7850 
8580 6382 5990 7260 
8581 5465 6367 8199 
8582 6140 6204 7875 
8583 6426 4891 7688 
8584 7991 7552 8332 
8585 5377 7075 7465 
8586 943 942 6440 
8587 5250 5301 6362 
8588 6838 4441 7098 
8589 5631 6039 7094 
8590 4849 6834 7987 
8591 7120 7121 7910 
8592 7336 5234 7666 
8593 4827 5813 7208 
8594 5654 8036 8406 
8595 795 5616 7372 
8596 6629 5627 7052 
8597 6392 5388 8297 
8598 5440 6567 6568 
8599 6476 5674 7096 
8600 705 5580 6041 
8601 6442 5811 7556 
8602 6543 4894 7621 
8603 5259 6400 6401 
8604 6470 5887 6890 
8605 752 7250 8376 
8606 5415 6390 6761 
8607 5707 5708 6086 
8608 5766 236 7744 
8609 922 921 5974 
8610 6251 4492 7157 
8611 7208 5813 7803 
8612 6245 1353 7527 
8613 5209 6253 8413 
8614 616 7118 7863 
8615 7802 6675 8354 
8616 7129 5325 7378 
8617 6403 5898 6613 
8618 7039 7005 7855 
8619 7907 5281 8048 
8620 6518 7008 7142 
8621 7166 7335 7804 
8622 6124 7808 8102 
8623 5074 4653 6573 
8624 802 803 6030 
8625 6203 416 8054 
8626 5293 4559 5830 
8627 7303 4603 7979 
8628 1273 1272 7158 
8629 7459 1158 7503 
8630 6404 6405 6571 
8631 6068 4351 6069 
8632 6327 4611 7561 
8633 6780 6263 7719 
8634 6378 5425 7478 
8635 5407 6271 7704 
8636 6550 6261 7946 
8637 6953 5558 7844 
8638 129 5237 6530 
8639 6584 6585 6614 
8640 1004 1003 7220 
8641 4460 340 6429 
8642 6515 5975 8017 
8643 6295 4562 7728 
8644 6789 5248 6790 
8645 1059 6033 8319 
8646 7390 6896 7995 
8647 6497 5113 7365 
8648 5639 6272 7324 
8649 5155 6990 6991 
8650 6409 5888 6410 
8651 6068 6069 7890 
8652 1352 6713 7527 
8653 6670 7061 7646 
8654 6280 5671 7218 
8655 5487 6670 7646 
8656 5837 6329 7574 
8657 4941 6240 7246 
8658 5550 5551 7089 
8659 5507 6654 8471 
8660 4859 7583 7584 
8661 6853 5031 7226 
8662 5019 6469 7130 
8663 5992 4549 6755 
8664 6418 5715 7203 
8665 999 998 6294 
8666 1397 13 6444 
8667 5548 6494 6736 
8668 4521 5189 7011 
8669 6723 7139 8050 
8670 6682 6683 6684 
8671 6543 6250 7976 
8672 312 313 6098 
8673 6501 7389 7918 
8674 6293 7072 8326 
8675 5935 7459 7503 
8676 6586 5697 7560 
8677 213 214 7897 
8678 7370 6564 7813 
8679 1025 5486 6718 
8680 1131 6276 6636 
8681 6397 6084 6656 
8682 681 682 4491 
8683 6472 177 7540 
8684 6287 5388 7695 
8685 5849 7487 7788 
8686 7072 4724 8326 
8687 6517 6518 7670 
8688 416 6203 7433 
8689 7507 5665 8219 
8690 6507 6646 8218 
8691 6862 551 7689 
8692 6730 4557 6731 
8693 4988 794 7372 
8694 1220 1219 6008 
8695 5856 5369 6502 
8696 470 6382 8415 
8697 4894 6543 7976 
8698 549 4548 6658 
8699 7400 6548 7604 
8700 7887 5374 7920 
8701 1396 1395 5785 
8702 6827 933 8157 
8703 5672 6443 8230 
8704 5925 5314 6424 
8705 5295 6560 7514 
8706 741 742 5725 
8707 6475 5879 7109 
8708 5750 5599 7637 
8709 6710 4581 7513 
8710 7487 630 8004 
8711 6381 5762 7718 
8712 1298 4463 6485 
8713 7167 5971 7500 
8714 6668 5609 7851 
8715 5264 5757 6788 
8716 7082 6866 8352 
8717 6340 6344 6510 
8718 891 4984 6367 
8719 6285 6068 7890 
8720 6160 5264 6788 
8721 172 7359 7812 
8722 6468 5956 7173 
8723 4542 6262 7207 
8724 4855 6483 7549 
8725 7291 7199 7354 
8726 6662 299 8476 
8727 5407 798 7288 
8728 5832 5565 6818 
8729 5474 6133 6721 
8730 6090 4707 6561 
8731 6745 6318 8356 
8732 6121 1209 7222 
8733 7118 6585 7863 
8734 5626 6329 7417 
8735 7215 4644 8243 
8736 6556 6557 6559 
8737 773 4804 6414 
8738 6123 7272 7760 
8739 6337 141 7234 
8740 4371 6470 6471 
8741 6218 4561 6219 
8742 516 5103 6072 
8743 6382 7260 7799 
8744 6350 6347 6679 
8745 4562 6336 7118 
8746 6328 5459 6520 
8747 5371 6262 8493 
8748 6869 4550 7384 
8749 5359 6270 7835 
8750 6254 4735 6255 
8751 6052 213 7897 
8752 7 4872 7218 
8753 7335 5908 7804 
8754 5483 5482 6910 
8755 6383 6643 8433 
8756 6263 5290 7719 
8757 6360 7005 7038 
8758 4581 7353 7376 
8759 7320 5092 8357 
8760 6345 6676 6679 
8761 6423 4382 7171 
8762 6437 5093 6438 
8763 5695 6794 7382 
8764 6708 5596 7224 
8765 7282 6862 7689 
8766 7337 5947 7480 
8767 5128 6254 6531 
8768 6160 6787 6813 
8769 876 875 7271 
8770 4390 1070 6486 
8771 6985 6986 7550 
8772 6782 5104 6783 
8773 43 5252 7408 
8774 327 328 6215 
8775 6544 7282 8108 
8776 104 5620 7306 
8777 6174 5996 6755 
8778 7194 4343 7311 
8779 1326 1325 4924 
8780 7001 5448 8100 
8781 5860 7515 8087 
8782 4754 7603 7649 
8783 208 4542 7207 
8784 878 4940 6721 
8785 5240 6274 8381 
8786 147 148 7563 
8787 5379 5908 7335 
8788 469 470 4422 
8789 5574 910 7544 
8790 679 680 4341 
8791 5730 4570 7745 
8792 6401 6400 7960 
8793 5567 7101 7175 
8794 5865 6574 6575 
8795 6566 5401 7868 
8796 6606 5380 7594 
8797 4924 6506 6507 
8798 5650 6556 6559 
8799 1013 6053 6150 
8800 4909 7190 7958 
8801 5696 6440 7225 
8802 6364 5528 7138 
8803 6162 5598 7061 
8804 6559 7380 8444 
8805 1166 1165 7328 
8806 5722 6207 8306 
8807 298 299 6662 
8808 5599 7228 7637 
8809 6553 5588 6657 
8810 5120 929 6631 
8811 446 4373 6787 
8812 6053 7135 8336 
8813 385 4569 6525 
8814 7331 1340 7452 
8815 6869 7384 8288 
8816 6286 4680 7751 
8817 5902 6247 7850 
8818 309 5126 6035 
8819 7447 5863 7948 
8820 4527 4844 6775 
8821 6174 4439 7716 
8822 5063 6687 6688 
8823 7502 6198 8169 
8824 5707 6086 7607 
8825 5531 6111 6714 
8826 264 265 4632 
8827 4581 6710 7353 
8828 4861 6584 6614 
8829 5448 7001 7792 
8830 6261 6550 7931 
8831 5434 5018 7130 
8832 4803 5366 6975 
8833 6516 5193 6681 
8834 4861 6614 6980 
8835 5755 6640 7117 
8836 828 827 4408 
8837 6067 6068 8417 
8838 946 947 6081 
8839 5187 6358 6359 
8840 6405 6408 6571 
8841 5893 6572 8250 
8842 5496 7238 8363 
8843 6333 6332 6874 
8844 5976 6476 7096 
8845 4351 510 6236 
8846 1334 1333 6140 
8847 6829 873 8057 
8848 5627 6857 7052 
8849 5831 7371 7822 
8850 7913 7665 8171 
8851 241 5872 7889 
8852 940 6292 6498 
8853 546 6218 6692 
8854 5366 6444 7295 
8855 6229 4439 7276 
8856 5308 6756 7794 
8857 6814 4449 8023 
8858 5484 6386 7796 
8859 6263 4423 8113 
8860 5799 6714 7590 
8861 5194 6107 6108 
8862 6296 5066 7251 
8863 6939 5403 7234 
8864 6336 6158 6614 
8865 7357 5222 7725 
8866 5968 7020 8180 
8867 6628 5480 7671 
8868 7074 7212 8483 
8869 189 6445 6446 
8870 496 497 6868 
8871 4554 4419 7141 
8872 5145 6490 6667 
8873 6538 6719 8164 
8874 6481 6134 6715 
8875 5521 4911 6130 
8876 989 988 7320 
8877 6337 5403 7665 
8878 6118 7632 7827 
8879 6016 6014 7390 
8880 6905 5538 7641 
8881 5650 6559 7820 
8882 207 208 7207 
8883 4909 6151 7190 
8884 4389 5268 6627 
8885 1414 15 4627 
8886 6272 5799 7590 
8887 7567 6920 7777 
8888 7016 4768 7330 
8889 929 928 6631 
8890 988 4962 7320 
8891 817 5156 6380 
8892 91 5353 6397 
8893 617 4562 7118 
8894 1353 6245 8290 
8895 5615 5677 7208 
8896 5059 6427 6554 
8897 6490 4579 6491 
8898 6275 1173 8110 
8899 6330 1345 6392 
8900 42 43 7408 
8901 4980 6922 7391 
8902 930 929 5120 
8903 7145 4846 8010 
8904 7514 6560 8090 
8905 5438 5845 6841 
8906 7855 5951 7856 
8907 6133 6134 7780 
8908 5050 7035 8467 
8909 6369 6485 7404 
8910 310 311 6094 
8911 4346 6295 7728 
8912 824 3 4882 
8913 1324 5020 6506 
8914 6695 4655 7138 
8915 5697 7292 7774 
8916 7636 68 7844 
8917 923 4579 6490 
8918 1015 1014 6467 
8919 6492 5818 6493 
8920 7750 5976 8193 
8921 6264 423 7507 
8922 5078 5838 7494 
8923 6403 6613 8021 
8924 6411 6048 7925 
8925 5799 6272 7867 
8926 7774 7292 8176 
8927 647 4909 7402 
8928 6917 6189 7731 
8929 7247 377 8241 
8930 5472 6689 8024 
8931 891 890 4983 
8932 6417 5648 7235 
8933 6145 7683 8123 
8934 800 801 6227 
8935 4934 7788 8004 
8936 4439 6229 7716 
8937 4765 7630 8476 
8938 5900 7991 8332 
8939 4598 1150 7248 
8940 6563 612 8271 
8941 4860 5487 7273 
8942 872 4925 6078 
8943 4439 6174 8248 
8944 103 104 7306 
8945 1398 1397 4479 
8946 4419 4791 7141 
8947 729 6398 7428 
8948 595 4389 6627 
8949 6189 6190 7731 
8950 4350 1233 8098 
8951 5547 5671 7105 
8952 5528 6364 7137 
8953 7135 6053 8076 
8954 5164 5166 5715 
8955 645 646 5110 
8956 1202 1201 7674 
8957 882 7 4474 
8958 7583 4859 7917 
8959 7229 6094 8480 
8960 4523 680 4841 
8961 5229 6481 6715 
8962 547 4561 6218 
8963 5375 5623 6169 
8964 610 5014 6560 
8965 4799 6702 7291 
8966 455 4576 6854 
8967 4492 1273 7158 
8968 6338 4336 6339 
8969 5793 6435 7116 
8970 6614 6158 6980 
8971 189 190 6445 
8972 5144 7282 7689 
8973 467 468 4591 
8974 142 5763 7234 
8975 163 164 6510 
8976 6742 4480 7538 
8977 454 455 6854 
8978 6978 5179 7082 
8979 5964 5646 7426 
8980 6443 5672 7523 
8981 6556 5106 6557 
8982 4970 7127 8064 
8983 500 501 6238 
8984 6580 5821 7498 
8985 6864 763 7261 
8986 6552 6067 8417 
8987 5218 5374 5888 
8988 1179 1178 5376 
8989 6213 6214 7131 
8990 7437 6971 7625 
8991 6335 7398 8193 
8992 1286 1285 7132 
8993 6763 4413 6987 
8994 6534 6535 6884 
8995 6014 5190 6018 
8996 5885 7202 7982 
8997 5110 7149 7298 
8998 6486 6745 8356 
8999 5089 5102 5431 
9000 5272 4758 5451 
9001 5329 239 7889 
9002 7985 6269 8265 
9003 6839 6840 8022 
9004 4726 1184 6514 
9005 484 485 7065 
9006 6431 5539 7644 
9007 6502 5566 7303 
9008 6013 6014 6015 
9009 7581 5746 8436 
9010 5612 7494 7553 
9011 6371 4396 7723 
9012 6366 5012 7009 
9013 6291 6797 7638 
9014 4408 827 6207 
9015 5819 6882 7281 
9016 5278 5662 5663 
9017 6167 4863 7830 
9018 7281 5022 7586 
9019 4334 1390 6534 
9020 5822 6634 7427 
9021 7202 5885 8013 
9022 6241 6180 6642 
9023 984 5212 6063 
9024 7227 6565 8377 
9025 1241 1240 5269 
9026 5808 4714 5809 
9027 237 238 4342 
9028 4551 6323 7216 
9029 5020 1323 6648 
9030 468 469 8198 
9031 7188 5756 7620 
9032 5746 7581 7922 
9033 4990 7017 7330 
9034 5357 7229 8480 
9035 567 5459 6328 
9036 5089 4801 5102 
9037 6294 4551 7216 
9038 1412 1411 6088 
9039 6145 4816 7683 
9040 4915 6411 7925 
9041 239 240 7889 
9042 5377 1404 6363 
9043 5408 4616 6976 
9044 846 845 7732 
9045 5317 6155 6269 
9046 4600 16 6979 
9047 6281 6282 7479 
9048 4799 7291 7354 
9049 6549 5624 6550 
9050 240 241 7889 
9051 6201 5547 8077 
9052 7307 5716 7904 
9053 1124 1123 5218 
9054 6580 4951 8160 
9055 6516 6681 6682 
9056 7481 7683 7990 
9057 4892 168 7555 
9058 819 4906 6976 
9059 6358 4827 7208 
9060 5974 921 7203 
9061 1382 1381 6425 
9062 389 390 4721 
9063 167 4892 6940 
9064 16 4458 8481 
9065 6404 4577 6405 
9066 7050 8012 8343 
9067 6033 6165 6166 
9068 4517 7020 8366 
9069 729 730 6398 
9070 6515 5193 6516 
9071 4760 6394 7416 
9072 339 4460 7469 
9073 614 5039 7223 
9074 4745 5601 6781 
9075 611 612 6563 
9076 7344 5826 8225 
9077 1142 1141 6117 
9078 7282 5144 8108 
9079 6575 6574 6576 
9080 5 879 6361 
9081 380 381 6430 
9082 4353 4397 6775 
9083 6634 5285 7427 
9084 5995 6290 7260 
9085 4951 6580 7926 
9086 227 228 6334 
9087 1031 5762 6381 
9088 6797 6291 8060 
9089 1313 5193 6139 
9090 469 4422 4513 
9091 5780 5781 5782 
9092 6466 4337 7162 
9093 5580 706 6095 
9094 5356 5925 6691 
9095 6053 1012 6413 
9096 847 846 5413 
9097 6837 6417 7235 
9098 6830 4849 7097 
9099 4934 6856 7788 
9100 6602 6603 6605 
9101 5193 1312 6681 
9102 4394 7752 7957 
9103 5265 6074 6075 
9104 6338 6340 6510 
9105 785 6475 7109 
9106 1401 1400 4400 
9107 6138 116 8073 
9108 4576 6851 6854 
9109 262 263 4831 
9110 4567 6579 7475 
9111 5836 7331 7452 
9112 5828 4726 7221 
9113 4454 7000 8105 
9114 6587 5002 8296 
9115 7142 7112 7670 
9116 4682 6847 7219 
9117 5485 6547 7250 
9118 866 6148 7508 
9119 7182 5827 8173 
9120 4391 6383 7650 
9121 5865 769 6574 
9122 6329 5626 7574 
9123 4354 1394 4457 
9124 4348 5639 6483 
9125 7175 7101 7681 
9126 1383 4577 6404 
9127 5135 4803 6975 
9128 355 6630 8069 
9129 6537 5574 7544 
9130 4791 5958 5959 
9131 4333 880 4387 
9132 5901 6904 7748 
9133 6677 6678 7463 
9134 271 272 6373 
9135 6356 5648 7972 
9136 6322 5337 7483 
9137 5777 6864 7261 
9138 4737 4671 6512 
9139 6016 7390 7995 
9140 5857 6803 7622 
9141 570 571 4467 
9142 949 950 8258 
9143 740 741 7506 
9144 1183 1182 6378 
9145 5026 5600 6590 
9146 5422 5419 6846 
9147 4581 306 7513 
9148 6630 355 7639 
9149 4913 5349 5350 
9150 644 645 6247 
9151 770 5280 6574 
9152 5248 6789 6791 
9153 5948 93 8232 
9154 1029 1028 7375 
9155 5854 6489 6538 
9156 6524 6523 8201 
9157 5362 6423 7171 
9158 4561 548 6658 
9159 387 388 4644 
9160 5278 5663 5664 
9161 4924 1325 6506 
9162 5731 7273 7646 
9163 6442 5667 8100 
9164 4584 1419 6990 
9165 6500 5856 6502 
9166 6872 4623 7033 
9167 1355 1354 5325 
9168 7013 4683 7403 
9169 481 5291 7255 
9170 6825 4644 7215 
9171 6320 6871 7709 
9172 5976 5937 8193 
9173 97 5337 8185 
9174 1184 1183 6514 
9175 1118 5820 6914 
9176 700 5619 6929 
9177 7596 5713 8295 
9178 6574 5280 6576 
9179 1349 5044 6034 
9180 5350 5803 6504 
9181 4747 1187 7351 
9182 5663 6010 6909 
9183 824 4882 7997 
9184 5954 7151 8368 
9185 383 4736 5433 
9186 640 641 6470 
9187 6532 5014 6563 
9188 4997 6609 8067 
9189 6744 468 8198 
9190 6969 5464 7388 
9191 5676 6590 6591 
9192 6141 5229 6715 
9193 6489 5854 6823 
9194 837 836 5052 
9195 7094 6039 7924 
9196 5621 675 7758 
9197 5064 1202 7674 
9198 264 4632 4976 
9199 583 4528 7239 
9200 4341 680 4523 
9201 7197 6744 7278 
9202 4911 1238 5650 
9203 854 4633 7067 
9204 5646 4987 6659 
9205 5490 5568 5569 
9206 933 6827 8031 
9207 5679 5350 6504 
9208 568 569 4860 
9209 868 867 5292 
9210 4387 880 6624 
9211 582 583 7239 
9212 6802 5820 7534 
9213 4755 6377 7231 
9214 741 5725 7506 
9215 6136 1166 7328 
9216 4345 6553 6657 
9217 566 6328 6524 
9218 422 423 6264 
9219 987 986 6249 
9220 4465 765 6618 
9221 739 740 5685 
9222 4429 6933 7310 
9223 770 771 5280 
9224 6894 6931 7348 
9225 6507 6644 6645 
9226 83 5001 8215 
9227 6611 6018 6770 
9228 6245 7378 8290 
9229 6437 5408 7313 
9230 6422 5550 7089 
9231 6048 6411 8330 
9232 1313 1312 5193 
9233 6872 5515 7128 
9234 4502 6448 7092 
9235 4623 6872 7128 
9236 6621 7585 8348 
9237 6252 5726 7002 
9238 4922 6384 8177 
9239 465 4755 6577 
9240 6089 4707 6090 
9241 5730 6266 8421 
9242 5954 5525 6815 
9243 1124 5218 6409 
9244 1149 1148 7956 
9245 866 865 6148 
9246 4831 5368 5369 
9247 1177 1176 4850 
9248 6018 5190 6770 
9249 5687 7665 7913 
9250 7810 7876 8266 
9251 4441 1402 7098 
9252 1370 1369 6492 
9253 6085 5950 7230 
9254 5388 1343 7110 
9255 5001 6076 7795 
9256 5395 8163 8217 
9257 6088 6089 7237 
9258 7099 6582 7429 
9259 4745 892 4867 
9260 6741 4937 6743 
9261 1132 1131 6636 
9262 734 735 6476 
9263 7300 6086 8190 
9264 6590 5600 6591 
9265 4337 6466 7358 
9266 5110 7148 7149 
9267 7200 6901 8263 
9268 6579 5821 6580 
9269 6449 4414 7172 
9270 4937 6742 8137 
9271 1346 1345 6330 
9272 165 4336 6338 
9273 6179 6178 6180 
9274 6488 6786 7125 
9275 5483 6910 7345 
9276 5464 5505 7388 
9277 7633 6994 7882 
9278 693 694 6370 
9279 6506 5020 6644 
9280 7050 6545 8012 
9281 6236 5727 7900 
9282 5142 6202 6615 
9283 5820 6802 7954 
9284 4962 7319 7320 
9285 6104 5587 6662 
9286 7004 6359 7837 
9287 4452 7346 7967 
9288 228 4366 6334 
9289 7212 7213 7519 
9290 514 515 6432 
9291 4800 4684 4919 
9292 5187 1284 6358 
9293 7944 6103 8005 
9294 5755 7117 8155 
9295 6521 6522 6523 
9296 6077 846 7732 
9297 5916 7770 7841 
9298 138 139 5687 
9299 1041 5458 6097 
9300 4586 6059 6594 
9301 408 409 4486 
9302 8124 7477 8469 
9303 5001 5358 6076 
9304 6925 5098 7022 
9305 6500 6136 6501 
9306 6788 5757 6789 
9307 4913 58 5349 
9308 5679 6504 6505 
9309 6418 920 7640 
9310 1301 1300 4978 
9311 6999 6333 8274 
9312 6518 7142 7670 
9313 5649 5355 7683 
9314 5608 5350 5679 
9315 5103 6509 8273 
9316 6447 6385 7450 
9317 6699 5617 7776 
9318 406 407 4894 
9319 5980 4489 7343 
9320 6289 6291 6448 
9321 6212 4938 6704 
9322 7293 5504 7847 
9323 5717 4976 5947 
9324 1131 1130 6276 
9325 6607 6608 6609 
9326 7537 5718 7663 
9327 5055 211 7081 
9328 5241 6432 7075 
9329 128 129 6530 
9330 7603 5967 7649 
9331 1185 1184 4726 
9332 43 5229 5252 
9333 5729 6961 6962 
9334 5408 6976 7313 
9335 4612 1296 7855 
9336 6135 1166 6136 
9337 4522 6788 6790 
9338 893 4745 6781 
9339 6424 5314 6511 
9340 7171 4382 7417 
9341 5714 460 6625 
9342 360 6237 7715 
9343 789 790 7177 
9344 4711 6538 7660 
9345 1327 1326 5494 
9346 168 169 7555 
9347 1239 1238 4911 
9348 6480 4704 7379 
9349 5135 6975 7041 
9350 5753 6513 7597 
9351 7668 6999 8274 
9352 6850 4933 7701 
9353 1028 5500 7375 
9354 5624 6549 6946 
9355 6213 6942 7829 
9356 5350 5349 5803 
9357 1175 5900 8332 
9358 825 824 5540 
9359 4893 5522 5523 
9360 595 596 4389 
9361 384 385 6525 
9362 7178 5753 7597 
9363 396 397 4795 
9364 6604 5747 7775 
9365 5540 824 7997 
9366 841 840 6400 
9367 7647 5103 8273 
9368 513 514 5241 
9369 5961 7537 7663 
9370 1185 4726 5828 
9371 4345 508 6067 
9372 7832 5985 8214 
9373 7582 5346 8094 
9374 6690 6508 8261 
9375 4791 881 5958 
9376 1338 1337 6930 
9377 4481 544 5501 
9378 5587 6412 6662 
9379 7035 5050 8133 
9380 956 957 7446 
9381 5928 7566 7942 
9382 1285 1284 5187 
9383 379 380 4763 
9384 5588 6553 8013 
9385 5116 6163 6513 
9386 5319 5321 5834 
9387 4535 613 4744 
9388 6021 5916 7841 
9389 6681 1311 6683 
9390 4767 4737 4801 
9391 891 4983 4984 
9392 4506 1089 6588 
9393 4460 7186 7469 
9394 799 4993 7288 
9395 7252 7734 7874 
9396 5389 1338 6930 
9397 6110 5836 8070 
9398 5265 6073 6074 
9399 6124 7423 7808 
9400 5943 5946 6581 
9401 5505 6142 7024 
9402 5283 4521 7011 
9403 111 112 6984 
9404 4824 6707 6708 
9405 1165 4820 5265 
9406 7254 4692 8088 
9407 4447 6865 6866 
9408 401 402 5710 
9409 5782 5781 6469 
9410 4893 5523 6620 
9411 7346 4452 8302 
9412 1310 1309 4383 
9413 5752 1406 8184 
9414 485 6279 7065 
9415 1070 1069 6486 
9416 6702 4799 7476 
9417 5669 5456 6810 
9418 1150 4328 7248 
9419 6529 128 6530 
9420 4458 1420 7344 
9421 228 229 4366 
9422 1045 1044 7624 
9423 4832 6375 8434 
9424 6743 4390 7240 
9425 5704 6669 6838 
9426 6436 5608 7055 
9427 1035 1034 6606 
9428 342 343 6417 
9429 5979 6398 8182 
9430 5366 6612 6975 
9431 6856 4934 7769 
9432 6720 5742 6979 
9433 4502 6238 8027 
9434 1349 1348 5044 
9435 6546 7210 8320 
9436 1234 1233 4350 
9437 5059 1204 6426 
9438 7310 6933 7649 
9439 4558 333 6638 
9440 1127 1126 5198 
9441 5488 462 6607 
9442 1358 6357 7541 
9443 4804 5277 5278 
9444 4954 4911 5521 
9445 6983 4710 7988 
9446 7317 7437 8420 
9447 7498 5821 8211 
9448 6180 6178 6642 
9449 6817 5680 7520 
9450 5044 1348 6428 
9451 543 544 4481 
9452 4804 5278 6414 
9453 497 4451 6868 
9454 7964 7711 8163 
9455 6752 5971 7167 
9456 5846 5244 7820 
9457 4644 388 8243 
9458 706 707 7912 
9459 44 45 6481 
9460 5501 7178 8442 
9461 4366 229 6695 
9462 417 418 5328 
9463 5620 105 6649 
9464 5028 5026 6590 
9465 6 4419 4553 
9466 146 147 7563 
9467 72 73 7154 
9468 1190 1189 6399 
9469 5430 6684 8308 
9470 1328 6670 8000 
9471 7087 5467 7490 
9472 5231 7610 8131 
9473 5562 7323 7444 
9474 5001 84 5358 
9475 6177 6669 7342 
9476 1141 1140 5410 
9477 6099 7508 8485 
9478 941 940 6498 
9479 340 341 6429 
9480 6572 5202 7090 
9481 54 55 6403 
9482 1342 6769 7110 
9483 6269 6155 6364 
9484 5488 6607 6609 
9485 6557 5106 6558 
9486 5600 5025 6612 
9487 5643 5909 8001 
9488 6406 4577 6425 
9489 43 44 5229 
9490 950 5844 8258 
9491 5011 823 6951 
9492 6079 7636 7844 
9493 1417 1416 6443 
9494 6468 7173 8394 
9495 4336 166 6940 
9496 1057 1056 5801 
9497 6380 5156 6824 
9498 4389 596 4570 
9499 7494 5838 7553 
9500 4348 5085 5322 
9501 6070 6955 7559 
9502 4680 6750 7143 
9503 5800 1209 6121 
9504 954 955 4847 
9505 4334 6534 6884 
9506 5412 6480 8372 
9507 4465 6618 6655 
9508 5013 8183 8483 
9509 5169 5920 7067 
9510 5289 6331 6478 
9511 6150 6053 8336 
9512 393 394 4597 
9513 1177 4850 7661 
9514 1192 1191 7003 
9515 4801 4737 6379 
9516 5289 6330 6331 
9517 5667 6442 7355 
9518 635 6959 8388 
9519 6683 4383 6684 
9520 299 4765 8476 
9521 1387 1386 6110 
9522 6375 4832 8266 
9523 7536 5858 7852 
9524 5495 7305 7307 
9525 5713 6372 7526 
9526 57 58 4913 
9527 4744 7536 7852 
9528 5777 7261 7857 
9529 1194 1193 5726 
9530 4759 480 7255 
9531 911 5574 6499 
9532 4348 5322 5639 
9533 6983 5759 8006 
9534 4800 4919 5168 
9535 56 57 6436 
9536 5819 7281 7586 
9537 5880 6475 8080 
9538 507 508 4345 
9539 610 611 5014 
9540 6799 4875 6801 
9541 4342 238 4375 
9542 768 769 5865 
9543 6677 7463 8140 
9544 834 833 6484 
9545 772 6415 8277 
9546 592 593 6664 
9547 881 880 4333 
9548 5569 6619 7193 
9549 5189 6209 7011 
9550 1175 5546 5900 
9551 362 363 5214 
9552 7075 6432 7465 
9553 6544 6235 7282 
9554 280 5675 7103 
9555 460 461 6625 
9556 1367 1366 5484 
9557 6968 6645 7936 
9558 4490 5142 6615 
9559 5002 1045 8296 
9560 5218 1123 5219 
9561 6440 5503 7225 
9562 5114 5115 5116 
9563 5088 4801 5089 
9564 5151 7567 7777 
9565 953 954 6570 
9566 6086 5708 6532 
9567 383 384 4736 
9568 5032 7019 8181 
9569 4437 5318 5319 
9570 7531 6965 7700 
9571 6949 8311 8457 
9572 6387 1368 7796 
9573 364 365 5678 
9574 381 5561 6430 
9575 6373 5810 6374 
9576 1376 1375 5344 
9577 5431 5102 6820 
9578 893 892 4745 
9579 1373 1372 5372 
9580 8261 6508 8435 
9581 4800 5285 6634 
9582 7 883 4872 
9583 5022 6700 6701 
9584 4872 883 5383 
9585 6788 6789 6790 
9586 6168 6141 6715 
9587 1284 1283 4827 
9588 6926 4396 8262 
9589 5751 7322 7899 
9590 225 226 4564 
9591 6921 4757 8348 
9592 6966 7600 8098 
9593 6632 4380 6633 
9594 1315 1314 4453 
9595 5663 5662 6010 
9596 370 371 4578 
9597 4391 654 6643 
9598 8311 5236 8457 
9599 5639 5322 6272 
9600 6218 6219 6221 
9601 7323 6008 7444 
9602 6135 6136 6500 
9603 435 4372 6650 
9604 5031 458 6651 
9605 785 786 6475 
9606 6925 6530 7614 
9607 230 4655 6695 
9608 7307 5161 8310 
9609 420 421 5222 
9610 1378 1377 5113 
9611 4546 6759 6760 
9612 6959 635 7999 
9613 5344 1375 7721 
9614 414 415 4454 
9615 5145 7454 7923 
9616 6648 4355 6818 
9617 1219 1218 6697 
9618 6825 7215 8304 
9619 6151 649 8026 
9620 5383 883 5862 
9621 6729 5470 7947 
9622 411 412 5748 
9623 4685 4800 6634 
9624 366 367 4826 
9625 5114 5116 6513 
9626 6868 6796 7373 
9627 5842 5521 6699 
9628 4825 6422 7089 
9629 1304 1303 4348 
9630 5874 4490 6615 
9631 1322 1321 4355 
9632 6097 5458 6587 
9633 6328 6520 6521 
9634 1304 4348 6483 
9635 5991 4549 5992 
9636 5558 6953 7779 
9637 7671 5480 7869 
9638 865 5223 6148 
9639 5340 7398 8159 
9640 6707 5429 6708 
9641 5880 8080 8220 
9642 4546 1160 6759 
9643 5203 5045 6894 
9644 1236 1235 5106 
9645 5025 4747 5701 
9646 4795 7252 7874 
9647 121 122 7871 
9648 6255 4735 6256 
9649 4396 6926 7723 
9650 4497 6055 7568 
9651 6937 8032 8134 
9652 4452 7080 8450 
9653 5834 5321 6592 
9654 5900 5546 6441 
9655 6402 4702 8387 
9656 1403 4418 6869 
9657 5218 5219 5374 
9658 473 474 6755 
9659 5025 5701 6612 
9660 5419 5417 6846 
9661 5278 5277 5662 
9662 7713 5619 7932 
9663 6798 5939 7679 
9664 1199 1198 5357 
9665 1068 1067 6473 
9666 391 392 5875 
9667 5161 7307 7771 
9668 7390 6018 8049 
9669 5653 5494 8256 
9670 218 219 4735 
9671 854 853 4633 
9672 1275 1274 5304 
9673 6019 7156 8000 
9674 471 5990 6382 
9675 844 843 5012 
9676 6710 6709 7353 
9677 5269 6811 7266 
9678 85 86 4447 
9679 6037 6852 6853 
9680 597 598 4621 
9681 4622 6637 7859 
9682 5464 4867 5465 
9683 6421 5614 7928 
9684 127 128 6529 
9685 6419 4711 7660 
9686 7481 5649 7683 
9687 122 6048 7871 
9688 6638 5381 6639 
9689 852 851 5629 
9690 4558 6638 6950 
9691 509 510 4351 
9692 6233 6526 8442 
9693 5073 6495 7181 
9694 1028 1027 5500 
9695 225 4564 5208 
9696 7454 7594 7923 
9697 37 4836 6685 
9698 7350 5825 7951 
9699 1066 4412 6819 
9700 4655 7985 8265 
9701 1067 1066 6819 
9702 4418 4550 6869 
9703 5716 7307 8310 
9704 7496 5789 7497 
9705 6154 4949 7832 
9706 924 923 6490 
9707 6334 5913 8040 
9708 5059 6426 6427 
9709 4479 1397 4573 
9710 731 732 8159 
9711 381 382 5561 
9712 83 84 5001 
9713 4883 7944 8005 
9714 6723 5597 8093 
9715 6612 5366 7295 
9716 5891 731 8159 
9717 5558 6079 7844 
9718 984 983 5212 
9719 1255 1254 5698 
9720 6625 6610 7284 
9721 515 6072 6432 
9722 6117 5410 6687 
9723 6148 5223 7055 
9724 5855 5856 6578 
9725 825 7948 7949 
9726 4481 5501 6526 
9727 1399 1398 5552 
9728 5289 1346 6330 
9729 6338 6339 6340 
9730 4933 592 6664 
9731 6905 7641 7818 
9732 4348 1303 5085 
9733 5647 5195 5676 
9734 702 5843 6724 
9735 1167 1166 6135 
9736 6277 5422 6846 
9737 1390 1389 6534 
9738 609 610 6560 
9739 5675 281 6729 
9740 542 543 5780 
9741 6431 7644 8480 
9742 7539 7079 8313 
9743 5498 127 6529 
9744 1277 1276 5138 
9745 5013 7339 8183 
9746 5944 5943 6581 
9747 5027 5429 6707 
9748 6622 5523 7287 
9749 5534 6362 7179 
9750 5285 5588 5885 
9751 4997 1278 6881 
9752 1403 1402 4418 
9753 1139 1138 4485 
9754 5326 6152 6153 
9755 5946 6393 6567 
9756 1107 1106 4517 
9757 1155 1154 6096 
9758 6473 1067 6819 
9759 1161 1160 4546 
9760 276 277 5246 
9761 5172 6380 8208 
9762 6292 939 6653 
9763 7223 4744 8268 
9764 5727 6236 8411 
9765 1188 4425 4824 
9766 73 74 4469 
9767 593 4493 6664 
9768 7423 4851 7808 
9769 7267 4858 7489 
9770 5744 5742 6720 
9771 7083 4659 7085 
9772 1347 1346 5289 
9773 986 985 4702 
9774 142 143 5763 
9775 765 766 6618 
9776 6401 5843 7905 
9777 552 553 7689 
9778 1324 1323 5020 
9779 775 776 4661 
9780 6923 6921 8348 
9781 220 221 4718 
9782 6819 6315 8267 
9783 140 141 6337 
9784 1157 1156 5281 
9785 5112 6858 7499 
9786 6271 5407 7885 
9787 8133 7245 8338 
9788 5855 5369 5856 
9789 88 89 4815 
9790 278 279 4980 
9791 4841 680 4842 
9792 5233 4852 6669 
9793 4748 4747 5025 
9794 5410 1140 5411 
9795 5321 5686 6592 
9796 1169 1168 4603 
9797 1253 7212 7519 
9798 7508 6505 8485 
9799 7752 6542 7957 
9800 70 71 5093 
9801 5753 5114 6513 
9802 4586 5021 6059 
9803 1002 1001 5533 
9804 1384 1383 6404 
9805 105 106 6649 
9806 5911 6354 6598 
9807 5704 6838 7098 
9808 4447 86 6865 
9809 5208 4564 5221 
9810 80 81 4407 
9811 1400 1399 7026 
9812 5573 6726 6884 
9813 5142 6026 6027 
9814 334 335 5381 
9815 5014 611 6563 
9816 89 90 6447 
9817 5827 7182 8008 
9818 5116 5598 6162 
9819 5895 7437 7625 
9820 5748 6388 6389 
9821 148 149 5432 
9822 4591 468 6744 
9823 4453 4684 4685 
9824 5026 5025 5600 
9825 689 690 5345 
9826 7145 5982 7515 
9827 5759 6983 7049 
9828 1172 1171 4958 
9829 1371 1370 7686 
9830 553 5144 7689 
9831 6244 7200 8263 
9832 5632 4466 7037 
9833 6245 5858 7378 
9834 5022 779 6700 
9835 1361 1360 5234 
9836 5585 693 6370 
9837 7036 4591 7334 
9838 6931 5632 7348 
9839 280 281 5675 
9840 5426 6248 7753 
9841 5898 56 6436 
9842 6490 6491 6667 
9843 735 736 6565 
9844 909 908 5162 
9845 6549 4718 6946 
9846 464 465 6577 
9847 4828 5217 6971 
9848 4761 8190 8271 
9849 7810 6608 7876 
9850 5124 5272 6019 
9851 372 5874 8325 
9852 4490 4949 5142 
9853 1115 1114 4822 
9854 766 4543 6618 
9855 4582 802 6030 
9856 4627 15 6659 
9857 950 4414 5844 
9858 6685 6686 6952 
9859 5969 5970 6754 
9860 1142 6117 7238 
9861 5142 4949 6026 
9862 6512 5196 6910 
9863 826 825 7949 
9864 1308 1307 6120 
9865 4827 5783 5813 
9866 372 4490 5874 
9867 1381 1380 4424 
9868 41 42 4936 
9869 356 357 5627 
9870 4388 4387 4495 
9871 6388 5163 7155 
9872 4992 6520 6898 
9873 6069 4351 6236 
9874 6177 5233 6669 
9875 1399 5553 7026 
9876 6708 5429 6709 
9877 5265 4820 6073 
9878 6339 4336 6353 
9879 1108 1107 5699 
9880 1095 1094 4468 
9881 6573 4653 6931 
9882 1113 1112 4394 
9883 4513 4688 4711 
9884 7153 5052 8355 
9885 1030 1029 6593 
9886 1139 4485 5942 
9887 687 688 4674 
9888 823 4494 6951 
9889 126 127 5498 
9890 5561 382 6732 
9891 4736 384 6525 
9892 5116 5115 5598 
9893 4987 4627 6659 
9894 5808 5810 6373 
9895 220 4718 6549 
9896 5941 6937 8134 
9897 1090 4506 6548 
9898 692 5585 6767 
9899 387 4644 6825 
9900 5762 1030 6593 
9901 1099 1098 5373 
9902 5414 6440 8055 
9903 5295 609 6560 
9904 6333 6874 8274 
9905 4490 373 4949 
9906 6250 5957 7976 
9907 1239 4911 4954 
9908 300 301 6640 
9909 5359 4685 6635 
9910 4748 5027 6707 
9911 5942 5943 5944 
9912 6318 6745 7457 
9913 1332 1331 7642 
9914 4685 4684 4800 
9915 4956 6842 8242 
9916 5199 7018 7297 
9917 6939 5763 7185 
9918 746 747 6371 
9919 4831 5369 5855 
9920 6676 6343 6677 
9921 4936 42 5023 
9922 5494 7274 7965 
9923 5292 5293 5542 
9924 1247 1246 4724 
9925 7274 6162 7965 
9926 5252 6141 6167 
9927 6507 6506 6644 
9928 1097 1096 5050 
9929 4767 4801 5088 
9930 5167 6672 6673 
9931 6672 6665 6675 
9932 353 354 4415 
9933 6254 6255 6531 
9934 5322 5085 5853 
9935 701 702 6724 
9936 6979 16 8481 
9937 1111 1110 5896 
9938 5477 7090 8214 
9939 5337 6322 8111 
9940 5197 716 7580 
9941 1007 1006 5764 
9942 4495 4387 4496 
9943 779 780 6700 
9944 5326 6153 6694 
9945 313 314 4455 
9946 5167 781 6672 
9947 716 717 7580 
9948 5959 6576 7473 
9949 4913 5350 5608 
9950 692 693 5585 
9951 667 668 4788 
9952 1101 1100 5983 
9953 4954 5521 5842 
9954 5954 6815 7151 
9955 1148 4960 6143 
9956 1025 1024 5486 
9957 801 4582 6227 
9958 5943 5945 5946 
9959 333 334 6638 
9960 1317 1316 6270 
9961 368 369 6056 
9962 6669 4852 6838 
9963 4453 1314 4684 
9964 4974 6826 6827 
9965 1176 1175 8332 
9966 5339 109 6171 
9967 117 118 4587 
9968 6341 6339 6801 
9969 6219 4561 6220 
9970 6342 6343 6676 
9971 230 231 4655 
9972 4438 4368 6936 
9973 4944 5114 5753 
9974 5207 115 6138 
9975 6685 4836 6686 
9976 1328 1327 6670 
9977 685 686 5240 
9978 567 568 5459 
9979 1119 1118 6914 
9980 36 37 6685 
9981 5205 5195 5647 
9982 594 595 6627 
9983 6391 5725 7512 
9984 5116 6162 6163 
9985 1137 1136 6616 
9986 801 802 4582 
9987 6015 6014 6016 
9988 1362 1361 6706 
9989 6965 4369 7700 
9990 5195 5028 6590 
9991 4815 89 6447 
9992 283 4557 6730 
9993 764 765 4465 
9994 1306 1305 4855 
9995 4894 6468 8394 
9996 241 242 5872 
9997 766 767 4543 
9998 6583 5566 7146 
9999 1342 1341 6769 
10000 421 422 5385 
10001 5533 1001 8194 
10002 5142 6027 6202 
10003 5324 6855 8021 
10004 4479 4573 4575 
10005 5148 5905 6711 
10006 1145 1144 5897 
10007 6914 5820 7269 
10008 7138 4655 8265 
10009 5555 6954 8091 
10010 5003 4600 6979 
10011 546 547 6218 
10012 5285 5168 5588 
10013 5942 4485 5943 
10014 5479 5480 7441 
10015 6477 4407 8152 
10016 5633 4987 5646 
10017 4685 6634 6635 
10018 1000 999 5729 
10019 1032 1031 6381 
10020 5965 5921 6689 
10021 1295 1294 5951 
10022 5873 7192 7194 
10023 4659 146 7563 
10024 8068 6142 8199 
10025 4425 1187 4747 
10026 6143 4960 6144 
10027 293 294 5718 
10028 4898 6668 7851 
10029 7014 7909 8385 
10030 1038 1037 4456 
10031 246 247 5635 
10032 501 502 4357 
10033 627 628 7048 
10034 1232 4409 5839 
10035 5853 5085 5854 
10036 5636 6843 7290 
10037 1148 6143 7956 
10038 674 675 5621 
10039 5338 6109 7021 
10040 434 435 6650 
10041 462 463 6607 
10042 5635 6901 7200 
10043 229 230 6695 
10044 5898 6436 8189 
10045 5372 7160 7161 
10046 60 61 5825 
10047 4702 6402 8314 
10048 6339 6353 6801 
10049 546 6692 8286 
10050 1089 1088 6588 
10051 4493 6627 6628 
10052 5488 6609 6610 
10053 6422 5477 8214 
10054 1258 1257 5871 
10055 4870 953 6570 
10056 295 296 5415 
10057 947 948 5186 
10058 805 806 6599 
10059 7475 5746 7922 
10060 5463 6413 7659 
10061 109 110 8131 
10062 291 292 4444 
10063 1175 1174 5546 
10064 700 701 5619 
10065 6315 6819 7634 
10066 5468 5467 7087 
10067 471 472 5990 
10068 6340 6339 6341 
10069 93 94 4567 
10070 4938 4904 6704 
10071 5981 7145 8010 
10072 855 7067 7798 
10073 654 655 6643 
10074 270 271 4816 
10075 248 249 4835 
10076 299 300 4765 
10077 1036 1035 5703 
10078 4502 500 6238 
10079 6209 6211 7011 
10080 334 5381 6638 
10081 4493 594 6627 
10082 5715 6127 7203 
10083 5397 6280 7218 
10084 641 5887 6470 
10085 694 695 5614 
10086 5913 6334 8038 
10087 4453 4685 5359 
10088 372 373 4490 
10089 917 4602 4863 
10090 1031 1030 5762 
10091 969 968 6703 
10092 6089 6090 7768 
10093 5486 6569 6826 
10094 4425 4747 4748 
10095 6340 6341 6342 
10096 5062 113 6727 
10097 6379 4737 6512 
10098 6918 6735 7040 
10099 1411 1410 4707 
10100 747 748 4396 
10101 4858 7267 8269 
10102 5754 5647 6009 
10103 5715 5166 6127 
10104 6428 5787 7790 
10105 6651 5714 6652 
10106 4720 5921 5965 
10107 1122 1121 5860 
10108 1406 1405 8184 
10109 1365 1364 5788 
10110 1165 1164 4820 
10111 7214 5929 8147 
10112 235 236 5766 
10113 1125 1124 6409 
10114 5747 6604 7440 
10115 6218 6221 6692 
10116 4578 7477 8124 
10117 5975 6841 8017 
10118 208 209 4542 
10119 4720 1062 5921 
10120 1151 1150 4598 
10121 675 676 7758 
10122 1319 1318 4851 
10123 5935 5571 7459 
10124 6342 6341 6343 
10125 5138 1276 7511 
10126 825 5540 7948 
10127 5214 363 6893 
10128 5102 4801 6379 
10129 7475 7922 8232 
10130 6469 5019 7237 
10131 5486 1024 5914 
10132 1115 4822 5456 
10133 5700 5711 5713 
10134 1339 1338 5389 
10135 6265 6862 7282 
10136 461 5488 6625 
10137 651 652 4698 
10138 4815 6447 7450 
10139 4860 569 5124 
10140 6284 6611 6770 
10141 4960 1147 7482 
10142 769 770 6574 
10143 6764 7145 7515 
10144 4889 5179 5274 
10145 5466 6820 7656 
10146 4824 4425 6707 
10147 950 951 4414 
10148 5852 6655 8275 
10149 5592 5666 5667 
10150 1171 1170 6583 
10151 1135 1134 4957 
10152 6899 5214 7340 
10153 192 193 4380 
10154 458 459 6651 
10155 244 245 4955 
10156 5784 312 6098 
10157 7365 5113 7968 
10158 6528 4467 6754 
10159 6026 4949 6154 
10160 1337 5121 6930 
10161 3 847 5395 
10162 4672 4671 4737 
10163 5030 5028 5195 
10164 5204 4867 5464 
10165 1325 1324 6506 
10166 6195 6200 6693 
10167 6529 6925 7022 
10168 6158 5251 6734 
10169 5271 5966 6712 
10170 5112 4775 5749 
10171 6345 6342 6676 
10172 7003 1191 7064 
10173 201 202 5257 
10174 4748 5025 5026 
10175 705 706 5580 
10176 20 21 6626 
10177 4575 4893 6620 
10178 5573 6725 6726 
10179 566 567 6328 
10180 1001 4638 8194 
10181 267 268 5936 
10182 48 49 5597 
10183 848 4 5078 
10184 604 605 5236 
10185 6240 6180 6241 
10186 5413 846 6077 
10187 641 642 5887 
10188 457 458 5031 
10189 5832 6818 8272 
10190 4765 300 6640 
10191 433 434 4883 
10192 6591 5600 7295 
10193 974 973 4989 
10194 6090 6561 7934 
10195 5486 5914 6569 
10196 5924 7939 8040 
10197 234 235 5317 
10198 347 348 6356 
10199 639 640 4371 
10200 4462 4566 4671 
10201 113 114 6727 
10202 155 156 4762 
10203 6052 6531 7081 
10204 4567 94 5821 
10205 5726 6252 8437 
10206 5353 5948 6083 
10207 5053 1286 7132 
10208 4389 4570 4571 
10209 7230 5950 8026 
10210 681 4491 8420 
10211 520 4884 6733 
10212 1141 5410 6117 
10213 4847 955 4848 
10214 5182 4830 6746 
10215 6258 6256 6259 
10216 4614 6510 8316 
10217 7245 4468 8338 
10218 5187 6359 6360 
10219 814 815 7807 
10220 5511 5927 5938 
10221 364 5678 6893 
10222 5985 6422 8214 
10223 6600 6602 6604 
10224 45 46 4813 
10225 4437 413 5318 
10226 831 830 5096 
10227 4341 6877 7651 
10228 677 678 6043 
10229 6215 4382 6423 
10230 564 565 4706 
10231 1287 1286 5053 
10232 6195 6199 6200 
10233 5410 5796 6687 
10234 203 204 4629 
10235 311 312 5784 
10236 697 698 4927 
10237 6621 6622 6623 
10238 1103 1102 5032 
10239 76 77 4819 
10240 5241 7075 7076 
10241 4994 4686 4995 
10242 4661 776 6882 
10243 5666 7000 7001 
10244 1344 1343 5388 
10245 6189 6188 6190 
10246 4560 1418 7381 
10247 917 916 4602 
10248 7378 5325 8290 
10249 5319 5320 5321 
10250 6157 5251 6158 
10251 5162 908 6860 
10252 6331 6330 7270 
10253 6098 6597 6705 
10254 4904 5628 6704 
10255 5023 42 5024 
10256 1285 5187 7132 
10257 7495 6090 7934 
10258 617 618 4562 
10259 8099 4798 8122 
10260 6567 6393 6568 
10261 4602 4907 4908 
10262 6729 282 6730 
10263 5027 5029 5429 
10264 1405 1404 5377 
10265 1275 5304 5305 
10266 459 5714 6651 
10267 534 535 4678 
10268 5991 5992 5993 
10269 907 906 4956 
10270 4944 4945 5114 
10271 601 602 4669 
10272 5319 5318 5320 
10273 332 333 4558 
10274 4459 4722 6749 
10275 5964 7426 8235 
10276 704 705 6041 
10277 519 520 6733 
10278 6441 5649 7481 
10279 939 938 6653 
10280 159 160 4449 
10281 250 251 4618 
10282 4456 1037 4898 
10283 4878 4584 6990 
10284 4971 5343 5440 
10285 783 5100 6665 
10286 670 671 4343 
10287 5894 54 6403 
10288 6066 821 7509 
10289 5977 5868 6118 
10290 6349 6347 6350 
10291 1187 1186 7351 
10292 6436 7055 8189 
10293 5103 6049 6509 
10294 5676 5195 6590 
10295 5384 290 7471 
10296 6173 6830 7097 
10297 6344 6342 6345 
10298 4642 5313 6725 
10299 4579 922 5974 
10300 4647 918 7806 
10301 4959 5582 7123 
10302 6667 6491 6668 
10303 62 63 5416 
10304 1 18 5660 
10305 6162 7061 7965 
10306 4701 4642 6725 
10307 4526 5954 8368 
10308 4569 386 6825 
10309 1262 1261 4856 
10310 7322 5751 8096 
10311 6784 6464 8210 
10312 977 976 5427 
10313 6456 6454 6716 
10314 6826 6569 6827 
10315 791 792 4764 
10316 538 539 4768 
10317 1211 1210 4358 
10318 1093 4556 5700 
10319 5353 92 5948 
10320 4564 226 7434 
10321 4462 4671 4672 
10322 7497 5789 8175 
10323 5440 5343 6273 
10324 205 206 5371 
10325 78 79 5765 
10326 1293 1292 4840 
10327 150 151 4866 
10328 7116 5290 8432 
10329 1210 1209 5800 
10330 7238 5496 7846 
10331 5619 701 6724 
10332 1274 1273 4492 
10333 4883 434 6650 
10334 816 2 5176 
10335 912 911 6499 
10336 1361 5234 6706 
10337 923 922 4579 
10338 6581 5946 8122 
10339 6255 6256 6257 
10340 499 500 4502 
10341 5420 5423 5509 
10342 799 800 4993 
10343 5789 1040 8175 
10344 6441 5546 7480 
10345 6785 4706 6786 
10346 6615 6202 7047 
10347 1252 1251 5013 
10348 911 910 5574 
10349 1249 1248 5670 
10350 4886 5316 5672 
10351 6699 5521 7861 
10352 5490 5569 5644 
10353 585 586 4361 
10354 449 450 4445 
10355 1148 1147 4960 
10356 5867 5869 5984 
10357 6072 5103 7647 
10358 5237 130 6764 
10359 5145 924 6490 
10360 5353 6083 6084 
10361 4881 5045 5203 
10362 164 6338 6510 
10363 515 516 6072 
10364 255 256 4452 
10365 6176 5233 6177 
10366 5619 6724 7932 
10367 780 5167 6700 
10368 185 186 4337 
10369 4805 5109 5196 
10370 6621 5523 6622 
10371 795 796 5616 
10372 5214 6899 7733 
10373 937 936 6660 
10374 5866 4598 5867 
10375 283 284 4557 
10376 53 54 5894 
10377 55 56 5898 
10378 51 52 5941 
10379 5369 5368 5566 
10380 702 703 5843 
10381 4905 4904 4938 
10382 162 163 4614 
10383 633 634 4335 
10384 793 794 4988 
10385 7111 7612 8369 
10386 985 984 8387 
10387 4373 447 4690 
10388 4435 4459 6749 
10389 1160 1159 6759 
10390 6465 6459 6716 
10391 655 656 4545 
10392 446 447 4373 
10393 4692 7254 7942 
10394 4373 4690 4691 
10395 599 600 6007 
10396 11 1392 4329 
10397 6595 5625 7532 
10398 210 211 5055 
10399 5167 6673 6674 
10400 4890 4689 5531 
10401 129 130 5237 
10402 6462 6459 6465 
10403 5488 6610 6625 
10404 90 91 6397 
10405 5729 999 6294 
10406 6187 6186 6188 
10407 674 5621 6208 
10408 285 286 4941 
10409 7465 6072 7647 
10410 6335 5279 7398 
10411 797 798 5407 
10412 281 282 6729 
10413 536 537 5506 
10414 564 4706 6785 
10415 6673 6672 6675 
10416 781 782 6672 
10417 4830 4780 6746 
10418 5850 7362 8238 
10419 1036 5703 6105 
10420 4707 1410 6561 
10421 657 5149 5922 
10422 7301 7860 8162 
10423 672 673 5756 
10424 5270 5271 6712 
10425 91 92 5353 
10426 4798 8099 8360 
10427 4602 916 4907 
10428 4414 951 7172 
10429 540 541 4990 
10430 6140 4923 6204 
10431 925 924 5145 
10432 936 935 6809 
10433 6459 6456 6716 
10434 339 340 4460 
10435 511 512 7409 
10436 935 5238 6809 
10437 585 4361 5833 
10438 6907 6959 7999 
10439 5603 6509 7361 
10440 5635 247 6901 
10441 5477 5476 6572 
10442 6575 4996 8309 
10443 1064 1063 5017 
10444 6725 5313 6726 
10445 6340 6342 6344 
10446 857 856 4734 
10447 132 133 4846 
10448 914 913 4998 
10449 691 692 6767 
10450 5232 4871 5573 
10451 223 4423 6897 
10452 6912 6416 7467 
10453 5800 6121 6957 
10454 532 533 4837 
10455 4904 4823 5628 
10456 722 723 5555 
10457 516 517 5103 
10458 588 589 4719 
10459 4409 5417 5418 
10460 6205 5517 6872 
10461 1105 1104 5968 
10462 6755 474 8248 
10463 583 584 4528 
10464 5271 5610 5966 
10465 215 216 5128 
10466 530 531 4448 
10467 6192 6194 6195 
10468 4856 1261 5097 
10469 1039 1038 5972 
10470 5815 6918 7040 
10471 5103 517 6049 
10472 6219 6220 6222 
10473 6433 4476 8083 
10474 6471 6470 6890 
10475 66 67 5554 
10476 6884 6535 8072 
10477 5112 5749 5835 
10478 4871 4701 6725 
10479 6731 4557 8170 
10480 6617 5404 6690 
10481 593 594 4493 
10482 5849 7486 7487 
10483 5887 642 6042 
10484 4982 5468 5732 
10485 5700 4556 5711 
10486 4436 4434 6735 
10487 459 460 5714 
10488 64 65 5812 
10489 4761 7300 8190 
10490 187 188 4723 
10491 657 658 5149 
10492 4385 4432 6798 
10493 212 213 6052 
10494 4825 1207 5476 
10495 5317 6269 7010 
10496 591 592 4933 
10497 6187 6188 6189 
10498 5418 5419 5420 
10499 124 125 4915 
10500 6044 5517 6205 
10501 5418 5417 5419 
10502 4 858 4488 
10503 1337 1336 5121 
10504 1040 1039 8175 
10505 6190 6188 6191 
10506 499 4502 7092 
10507 5121 1336 5724 
10508 351 352 4611 
10509 606 607 5512 
10510 5250 4939 5301 
10511 975 974 5375 
10512 1230 1229 4704 
10513 1289 1288 5735 
10514 4788 668 5490 
10515 5527 7159 8237 
10516 1333 4923 6140 
10517 108 109 5339 
10518 104 105 5620 
10519 4571 4570 5047 
10520 1333 1332 4923 
10521 6697 4392 6698 
10522 862 861 6855 
10523 6499 7461 7906 
10524 119 120 5276 
10525 5541 6159 6573 
10526 6962 5245 6963 
10527 252 253 5526 
10528 200 201 5216 
10529 6346 6345 6347 
10530 4657 34 6896 
10531 5045 5541 6894 
10532 5030 5195 5205 
10533 341 4918 6429 
10534 5991 5993 5995 
10535 5943 4485 5945 
10536 5628 4823 6756 
10537 5441 5270 6712 
10538 412 413 4437 
10539 6258 6259 6260 
10540 1165 5265 7328 
10541 455 456 4576 
10542 636 637 4746 
10543 429 430 4622 
10544 164 165 6338 
10545 5777 6863 6864 
10546 768 5865 7329 
10547 1224 1223 4859 
10548 6815 5525 6816 
10549 5382 5270 5441 
10550 5181 4830 5182 
10551 5573 4871 6725 
10552 1291 1290 6368 
10553 6413 5463 8076 
10554 1201 1200 5539 
10555 4952 4953 5270 
10556 6866 6865 6867 
10557 576 577 4338 
10558 1227 1226 5412 
10559 6766 7170 7915 
10560 101 102 5495 
10561 386 387 6825 
10562 4800 5168 5285 
10563 5630 5441 5745 
10564 6015 6016 6017 
10565 5592 5320 5666 
10566 6651 6652 7226 
10567 197 198 4920 
10568 952 953 4870 
10569 6677 6343 6678 
10570 1041 1040 5458 
10571 659 660 5567 
10572 7673 1153 8408 
10573 5270 4953 5271 
10574 4722 4982 6749 
10575 6660 936 6809 
10576 97 98 5337 
10577 34 35 6896 
10578 1081 1080 4774 
10579 6700 6674 6701 
10580 1133 1132 4478 
10581 5399 5435 5969 
10582 13 1403 4393 
10583 6571 5706 7136 
10584 4746 6907 7999 
10585 6221 6219 7125 
10586 4508 4466 5632 
10587 6815 5121 7151 
10588 328 4382 6215 
10589 631 632 4934 
10590 1205 1204 5059 
10591 1221 1220 4518 
10592 6816 5389 6930 
10593 4908 4907 5778 
10594 994 993 5751 
10595 778 779 5022 
10596 1363 1362 5351 
10597 727 728 5134 
10598 5321 5592 5686 
10599 4543 767 7329 
10600 5418 5420 6778 
10601 6405 6407 6408 
10602 99 100 5716 
10603 724 4895 5007 
10604 130 131 6764 
10605 5458 5789 5986 
10606 330 331 5626 
10607 6701 6674 6702 
10608 22 23 4914 
10609 6611 4531 7256 
10610 5205 5647 5754 
10611 655 4545 6643 
10612 6431 5784 8044 
10613 289 290 5384 
10614 4835 249 6859 
10615 720 721 5332 
10616 1269 1268 5054 
10617 7222 5551 7693 
10618 6779 7204 7823 
10619 4425 4748 6707 
10620 6349 6350 6351 
10621 6413 1011 7021 
10622 5763 6939 7234 
10623 1409 1408 4948 
10624 7237 5019 7568 
10625 4640 4436 6735 
10626 6760 5571 8142 
10627 961 960 5892 
10628 1046 1045 5002 
10629 5391 5232 5602 
10630 5336 860 6617 
10631 524 525 5266 
10632 1218 4392 6697 
10633 5705 4848 6217 
10634 4691 4823 4904 
10635 4952 5270 5382 
10636 6257 6256 6258 
10637 6843 5453 7290 
10638 4847 5705 5706 
10639 608 609 5295 
10640 573 574 4344 
10641 5087 4871 5232 
10642 371 372 8325 
10643 4951 4899 4952 
10644 6405 4577 6406 
10645 761 762 4473 
10646 715 716 5197 
10647 1389 1388 4526 
10648 4688 4689 4890 
10649 6398 5143 6586 
10650 6260 6259 6261 
10651 653 654 4391 
10652 431 432 5570 
10653 578 579 4664 
10654 4857 4663 6771 
10655 6200 6199 6433 
10656 485 486 6279 
10657 452 453 5220 
10658 788 4489 5980 
10659 4633 853 4634 
10660 679 4341 7651 
10661 385 386 4569 
10662 165 166 4336 
10663 167 168 4892 
10664 718 719 5151 
10665 4969 5591 7051 
10666 5167 6674 6700 
10667 628 629 4399 
10668 4342 4375 4462 
10669 5399 4888 5435 
10670 4741 4875 6799 
10671 1267 1266 4806 
10672 1010 1009 5338 
10673 1074 1073 4937 
10674 5351 1362 6706 
10675 425 426 4670 
10676 1055 1054 6129 
10677 1014 6150 6467 
10678 1018 1017 6181 
10679 106 5857 6649 
10680 1012 1011 6413 
10681 305 306 4581 
10682 643 644 5902 
10683 157 158 5827 
10684 6328 6521 6524 
10685 4952 4899 4953 
10686 4577 1382 6425 
10687 175 176 4330 
10688 1218 1217 4392 
10689 1312 1311 6681 
10690 1335 1334 4352 
10691 178 179 4395 
10692 6175 5186 6230 
10693 114 115 5207 
10694 4711 4688 6719 
10695 4518 1220 6008 
10696 1023 1022 5360 
10697 1071 1070 4390 
10698 4642 4640 5313 
10699 5758 5646 5964 
10700 318 319 4808 
10701 782 6665 6672 
10702 786 787 4605 
10703 898 897 4873 
10704 1091 1090 6548 
10705 5313 4640 6735 
10706 996 995 4697 
10707 1093 1092 4556 
10708 759 760 4849 
10709 4905 4938 4939 
10710 6842 5453 6843 
10711 1118 1117 5820 
10712 282 283 6730 
10713 1001 1000 4638 
10714 1020 1019 5507 
10715 4428 4580 4944 
10716 343 344 5648 
10717 4998 7654 7655 
10718 6220 4561 6658 
10719 782 783 6665 
10720 6307 6306 6739 
10721 6251 5628 7466 
10722 732 733 5340 
10723 465 466 4755 
10724 302 303 4365 
10725 173 174 5104 
10726 1014 1013 6150 
10727 1016 1015 5696 
10728 1013 1012 6053 
10729 5071 5469 6844 
10730 5398 4888 5399 
10731 919 918 4647 
10732 5509 5423 5510 
10733 4782 4772 6734 
10734 783 784 5100 
10735 7183 6147 8364 
10736 4575 4803 4893 
10737 1215 1214 4692 
10738 6576 5959 7853 
10739 6737 6310 6738 
10740 6637 4622 7778 
10741 5001 7795 8215 
10742 988 987 4962 
10743 6317 6314 6319 
10744 527 528 4604 
10745 6893 5678 7672 
10746 4918 342 6417 
10747 112 113 5062 
10748 730 5143 6398 
10749 780 781 5167 
10750 875 874 4401 
10751 5946 5945 6393 
10752 962 961 5786 
10753 859 5404 6617 
10754 1079 1078 5861 
10755 786 4605 6475 
10756 4982 5732 6749 
10757 341 342 4918 
10758 5458 1040 5789 
10759 6191 6188 6821 
10760 1051 1050 5242 
10761 4757 4575 6620 
10762 4828 835 5217 
10763 621 622 4650 
10764 811 812 6013 
10765 33 34 4657 
10766 5227 464 6577 
10767 19 20 4450 
10768 560 561 4446 
10769 6566 5178 7415 
10770 4770 4701 4871 
10771 1264 1263 5228 
10772 435 436 4372 
10773 195 196 4525 
10774 518 519 4411 
10775 31 32 4531 
10776 619 620 4346 
10777 6311 6310 6737 
10778 6344 6345 6346 
10779 713 714 5728 
10780 223 224 4423 
10781 6379 6512 8386 
10782 750 751 4430 
10783 6310 6307 6739 
10784 520 521 4884 
10785 170 171 4461 
10786 549 550 4548 
10787 1163 1162 4476 
10788 4450 20 6626 
10789 324 325 5132 
10790 6316 6740 6741 
10791 6313 6311 6314 
10792 755 756 4613 
10793 106 107 5857 
10794 6195 6194 6199 
10795 444 445 4522 
10796 547 548 4561 
10797 5008 5009 8229 
10798 472 473 4549 
10799 24 25 6050 
10800 788 789 4489 
10801 6313 6314 6317 
10802 5878 5880 5881 
10803 556 557 4743 
10804 427 428 6040 
10805 5382 5441 5630 
10806 5327 4857 6771 
10807 1077 1076 4480 
10808 4691 4904 4905 
10809 6741 6740 6742 
10810 626 627 4760 
10811 981 980 5279 
10812 1088 1087 4369 
10813 5514 5516 6944 
10814 4722 4981 4982 
10815 5060 805 6599 
10816 250 4618 6859 
10817 5458 5986 6587 
10818 5385 6264 6545 
10819 5509 5510 5511 
10820 6738 6310 6739 
10821 4418 1402 4441 
10822 5060 6599 6600 
10823 326 327 4738 
10824 4672 4737 4767 
10825 4688 4514 4689 
10826 5184 5287 5873 
10827 6600 6599 6601 
10828 349 350 5152 
10829 37 38 4836 
10830 807 808 4609 
10831 5993 5992 5994 
10832 5015 1396 6232 
10833 4691 4690 4823 
10834 497 498 4451 
10835 6313 6317 6740 
10836 27 28 5457 
10837 5183 5185 6887 
10838 7090 6154 8214 
10839 562 563 4769 
10840 5242 1050 8447 
10841 6319 6314 6320 
10842 900 899 4802 
10843 804 805 5060 
10844 1026 1025 6718 
10845 6314 6311 6737 
10846 935 934 5238 
10847 481 482 5291 
10848 4411 519 6733 
10849 39 40 4796 
10850 29 30 4680 
10851 6750 5692 6751 
10852 6316 6313 6740 
10853 1069 4410 6486 
10854 5271 5609 5610 
10855 1281 1280 4832 
10856 849 848 5261 
10857 491 492 4683 
10858 6312 6313 6316 
10859 6486 4410 6745 
10860 4410 6474 6745 
10861 114 5207 6727 
10862 4673 36 6685 
10863 475 476 4439 
10864 979 978 5697 
10865 5535 6783 6784 
10866 316 317 4520 
10867 809 810 4868 
10868 479 480 4759 
10869 1069 1068 4410 
10870 6312 6316 6318 
10871 4410 6473 6474 
10872 6607 5227 6608 
10873 4410 1068 6473 
10874 6600 6601 6602 
10875 1090 1089 4506 
10876 487 488 5137 
10877 463 464 5227 
10878 998 997 4551 
10879 6309 6311 6312 
10880 5634 5130 5858 
10881 1279 1278 4997 
10882 6602 6601 6603 
10883 1084 1083 4356 
10884 463 5227 6607 
10885 6312 6311 6313 
10886 35 36 4673 
10887 489 490 4541 
10888 1066 1065 4412 
10889 477 478 4728 
10890 4847 4848 5705 
10891 5420 5509 6778 
10892 461 462 5488 
10893 70 5093 6953 
10894 850 849 5165 
10895 1088 4369 6588 
10896 438 439 4793 
10897 180 181 5759 
10898 4825 5476 5477 
10899 664 665 4970 
10900 5183 5182 5185 
10901 753 754 5485 
10902 445 446 6787 
10903 730 731 5143 
10904 7205 6763 8224 
10905 6309 6310 6311 
10906 6682 6681 6683 
10907 4777 4776 4778 
10908 6461 6459 6462 
10909 6306 6304 6321 
10910 1053 1052 5201 
10911 6309 6307 6310 
10912 6308 6307 6309 
10913 6304 6301 6748 
10914 328 329 4382 
10915 494 495 4413 
10916 6321 6304 6748 
10917 6305 6307 6308 
10918 6178 6177 6642 
10919 10 1379 5314 
10920 4779 4778 4780 
10921 4709 4770 4888 
10922 880 6 7233 
10923 6305 6306 6307 
10924 6305 6304 6306 
10925 5970 5435 6800 
10926 6935 5861 7453 
10927 4770 5087 6772 
10928 5691 5692 6750 
10929 6807 6806 6808 
10930 6303 6301 6304 
10931 580 581 5572 
10932 959 10 5356 
10933 5143 731 5891 
10934 6303 6304 6305 
10935 6225 6223 6226 
10936 182 183 4710 
10937 6213 5327 6214 
10938 6644 5020 6647 
10939 5436 5363 5901 
10940 5435 6772 6800 
10941 6301 6300 6748 
10942 6005 6003 6006 
10943 6302 6303 6315 
10944 5691 5690 5692 
10945 5493 5691 6284 
10946 6234 6226 6235 
10947 905 904 4429 
10948 5287 5907 6619 
10949 6222 6224 6488 
10950 6235 6226 6265 
10951 5690 5492 6717 
10952 5514 5041 5515 
10953 5394 5693 6093 
10954 4888 4770 6772 
10955 6458 6456 6459 
10956 399 6533 8312 
10957 4982 5467 5468 
10958 1232 1231 4409 
10959 5711 5712 6296 
10960 6278 6277 6480 
10961 4491 7317 8420 
10962 903 902 4754 
10963 6595 7532 8024 
10964 5978 5977 6450 
10965 6232 7582 8094 
10966 6006 6806 6807 
10967 6451 6450 6452 
10968 5404 5 6361 
10969 5810 6934 7552 
10970 4549 473 6755 
10971 812 813 4756 
10972 5469 5848 5915 
10973 5969 5435 5970 
10974 6320 6314 6737 
10975 6002 6003 6005 
10976 4462 4672 6879 
10977 5037 5024 5611 
10978 6194 6193 6196 
10979 6003 6001 6229 
10980 5878 5879 5880 
10981 5145 6667 7454 
10982 6551 5096 7114 
10983 1383 1382 4577 
10984 6302 6301 6303 
10985 5997 6000 6004 
10986 1278 1277 6881 
10987 6284 5691 6286 
10988 122 123 6048 
10989 4540 4586 6594 
10990 5206 4741 6799 
10991 7018 7019 7297 
10992 1213 1212 5817 
10993 5027 5026 5028 
10994 6286 5691 6750 
10995 5563 6278 6728 
10996 1208 7089 7222 
10997 4432 4649 6798 
10998 5410 5411 5796 
10999 6222 6220 6223 
11000 5071 5275 5469 
11001 6004 6762 6763 
11002 6348 6347 6349 
11003 5048 5047 5209 
11004 1048 1047 5161 
11005 896 895 4799 
11006 6299 6301 6302 
11007 4740 4739 6835 
11008 885 884 5520 
11009 5136 5097 5637 
11010 1086 1085 5323 
11011 4769 563 6785 
11012 6190 6191 6192 
11013 4756 5083 5190 
11014 724 725 4895 
11015 6002 6001 6003 
11016 5440 6568 8030 
11017 887 886 5463 
11018 4802 899 5876 
11019 1063 1062 4720 
11020 534 4678 6880 
11021 8 943 5414 
11022 4709 4888 5398 
11023 6158 6734 6980 
11024 6000 6001 6002 
11025 6224 6223 6225 
11026 773 774 4804 
11027 563 564 6785 
11028 938 937 5446 
11029 963 6023 6070 
11030 1188 1187 4425 
11031 430 431 5107 
11032 5994 5992 5996 
11033 4571 5047 5048 
11034 940 939 6292 
11035 5493 5690 5691 
11036 5563 6277 6278 
11037 4756 813 5082 
11038 945 946 5681 
11039 553 554 5144 
11040 6225 6226 6234 
11041 5998 6796 6797 
11042 6004 6000 6762 
11043 5087 5232 5391 
11044 4770 4871 5087 
11045 991 990 5092 
11046 5114 4945 5115 
11047 7493 6768 7737 
11048 6000 6002 6762 
11049 6463 6462 6464 
11050 4823 5504 6756 
11051 5446 937 6660 
11052 942 941 5503 
11053 5892 960 6065 
11054 4802 5877 5878 
11055 5994 5997 6795 
11056 6956 4650 7241 
11057 1121 1120 7488 
11058 1375 1374 7721 
11059 6000 5999 6001 
11060 6185 6186 6187 
11061 86 87 6865 
11062 938 5446 6653 
11063 6298 6299 6766 
11064 4856 5097 5136 
11065 6865 87 6967 
11066 321 322 5654 
11067 5993 5994 5998 
11068 1208 1207 4825 
11069 6296 6297 6298 
11070 5999 5996 6174 
11071 5493 6284 6770 
11072 5493 5492 5690 
11073 4666 4889 6945 
11074 4756 5082 5083 
11075 6197 6191 6821 
11076 5083 5492 5493 
11077 857 4734 4751 
11078 5997 5999 6000 
11079 5083 5082 5492 
11080 5136 5638 5840 
11081 5878 5881 6792 
11082 6299 6300 6301 
11083 5840 5638 6637 
11084 1391 1390 4334 
11085 6222 6223 6224 
11086 5703 1035 6606 
11087 4890 5531 5799 
11088 5994 5996 5997 
11089 894 893 6781 
11090 5535 6784 6835 
11091 6185 5387 6186 
11092 942 5503 6440 
11093 558 559 5884 
11094 6360 7038 7132 
11095 5651 5206 5721 
11096 4373 4691 6813 
11097 4522 445 6787 
11098 6214 5327 6771 
11099 963 962 6023 
11100 5998 5994 6795 
11101 441 442 5248 
11102 5190 5083 6770 
11103 5878 5877 5879 
11104 5469 5915 6906 
11105 976 975 5723 
11106 4777 4778 4779 
11107 6299 6302 6766 
11108 4818 4903 5479 
11109 6196 6193 6780 
11110 757 758 6128 
11111 1049 1048 5131 
11112 5630 5745 5746 
11113 5136 5637 5638 
11114 5997 5996 5999 
11115 5877 5876 6106 
11116 6620 5523 6621 
11117 4527 4843 4844 
11118 5087 5392 6772 
11119 6394 5659 6396 
11120 5225 4787 6253 
11121 5563 5422 6277 
11122 6453 6452 6454 
11123 5605 5263 6817 
11124 4823 4690 5504 
11125 901 900 6792 
11126 4802 5878 6792 
11127 6464 6784 7927 
11128 5503 941 6498 
11129 4409 1231 5417 
11130 6299 6297 6300 
11131 6003 6229 6805 
11132 7359 6156 7812 
11133 4649 5393 5394 
11134 5161 1047 5886 
11135 5083 5493 6770 
11136 5435 4888 6772 
11137 108 5339 6038 
11138 5622 5251 6157 
11139 6298 6297 6299 
11140 5998 6795 6796 
11141 5420 5421 5423 
11142 4844 6082 6494 
11143 6179 6180 6239 
11144 5737 5605 5738 
11145 6346 6347 6348 
11146 6653 5446 6654 
11147 6749 5732 6891 
11148 6296 5712 6297 
11149 5263 5680 6817 
11150 5324 862 6855 
11151 4944 4580 4945 
11152 4982 4981 5467 
11153 6006 6805 6806 
11154 5271 4953 5609 
11155 6188 6186 6821 
11156 4628 5148 6711 
11157 4398 4354 7418 
11158 5711 4556 5712 
11159 1275 5305 5618 
11160 900 4802 6792 
11161 823 822 4494 
11162 4456 4899 4951 
11163 5386 6184 6198 
11164 840 839 5298 
11165 1151 4598 5866 
11166 4479 4575 4757 
11167 5562 5422 5563 
11168 4482 4436 4640 
11169 5399 5969 5971 
11170 5382 5630 6579 
11171 4342 4462 6879 
11172 5685 740 7506 
11173 5883 6333 6527 
11174 6727 5207 6802 
11175 5184 5286 5287 
11176 5757 5534 6080 
11177 5497 6394 6395 
11178 4641 4640 4642 
11179 4839 5544 6904 
11180 6461 6462 6463 
11181 4993 6496 7288 
11182 4802 5876 5877 
11183 4700 4709 6812 
11184 4456 4898 4899 
11185 95 96 5061 
11186 5869 5868 5977 
11187 6458 6459 6461 
11188 4856 5136 6768 
11189 302 4365 7117 
11190 5997 6004 6795 
11191 5469 5275 5848 
11192 4776 4775 5112 
11193 5262 5604 5870 
11194 624 625 5499 
11195 6908 4554 7141 
11196 4766 5428 5535 
11197 5069 4785 5251 
11198 5287 5286 5907 
11199 5136 5840 6768 
11200 248 4835 6901 
11201 6916 4989 7658 
11202 5737 5738 5739 
11203 5420 5419 5421 
11204 5705 6993 7136 
11205 5987 5988 6495 
11206 4741 4643 4875 
11207 4956 906 6900 
11208 5613 5967 6242 
11209 5659 5146 5823 
11210 6006 6003 6805 
11211 8223 4702 8314 
11212 5835 5749 6551 
11213 5535 6782 6783 
11214 5428 5651 6156 
11215 4709 4701 4770 
11216 4786 5070 5071 
11217 1239 4954 8042 
11218 872 871 4925 
11219 5398 5399 6752 
11220 5443 4901 5445 
11221 5192 4857 5327 
11222 4700 4642 4701 
11223 6922 4980 8236 
11224 5917 5327 6213 
11225 5161 5886 6322 
11226 1371 7686 8034 
11227 4810 4700 6812 
11228 297 6412 7937 
11229 5192 5917 5918 
11230 6876 6281 7479 
11231 5978 6450 6451 
11232 4739 4766 6835 
11233 6451 6452 6453 
11234 5428 5206 5651 
11235 6883 6886 7914 
11236 6870 6885 6886 
11237 1409 4948 5127 
11238 4648 4438 6936 
11239 4700 4701 4709 
11240 4964 4839 6904 
11241 6074 6073 7818 
11242 5823 5146 6845 
11243 5867 5868 5869 
11244 6352 6351 6482 
11245 4451 6797 6868 
11246 907 4956 6860 
11247 6289 6115 6290 
11248 1083 1082 6871 
11249 5088 5089 5527 
11250 5200 1260 8012 
11251 4528 584 8138 
11252 4401 874 6829 
11253 6455 6454 6456 
11254 95 5061 5235 
11255 5095 4648 5640 
11256 5813 5814 6377 
11257 5535 5428 6782 
11258 5421 5422 5562 
11259 6223 6220 6861 
11260 5264 5534 5757 
11261 4718 5008 5386 
11262 4891 4838 6972 
11263 301 302 7117 
11264 4641 4642 4700 
11265 4785 4782 6734 
11266 4722 4857 4981 
11267 4459 4663 4722 
11268 5428 6156 6782 
11269 4706 6524 8201 
11270 5249 5264 6160 
11271 965 964 5449 
11272 5071 5072 5275 
11273 5883 6332 6333 
11274 1408 1407 4620 
11275 4641 4700 4810 
11276 5511 5926 5927 
11277 4579 5974 7333 
11278 6463 6464 6472 
11279 5869 5977 5978 
11280 5606 5605 5737 
11281 4649 5394 6798 
11282 5848 5275 5849 
11283 873 872 6078 
11284 5398 6752 6753 
11285 5184 5873 6878 
11286 5776 5775 6547 
11287 817 816 5156 
11288 6220 6658 6861 
11289 5284 6849 8389 
11290 4994 4995 5403 
11291 5613 5590 5967 
11292 5392 5391 6596 
11293 5181 5182 5183 
11294 6405 6406 6407 
11295 5721 5206 6799 
11296 8080 6242 8220 
11297 4691 4905 6813 
11298 6517 5491 6518 
11299 5121 6815 6930 
11300 6495 5479 8179 
11301 6453 6454 6455 
11302 7075 6363 7076 
11303 5192 5327 5917 
11304 22 4914 6970 
11305 1150 1149 4328 
11306 5087 5391 5392 
11307 6192 6191 6193 
11308 4344 574 6870 
11309 870 869 4922 
11310 984 7285 8387 
11311 865 864 5223 
11312 4482 4640 4641 
11313 5664 5663 6908 
11314 622 623 7102 
11315 6482 6144 7243 
11316 4610 4739 4740 
11317 4981 4857 5192 
11318 7333 5974 7903 
11319 5780 5782 6246 
11320 6457 6456 6458 
11321 5072 5070 5146 
11322 5386 5387 6184 
11323 5604 5605 5606 
11324 4820 1164 5793 
11325 4459 4436 4482 
11326 5047 4570 5730 
11327 5497 5146 5659 
11328 6192 6193 6194 
11329 5618 6853 7226 
11330 6934 4850 7552 
11331 4788 5790 7127 
11332 21 22 6970 
11333 5497 5659 6394 
11334 5251 4785 6734 
11335 6455 6457 6460 
11336 4827 1283 5783 
11337 6193 6191 6197 
11338 5196 5109 6831 
11339 4889 5274 6945 
11340 842 841 5259 
11341 4748 5026 5027 
11342 5474 6132 6133 
11343 4766 5206 5428 
11344 4459 4482 4663 
11345 5837 6950 6972 
11346 5072 5146 5497 
11347 5249 4939 5250 
11348 4986 4627 4987 
11349 4722 4663 4857 
11350 6368 4840 8362 
11351 6964 6429 7592 
11352 4413 6763 7628 
11353 5071 5070 5072 
11354 6066 7509 8346 
11355 110 4370 4881 
11356 6772 5392 6800 
11357 6265 6226 6861 
11358 4620 4900 5284 
11359 6455 6456 6457 
11360 6671 4768 7016 
11361 6093 5693 6216 
11362 5471 5033 5491 
11363 5286 5183 6887 
11364 5738 5605 6817 
11365 4971 4994 5343 
11366 4959 5581 5582 
11367 6184 5387 6185 
11368 5169 5919 5920 
11369 5394 5393 5693 
11370 5804 5395 5805 
11371 648 649 6151 
11372 6945 6505 8382 
11373 5399 5971 6752 
11374 4969 5256 5591 
11375 7223 6051 7536 
11376 5421 5419 5422 
11377 4478 4686 4971 
11378 4575 4573 4803 
11379 6451 6453 6466 
11380 5029 5028 5030 
11381 6776 5645 6777 
11382 5037 5611 5612 
11383 4783 4862 5379 
11384 6867 6865 6967 
11385 5467 4981 6804 
11386 4837 533 6880 
11387 5264 5250 5534 
11388 5622 6157 6295 
11389 5011 5593 8454 
11390 5541 6573 6894 
11391 5120 6631 7030 
11392 5867 4598 5868 
11393 859 5 5404 
11394 4784 4782 4785 
11395 4709 5398 6812 
11396 6046 7370 7971 
11397 5511 5510 5926 
11398 5883 5437 6332 
11399 5920 6773 6774 
11400 5309 5308 5916 
11401 5069 5251 5622 
11402 419 4516 4869 
11403 5148 5147 5903 
11404 5398 6753 6812 
11405 863 862 5324 
11406 4844 4843 6082 
11407 4751 5694 5695 
11408 5941 52 6937 
11409 861 860 5336 
11410 5774 5775 5776 
11411 5249 6160 6813 
11412 1049 5131 5953 
11413 860 859 6617 
11414 4981 5192 6804 
11415 5192 5918 6804 
11416 5907 5286 6383 
11417 4435 4436 4459 
11418 5455 5557 6091 
11419 4950 9 5086 
11420 7585 6923 8348 
11421 5449 964 5450 
11422 5379 5406 5908 
11423 5557 5590 5613 
11424 5497 6395 6828 
11425 6249 4702 8223 
11426 5263 5006 5680 
11427 5768 5767 6926 
11428 5516 5545 6944 
11429 4905 4939 5249 
11430 4513 4514 4688 
11431 5249 5250 5264 
11432 574 575 6870 
11433 5471 6517 6519 
11434 4752 4715 6968 
11435 4786 5069 5070 
11436 6726 5313 6918 
11437 4566 4375 6915 
11438 5404 6508 6690 
11439 5127 5719 5720 
11440 576 4338 6885 
11441 1276 1275 7511 
11442 5309 5916 6021 
11443 6133 6132 6134 
11444 5813 5783 5814 
11445 4783 4782 4784 
11446 4766 4741 5206 
11447 5901 5363 6904 
11448 4783 4784 4862 
11449 5926 5510 5928 
11450 5658 6012 7607 
11451 4750 5643 7405 
11452 878 877 4940 
11453 4534 4535 4536 
11454 6409 6410 7684 
11455 5379 4862 5406 
11456 4462 4375 4566 
11457 4433 4386 4434 
11458 948 949 4477 
11459 4779 4780 4829 
11460 5531 4689 5532 
11461 5386 5008 5387 
11462 5604 5263 5605 
11463 6783 5104 7518 
11464 6176 6177 6178 
11465 6771 4663 6822 
11466 5882 5437 5883 
11467 4487 4417 4537 
11468 5413 7964 8163 
11469 5471 5491 6517 
11470 4432 4539 4649 
11471 4524 4777 6877 
11472 4671 4566 4805 
11473 4932 5346 5548 
11474 4382 329 8257 
11475 1399 5552 5553 
11476 5364 5437 5882 
11477 6349 6351 6352 
11478 5436 5901 6011 
11479 4477 949 4787 
11480 6193 6197 6780 
11481 6226 6223 6861 
11482 5773 5771 5962 
11483 4435 4434 4436 
11484 249 250 6859 
11485 7120 4806 7121 
11486 5307 5309 6037 
11487 5641 5640 6479 
11488 6348 6349 6814 
11489 5362 4964 5363 
11490 4424 4818 5073 
11491 5185 5182 7105 
11492 5094 7161 7617 
11493 850 5165 6020 
11494 5849 5275 6828 
11495 5454 5453 6842 
11496 5479 4903 5480 
11497 5531 5532 6111 
11498 4455 7449 7748 
11499 6535 5602 8072 
11500 7034 6009 8482 
11501 4829 4780 4830 
11502 4905 5249 6813 
11503 5988 6061 6062 
11504 5275 5072 6828 
11505 6922 6921 6923 
11506 6839 5962 6840 
11507 1386 1385 4552 
11508 5482 5466 7656 
11509 5778 4907 5779 
11510 5212 5937 5976 
11511 5556 5454 6206 
11512 5774 5776 6830 
11513 6731 6241 7978 
11514 6797 6796 6868 
11515 544 545 4428 
11516 6534 4526 6535 
11517 4947 5912 6847 
11518 4975 4821 6714 
11519 5061 96 5850 
11520 4766 5535 6835 
11521 7015 5284 8389 
11522 4641 4810 6822 
11523 4649 5033 5393 
11524 4786 4785 5069 
11525 4482 4641 6822 
11526 4663 4482 6822 
11527 5393 5033 5471 
11528 6774 6911 6912 
11529 6496 6228 8009 
11530 5833 7087 7490 
11531 5262 5870 6848 
11532 4829 5180 5367 
11533 5027 5028 5029 
11534 533 534 6880 
11535 4432 4433 4539 
11536 5284 6848 6849 
11537 5293 5830 5831 
11538 5987 5210 5988 
11539 6081 5186 6175 
11540 6182 5378 6183 
11541 5048 5209 5210 
11542 6258 6260 6262 
11543 852 5629 5636 
11544 840 5298 6400 
11545 5988 5210 6061 
11546 965 5449 5631 
11547 4356 1083 6871 
11548 5072 5497 6828 
11549 4416 4440 4515 
11550 5048 5210 5987 
11551 4527 4631 4843 
11552 5113 6497 8361 
11553 247 248 6901 
11554 145 4658 4660 
11555 4784 4785 4786 
11556 4649 4539 5033 
11557 5674 6476 7438 
11558 5915 5848 6856 
11559 6529 6530 6925 
11560 1271 1270 4521 
11561 5772 5774 6173 
11562 4682 4947 6847 
11563 4656 337 4845 
11564 5677 5057 7268 
11565 6598 5498 8097 
11566 5146 5070 6845 
11567 4389 4571 5268 
11568 7235 5152 8477 
11569 5545 6325 6327 
11570 6591 4393 8288 
11571 5029 5645 6776 
11572 6446 5984 7308 
11573 6062 6061 6449 
11574 5771 5768 6926 
11575 4397 4354 4398 
11576 4954 5842 6811 
11577 4739 4741 4766 
11578 4440 4417 4487 
11579 4903 4652 5939 
11580 4440 4487 4519 
11581 5262 5263 5604 
11582 4870 6570 8174 
11583 1113 4394 7196 
11584 628 4399 7048 
11585 1360 1359 4645 
11586 4786 5071 6844 
11587 219 220 4896 
11588 5208 5221 5290 
11589 7366 5105 7757 
11590 5184 5183 5286 
11591 5939 6798 8283 
11592 4777 4779 5068 
11593 6741 6743 7240 
11594 5443 5445 5824 
11595 7266 6732 7267 
11596 6239 6180 6240 
11597 5331 4987 5633 
11598 4330 6783 7518 
11599 7078 5266 7079 
11600 6830 5776 6834 
11601 4620 1407 4814 
11602 6271 5051 6416 
11603 5582 6479 7677 
11604 5307 5308 5309 
11605 4448 531 6938 
11606 5631 7094 7880 
11607 6058 5133 6793 
11608 6349 6352 6814 
11609 4416 4405 4417 
11610 4739 4643 4741 
11611 6906 5915 6958 
11612 5367 5180 5841 
11613 5557 5556 5590 
11614 5961 5233 6176 
11615 5364 5363 5436 
11616 5180 4830 5181 
11617 5148 5904 5905 
11618 4610 4537 4643 
11619 952 4870 7172 
11620 5238 6569 7883 
11621 838 837 5077 
11622 5278 5664 6414 
11623 5774 5773 5775 
11624 4328 1149 4359 
11625 4813 46 7139 
11626 5429 5029 6776 
11627 4360 4403 4404 
11628 5491 6943 7008 
11629 4781 4782 4783 
11630 1388 1387 5525 
11631 5475 6203 6680 
11632 575 576 6885 
11633 642 643 8384 
11634 6126 6323 6324 
11635 4610 4643 4739 
11636 4433 4434 4435 
11637 336 337 4656 
11638 5404 6361 6508 
11639 1275 5618 7511 
11640 4829 4830 5180 
11641 5385 7050 7725 
11642 5908 6907 7804 
11643 5385 422 6264 
11644 5511 5938 7140 
11645 5633 5646 5758 
11646 5838 5078 8441 
11647 5949 7247 8241 
11648 6837 7235 8477 
11649 6363 1404 8340 
11650 4862 4784 6844 
11651 5284 4900 6848 
11652 5312 5311 5529 
11653 4900 5006 5262 
11654 6045 7161 7616 
11655 4487 4537 4610 
11656 4416 4417 4440 
11657 4628 5147 5148 
11658 4902 4787 5225 
11659 6844 5469 6906 
11660 3 5395 5804 
11661 927 926 5188 
11662 4531 32 7256 
11663 5477 6572 7090 
11664 5100 784 7109 
11665 13 4393 6444 
11666 6836 6326 6837 
11667 4432 4386 4433 
11668 5070 5069 6845 
11669 6009 5647 7384 
11670 5203 6894 7348 
11671 5189 6103 6209 
11672 4689 4514 6924 
11673 5029 5030 5645 
11674 6042 642 8384 
11675 5118 774 5245 
11676 4751 5051 5694 
11677 4901 4566 6915 
11678 4424 1380 4652 
11679 4734 856 5294 
11680 4940 5473 5474 
11681 6891 5732 6943 
11682 5773 5962 6839 
11683 7203 6127 7903 
11684 35 4673 6896 
11685 4620 4814 4900 
11686 4810 6812 6883 
11687 5262 5006 5263 
11688 4380 193 6917 
11689 5181 5183 5184 
11690 4784 4786 6844 
11691 4404 4405 4416 
11692 5273 4912 5430 
11693 933 932 8157 
11694 4610 4740 6875 
11695 6306 6321 6965 
11696 4947 5254 5912 
11697 4966 4634 5453 
11698 1099 5373 6981 
11699 5226 6267 6268 
11700 6206 5454 6842 
11701 879 878 5213 
11702 5307 5306 5308 
11703 6173 5774 6830 
11704 5012 843 7009 
11705 4650 622 7102 
11706 5226 5225 6266 
11707 861 5336 6855 
11708 4628 4986 5147 
11709 5364 5436 5437 
11710 4962 7318 7319 
11711 6462 6465 7069 
11712 6767 7633 7882 
11713 4932 5548 6736 
11714 5920 5919 6773 
11715 5069 5622 6845 
11716 7077 7078 7821 
11717 4760 627 7048 
11718 5495 7307 7904 
11719 6068 6285 8417 
11720 5775 5773 6839 
11721 906 905 6900 
11722 4435 6749 6891 
11723 5512 607 7406 
11724 908 907 6860 
11725 4900 4814 5006 
11726 4433 4435 6891 
11727 4404 4403 4405 
11728 927 5188 5258 
11729 658 659 7174 
11730 5695 5694 6496 
11731 1372 1371 7160 
11732 5934 5570 7367 
11733 7066 6279 7280 
11734 5551 6487 7693 
11735 5127 5378 5719 
11736 6822 4810 6928 
11737 4360 4402 4403 
11738 4738 6527 7407 
11739 5796 5411 6025 
11740 336 4656 4961 
11741 6626 21 6970 
11742 4539 4433 6891 
11743 659 5567 7174 
11744 6207 827 8188 
11745 4777 5068 6877 
11746 4328 4359 4360 
11747 6778 5509 7140 
11748 4963 5361 5837 
11749 5772 5773 5774 
11750 6126 5579 6323 
11751 1384 6404 7754 
11752 4900 5262 6848 
11753 6032 7252 8312 
11754 5666 5320 7000 
11755 4478 1132 4686 
11756 5309 6021 6851 
11757 6510 6344 8316 
11758 4804 774 5117 
11759 6870 575 6885 
11760 6427 6426 7688 
11761 776 777 6882 
11762 5837 5361 6329 
11763 5362 5363 5364 
11764 52 53 6937 
11765 831 5096 7360 
11766 4559 866 6099 
11767 5693 5393 6850 
11768 4814 1407 5603 
11769 5631 5449 6039 
11770 232 233 7010 
11771 6037 5309 6851 
11772 4624 4932 6736 
11773 5257 5624 8439 
11774 5725 742 8347 
11775 5471 6519 6850 
11776 5719 6182 6671 
11777 4818 4652 4903 
11778 4477 4787 4902 
11779 1389 4526 6534 
11780 4804 5117 5277 
11781 5386 6198 6946 
11782 4869 5326 6694 
11783 5096 830 7114 
11784 5132 6999 8036 
11785 919 4647 7640 
11786 4403 4402 4470 
11787 4454 415 7433 
11788 5856 6500 8287 
11789 5532 4689 6924 
11790 4494 4667 6951 
11791 5393 5471 6850 
11792 5191 4852 5233 
11793 905 4429 6900 
11794 53 5894 6937 
11795 6004 6763 6987 
11796 5030 5205 6927 
11797 238 239 4654 
11798 5788 1364 7627 
11799 5361 4964 5362 
11800 7033 4623 7791 
11801 1221 4518 7455 
11802 4360 4359 4402 
11803 4781 4772 4782 
11804 4751 4734 5051 
11805 4524 4523 4775 
11806 5119 5579 6125 
11807 5375 6169 6985 
11808 6463 6472 7540 
11809 5397 6085 6280 
11810 608 5295 7406 
11811 4838 4963 6972 
11812 4519 4487 6875 
11813 6638 6639 6950 
11814 5859 6484 8078 
11815 12 1396 4426 
11816 5015 6232 6233 
11817 6709 5429 6776 
11818 6771 6822 6928 
11819 5127 4948 5378 
11820 4390 6743 8418 
11821 5108 7692 7910 
11822 5694 5051 6271 
11823 5719 5378 6182 
11824 1222 1221 7455 
11825 5823 6845 6913 
11826 6078 4925 7581 
11827 6812 6753 6883 
11828 6125 5579 6126 
11829 6634 5822 8255 
11830 5841 5180 6878 
11831 7525 6777 7558 
11832 7741 6210 7944 
11833 5814 6375 6376 
11834 532 4837 6938 
11835 5672 5316 6899 
11836 4521 1270 5058 
11837 1226 1225 7584 
11838 145 146 4658 
11839 6833 5444 6892 
11840 6383 5286 6887 
11841 4795 397 7252 
11842 6332 5437 6873 
11843 6484 5859 8186 
11844 5226 6266 6267 
11845 5455 5556 5557 
11846 551 552 7689 
11847 4672 5067 6879 
11848 531 532 6938 
11849 5445 4901 6915 
11850 6687 5796 6688 
11851 4402 4359 4503 
11852 4487 4610 6875 
11853 4428 545 4568 
11854 6325 6326 6836 
11855 5526 6833 8251 
11856 646 4985 7148 
11857 5181 5184 6878 
11858 843 842 7009 
11859 5252 5229 6141 
11860 5741 5003 5742 
11861 5983 1100 6981 
11862 621 4650 6956 
11863 5180 5181 6878 
11864 5436 6011 6873 
11865 5412 1226 7584 
11866 6943 5732 7008 
11867 620 621 6956 
11868 4902 5225 5226 
11869 7228 5599 7229 
11870 193 194 6917 
11871 955 956 5090 
11872 6742 6740 7027 
11873 5093 6437 7779 
11874 5437 5436 6873 
11875 986 4702 6249 
11876 6645 6968 7759 
11877 5400 5401 6566 
11878 6908 5663 6909 
11879 5516 5515 5517 
11880 5908 5406 6907 
11881 5772 5771 5773 
11882 5221 4564 6905 
11883 578 4664 6942 
11884 6367 5899 8199 
11885 5717 5947 6275 
11886 5491 5033 6943 
11887 5013 1251 7339 
11888 7073 5584 7074 
11889 5169 5288 5919 
11890 5818 5310 6054 
11891 4510 4398 4715 
11892 6907 4746 7804 
11893 5296 4834 5311 
11894 5372 1372 7160 
11895 4957 1134 7377 
11896 5406 4862 6906 
11897 6612 5701 6975 
11898 6209 6103 6210 
11899 4385 4386 4432 
11900 4893 5135 5522 
11901 5829 5058 5932 
11902 6655 6618 8275 
11903 6796 6795 6987 
11904 1416 1415 4529 
11905 4862 6844 6906 
11906 4986 4987 5331 
11907 6353 4336 6940 
11908 6425 5073 7986 
11909 4688 4890 6719 
11910 4338 577 6942 
11911 11 4329 4385 
11912 838 5077 5111 
11913 1251 1250 7339 
11914 6774 6773 6911 
11915 5039 5702 6051 
11916 5108 5107 7692 
11917 577 578 6942 
11918 4940 5164 5473 
11919 904 903 6933 
11920 5374 5219 5981 
11921 5446 6660 6996 
11922 4772 4646 6980 
11923 153 154 5016 
11924 4513 4422 4514 
11925 683 684 6947 
11926 6120 7535 7702 
11927 5474 6131 6132 
11928 4926 5215 5955 
11929 6937 5894 8032 
11930 1010 5338 7021 
11931 5474 5473 6131 
11932 6588 6321 8402 
11933 5274 7781 8485 
11934 6142 5465 8199 
11935 5792 5791 7920 
11936 5205 5754 5755 
11937 903 4754 6933 
11938 5213 878 6721 
11939 5919 5288 5930 
11940 5305 5304 5306 
11941 6845 5622 6913 
11942 314 315 7449 
11943 5213 6722 6723 
11944 5905 5904 5906 
11945 5065 4828 6971 
11946 389 4721 8291 
11947 4477 4902 4972 
11948 672 5756 7188 
11949 5863 7447 7958 
11950 4451 498 7092 
11951 5212 983 5937 
11952 6317 6319 6935 
11953 5095 5640 5641 
11954 5313 6735 6918 
11955 5601 5204 5819 
11956 284 285 7246 
11957 5622 6295 6913 
11958 6832 5444 6833 
11959 4909 648 6151 
11960 4807 4574 4852 
11961 6280 6281 6876 
11962 4917 5315 7743 
11963 4429 904 6933 
11964 5455 5454 5556 
11965 4428 4568 4580 
11966 5109 5443 5444 
11967 4725 5010 5243 
11968 6111 6112 6116 
11969 4874 4547 5300 
11970 1414 4628 6711 
11971 4474 5352 5722 
11972 5205 5755 6927 
11973 5321 5320 5592 
11974 5770 5768 5771 
11975 5889 5065 5890 
11976 4628 4627 4986 
11977 4471 4651 5400 
11978 4779 4829 6895 
11979 5443 5824 6892 
11980 5305 5306 5307 
11981 7058 5572 7239 
11982 336 4961 5424 
11983 7376 6777 7525 
11984 6214 6771 6928 
11985 4881 4370 5045 
11986 263 264 5299 
11987 4646 4861 6980 
11988 5109 4901 5443 
11989 1188 4824 7763 
11990 5154 4878 5155 
11991 6569 5238 8031 
11992 5828 7221 7727 
11993 5036 5024 5037 
11994 6893 7672 8187 
11995 5569 7193 8239 
11996 4645 4771 5175 
11997 7533 6603 8409 
11998 6174 6755 8248 
11999 1208 4825 7089 
12000 5772 6173 6863 
12001 7010 6269 7985 
12002 867 866 4559 
12003 6057 5133 6058 
12004 4940 877 5164 
12005 4976 4632 4977 
12006 290 291 7471 
12007 5979 5723 7550 
12008 5513 5041 5514 
12009 511 7409 8411 
12010 6009 7034 8253 
12011 4386 4329 7040 
12012 5449 5450 6916 
12013 4945 4580 4992 
12014 4984 5688 5899 
12015 5517 5515 6872 
12016 5040 4705 5041 
12017 5770 5772 6863 
12018 4660 4658 4798 
12019 4805 4901 5109 
12020 5777 5770 6863 
12021 5303 5302 6029 
12022 5352 6201 6858 
12023 7238 6117 8363 
12024 4731 5657 5658 
12025 5547 4475 5671 
12026 5068 4779 6895 
12027 4604 7539 8313 
12028 4829 5367 6895 
12029 4966 5454 5455 
12030 4654 5330 6243 
12031 5762 6593 7030 
12032 926 925 7923 
12033 7658 972 7924 
12034 4961 4656 5202 
12035 4574 4441 6838 
12036 5705 6217 6993 
12037 699 700 6929 
12038 419 420 4516 
12039 5667 5666 8100 
12040 4645 1359 4646 
12041 6325 5607 6326 
12042 5149 7174 7386 
12043 5769 5770 5777 
12044 5596 5595 7224 
12045 5009 5008 8451 
12046 6596 7257 8154 
12047 4977 4632 5355 
12048 5545 5607 6325 
12049 4400 4696 5704 
12050 5048 5987 6932 
12051 5770 5771 5772 
12052 6512 6910 8386 
12053 5640 4648 6936 
12054 835 834 8487 
12055 6711 5905 7033 
12056 5515 5041 7128 
12057 5075 4916 5452 
12058 4595 4593 7152 
12059 5518 5517 6044 
12060 5363 4964 6904 
12061 5169 4965 5288 
12062 7706 7211 8216 
12063 4966 5453 5454 
12064 4539 6891 6943 
12065 5189 5058 5829 
12066 5009 6821 8229 
12067 6801 4875 7501 
12068 7229 5357 8373 
12069 6938 4837 6973 
12070 5213 6721 6722 
12071 4783 5379 6989 
12072 4864 5576 6285 
12073 5111 5077 5847 
12074 4571 5048 6932 
12075 4718 5386 6946 
12076 1203 1202 4693 
12077 6219 6222 7125 
12078 6735 4434 7040 
12079 5036 5037 5133 
12080 88 4815 6967 
12081 6082 4843 6888 
12082 7383 6161 8279 
12083 967 966 6703 
12084 4672 4767 5067 
12085 5331 5633 6889 
12086 6033 1058 6165 
12087 5514 5515 5516 
12088 5148 5903 5904 
12089 5918 5917 7070 
12090 4963 4964 5361 
12091 5444 5443 6892 
12092 4646 1359 4861 
12093 671 672 7188 
12094 4718 221 5008 
12095 6948 6268 6949 
12096 1120 1119 4639 
12097 5208 5290 6263 
12098 5792 7920 8010 
12099 6652 5714 7284 
12100 5722 5352 6858 
12101 5352 5547 6201 
12102 803 804 8231 
12103 820 819 4349 
12104 5117 774 5118 
12105 5598 5115 5731 
12106 6 4553 4637 
12107 947 5186 6081 
12108 4521 5058 5189 
12109 4879 5370 5826 
12110 6079 5172 8208 
12111 6647 5020 6648 
12112 5036 5133 6057 
12113 6354 6355 6411 
12114 4726 6555 7221 
12115 4527 4509 4631 
12116 5168 4919 6841 
12117 4673 6685 6952 
12118 4771 4772 4781 
12119 5033 4539 6943 
12120 6961 5245 6962 
12121 4329 5815 7040 
12122 6288 6289 6448 
12123 6217 4848 6287 
12124 5287 6619 7192 
12125 4401 8139 8260 
12126 4633 4965 5169 
12127 6355 7236 8128 
12128 5243 5587 6104 
12129 4971 4686 4994 
12130 7091 6080 7179 
12131 6640 301 7117 
12132 5814 5783 6375 
12133 4578 6889 7477 
12134 661 662 8126 
12135 5191 5233 5961 
12136 5189 5829 6103 
12137 8141 6150 8336 
12138 5612 5611 7176 
12139 4346 620 6956 
12140 5111 5847 5940 
12141 5455 6091 6941 
12142 6070 6023 6954 
12143 4866 7122 7747 
12144 5644 5569 8239 
12145 6290 6115 7106 
12146 1277 5138 6881 
12147 6499 5574 7460 
12148 830 829 7114 
12149 6039 5449 6916 
12150 6239 6420 8349 
12151 4805 4566 4901 
12152 4703 5157 5159 
12153 4400 1400 4695 
12154 6985 6169 6986 
12155 5066 5017 8427 
12156 821 820 7509 
12157 110 111 4370 
12158 5498 6529 7022 
12159 5794 5122 5816 
12160 5135 7041 7727 
12161 6907 6958 6959 
12162 5298 839 6919 
12163 6420 5384 8349 
12164 5645 5030 6927 
12165 5119 5578 5579 
12166 1267 4806 7119 
12167 5007 6955 8041 
12168 4896 220 6549 
12169 5115 4945 6898 
12170 6458 6461 7049 
12171 153 5016 5063 
12172 5107 5108 8456 
12173 4810 6883 6928 
12174 5545 5518 5607 
12175 8039 4882 8051 
12176 1298 1297 4374 
12177 6451 6466 7025 
12178 4544 822 6066 
12179 6354 5683 6355 
12180 5962 5771 6926 
12181 6288 6115 6289 
12182 4494 822 4544 
12183 6494 5548 7442 
12184 6739 6306 6965 
12185 5858 5130 7852 
12186 4667 4666 6945 
12187 4494 4544 4666 
12188 4503 7242 7973 
12189 5809 4714 6248 
12190 5406 6906 6958 
12191 4694 4838 4891 
12192 1268 1267 7119 
12193 363 364 6893 
12194 1041 6097 8367 
12195 69 70 6953 
12196 5335 6024 6372 
12197 5986 5789 7496 
12198 4654 239 5329 
12199 4617 4968 4969 
12200 6353 6940 8074 
12201 6114 6113 6115 
12202 1060 1059 4331 
12203 5113 6511 8358 
12204 5516 5518 5545 
12205 4965 4634 4966 
12206 6559 6557 7380 
12207 5119 5118 5578 
12208 6205 6872 7033 
12209 4401 6829 8139 
12210 958 9 4950 
12211 4839 4733 5544 
12212 5587 5010 6390 
12213 1280 1279 7012 
12214 4832 1280 7012 
12215 7161 5094 7616 
12216 836 835 4626 
12217 4930 5150 5822 
12218 6386 6387 7796 
12219 5109 5444 6831 
12220 6971 5217 7625 
12221 4552 1385 4979 
12222 5829 5932 6365 
12223 222 5009 8451 
12224 808 809 7107 
12225 871 870 6998 
12226 6815 6816 6930 
12227 1260 5200 8472 
12228 4609 808 7107 
12229 7074 5584 7164 
12230 217 6254 8473 
12231 6057 7530 7909 
12232 4936 5023 5402 
12233 7161 7160 7617 
12234 5267 6172 6757 
12235 1271 4521 5283 
12236 5409 6438 6439 
12237 323 324 7435 
12238 203 4629 7491 
12239 5277 5117 6974 
12240 5522 7221 7287 
12241 4771 4646 4772 
12242 5615 5057 5677 
12243 6350 6679 7462 
12244 6624 880 7233 
12245 6093 7671 7869 
12246 8052 6293 8326 
12247 733 734 7750 
12248 110 4881 5231 
12249 5682 5034 5684 
12250 4869 4516 5043 
12251 4407 6477 7993 
12252 5545 6327 6944 
12253 6669 5704 7342 
12254 190 191 4572 
12255 5450 7316 8285 
12256 6114 6115 6288 
12257 6111 5532 6112 
12258 5188 926 5380 
12259 1364 1363 7627 
12260 6763 6762 8224 
12261 6858 5112 8462 
12262 707 708 4732 
12263 5424 4961 5893 
12264 6243 5330 6244 
12265 6317 6935 7027 
12266 6315 6303 7168 
12267 5528 5527 6747 
12268 5451 4758 6528 
12269 5868 4598 7248 
12270 6305 6308 7168 
12271 4488 5838 8441 
12272 4645 4646 4771 
12273 4426 1396 5015 
12274 4666 4790 4889 
12275 5732 5468 7008 
12276 5464 5465 5505 
12277 4514 4422 4533 
12278 6254 5128 8473 
12279 4508 5632 6931 
12280 1085 1084 7111 
12281 6183 5378 7015 
12282 5016 154 5267 
12283 4639 1119 5034 
12284 4889 5177 5179 
12285 5889 5890 6274 
12286 5086 9 5707 
12287 5720 7016 7017 
12288 4590 4885 4886 
12289 466 467 7036 
12290 5226 6268 6948 
12291 6577 4755 7231 
12292 572 573 7167 
12293 4944 5753 7492 
12294 5665 5637 8474 
12295 5747 6087 7775 
12296 5501 544 7492 
12297 5288 4965 6941 
12298 5176 5593 8178 
12299 479 4759 6988 
12300 5091 5255 5536 
12301 478 479 6988 
12302 285 4941 7246 
12303 6831 5444 6832 
12304 6734 4772 6980 
12305 5662 5277 6402 
12306 4661 6882 6969 
12307 4728 478 6988 
12308 5610 5609 7333 
12309 5803 5349 7042 
12310 6513 6163 7834 
12311 5335 5334 6024 
12312 4852 4574 6838 
12313 6736 6494 7392 
12314 4414 6449 8333 
12315 5323 1085 7111 
12316 5023 5024 5036 
12317 6106 7802 8354 
12318 5516 5517 5518 
12319 4874 5300 5489 
12320 5587 6390 6412 
12321 6361 879 8093 
12322 7019 5642 7020 
12323 7252 6032 7734 
12324 4515 4440 7054 
12325 6259 6256 7413 
12326 7149 5788 7298 
12327 5188 5380 5864 
12328 4820 5793 7116 
12329 6480 7379 8372 
12330 616 617 7118 
12331 4969 5042 5256 
12332 6457 6458 6983 
12333 6792 5881 7059 
12334 4963 4839 4964 
12335 5613 6242 7682 
12336 5560 5768 5769 
12337 4495 4496 4540 
12338 6096 7907 8048 
12339 5931 5230 6857 
12340 5505 5465 6142 
12341 87 88 6967 
12342 6159 6540 6541 
12343 5354 4854 5923 
12344 670 4343 8458 
12345 5334 4712 5586 
12346 7340 5736 7523 
12347 6795 6004 6987 
12348 6061 5210 6995 
12349 6346 6348 6977 
12350 6384 5542 6385 
12351 5035 5683 5911 
12352 7573 6152 8052 
12353 6551 5749 8148 
12354 8001 7076 8341 
12355 5719 6671 7016 
12356 6495 5988 7181 
12357 651 4698 7230 
12358 5769 5768 5770 
12359 569 570 4758 
12360 5268 4571 6932 
12361 5035 5034 5682 
12362 5243 5010 5587 
12363 7417 4382 8257 
12364 1114 1113 7196 
12365 6112 6113 6114 
12366 6469 5781 7130 
12367 6112 5532 6113 
12368 5512 6231 7735 
12369 6113 5532 6924 
12370 5527 5089 7159 
12371 870 4922 6998 
12372 4869 5043 5326 
12373 4424 4652 4818 
12374 4599 4773 4921 
12375 4807 4852 5191 
12376 1120 5098 7488 
12377 4393 1403 6869 
12378 5330 5329 6047 
12379 931 930 4973 
12380 4509 4398 4510 
12381 5079 4695 5081 
12382 491 4683 7013 
12383 6552 5577 6553 
12384 4967 4616 5408 
12385 490 491 7013 
12386 5576 5575 5577 
12387 6665 5100 8354 
12388 4943 4653 5074 
12389 6907 5406 6958 
12390 4945 4992 6898 
12391 4742 4595 4912 
12392 467 4591 7036 
12393 4781 4783 6989 
12394 4599 4438 4648 
12395 1416 4529 4590 
12396 5731 5115 6898 
12397 5117 5118 5119 
12398 1243 1242 4588 
12399 4613 7249 7816 
12400 4654 5329 5330 
12401 5095 5641 5642 
12402 6793 6794 8084 
12403 5101 4752 5462 
12404 5296 5311 5312 
12405 4596 4595 4742 
12406 4524 4776 4777 
12407 6768 5840 6992 
12408 5508 4973 6582 
12409 7086 6272 7590 
12410 5040 5041 5513 
12411 4684 1314 8107 
12412 5591 5256 5910 
12413 4472 4349 4616 
12414 6532 5708 6562 
12415 6272 5322 7867 
12416 6654 5446 6996 
12417 7319 7321 7322 
12418 5352 4475 5547 
12419 5178 4790 7415 
12420 4850 6934 7661 
12421 488 489 7029 
12422 5137 488 7029 
12423 6063 7366 7757 
12424 324 5132 7435 
12425 4337 186 7162 
12426 1100 1099 6981 
12427 265 266 7124 
12428 5076 5302 5303 
12429 5842 6430 7941 
12430 5740 5832 6124 
12431 5636 5629 7606 
12432 4484 4421 4497 
12433 7174 7175 7386 
12434 4950 5086 5787 
12435 5462 4752 6968 
12436 1401 4400 7098 
12437 4896 6549 6550 
12438 6484 8186 8487 
12439 4596 4742 4821 
12440 4902 5226 6948 
12441 6527 6333 6999 
12442 4965 4966 6941 
12443 6955 5555 8041 
12444 5177 4790 5178 
12445 5479 7441 8179 
12446 1023 5360 8393 
12447 7136 4979 7754 
12448 5575 7095 7202 
12449 5343 4994 6939 
12450 6584 5461 6585 
12451 6316 6741 7240 
12452 5681 6562 8089 
12453 4843 4631 4864 
12454 5747 5402 6087 
12455 6017 6016 7995 
12456 4514 4533 6924 
12457 4675 4677 7184 
12458 187 4723 7162 
12459 4400 4695 4696 
12460 4364 7007 7277 
12461 4977 5355 5649 
12462 4615 4508 4653 
12463 6849 6848 6973 
12464 5063 5016 5496 
12465 662 663 7101 
12466 1298 4374 4463 
12467 5118 5245 6961 
12468 4773 4648 5095 
12469 6280 6085 6281 
12470 1386 4552 5140 
12471 4329 1392 5815 
12472 4427 4362 4466 
12473 6916 5450 8285 
12474 14 1413 4420 
12475 4750 5153 5643 
12476 5689 5178 6101 
12477 4530 4441 4574 
12478 4551 997 7046 
12479 4725 4807 5010 
12480 4343 7194 8458 
12481 997 996 7046 
12482 5981 5219 5982 
12483 4670 7970 8127 
12484 6848 5870 6973 
12485 6360 6359 7004 
12486 6554 6427 7410 
12487 1279 4997 7012 
12488 4397 4509 4527 
12489 4541 490 7013 
12490 771 772 8277 
12491 5530 5529 5559 
12492 7111 4356 7612 
12493 202 203 7491 
12494 5984 5869 7308 
12495 5911 5683 6354 
12496 6527 4738 7953 
12497 5810 5809 6934 
12498 5885 5588 8013 
12499 4529 1415 4623 
12500 810 811 7557 
12501 4932 5018 5346 
12502 6717 5492 7253 
12503 4615 4943 4959 
12504 4893 4803 5135 
12505 6833 5526 7080 
12506 5432 7085 7563 
12507 406 4894 8394 
12508 7690 4996 7853 
12509 275 7809 8085 
12510 5229 44 6481 
12511 892 891 6367 
12512 6518 5491 7008 
12513 6646 6645 8475 
12514 6740 6317 7027 
12515 4966 5455 6941 
12516 5955 5956 5957 
12517 6511 5113 8361 
12518 1011 1010 7021 
12519 4525 7301 8162 
12520 5110 646 7148 
12521 4339 4331 4606 
12522 4705 4529 7128 
12523 4921 5199 6149 
12524 4972 4902 6948 
12525 7304 7305 7306 
12526 15 1417 4625 
12527 5940 5847 7969 
12528 4470 6677 8140 
12529 5910 5256 6477 
12530 6720 6979 8481 
12531 5272 5451 5851 
12532 1116 5669 7534 
12533 4385 4329 4386 
12534 5424 5893 6554 
12535 5212 5976 7096 
12536 4963 5837 6972 
12537 4925 871 6998 
12538 1065 1064 7170 
12539 778 5022 7281 
12540 60 5825 7023 
12541 4653 4508 6931 
12542 5978 6451 7025 
12543 7119 4806 7120 
12544 7024 4638 8065 
12545 902 901 7059 
12546 4959 5282 5581 
12547 5316 5931 6237 
12548 6586 5143 7292 
12549 7232 6543 7621 
12550 5210 5209 6995 
12551 5566 6583 7303 
12552 1109 1108 6997 
12553 4916 4675 7184 
12554 4340 4363 4364 
12555 4725 4574 4807 
12556 7107 4868 7108 
12557 388 389 7028 
12558 5119 6125 6974 
12559 7435 5132 8036 
12560 8114 7271 8260 
12561 496 6868 7373 
12562 5560 5559 5767 
12563 489 4541 7029 
12564 1326 4924 8256 
12565 4886 5230 5316 
12566 4716 4715 4752 
12567 5826 6064 6092 
12568 6396 5659 7241 
12569 5040 5513 6629 
12570 4412 1065 7170 
12571 5045 5046 5541 
12572 6778 6029 8059 
12573 6702 6674 7291 
12574 4494 4666 4667 
12575 646 647 4985 
12576 6670 1327 7061 
12577 5000 7672 8235 
12578 5075 5452 6966 
12579 7597 6513 7834 
12580 1402 1401 7098 
12581 7439 5928 8252 
12582 5088 5527 5528 
12583 6554 5893 6663 
12584 4695 1400 7026 
12585 5209 5047 7289 
12586 4624 4699 4932 
12587 4735 219 7413 
12588 7029 6807 8334 
12589 6153 6152 7573 
12590 5916 5308 7794 
12591 4864 4631 5575 
12592 1269 5054 7524 
12593 7263 5163 8212 
12594 5655 5481 5802 
12595 5063 6688 8351 
12596 5616 6416 7372 
12597 4639 5034 5035 
12598 4529 4623 7128 
12599 4626 4897 5806 
12600 5380 926 7923 
12601 827 826 8188 
12602 5291 7066 7255 
12603 6641 4517 8366 
12604 4969 4968 5042 
12605 6569 5914 7883 
12606 4696 5079 5080 
12607 5711 6296 7251 
12608 4536 4535 4730 
12609 5292 5542 6384 
12610 5936 6145 8123 
12611 6593 1029 7375 
12612 5720 5719 7016 
12613 901 6792 7059 
12614 7209 4448 7436 
12615 744 5091 5224 
12616 6080 5534 7179 
12617 5035 5682 5683 
12618 7909 6030 8385 
12619 1203 4693 4694 
12620 707 4732 4999 
12621 5405 6533 7032 
12622 5117 5119 6974 
12623 483 484 7065 
12624 4984 4983 5390 
12625 5448 4929 5811 
12626 855 854 7067 
12627 5578 5118 6961 
12628 820 4349 4471 
12629 5042 4968 5481 
12630 5400 4651 5401 
12631 6834 5776 7249 
12632 6724 5843 7960 
12633 4917 5076 5315 
12634 4496 4387 6624 
12635 7775 6087 8231 
12636 6530 5237 7614 
12637 5749 4775 7611 
12638 1241 5269 7489 
12639 4418 4530 4550 
12640 4936 5402 5747 
12641 5740 5565 5832 
12642 1120 4639 5098 
12643 4530 4574 4725 
12644 7077 5266 7078 
12645 571 572 7500 
12646 429 4622 7859 
12647 59 60 7023 
12648 4507 4466 4508 
12649 996 4697 7046 
12650 6026 6154 7090 
12651 5530 5559 5560 
12652 4999 5094 6031 
12653 7084 7083 7085 
12654 858 857 7382 
12655 6063 5212 7096 
12656 4864 6285 6888 
12657 4864 5575 5576 
12658 6841 4919 8017 
12659 6727 6802 7848 
12660 5807 5065 5889 
12661 6147 7183 7739 
12662 4510 4716 4717 
12663 5173 4727 5174 
12664 5576 5577 6552 
12665 5405 7032 7312 
12666 4824 6708 7224 
12667 5397 5950 6085 
12668 4921 4773 5199 
12669 522 523 7077 
12670 5583 5043 5584 
12671 5701 4747 7351 
12672 4984 5390 5688 
12673 4693 1202 5064 
12674 704 6041 7905 
12675 7135 5520 8336 
12676 4633 4634 4965 
12677 6489 5795 6538 
12678 6535 4526 8368 
12679 6629 5513 6630 
12680 803 8231 8375 
12681 6487 5239 7693 
12682 4803 4573 5366 
12683 7143 6751 7144 
12684 958 4950 5668 
12685 4588 4928 7302 
12686 5518 6044 6964 
12687 6146 5744 6147 
12688 4908 5778 7062 
12689 4364 4368 4406 
12690 6258 6262 7195 
12691 5560 5767 5768 
12692 5311 6758 8209 
12693 5361 5362 7171 
12694 7215 5686 8304 
12695 6497 5537 8361 
12696 5944 6581 7083 
12697 5042 5481 5655 
12698 6824 5156 7211 
12699 6565 5673 7438 
12700 5312 5529 5530 
12701 4617 4616 4967 
12702 5475 6680 7302 
12703 4696 4695 5079 
12704 4666 4544 4790 
12705 4406 4438 4512 
12706 6187 6189 7056 
12707 6956 7241 8047 
12708 5150 5565 5740 
12709 5581 6696 6997 
12710 5385 6545 7050 
12711 5316 5230 5931 
12712 33 4657 7256 
12713 348 349 7206 
12714 4590 4705 4885 
12715 5990 5991 7260 
12716 4983 890 5194 
12717 6059 5021 6391 
12718 4418 4441 4530 
12719 5607 5518 6964 
12720 5963 5552 6921 
12721 973 972 7658 
12722 4520 6873 7431 
12723 4590 4529 4705 
12724 6282 4698 7749 
12725 1161 4546 8083 
12726 5267 154 5347 
12727 4885 4705 5040 
12728 6356 348 7206 
12729 4512 4438 4599 
12730 842 5259 7009 
12731 4637 5004 5709 
12732 5378 4948 7015 
12733 5147 4986 7047 
12734 7532 5472 8024 
12735 5084 5595 5596 
12736 4985 647 5310 
12737 5910 6477 6765 
12738 4754 902 7059 
12739 4713 5334 5335 
12740 5430 4912 7152 
12741 4959 4943 5282 
12742 4930 4752 5101 
12743 4463 4464 4679 
12744 5682 5684 6161 
12745 5310 647 7402 
12746 6941 6091 7053 
12747 6195 6693 7565 
12748 4886 4885 5230 
12749 4753 4588 7302 
12750 4713 4712 5334 
12751 366 4826 7258 
12752 4440 4519 7054 
12753 4615 4653 4943 
12754 6499 7460 7461 
12755 4755 466 7036 
12756 6596 5391 7257 
12757 4430 7250 7474 
12758 5742 5003 6979 
12759 4838 4839 4963 
12760 6601 6599 7589 
12761 5155 4878 6990 
12762 1043 1042 8367 
12763 5671 4475 7218 
12764 5581 5282 6696 
12765 1234 4350 7599 
12766 7212 5013 8483 
12767 4406 4368 4438 
12768 7095 4717 7202 
12769 4434 4386 7040 
12770 5631 7880 8165 
12771 4658 146 4659 
12772 4617 4967 4968 
12773 4863 4602 7830 
12774 5288 6941 7053 
12775 4474 4475 5352 
12776 5890 5065 6971 
12777 6536 1180 8129 
12778 5549 5348 6589 
12779 5150 5101 5565 
12780 4853 5341 5342 
12781 7367 5054 8213 
12782 7640 4647 8401 
12783 6827 6569 8031 
12784 5743 5742 5744 
12785 5320 5318 7000 
12786 1240 1239 8042 
12787 1414 4627 4628 
12788 5536 5255 6102 
12789 4930 5101 5150 
12790 5541 5564 6159 
12791 4716 4752 4930 
12792 6968 4715 7418 
12793 5833 4361 7087 
12794 4843 4864 6888 
12795 5553 5552 5963 
12796 857 4751 7382 
12797 5548 5346 7582 
12798 5634 5858 6245 
12799 4889 4790 5177 
12800 4594 4595 4596 
12801 4516 420 5123 
12802 6402 5277 6974 
12803 353 4415 7561 
12804 5316 6237 6899 
12805 5439 5438 5975 
12806 4599 4648 4773 
12807 4443 4681 4682 
12808 6886 6885 7131 
12809 7168 6308 8397 
12810 4484 4497 4624 
12811 136 137 4555 
12812 6208 5621 7165 
12813 5851 5451 6546 
12814 5594 5155 6250 
12815 4630 4712 4713 
12816 6464 6462 7069 
12817 5044 6428 7790 
12818 4624 6736 7068 
12819 5045 4370 5046 
12820 7250 6547 7474 
12821 6571 7136 7754 
12822 6894 6573 6931 
12823 6843 5636 7338 
12824 4624 4497 4699 
12825 4510 4715 4716 
12826 886 885 7135 
12827 5039 5460 5702 
12828 504 505 4384 
12829 6212 6704 7157 
12830 6417 6837 8204 
12831 31 4531 7751 
12832 5177 5178 5689 
12833 512 513 7529 
12834 6804 5918 7057 
12835 6640 5755 7630 
12836 5383 5862 5863 
12837 5643 5727 5909 
12838 5267 5347 6172 
12839 4361 586 7112 
12840 5597 6723 8050 
12841 6924 4533 7106 
12842 4980 279 7103 
12843 4420 1413 4421 
12844 7004 4809 8151 
12845 4372 436 7091 
12846 436 437 7091 
12847 5079 5081 5470 
12848 6952 6017 7995 
12849 4817 708 5365 
12850 7157 4492 7158 
12851 5939 4652 8405 
12852 4587 7383 8279 
12853 4630 4512 4712 
12854 7174 5567 7175 
12855 6909 5105 7676 
12856 6260 6261 7998 
12857 4472 4616 4617 
12858 4897 4828 5065 
12859 7257 5724 8154 
12860 4630 4713 5472 
12861 5120 7030 7099 
12862 7872 5216 8202 
12863 5418 6778 8059 
12864 219 4896 7413 
12865 5049 4912 5273 
12866 4897 5065 5807 
12867 885 5520 7135 
12868 4471 4349 4472 
12869 5586 4712 7043 
12870 5733 5273 5734 
12871 6545 5200 8012 
12872 5160 4729 5348 
12873 505 5439 7484 
12874 4540 6594 6666 
12875 682 683 7786 
12876 4906 5172 5558 
12877 6962 6963 7024 
12878 5790 5644 7385 
12879 5801 1056 7393 
12880 5712 4556 7400 
12881 7169 5078 7494 
12882 5182 6746 7105 
12883 5764 1006 7286 
12884 5688 5390 6170 
12885 5620 7304 7306 
12886 5260 4842 5859 
12887 4361 7112 7142 
12888 6603 7533 7664 
12889 279 280 7103 
12890 7623 6104 8476 
12891 4471 4472 4651 
12892 5760 5761 6769 
12893 4928 5447 5475 
12894 1384 7754 8344 
12895 5007 4895 7315 
12896 5912 5254 5913 
12897 774 775 7543 
12898 4364 4363 4368 
12899 5831 5830 6978 
12900 6479 5640 7545 
12901 6476 735 7438 
12902 190 4572 4853 
12903 1189 1188 7763 
12904 6319 6320 7709 
12905 5326 5583 6152 
12906 6802 5669 7848 
12907 498 499 7092 
12908 4886 5672 8230 
12909 7062 5612 7176 
12910 930 5120 7429 
12911 6330 6392 7270 
12912 5159 5571 5935 
12913 6679 4470 7462 
12914 4793 6791 7864 
12915 6762 6002 7403 
12916 4986 5331 7047 
12917 964 963 7559 
12918 1060 4331 4332 
12919 4363 4362 4427 
12920 4813 7139 7780 
12921 5585 6370 7153 
12922 6715 6134 7448 
12923 5519 5310 5818 
12924 4427 4507 4619 
12925 7018 5642 7019 
12926 6908 7141 7631 
12927 4725 5243 7034 
12928 5930 5288 7053 
12929 6480 5412 7583 
12930 5409 5408 6437 
12931 6362 6210 7741 
12932 6834 6128 7987 
12933 5431 6820 7006 
12934 639 4371 7166 
12935 971 970 7094 
12936 5575 4631 7095 
12937 8190 6563 8271 
12938 4524 4775 4776 
12939 5760 5141 5761 
12940 834 6484 8487 
12941 4932 4699 5018 
12942 7932 6724 7960 
12943 6493 8039 8051 
12944 6473 6819 8267 
12945 6933 4754 7649 
12946 5439 5975 6515 
12947 4340 4362 4363 
12948 4507 4508 4615 
12949 7409 512 7529 
12950 4463 4374 4464 
12951 4450 6626 7548 
12952 586 587 7112 
12953 4877 4584 4878 
12954 5557 5613 7343 
12955 5658 5657 6012 
12956 4742 4912 5049 
12957 5556 6206 7310 
12958 5076 5075 5302 
12959 5326 5043 5583 
12960 6455 6460 7358 
12961 4838 4733 4839 
12962 4596 4821 4975 
12963 6962 7024 8065 
12964 816 5176 7133 
12965 528 529 7115 
12966 809 4868 7107 
12967 1420 1419 4583 
12968 6159 5564 6540 
12969 5228 7493 7737 
12970 4604 528 7115 
12971 6051 7378 7536 
12972 784 785 7109 
12973 4926 5955 7381 
12974 5140 5760 5836 
12975 6720 6092 8364 
12976 4694 4733 4838 
12977 4406 4512 4630 
12978 6878 5873 7311 
12979 5346 5018 5434 
12980 6678 6343 7501 
12981 6291 5995 8060 
12982 4340 4339 4362 
12983 315 316 7431 
12984 5049 5273 5733 
12985 418 419 8043 
12986 6064 7028 8291 
12987 1084 4356 7111 
12988 4665 4727 5084 
12989 6600 6604 7775 
12990 5034 1119 6914 
12991 5579 5578 7216 
12992 6726 6918 7845 
12993 5102 6379 7656 
12994 6273 5343 7185 
12995 6222 6488 7125 
12996 4998 913 7906 
12997 6927 5755 8155 
12998 645 5110 6247 
12999 4626 4828 4897 
13000 4679 5056 5122 
13001 5054 1268 7119 
13002 5812 6824 7211 
13003 894 6781 7476 
13004 1190 6399 7064 
13005 6276 1130 7432 
13006 4589 4858 7279 
13007 561 562 7189 
13008 4572 191 4703 
13009 6308 6309 7457 
13010 6312 6318 7457 
13011 5302 5075 6966 
13012 5154 5155 5594 
13013 7497 5972 7926 
13014 6466 6453 7358 
13015 4791 5959 5960 
13016 112 5062 6984 
13017 1418 16 4511 
13018 715 5197 7147 
13019 7166 4371 7335 
13020 6592 5686 7215 
13021 7192 5568 7194 
13022 4745 4867 5204 
13023 5794 5816 6419 
13024 5623 4989 8285 
13025 4427 4466 4507 
13026 6500 6501 8287 
13027 5448 5811 6442 
13028 662 7101 8126 
13029 5553 5963 6060 
13030 6533 400 7891 
13031 4626 835 4828 
13032 4354 4457 7418 
13033 4446 561 7189 
13034 4994 5403 6939 
13035 118 119 7236 
13036 6717 4450 7548 
13037 5031 6651 7226 
13038 5355 4632 7124 
13039 6882 777 7281 
13040 5343 6939 7185 
13041 4822 1114 7196 
13042 4495 4540 6666 
13043 714 715 7147 
13044 4694 4693 4733 
13045 6152 5583 6293 
13046 5680 5006 7361 
13047 5402 5023 7014 
13048 7004 4612 7005 
13049 4910 4600 5003 
13050 6568 7377 8030 
13051 775 4661 7543 
13052 5159 5157 5571 
13053 6832 6833 7080 
13054 1252 5013 7212 
13055 5714 6625 7284 
13056 5839 4409 8059 
13057 119 5276 7236 
13058 5084 4727 5173 
13059 6705 5064 7374 
13060 5207 6138 7954 
13061 5870 5604 7436 
13062 7038 7005 7039 
13063 7338 5636 7606 
13064 6975 5701 7041 
13065 1245 8052 8326 
13066 968 967 6703 
13067 5140 4552 5141 
13068 4332 4339 4340 
13069 4732 708 4817 
13070 4967 5408 5409 
13071 5409 6437 6438 
13072 4591 6744 7197 
13073 1087 1086 7700 
13074 4562 618 7728 
13075 5466 259 7696 
13076 4682 4946 4947 
13077 5328 6680 8054 
13078 4930 5822 7031 
13079 5600 6612 7295 
13080 4483 4421 4484 
13081 477 4728 7276 
13082 4364 4406 7007 
13083 6116 6503 7813 
13084 5678 365 7258 
13085 4879 5826 7344 
13086 4476 1162 8083 
13087 5023 5036 7014 
13088 6394 6396 7416 
13089 5710 402 7801 
13090 5944 7083 7084 
13091 5095 5642 7018 
13092 5162 6860 7338 
13093 6050 7694 8061 
13094 7213 5123 7894 
13095 4776 5112 7499 
13096 5826 5370 6064 
13097 1270 1269 7524 
13098 6134 6132 7448 
13099 5646 6659 7426 
13100 1086 5323 7700 
13101 6322 7483 8310 
13102 5389 6816 8070 
13103 6024 5334 7035 
13104 4999 4732 5094 
13105 4906 818 5172 
13106 790 791 7349 
13107 6750 6751 7143 
13108 4439 476 7276 
13109 913 912 7906 
13110 5540 7447 7948 
13111 5541 5046 5564 
13112 6983 6458 7049 
13113 4341 4524 6877 
13114 6075 6074 7332 
13115 6738 6739 7531 
13116 4607 4833 4996 
13117 4625 1417 4797 
13118 5300 4547 7068 
13119 5463 886 7135 
13120 6073 4820 7116 
13121 6528 6754 7210 
13122 5107 5934 7692 
13123 4985 6386 7148 
13124 6791 6789 7864 
13125 5559 5529 7214 
13126 6477 5256 7044 
13127 6113 6924 7106 
13128 4332 4331 4339 
13129 6410 5888 7746 
13130 6190 6192 7565 
13131 6579 5630 7475 
13132 5509 5511 7140 
13133 5337 98 7483 
13134 5585 7153 7633 
13135 6055 1412 6088 
13136 6936 4368 7071 
13137 6440 5696 8055 
13138 5121 5724 7151 
13139 5728 714 7147 
13140 5036 6057 7014 
13141 5514 6944 7063 
13142 7319 6324 7321 
13143 5679 6505 7508 
13144 5341 4854 5354 
13145 4347 4377 4378 
13146 7364 4670 8127 
13147 7483 5716 8310 
13148 5696 6467 8055 
13149 5081 4695 7026 
13150 5806 6994 7633 
13151 1341 1340 7331 
13152 4617 4969 7051 
13153 4367 5483 7800 
13154 6547 5775 7474 
13155 6690 5941 8134 
13156 5447 4929 5448 
13157 4792 5247 5797 
13158 5690 6717 7548 
13159 5253 4946 5538 
13160 6565 736 7542 
13161 4773 5095 7018 
13162 191 192 8350 
13163 5758 5964 7902 
13164 4343 671 7188 
13165 4540 4585 4586 
13166 6617 6690 8134 
13167 606 5512 7735 
13168 7305 5495 8203 
13169 5041 4705 7128 
13170 1095 4468 7245 
13171 638 639 7166 
13172 4611 352 7561 
13173 4449 160 7198 
13174 7072 5584 7073 
13175 849 5261 7653 
13176 6261 6259 7946 
13177 5566 5368 7146 
13178 5963 6921 6922 
13179 46 47 7139 
13180 1243 4588 4753 
13181 5743 5744 6146 
13182 7006 6847 8161 
13183 6899 6237 7733 
13184 4856 6768 7493 
13185 5686 5592 7387 
13186 116 117 8279 
13187 6774 5294 7798 
13188 4499 376 4500 
13189 5643 5153 5727 
13190 6885 4338 7131 
13191 573 4344 7167 
13192 5624 8202 8439 
13193 5312 5530 5852 
13194 4853 4572 4854 
13195 5174 6252 7002 
13196 5397 5396 5950 
13197 4947 5253 5254 
13198 6303 6305 7168 
13199 7455 6728 7917 
13200 6996 6660 8150 
13201 7862 5670 7930 
13202 6508 5597 8435 
13203 4712 4512 7043 
13204 5089 5431 7159 
13205 5817 7254 8088 
13206 5741 5742 5743 
13207 5149 658 7174 
13208 326 4738 7407 
13209 4880 4878 5154 
13210 5018 4699 5019 
13211 744 5224 7411 
13212 1253 1252 7212 
13213 4599 4921 7043 
13214 6115 6113 7106 
13215 4537 4417 7463 
13216 4698 652 7749 
13217 4486 7232 7621 
13218 5332 6920 7567 
13219 8222 7752 8331 
13220 4853 4854 5341 
13221 186 187 7162 
13222 7498 7497 7926 
13223 4928 4929 5447 
13224 6377 5814 7231 
13225 5955 5215 5956 
13226 1064 5017 7170 
13227 7057 5918 7058 
13228 6613 5223 7825 
13229 6025 7084 7122 
13230 4680 30 7751 
13231 5341 5354 6119 
13232 4587 118 7236 
13233 6320 6737 7612 
13234 5475 6100 6203 
13235 5067 4767 7137 
13236 7559 6955 8247 
13237 5859 4842 5895 
13238 5934 7120 7692 
13239 5835 6551 7126 
13240 7315 5623 7316 
13241 4929 4589 7279 
13242 5562 5563 7323 
13243 5581 6997 7180 
13244 4631 4509 7095 
13245 5330 6047 7200 
13246 544 4428 7492 
13247 4797 1417 6443 
13248 6416 5051 7467 
13249 5037 5612 7553 
13250 5140 5141 5760 
13251 6429 4918 7592 
13252 5096 7088 7360 
13253 4530 4725 7034 
13254 4675 4505 4677 
13255 4374 1297 4809 
13256 5645 6927 7558 
13257 5706 5705 7136 
13258 951 952 7172 
13259 4989 6916 8285 
13260 5002 6587 7362 
13261 6155 5766 7901 
13262 5156 816 7133 
13263 5256 5042 7044 
13264 7201 1357 7521 
13265 7455 7917 8264 
13266 7283 4669 8058 
13267 1330 1329 7156 
13268 5032 1102 7296 
13269 6650 7741 7944 
13270 7821 7078 8276 
13271 4484 4624 7068 
13272 5245 774 7543 
13273 4538 4495 6666 
13274 4679 5122 5171 
13275 4865 7275 7445 
13276 5978 7025 7308 
13277 5513 5514 7063 
13278 1047 1046 8345 
13279 6156 5651 7554 
13280 5388 7110 7695 
13281 5334 5586 7035 
13282 5551 4887 6487 
13283 5989 6810 7217 
13284 5462 6647 7430 
13285 6857 5230 7052 
13286 4970 7175 7681 
13287 5409 6439 7093 
13288 1191 1190 7064 
13289 4589 1242 4858 
13290 5199 4773 7018 
13291 6297 5712 7604 
13292 4750 4547 4874 
13293 40 41 8453 
13294 5524 5933 7088 
13295 6439 6438 7154 
13296 1163 4476 8234 
13297 6816 6110 8070 
13298 5981 5982 7145 
13299 5568 669 8458 
13300 4744 7223 7536 
13301 4557 284 7246 
13302 5129 4730 5130 
13303 6357 5461 6584 
13304 7058 5918 7070 
13305 5244 5617 7861 
13306 351 4611 7619 
13307 7304 5131 7305 
13308 4745 5204 5601 
13309 6997 6696 8379 
13310 6766 6302 7634 
13311 7051 5591 7299 
13312 6329 5361 7171 
13313 5582 5581 7180 
13314 5297 5003 5741 
13315 4532 4676 5239 
13316 1134 1133 7377 
13317 530 4448 7209 
13318 932 931 8157 
13319 4846 133 7595 
13320 178 4395 7540 
13321 7028 389 8291 
13322 7044 5655 7045 
13323 5050 1096 7245 
13324 6172 5347 7961 
13325 7120 5934 8213 
13326 403 404 7341 
13327 4466 4362 7037 
13328 4419 881 4791 
13329 7038 5053 7132 
13330 562 4769 7189 
13331 4985 5519 6386 
13332 7380 6557 7707 
13333 619 4346 7728 
13334 5988 6062 7181 
13335 4750 4874 5153 
13336 5523 5522 7287 
13337 4814 5603 7361 
13338 5179 5177 7082 
13339 5165 849 7653 
13340 1353 1352 7527 
13341 4550 4530 7034 
13342 160 161 7198 
13343 6006 6807 7687 
13344 5267 6757 7187 
13345 7618 4606 8319 
13346 6424 5537 8168 
13347 4897 5807 6994 
13348 1006 1005 7286 
13349 7175 4970 8064 
13350 4390 6486 8356 
13351 7530 4582 7909 
13352 6840 749 8022 
13353 6761 6390 7396 
13354 4607 4996 7690 
13355 6673 6675 7199 
13356 4357 7370 7813 
13357 5806 4897 6994 
13358 5938 5927 7866 
13359 6143 6144 7242 
13360 7198 6977 8023 
13361 4397 4398 4509 
13362 4381 6371 7705 
13363 6966 5452 7600 
13364 6073 7116 8432 
13365 5843 703 7905 
13366 6149 6982 7945 
13367 397 398 7252 
13368 4717 4716 7031 
13369 5952 5365 6497 
13370 5452 4916 7184 
13371 4817 5952 6045 
13372 4716 4930 7031 
13373 653 4391 7749 
13374 5171 5795 6369 
13375 6769 5761 7110 
13376 259 260 4347 
13377 4848 955 7134 
13378 5042 5655 7044 
13379 6853 5618 8463 
13380 6122 5333 6123 
13381 6474 7168 8397 
13382 6814 6352 7182 
13383 6323 5579 7216 
13384 5475 5447 6100 
13385 4860 5124 5487 
13386 5160 5348 5549 
13387 5873 5287 7192 
13388 4736 7355 7556 
13389 5561 6732 7266 
13390 5259 6401 7652 
13391 6630 5513 7063 
13392 1139 5942 8425 
13393 7307 7305 7771 
13394 897 896 7354 
13395 4483 4484 4547 
13396 6229 6001 7716 
13397 4821 4742 7086 
13398 6341 6801 7501 
13399 5740 6635 8255 
13400 4534 4536 4761 
13401 5877 6106 7675 
13402 4483 4547 4750 
13403 5583 5584 7072 
13404 6728 4518 7323 
13405 6369 5795 6489 
13406 5641 6641 8366 
13407 4469 74 7352 
13408 4882 3 8051 
13409 5759 7049 7761 
13410 7089 5551 7222 
13411 4899 4898 7851 
13412 6793 5133 7553 
13413 29 4680 7588 
13414 910 909 7544 
13415 4420 4421 4483 
13416 7318 6324 7319 
13417 5596 6710 8109 
13418 1398 4479 7865 
13419 6257 6258 7195 
13420 4985 5310 5519 
13421 896 4799 7354 
13422 963 6070 7559 
13423 4593 4687 7152 
13424 5152 350 7619 
13425 764 4465 7261 
13426 5958 7690 7853 
13427 275 276 7809 
13428 5040 6629 7052 
13429 492 493 7205 
13430 4512 4599 7043 
13431 4833 4608 4834 
13432 4358 6137 7866 
13433 5860 1121 7488 
13434 358 359 7609 
13435 4683 492 7205 
13436 5104 6782 7359 
13437 6390 5010 7396 
13438 4381 746 6371 
13439 5430 7152 7163 
13440 6828 6395 7486 
13441 4371 6471 7335 
13442 4917 4916 5075 
13443 375 376 4498 
13444 4388 4495 4538 
13445 4423 224 8113 
13446 7902 5964 8270 
13447 4489 789 7177 
13448 85 4447 7966 
13449 4682 4681 4946 
13450 5999 6174 7716 
13451 6689 5335 7596 
13452 4974 5508 6826 
13453 1042 1041 8367 
13454 5170 4834 5296 
13455 185 4337 7615 
13456 6053 6413 8076 
13457 6163 6162 7274 
13458 5427 6586 7560 
13459 7085 4659 7563 
13460 5961 6176 7888 
13461 5564 5046 5989 
13462 6576 5280 7473 
13463 7654 5779 7655 
13464 6910 5196 7345 
13465 5838 6793 7553 
13466 133 134 7595 
13467 5563 6728 7323 
13468 4917 5075 5076 
13469 5084 5173 5595 
13470 349 5152 7206 
13471 5068 6895 7165 
13472 955 5090 7134 
13473 529 530 7209 
13474 495 496 7373 
13475 5360 1022 8300 
13476 5227 6577 7876 
13477 4470 4402 7462 
13478 6797 4451 7638 
13479 4780 4778 8077 
13480 7548 6626 7831 
13481 5709 7227 7505 
13482 4413 495 7373 
13483 4472 4617 7051 
13484 4339 4606 7037 
13485 6468 4894 7976 
13486 6169 5623 7315 
13487 4355 1321 7397 
13488 6646 6902 6903 
13489 6454 6452 7895 
13490 5558 5172 6079 
13491 7600 4350 8098 
13492 5000 5736 7672 
13493 4510 4717 7095 
13494 1101 5983 7296 
13495 5867 5984 7678 
13496 5000 4797 5736 
13497 1140 1139 8425 
13498 4811 4585 4812 
13499 5713 5711 7251 
13500 4885 5040 7052 
13501 5594 6250 6543 
13502 5602 5232 8072 
13503 7056 6917 8305 
13504 362 5214 7733 
13505 5886 1047 8345 
13506 7126 4408 7685 
13507 5546 1174 7337 
13508 1335 4352 8154 
13509 8191 4486 8445 
13510 5902 7698 8384 
13511 615 616 7863 
13512 1102 1101 7296 
13513 4400 5704 7098 
13514 4594 4593 4595 
13515 5942 5944 7755 
13516 6293 5583 7072 
13517 4333 4387 4388 
13518 7986 7181 8045 
13519 5744 6720 8364 
13520 4615 4959 7123 
13521 6040 6637 8127 
13522 7585 6623 7809 
13523 273 274 4635 
13524 5005 4662 5105 
13525 6244 5330 7200 
13526 4679 4464 5056 
13527 5611 5024 7408 
13528 5230 4885 7052 
13529 4625 4797 5000 
13530 4651 4472 7051 
13531 4611 6836 7619 
13532 591 4933 7710 
13533 4734 5294 7467 
13534 6037 6853 8463 
13535 6057 6058 7530 
13536 5015 6233 7178 
13537 6248 4714 7753 
13538 5246 7585 7809 
13539 1378 5113 8358 
13540 6491 4579 7333 
13541 404 405 7173 
13542 4769 6488 8259 
13543 4583 1419 4584 
13544 4632 265 7124 
13545 5414 8055 8141 
13546 5543 5502 5652 
13547 6228 6227 8492 
13548 4768 539 7330 
13549 5745 5441 8139 
13550 6095 706 7912 
13551 5091 5536 7762 
13552 7139 6722 7780 
13553 4947 4946 5253 
13554 5016 5267 7187 
13555 1143 1142 7238 
13556 5448 6442 8100 
13557 6606 1034 7886 
13558 5158 5139 6632 
13559 4509 4510 7095 
13560 7263 5834 7648 
13561 486 487 7280 
13562 7033 5905 8424 
13563 6355 5683 7383 
13564 7612 6738 8369 
13565 1060 4332 5625 
13566 6889 5633 7477 
13567 7873 5526 8251 
13568 5704 4696 7342 
13569 4555 137 4729 
13570 5171 5122 5794 
13571 5315 6957 7743 
13572 7479 6282 7650 
13573 5462 6968 7936 
13574 4393 6869 8288 
13575 6039 6916 7658 
13576 5246 277 7391 
13577 541 542 8461 
13578 18 19 7414 
13579 5840 6637 7778 
13580 5481 4968 7093 
13581 5786 5973 7777 
13582 4444 6179 7471 
13583 4841 5260 5524 
13584 5957 5956 6468 
13585 5211 4812 5478 
13586 5632 7037 7347 
13587 4453 5359 7835 
13588 7070 4664 7921 
13589 7152 4687 7163 
13590 4330 6472 7927 
13591 5496 5016 7187 
13592 5360 6996 8150 
13593 4817 5365 5952 
13594 5460 5461 6357 
13595 6399 1189 7763 
13596 6386 5519 6387 
13597 1159 1158 7459 
13598 7384 5676 8288 
13599 6769 1341 7331 
13600 6819 4412 7634 
13601 4703 5139 5157 
13602 4362 4339 7037 
13603 5915 6856 7980 
13604 5187 6360 7132 
13605 5698 7357 7940 
13606 5173 5174 5661 
13607 7368 5050 8467 
13608 5991 5995 7260 
13609 5743 6146 7113 
13610 6579 6580 8160 
13611 4583 4876 4879 
13612 6279 486 7280 
13613 5058 1270 7524 
13614 5064 6705 7522 
13615 5593 5176 8454 
13616 5785 7442 7582 
13617 4912 4595 7152 
13618 7318 6249 8223 
13619 7396 5191 7663 
13620 5524 5260 5933 
13621 6196 6780 7719 
13622 5510 5423 7669 
13623 6421 5077 8037 
13624 4880 5154 5163 
13625 7360 5933 7591 
13626 7607 6012 8390 
13627 4968 4967 7093 
13628 6870 6886 7680 
13629 5285 5885 7427 
13630 5610 7333 7903 
13631 5170 5296 6071 
13632 6981 6149 7989 
13633 4942 7648 7760 
13634 6919 5111 7713 
13635 5349 58 7984 
13636 354 355 8069 
13637 6635 6634 8255 
13638 4540 4496 4585 
13639 7183 4721 7739 
13640 689 5345 7369 
13641 5318 413 8105 
13642 48 5597 8050 
13643 5672 6899 7340 
13644 832 7360 7591 
13645 4676 4675 4916 
13646 6890 5175 7570 
13647 4690 447 7847 
13648 7068 6736 7392 
13649 6318 6316 7240 
13650 4928 4589 4929 
13651 4368 4363 7071 
13652 6542 7752 8222 
13653 365 366 7258 
13654 8202 5216 8439 
13655 1385 1384 8344 
13656 4877 4878 4880 
13657 5684 5034 6914 
13658 449 4445 7293 
13659 6443 1416 8230 
13660 416 417 8054 
13661 4607 4538 4608 
13662 4474 7 4475 
13663 5986 7496 8238 
13664 6118 5868 7248 
13665 5265 6075 7328 
13666 1020 5507 8471 
13667 6810 5456 7217 
13668 1340 1339 7452 
13669 6438 5093 7952 
13670 6856 4335 7980 
13671 7020 5968 8181 
13672 4879 5333 5370 
13673 6321 6748 8402 
13674 5814 6376 7231 
13675 5483 7345 7346 
13676 4742 5049 7086 
13677 7084 7085 7122 
13678 5664 6908 7631 
13679 6511 5314 8358 
13680 4630 5472 7007 
13681 7998 7703 8493 
13682 5609 4953 7851 
13683 6604 4796 8453 
13684 5881 5880 8220 
13685 763 764 7261 
13686 7017 4990 7495 
13687 6982 5373 7368 
13688 6763 7205 7628 
13689 5589 5130 5634 
13690 6680 6203 8054 
13691 4971 5440 8030 
13692 6829 5745 8139 
13693 6776 6777 7353 
13694 5056 4464 5057 
13695 6551 7114 7126 
13696 4995 4686 8281 
13697 1096 1095 7245 
13698 447 448 7847 
13699 5767 7705 7723 
13700 6757 5897 7187 
13701 407 408 7621 
13702 5157 5139 5158 
13703 4833 4834 5170 
13704 4363 4427 7071 
13705 5659 5823 7241 
13706 5202 4656 7424 
13707 4536 4730 4731 
13708 4731 5658 7300 
13709 5660 18 7414 
13710 4731 5129 5657 
13711 5602 6535 8368 
13712 5763 143 7399 
13713 7125 6786 7833 
13714 5776 6547 7249 
13715 6667 6105 7454 
13716 7277 7007 7532 
13717 5922 5149 7385 
13718 5492 5082 7253 
13719 197 4920 7301 
13720 32 33 7256 
13721 7030 6593 7099 
13722 6366 5580 7528 
13723 4404 4416 7827 
13724 4588 4589 4928 
13725 650 651 7230 
13726 7193 7697 8135 
13727 14 4420 4749 
13728 4427 4619 7071 
13729 7697 4545 8135 
13730 4951 4952 8160 
13731 4381 7214 8147 
13732 6856 5848 7788 
13733 5122 5056 7278 
13734 6673 7199 7291 
13735 6572 5476 8250 
13736 5923 4854 7265 
13737 887 5463 7938 
13738 4767 5088 7137 
13739 6038 5339 7264 
13740 5987 6495 8179 
13741 1109 6997 8379 
13742 5177 5689 7082 
13743 1359 1358 7541 
13744 5111 5940 7713 
13745 4588 1242 4589 
13746 4450 6717 7414 
13747 5883 6527 7953 
13748 379 4763 7575 
13749 5816 5122 7278 
13750 5998 6797 8060 
13751 5194 6108 8280 
13752 875 4401 7271 
13753 4661 6969 7388 
13754 4676 4916 4917 
13755 4511 4708 4926 
13756 6324 6323 7878 
13757 6092 6064 7183 
13758 7087 4361 7142 
13759 5927 5926 7254 
13760 539 540 7330 
13761 448 449 7293 
13762 476 477 7276 
13763 5675 6729 7947 
13764 5577 5575 7202 
13765 4476 6434 8234 
13766 4807 5191 7396 
13767 5126 5125 5599 
13768 4643 4537 8071 
13769 487 5137 7280 
13770 4532 4505 4675 
13771 6674 6673 7291 
13772 5106 1235 7599 
13773 5088 5528 7137 
13774 5254 5253 5924 
13775 6385 6447 8383 
13776 4877 4880 4942 
13777 196 197 7301 
13778 1127 5198 7562 
13779 5039 4991 5460 
13780 5296 5312 7100 
13781 5035 5911 7456 
13782 6873 6011 7431 
13783 414 4454 8105 
13784 4740 6835 8210 
13785 4547 4484 7068 
13786 5391 5602 7257 
13787 6025 5411 7755 
13788 1415 1414 7791 
13789 7562 5798 8103 
13790 6765 6477 8152 
13791 5347 7243 7961 
13792 4736 6525 7355 
13793 4669 7283 7854 
13794 6558 5106 7599 
13795 4681 4563 4794 
13796 4806 1266 7564 
13797 1197 1196 7228 
13798 5995 5993 8060 
13799 5125 310 6094 
13800 6235 6265 7282 
13801 4876 4584 4877 
13802 5769 5777 7857 
13803 8073 116 8279 
13804 5022 6701 7586 
13805 4910 5297 5405 
13806 777 778 7281 
13807 5076 5303 7425 
13808 5186 948 7602 
13809 6008 6697 7444 
13810 5662 6402 7285 
13811 4443 4563 4681 
13812 6449 6061 8333 
13813 6867 6967 7371 
13814 7703 5371 8493 
13815 4475 7 7218 
13816 5688 6170 7220 
13817 5682 6161 7383 
13818 4384 505 7484 
13819 4443 4682 7219 
13820 6287 4848 7134 
13821 948 4477 7602 
13822 5855 6578 7204 
13823 7093 6439 7420 
13824 6107 889 8117 
13825 5544 4733 7522 
13826 4674 688 7369 
13827 1266 1265 7564 
13828 413 414 8105 
13829 5002 7362 7363 
13830 6794 5695 8009 
13831 4781 6989 7570 
13832 4372 7091 7179 
13833 683 6947 7786 
13834 4872 5396 5397 
13835 15 4625 6659 
13836 469 6419 8198 
13837 8055 6467 8141 
13838 5223 864 7825 
13839 5661 7003 7064 
13840 308 309 6035 
13841 6647 5462 7936 
13842 5134 728 7428 
13843 5143 5891 7292 
13844 5797 5247 5798 
13845 6996 5360 8300 
13846 4764 792 7736 
13847 6818 5565 7430 
13848 4967 5409 7093 
13849 5357 1198 8373 
13850 4607 4608 4833 
13851 6561 5720 7934 
13852 7309 4892 7555 
13853 6247 5110 7298 
13854 136 4555 4789 
13855 5854 5085 7974 
13856 6804 7057 7490 
13857 4367 5482 5483 
13858 4457 1394 6902 
13859 5529 5311 8209 
13860 6102 5255 6758 
13861 6533 6032 8312 
13862 7062 5778 7169 
13863 6225 6234 7294 
13864 5930 7053 7177 
13865 1093 5700 8488 
13866 4511 16 4600 
13867 5695 6496 8009 
13868 278 4980 7391 
13869 5438 506 5845 
13870 4634 853 7290 
13871 6757 6172 7482 
13872 93 4567 8232 
13873 6654 8300 8471 
13874 5342 5341 7150 
13875 5864 6606 7886 
13876 5307 6037 8463 
13877 4525 196 7301 
13878 6605 4836 8104 
13879 7305 5131 7771 
13880 5382 6579 8160 
13881 4394 7722 7752 
13882 6029 5302 7724 
13883 4908 7062 7176 
13884 355 356 7639 
13885 5387 5008 8229 
13886 5755 5754 7630 
13887 6616 5945 7840 
13888 5481 7093 7420 
13889 5175 4771 7570 
13890 6821 6186 8229 
13891 4703 191 5139 
13892 1032 6381 7395 
13893 931 4973 4974 
13894 4498 376 4499 
13895 4507 4615 7123 
13896 5113 1377 7968 
13897 1158 1157 7503 
13898 5589 5634 6713 
13899 6205 7033 8424 
13900 19 4450 7414 
13901 293 5718 7537 
13902 5211 6022 6539 
13903 4553 4419 4554 
13904 5494 1326 8256 
13905 5171 5794 5795 
13906 4619 4507 7123 
13907 540 4990 7330 
13908 6832 4452 7967 
13909 5453 4634 7290 
13910 6253 4787 8258 
13911 4555 4792 7468 
13912 4532 4675 4676 
13913 7460 5165 7461 
13914 5370 5333 6122 
13915 4347 260 4376 
13916 5652 5502 7327 
13917 4385 6798 7679 
13918 5651 5721 7309 
13919 4501 4500 4601 
13920 6758 5311 7576 
13921 6694 5328 8043 
13922 5258 5188 7626 
13923 4872 5383 5396 
13924 6221 7125 7833 
13925 7071 4619 7545 
13926 5480 4903 7869 
13927 4406 4630 7007 
13928 6504 5803 7963 
13929 5405 6032 6533 
13930 5276 120 7871 
13931 5941 6690 8261 
13932 4926 5038 5215 
13933 5590 5556 7310 
13934 5225 6253 8421 
13935 6823 5854 7974 
13936 6896 4673 7995 
13937 120 121 7871 
13938 7084 6025 7755 
13939 4518 6008 7323 
13940 5597 49 8435 
13941 1056 1055 7393 
13942 5584 5043 7164 
13943 7705 6371 7723 
13944 6998 8003 8033 
13945 5047 5730 7289 
13946 6509 5603 8273 
13947 7739 4721 8066 
13948 5953 5131 7304 
13949 6936 7071 7545 
13950 7799 4533 8415 
13951 4515 6450 8323 
13952 6126 6324 7318 
13953 4565 6578 7918 
13954 6503 6114 8027 
13955 6 4637 7233 
13956 5543 5652 6555 
13957 5074 6542 8222 
13958 306 307 7513 
13959 5693 6850 7701 
13960 4910 5003 5297 
13961 7085 5432 7122 
13962 6587 5986 7362 
13963 6268 6267 7283 
13964 6505 6504 8382 
13965 4879 4876 5333 
13966 5647 5676 7384 
13967 6748 6300 8132 
13968 5869 5978 7308 
13969 5126 5599 5750 
13970 5703 6606 7594 
13971 6803 5201 7569 
13972 4496 6624 7547 
13973 4542 209 7451 
13974 5049 5733 7324 
13975 4731 4730 5129 
13976 4890 5799 8342 
13977 5606 5737 8035 
13978 6637 5638 8127 
13979 7063 4415 8069 
13980 136 4789 5791 
13981 5383 5863 7190 
13982 791 4764 7349 
13983 5812 7211 7706 
13984 6452 7054 7895 
13985 7322 7321 7899 
13986 7370 503 7971 
13987 6609 6608 8067 
13988 475 4439 8248 
13989 5300 7068 7392 
13990 4789 4555 7468 
13991 4601 5244 5846 
13992 6636 5549 7714 
13993 4499 4500 4501 
13994 5108 7778 8456 
13995 1357 1356 7521 
13996 4340 4364 7277 
13997 74 75 7352 
13998 4792 5160 5247 
13999 4583 4584 4876 
14000 5328 418 8043 
14001 4555 4729 4792 
14002 8136 7394 8263 
14003 4792 4729 5160 
14004 6655 5852 7712 
14005 7017 7495 7934 
14006 5358 84 7966 
14007 5887 6042 7336 
14008 5974 7203 7903 
14009 5234 1360 7666 
14010 4841 4842 5260 
14011 183 184 7643 
14012 1094 1093 8488 
14013 5043 4516 7164 
14014 7260 6290 7799 
14015 5368 5299 7814 
14016 7391 6922 8378 
14017 4443 4442 4563 
14018 4799 895 7476 
14019 4357 502 7370 
14020 978 977 7560 
14021 5039 6051 7223 
14022 6584 4861 7541 
14023 5129 5130 5589 
14024 4601 4500 5099 
14025 5697 978 7560 
14026 51 5941 8261 
14027 68 69 7844 
14028 5312 5852 7100 
14029 7486 4399 7487 
14030 5565 5101 7430 
14031 6435 6196 7719 
14032 7778 4622 8456 
14033 5228 1263 7493 
14034 1133 4478 7377 
14035 4710 183 7643 
14036 396 4795 7994 
14037 945 5681 8089 
14038 5760 6769 7331 
14039 6582 5500 7645 
14040 5341 6119 7150 
14041 4367 5466 5482 
14042 1195 1194 7485 
14043 1263 1262 7493 
14044 1360 4645 7666 
14045 5433 4736 7556 
14046 5255 5929 6758 
14047 6090 7495 7768 
14048 5442 5057 5615 
14049 6654 6996 8300 
14050 1092 1091 7400 
14051 5431 7006 8161 
14052 5560 5769 7712 
14053 5416 7706 8216 
14054 1091 6548 7400 
14055 5236 605 7735 
14056 4708 4600 4910 
14057 7299 5591 7795 
14058 5314 1379 8358 
14059 5442 5615 5656 
14060 4637 4662 5004 
14061 4586 4811 5021 
14062 5841 6878 7311 
14063 6034 5044 7789 
14064 5237 7515 7614 
14065 5607 6964 7592 
14066 4873 897 7354 
14067 4586 4585 4811 
14068 4935 4636 5502 
14069 970 969 7880 
14070 305 4581 7376 
14071 7661 6934 8112 
14072 5112 5835 8462 
14073 678 679 7651 
14074 26 27 7694 
14075 1297 4612 8151 
14076 6582 4973 7429 
14077 5971 5969 8315 
14078 4703 5159 7265 
14079 6592 7215 7760 
14080 6694 6153 8082 
14081 6256 4735 7413 
14082 7420 4469 8414 
14083 5338 1009 7893 
14084 4353 4354 4397 
14085 4791 5960 7141 
14086 5335 6372 7596 
14087 144 145 8145 
14088 767 768 7329 
14089 304 305 7376 
14090 688 689 7369 
14091 5196 6831 7345 
14092 6475 4605 8080 
14093 5661 7002 7003 
14094 6453 6455 7358 
14095 4680 7143 7588 
14096 5376 7661 8112 
14097 237 4342 7744 
14098 7115 529 7209 
14099 5689 6101 7262 
14100 4403 4470 8140 
14101 1130 1129 7432 
14102 4924 6507 8218 
14103 4811 4812 5211 
14104 4796 6605 8104 
14105 6091 5557 7343 
14106 5405 5297 6032 
14107 4635 274 4636 
14108 5638 5637 7364 
14109 6849 6973 8143 
14110 7176 5611 7919 
14111 5484 1366 7962 
14112 6350 7462 7973 
14113 4974 4973 5508 
14114 6138 7269 7954 
14115 6782 6156 7359 
14116 4504 4505 4532 
14117 5154 5594 7155 
14118 4704 1229 7379 
14119 844 5012 7732 
14120 1229 1228 7379 
14121 419 4869 8043 
14122 633 4335 7769 
14123 4637 5709 7233 
14124 6709 6776 7353 
14125 7206 5152 7235 
14126 5552 1398 7865 
14127 4377 4442 4443 
14128 5962 6926 8262 
14129 5811 7279 7849 
14130 4504 4501 4505 
14131 1416 4590 8230 
14132 6105 5703 7454 
14133 6274 5890 7317 
14134 420 5222 7356 
14135 6058 6793 8084 
14136 415 416 7433 
14137 5311 4834 7576 
14138 5215 5038 6036 
14139 5625 7277 7532 
14140 1244 7573 8052 
14141 6389 8191 8445 
14142 5299 5717 7814 
14143 5423 5421 7793 
14144 277 278 7391 
14145 832 831 7360 
14146 863 5324 7825 
14147 6909 6010 7757 
14148 6678 7501 8071 
14149 6973 4837 8143 
14150 4921 6149 7945 
14151 7306 7305 8203 
14152 4377 4376 4442 
14153 5661 5174 7002 
14154 7069 4740 8210 
14155 402 403 7801 
14156 5460 4991 5461 
14157 807 4609 7589 
14158 1408 4620 8020 
14159 806 807 7589 
14160 4499 4501 4504 
14161 6051 5702 7129 
14162 5919 5930 8125 
14163 5677 7268 7837 
14164 6080 7091 7571 
14165 4516 5123 7164 
14166 4375 238 7870 
14167 7123 5582 7677 
14168 58 59 7984 
14169 4975 6564 8149 
14170 6589 7913 8171 
14171 209 210 7451 
14172 4926 4708 5038 
14173 6540 4822 8063 
14174 5104 174 7518 
14175 4500 376 7247 
14176 6457 6983 7988 
14177 1078 1077 7453 
14178 4831 5855 8407 
14179 5796 6025 7943 
14180 5442 5656 7197 
14181 5811 4929 7279 
14182 5255 4431 5929 
14183 6010 5662 7285 
14184 881 4333 5958 
14185 1254 1253 7519 
14186 4861 1359 7541 
14187 6171 109 8131 
14188 6976 4906 7313 
14189 513 5241 7529 
14190 1033 1032 7395 
14191 6432 6072 7465 
14192 4347 4376 4377 
14193 5156 7133 7211 
14194 7195 4542 7451 
14195 6698 4392 8252 
14196 5006 4814 7361 
14197 793 4988 7736 
14198 4948 1408 8020 
14199 6494 6082 7392 
14200 7090 5202 8156 
14201 1076 1075 7538 
14202 5332 721 8091 
14203 174 175 7518 
14204 325 326 7407 
14205 4511 4600 4708 
14206 1194 5726 7485 
14207 6413 7021 7659 
14208 5911 6598 8097 
14209 1321 1320 7397 
14210 7831 6970 7981 
14211 502 503 7370 
14212 5862 7784 7949 
14213 5211 5478 6022 
14214 4908 7176 7830 
14215 5642 5641 8366 
14216 143 144 7399 
14217 5861 1078 7453 
14218 4480 1076 7538 
14219 4836 6605 8206 
14220 5132 325 7407 
14221 5056 5057 5442 
14222 5376 1178 7661 
14223 7045 5655 7605 
14224 5401 4651 7299 
14225 4637 4553 4662 
14226 5198 1126 7684 
14227 4556 1092 7400 
14228 4768 6671 7662 
14229 5669 6802 7534 
14230 5539 6431 8044 
14231 4651 7051 7299 
14232 7022 5098 7456 
14233 6718 5508 7645 
14234 5153 4874 7419 
14235 4455 314 7449 
14236 6733 4884 7608 
14237 6589 4995 7714 
14238 5244 5099 5617 
14239 4447 6866 7510 
14240 6531 6255 7828 
14241 5729 6962 8065 
14242 5614 695 7472 
14243 4669 7824 8058 
14244 5004 5005 5673 
14245 4751 5695 7382 
14246 5757 6080 7864 
14247 7683 4816 7990 
14248 7261 4465 7857 
14249 6603 6601 8409 
14250 879 5213 8093 
14251 5538 4946 7191 
14252 4503 4359 7956 
14253 4696 5080 7342 
14254 6002 6005 7403 
14255 5676 6591 8288 
14256 7609 359 7715 
14257 6540 5564 7217 
14258 4798 4658 7635 
14259 4923 6546 8320 
14260 6041 6366 7652 
14261 5097 8472 8474 
14262 1394 1393 6902 
14263 5470 6731 7978 
14264 6039 7658 7924 
14265 722 5555 8091 
14266 5629 6537 7606 
14267 7179 6362 7741 
14268 4983 5194 7314 
14269 6163 7274 7275 
14270 6103 5829 8005 
14271 5808 5809 5810 
14272 5627 6629 7639 
14273 4411 6733 7691 
14274 1055 6129 7393 
14275 6071 5296 7100 
14276 7679 5939 8405 
14277 6967 4815 7371 
14278 607 608 7406 
14279 5862 883 7784 
14280 5105 6909 7757 
14281 5592 5667 7387 
14282 4365 303 7525 
14283 375 4498 4668 
14284 5598 5731 7646 
14285 6977 7198 8029 
14286 41 7440 8453 
14287 27 5457 7694 
14288 7338 6860 8242 
14289 5907 6383 8433 
14290 272 5808 6373 
14291 884 8 7443 
14292 710 711 7815 
14293 214 215 7897 
14294 6153 7572 8082 
14295 6626 6970 7831 
14296 4841 5524 7611 
14297 401 5710 7891 
14298 6977 6348 8023 
14299 5573 6884 8072 
14300 6406 6425 7986 
14301 977 5427 7560 
14302 8058 7824 8311 
14303 6404 6571 7754 
14304 303 304 7525 
14305 5909 7409 7529 
14306 5231 4881 8015 
14307 6275 5947 7337 
14308 6366 7009 7652 
14309 4335 6856 7769 
14310 6054 5310 7402 
14311 4931 5425 5426 
14312 6448 6291 7638 
14313 8 5414 7443 
14314 225 5208 8113 
14315 5670 7862 8183 
14316 984 6063 8443 
14317 6889 4578 8325 
14318 7250 4430 8376 
14319 5240 686 7546 
14320 6880 4678 8144 
14321 6866 7082 7510 
14322 6761 5718 7817 
14323 258 4367 7800 
14324 5709 5004 7227 
14325 7214 4381 7705 
14326 6407 7577 8174 
14327 5628 6756 7466 
14328 5390 4983 7314 
14329 7818 6073 8432 
14330 1052 1051 7569 
14331 5685 6539 7838 
14332 5834 7263 8212 
14333 833 832 7591 
14334 6538 5795 7660 
14335 5201 1052 7569 
14336 4790 4544 7415 
14337 5871 1257 7726 
14338 6270 1316 7835 
14339 5415 6761 7817 
14340 7592 4918 8204 
14341 5824 5445 7394 
14342 4657 6896 7390 
14343 6238 6503 8027 
14344 934 933 8031 
14345 7061 5598 7646 
14346 4360 4404 7632 
14347 4601 5099 5244 
14348 5163 5154 7155 
14349 5426 6283 6536 
14350 238 4654 7870 
14351 5024 42 7408 
14352 4936 5747 7440 
14353 728 729 7428 
14354 4378 4377 7219 
14355 6649 7622 7916 
14356 4341 4523 4524 
14357 7294 4446 7587 
14358 5820 1117 7534 
14359 5098 6925 7488 
14360 5427 5979 8182 
14361 6605 6603 8206 
14362 4392 1217 7439 
14363 6532 6563 8190 
14364 5678 7258 7259 
14365 337 338 8307 
14366 7149 5484 7962 
14367 316 4520 7431 
14368 1157 5281 7503 
14369 4445 450 7464 
14370 5273 5430 8308 
14371 6635 5740 8102 
14372 6346 6977 8316 
14373 1217 1216 7439 
14374 7296 5983 7297 
14375 4836 38 8104 
14376 224 225 8113 
14377 7473 8277 8478 
14378 5955 5957 8329 
14379 6995 5209 8413 
14380 7271 4401 8260 
14381 4724 7072 7862 
14382 7385 5149 7386 
14383 1339 5389 7452 
14384 6631 5258 7718 
14385 210 5055 7451 
14386 5257 202 7491 
14387 7169 5778 7787 
14388 1180 1179 8129 
14389 6697 6698 7444 
14390 4928 5475 7302 
14391 7169 7787 8115 
14392 5098 4639 7456 
14393 7151 5724 7257 
14394 1420 4583 7344 
14395 6187 7056 8162 
14396 6168 6715 7448 
14397 7505 7547 8119 
14398 5604 5606 7436 
14399 6485 4463 7404 
14400 1179 5376 8129 
14401 680 681 7325 
14402 5972 1038 8484 
14403 6928 6883 7914 
14404 4972 6948 7578 
14405 7266 6811 7941 
14406 6947 5240 8381 
14407 4545 656 8135 
14408 273 4635 4714 
14409 845 844 7732 
14410 338 339 7469 
14411 393 4597 7983 
14412 7729 6056 7902 
14413 84 85 7966 
14414 4518 6728 7455 
14415 4719 589 7470 
14416 450 451 7464 
14417 6503 4357 7813 
14418 7784 826 7949 
14419 4647 7448 8401 
14420 6056 8124 8469 
14421 6129 1054 7773 
14422 4372 7179 7741 
14423 4863 6168 7806 
14424 5683 5682 7383 
14425 5520 884 7443 
14426 7317 5890 7437 
14427 7505 4812 7547 
14428 6063 7096 7366 
14429 252 5526 7873 
14430 94 95 8211 
14431 626 4760 8167 
14432 6548 4506 8132 
14433 5010 4807 7396 
14434 4656 4845 7424 
14435 5836 5760 7331 
14436 7041 5701 7351 
14437 5906 5904 7401 
14438 7096 5674 7366 
14439 5794 6419 7660 
14440 5698 1254 7519 
14441 7505 7227 8377 
14442 378 379 7575 
14443 4428 4944 7492 
14444 6496 5694 7885 
14445 4332 4340 7277 
14446 7199 4873 7354 
14447 6391 5021 6960 
14448 175 4330 7518 
14449 5452 7184 7707 
14450 7104 5675 7947 
14451 408 4486 7621 
14452 7314 5764 8392 
14453 7246 6240 8170 
14454 4593 4384 4687 
14455 7172 4870 7577 
14456 7981 4914 8061 
14457 1178 1177 7661 
14458 7544 5162 7606 
14459 4328 4360 7632 
14460 291 4444 7471 
14461 7134 5090 7270 
14462 5424 6554 7410 
14463 4874 5489 7419 
14464 5673 5005 5674 
14465 4471 5400 7509 
14466 251 252 7873 
14467 4715 4398 7418 
14468 5589 7516 7826 
14469 5821 94 8211 
14470 4388 4538 4607 
14471 6123 5333 7272 
14472 6309 6312 7457 
14473 5521 6130 7861 
14474 6733 7608 7691 
14475 215 5128 7897 
14476 6954 5332 8091 
14477 4906 5558 7313 
14478 6523 6522 7517 
14479 7181 6062 8045 
14480 4988 6911 7736 
14481 7056 4525 8162 
14482 5159 5935 8423 
14483 5586 6982 8467 
14484 6938 6973 8292 
14485 686 687 7546 
14486 7182 6352 7819 
14487 695 696 7472 
14488 6684 4383 7535 
14489 6567 5440 8099 
14490 6099 866 7508 
14491 4946 4681 7191 
14492 687 4674 7546 
14493 6982 5586 7945 
14494 1077 4480 7453 
14495 6759 1159 7459 
14496 6227 4582 7530 
14497 735 6565 7438 
14498 6415 7631 8478 
14499 966 965 8165 
14500 5151 719 7567 
14501 5615 7208 7803 
14502 157 5827 8008 
14503 589 590 7470 
14504 1231 1230 8207 
14505 156 157 8008 
14506 4458 8225 8481 
14507 4842 680 7325 
14508 719 720 7567 
14509 5618 5305 8463 
14510 6483 5639 8245 
14511 4854 4572 7265 
14512 7902 6056 8469 
14513 6493 5818 8039 
14514 437 438 7571 
14515 6020 5165 7460 
14516 4973 930 7429 
14517 5594 6543 7232 
14518 5590 7310 7649 
14519 7461 7653 7654 
14520 4585 4496 7547 
14521 98 99 7483 
14522 4608 4538 7772 
14523 4821 7086 7590 
14524 4417 4405 7463 
14525 438 4793 7571 
14526 6253 7289 8421 
14527 4730 4535 7852 
14528 6343 6341 7501 
14529 7617 5805 8217 
14530 5736 7340 8187 
14531 5015 7178 7597 
14532 7139 47 8050 
14533 6977 4614 8316 
14534 7066 7280 7929 
14535 4543 7100 8275 
14536 1038 4456 8484 
14537 895 894 7476 
14538 5004 4662 5005 
14539 1128 1127 7562 
14540 4920 198 7502 
14541 7047 5331 8056 
14542 6646 6903 7764 
14543 5199 7297 7989 
14544 5056 5442 7278 
14545 67 68 7636 
14546 132 4846 7935 
14547 7537 5961 7888 
14548 5554 6824 7738 
14549 5093 71 7952 
14550 5200 6545 8219 
14551 5123 420 7356 
14552 99 5716 7483 
14553 4834 4608 7576 
14554 7434 226 7939 
14555 5457 28 7588 
14556 4729 137 7060 
14557 4677 4505 7244 
14558 6599 806 7589 
14559 1418 4511 7381 
14560 6963 5245 7543 
14561 5417 1231 8207 
14562 4657 7390 8049 
14563 1354 1353 8290 
14564 4461 171 7812 
14565 171 172 7812 
14566 5892 6065 7579 
14567 1147 1146 7482 
14568 5917 6213 7829 
14569 5571 5157 8142 
14570 6692 6221 7517 
14571 4693 5064 7522 
14572 6959 6958 7980 
14573 909 5162 7544 
14574 521 522 7821 
14575 6012 7789 7790 
14576 601 4669 7854 
14577 5700 5713 7526 
14578 6564 6046 8149 
14579 5949 7575 7776 
14580 198 199 7502 
14581 4775 4523 7611 
14582 5537 709 8168 
14583 6484 833 7591 
14584 7737 6992 7910 
14585 5237 6764 7515 
14586 4572 4703 7265 
14587 6124 5832 7423 
14588 5906 7186 8424 
14589 4681 4794 7191 
14590 5630 5746 7475 
14591 5617 5099 5949 
14592 6285 5576 8417 
14593 6761 7396 7663 
14594 4557 7246 8170 
14595 1316 1315 7835 
14596 5648 344 7972 
14597 5051 4734 7467 
14598 504 4384 4592 
14599 6714 4821 7590 
14600 7088 5933 7360 
14601 1262 4856 7493 
14602 4544 6066 7415 
14603 1169 4603 8399 
14604 4935 5502 5543 
14605 5150 5740 8255 
14606 1257 1256 7726 
14607 5068 7165 7898 
14608 7094 970 7880 
14609 4523 4841 7611 
14610 5081 7104 7947 
14611 131 132 7935 
14612 423 424 7507 
14613 6887 5185 7479 
14614 4383 1309 7702 
14615 6818 4355 8272 
14616 4934 632 7769 
14617 6633 4380 7731 
14618 7644 5357 8480 
14619 5564 5989 7217 
14620 7346 7345 7967 
14621 6687 5063 8363 
14622 4895 725 7896 
14623 7133 5176 7350 
14624 195 4525 8305 
14625 6253 8258 8413 
14626 4563 4442 4565 
14627 5656 5615 7803 
14628 5802 5481 7420 
14629 292 293 7537 
14630 6225 7294 7587 
14631 4592 4593 4594 
14632 5909 5727 7409 
14633 5467 6804 7490 
14634 4536 4731 7300 
14635 39 4796 8104 
14636 4697 995 8491 
14637 82 6765 8152 
14638 526 8313 8321 
14639 5861 6935 7708 
14640 8011 5220 8195 
14641 123 124 7925 
14642 5791 7887 7920 
14643 6952 6686 7811 
14644 7283 6267 8282 
14645 5708 944 8089 
14646 4778 4776 7499 
14647 5052 836 8355 
14648 4880 5163 7263 
14649 5235 5061 7496 
14650 5849 6828 7486 
14651 4535 4744 7852 
14652 1199 5357 7644 
14653 59 7023 7984 
14654 1376 5344 7968 
14655 6686 4836 8206 
14656 5185 6876 7479 
14657 6501 6136 7766 
14658 5161 6322 8310 
14659 6913 4346 8047 
14660 4763 6699 7776 
14661 6374 5810 7552 
14662 4765 6640 7630 
14663 7103 6060 8236 
14664 6644 6647 7936 
14665 4463 4679 7404 
14666 6515 6516 7785 
14667 7950 4407 7993 
14668 5396 5383 7190 
14669 5101 5462 7430 
14670 6562 5681 8090 
14671 4402 4503 7462 
14672 5447 5448 7792 
14673 7070 5917 7829 
14674 5702 5460 7201 
14675 5090 956 7446 
14676 6557 6558 7707 
14677 7009 5259 7652 
14678 8472 5200 8474 
14679 1182 1181 8246 
14680 5775 6839 7474 
14681 7086 5049 7324 
14682 6378 1182 8246 
14683 7406 5295 8335 
14684 7275 4865 8192 
14685 5384 6420 8101 
14686 5057 4464 7268 
14687 4553 4554 7676 
14688 7350 5176 8178 
14689 7037 4606 7347 
14690 5460 6357 7201 
14691 6092 7183 8364 
14692 5957 6991 8329 
14693 737 738 7422 
14694 6917 194 8305 
14695 4636 274 7326 
14696 7173 405 8394 
14697 7341 6036 7801 
14698 4464 4374 7268 
14699 1368 1367 7796 
14700 820 4471 7509 
14701 4592 4594 6046 
14702 7356 5222 7357 
14703 723 724 8041 
14704 41 4936 7440 
14705 5315 5076 7425 
14706 5442 7197 7278 
14707 7916 7622 8447 
14708 6048 123 7925 
14709 1117 1116 7534 
14710 5381 7410 8196 
14711 5952 6497 7365 
14712 7672 5736 8187 
14713 6033 6166 7618 
14714 5603 5752 8273 
14715 4662 4553 7676 
14716 6487 4887 7699 
14717 6790 5248 8371 
14718 6192 6195 7565 
14719 7895 4519 8244 
14720 5925 6424 7815 
14721 5945 4485 7840 
14722 1216 1215 7566 
14723 4761 4536 7300 
14724 7019 7020 8181 
14725 1215 4692 7566 
14726 724 5007 8041 
14727 634 635 8388 
14728 6420 4941 8438 
14729 4639 5035 7456 
14730 5934 7367 8213 
14731 5550 4887 5551 
14732 6385 5542 7450 
14733 5432 149 7747 
14734 5807 5889 7458 
14735 7155 5594 7232 
14736 4978 1300 7933 
14737 6620 6621 8348 
14738 6224 6225 7587 
14739 5268 6932 7441 
14740 4943 5074 8222 
14741 6203 6100 7433 
14742 7241 5823 8047 
14743 6259 7413 7946 
14744 758 759 7987 
14745 4925 6998 8033 
14746 5079 5470 7978 
14747 179 180 7761 
14748 6520 5459 8120 
14749 739 5685 7838 
14750 6767 5585 7633 
14751 727 5134 7756 
14752 177 178 7540 
14753 7714 4995 8281 
14754 5684 6914 7269 
14755 4931 4636 4935 
14756 6843 7338 8242 
14757 6973 5870 8292 
14758 180 5759 7761 
14759 5100 7109 7675 
14760 5749 7611 8148 
14761 6430 5561 7941 
14762 5932 5058 7524 
14763 4377 4443 7219 
14764 5692 5690 7548 
14765 7254 5926 7942 
14766 1281 4832 8434 
14767 6017 6952 7811 
14768 7789 5044 7790 
14769 7190 5863 7958 
14770 5865 6575 7892 
14771 5737 5739 7539 
14772 7124 5936 8123 
14773 4452 256 8302 
14774 8246 1181 8303 
14775 4942 4880 7263 
14776 5736 4797 7523 
14777 81 82 8152 
14778 6905 4564 7434 
14779 7969 7472 8121 
14780 4817 6045 7616 
14781 5687 139 7996 
14782 4868 810 7557 
14783 6217 6287 7695 
14784 6230 5186 7602 
14785 356 5627 7639 
14786 7509 5400 8346 
14787 720 5332 7567 
14788 538 4768 7662 
14789 7081 6531 7828 
14790 6650 4372 7741 
14791 5280 771 8277 
14792 7577 6407 8322 
14793 5834 6592 7648 
14794 7876 6376 8266 
14795 391 5875 8066 
14796 5844 4414 8333 
14797 6858 6201 7499 
14798 7556 5811 7849 
14799 5356 6691 7601 
14800 1007 5764 7613 
14801 4826 367 7729 
14802 4483 4750 7405 
14803 1111 5896 7722 
14804 7264 5339 8158 
14805 7034 5243 8253 
14806 6128 758 7987 
14807 5170 6071 7892 
14808 5004 5673 7227 
14809 7485 5750 7637 
14810 1180 6536 8303 
14811 152 153 8351 
14812 918 917 7806 
14813 7848 6810 8489 
14814 352 353 7561 
14815 5633 5758 7477 
14816 6007 7283 8282 
14817 368 6056 7729 
14818 6479 7545 7677 
14819 6691 5728 7601 
14820 5450 964 7559 
14821 6382 7799 8415 
14822 6615 7047 8056 
14823 262 4831 8407 
14824 6959 7980 8388 
14825 6268 7283 8058 
14826 4668 4887 5550 
14827 1051 5242 7569 
14828 6691 5925 7879 
14829 5982 5219 8466 
14830 5577 7202 8013 
14831 6902 1393 6903 
14832 4635 4636 4931 
14833 797 5407 7704 
14834 6842 6843 8242 
14835 6537 7544 7606 
14836 6129 7264 8158 
14837 5325 1354 8290 
14838 5055 7081 7828 
14839 5426 5425 6283 
14840 7099 6593 7375 
14841 7554 7309 7555 
14842 4380 6917 7731 
14843 5091 4431 5255 
14844 7421 4358 7866 
14845 5779 4907 8002 
14846 545 546 8286 
14847 1105 5968 8180 
14848 965 5631 8165 
14849 5269 1240 8042 
14850 6241 6731 8170 
14851 4792 5797 7468 
14852 4910 5405 7312 
14853 7121 4806 7564 
14854 6539 6022 7422 
14855 1125 6409 7684 
14856 1003 1002 8233 
14857 6093 6216 7671 
14858 1255 5698 7940 
14859 6713 5634 7527 
14860 1195 7485 7637 
14861 494 4413 7628 
14862 4449 7198 8023 
14863 4596 4975 8149 
14864 6664 6216 7701 
14865 7107 7108 7533 
14866 1008 1007 7613 
14867 7773 5201 8468 
14868 5965 6689 7596 
14869 579 580 7921 
14870 6109 6107 8117 
14871 5478 4812 7505 
14872 5470 5081 7947 
14873 1308 6120 7702 
14874 736 737 8018 
14875 6711 7033 7791 
14876 5866 5867 7678 
14877 580 5572 7921 
14878 5133 5037 7553 
14879 276 5246 7809 
14880 28 29 7588 
14881 5094 4732 7616 
14882 6779 261 7204 
14883 409 410 8445 
14884 7031 5822 7427 
14885 7253 5082 8426 
14886 6334 4366 8038 
14887 6278 6480 7583 
14888 1026 6718 8490 
14889 4931 4935 5425 
14890 6488 6224 8259 
14891 1367 5484 7796 
14892 5158 6693 7730 
14893 7402 4909 7958 
14894 7575 4763 7776 
14895 6701 6702 7842 
14896 5852 5530 7712 
14897 7106 4533 7799 
14898 6688 152 8351 
14899 6127 5166 8114 
14900 8164 6719 8342 
14901 4877 4942 7272 
14902 749 750 8022 
14903 663 664 7681 
14904 1230 4704 8207 
14905 7386 7175 8064 
14906 5348 4729 7060 
14907 5900 6441 7991 
14908 4583 4879 7344 
14909 5235 7496 7497 
14910 1106 1105 8180 
14911 6621 6623 7585 
14912 4702 985 8387 
14913 796 797 7704 
14914 5171 6369 7404 
14915 6887 7479 7650 
14916 6583 1170 8399 
14917 255 4452 8450 
14918 4678 535 8359 
14919 7724 6966 8098 
14920 1327 5494 7965 
14921 6601 7589 8409 
14922 5005 5105 7366 
14923 5084 5596 8109 
14924 5461 4991 7863 
14925 920 919 7640 
14926 738 739 7838 
14927 7585 5246 8378 
14928 6748 8132 8402 
14929 1235 1234 7599 
14930 6329 7171 7417 
14931 6919 7713 7932 
14932 526 527 8313 
14933 4592 4384 4593 
14934 6300 6297 7604 
14935 7515 5982 8087 
14936 4876 4877 7272 
14937 5688 7220 7767 
14938 5221 6905 7818 
14939 5625 4332 7277 
14940 7450 5542 7822 
14941 6737 6738 7612 
14942 597 4621 7745 
14943 5252 6167 7919 
14944 4451 7092 7638 
14945 5508 6582 7645 
14946 5506 537 7662 
14947 4505 4501 7244 
14948 6706 5234 7698 
14949 6402 6974 8314 
14950 6649 5857 7622 
14951 4394 1112 7722 
14952 5211 6539 7412 
14953 6948 6949 7578 
14954 6671 5506 7662 
14955 184 185 7615 
14956 709 710 8168 
14957 5539 1200 7644 
14958 5937 6335 8193 
14959 6777 5645 7558 
14960 5323 7531 7700 
14961 6373 6374 7990 
14962 5920 6774 7798 
14963 111 6984 8429 
14964 4629 204 7703 
14965 5739 5738 7608 
14966 5930 7349 8125 
14967 5120 7099 7429 
14968 350 351 7619 
14969 6953 5093 7779 
14970 4771 4781 7570 
14971 6126 7318 8223 
14972 917 4863 7806 
14973 5798 7432 8103 
14974 6170 5390 8392 
14975 5333 4876 7272 
14976 152 6688 8299 
14977 6094 6431 8480 
14978 7464 8278 8380 
14979 5538 7191 7641 
14980 6597 4455 7748 
14981 6903 4865 7445 
14982 5689 7262 7510 
14983 7839 7039 7856 
14984 1082 1081 8028 
14985 6086 6532 8190 
14986 650 7230 8026 
14987 6200 6433 7881 
14988 1363 5351 7627 
14989 7032 5710 7877 
14990 5561 7266 7941 
14991 1126 1125 7684 
14992 7228 7229 8373 
14993 7144 7981 8061 
14994 5554 67 7636 
14995 1081 4774 8028 
14996 7191 4794 7332 
14997 7473 5280 8277 
14998 1138 1137 7840 
14999 4374 4809 7268 
15000 4485 1138 7840 
15001 4733 4693 7522 
15002 6630 7063 8069 
15003 6144 4960 7961 
15004 6243 6915 7870 
15005 493 494 7628 
15006 4955 245 7975 
15007 836 4626 8355 
15008 4506 6588 8402 
15009 64 5812 7706 
15010 5827 158 8173 
15011 5754 6009 7623 
15012 1048 5161 7771 
15013 4850 1176 8332 
15014 7381 5955 8329 
15015 158 159 8173 
15016 6888 5489 8081 
15017 6739 6965 7531 
15018 1053 5201 7773 
15019 944 945 8089 
15020 7672 7259 8235 
15021 1200 1199 7644 
15022 7248 4328 7632 
15023 4918 6417 8204 
15024 4989 973 7658 
15025 5764 7314 8280 
15026 4668 4498 4887 
15027 6283 8246 8303 
15028 4704 6846 8207 
15029 5790 7385 7386 
15030 7054 4519 7895 
15031 5214 6893 8187 
15032 4720 8404 8427 
15033 4659 7083 7635 
15034 155 4762 7657 
15035 5765 79 7950 
15036 162 4614 8029 
15037 6302 6315 7634 
15038 7032 6533 7891 
15039 5960 5959 7473 
15040 5601 5819 7586 
15041 5019 4699 7568 
15042 537 538 7662 
15043 5612 7062 7494 
15044 6326 5607 7592 
15045 7078 5739 8276 
15046 5864 7395 7626 
15047 6385 6656 8177 
15048 149 150 7747 
15049 1145 5897 8318 
15050 916 915 8002 
15051 4794 4563 7389 
15052 5367 5841 7620 
15053 1365 5788 7962 
15054 1201 5539 7674 
15055 5812 65 7738 
15056 7264 7773 8468 
15057 1196 1195 7637 
15058 4525 7056 8305 
15059 4477 4972 7602 
15060 7298 5788 7627 
15061 5963 6922 8236 
15062 7194 5568 8458 
15063 6580 7498 7926 
15064 7191 7332 7641 
15065 1044 1043 7624 
15066 367 368 7729 
15067 4352 6596 8154 
15068 6043 678 7651 
15069 4933 6664 7701 
15070 6820 5466 8130 
15071 4980 7103 8236 
15072 7280 5137 7929 
15073 6824 5812 7738 
15074 7312 7032 7877 
15075 8012 1259 8343 
15076 4446 7294 8200 
15077 63 64 7706 
15078 5718 6761 7663 
15079 5710 7032 7891 
15080 6637 6040 7859 
15081 7314 5194 8280 
15082 5661 7064 7992 
15083 319 320 7667 
15084 5402 7014 8385 
15085 5767 5559 7705 
15086 6009 7384 8482 
15087 7193 6619 7697 
15088 4708 4910 7312 
15089 4808 319 7667 
15090 4358 7421 7955 
15091 4812 4585 7547 
15092 5188 5864 7626 
15093 6351 6350 7973 
15094 7608 5738 7691 
15095 7186 5906 7469 
15096 5967 5590 7649 
15097 6623 6622 8289 
15098 7185 5763 7399 
15099 4501 4601 7244 
15100 5038 4708 7312 
15101 11 4385 7679 
15102 4582 6030 7909 
15103 4625 5000 7426 
15104 6056 369 8124 
15105 6231 6230 8403 
15106 5463 7659 7938 
15107 5616 796 7704 
15108 710 7815 8168 
15109 1193 1192 8153 
15110 1112 1111 7722 
15111 7369 5345 8019 
15112 5692 7548 7831 
15113 7401 5904 7805 
15114 5723 6985 7550 
15115 204 205 7703 
15116 205 5371 7703 
15117 4365 7525 7558 
15118 65 66 7738 
15119 4511 4926 7381 
15120 5416 63 7706 
15121 5969 6754 8315 
15122 5927 7254 7421 
15123 7302 6680 7572 
15124 522 7077 7821 
15125 6216 5693 7701 
15126 7405 5643 8001 
15127 931 4974 8157 
15128 6693 6200 7730 
15129 1414 6711 7791 
15130 664 4970 7681 
15131 5421 5562 7793 
15132 5502 4636 7326 
15133 5624 6946 8202 
15134 5897 1144 8460 
15135 1206 6663 8014 
15136 4597 394 8449 
15137 4835 8136 8263 
15138 1211 4358 7955 
15139 5879 5877 7675 
15140 7059 5881 7603 
15141 6807 6808 8334 
15142 5620 6649 7916 
15143 5928 5510 7669 
15144 5634 6245 7527 
15145 5542 5293 7822 
15146 5913 5254 8040 
15147 5260 5859 8078 
15148 6005 6006 7687 
15149 4676 4917 7743 
15150 8244 6875 8479 
15151 79 80 7950 
15152 7268 4809 7837 
15153 677 6043 7758 
15154 5743 7113 7874 
15155 7122 5432 7747 
15156 5538 6905 8053 
15157 4486 409 8445 
15158 5977 6118 8323 
15159 6656 6385 8383 
15160 4645 5175 7666 
15161 245 246 7975 
15162 557 558 7911 
15163 7041 5828 7727 
15164 4560 7381 8329 
15165 5906 7401 7469 
15166 4422 470 8415 
15167 5890 6971 7437 
15168 5779 7654 8464 
15169 3 5804 8051 
15170 7046 4697 7878 
15171 4795 7113 7994 
15172 7500 5971 8315 
15173 4369 1087 7700 
15174 6586 5427 8182 
15175 4664 7070 7829 
15176 7083 6581 7635 
15177 6092 6720 8225 
15178 676 677 7758 
15179 6994 5807 8019 
15180 1258 5871 8343 
15181 404 7173 7341 
15182 7839 6368 8431 
15183 5816 6744 8198 
15184 5896 1110 8379 
15185 150 4866 7747 
15186 7447 7402 7958 
15187 4687 4384 7484 
15188 6657 5588 8075 
15189 4426 7597 7834 
15190 6643 4545 8433 
15191 4420 4483 7405 
15192 873 6078 8057 
15193 1309 1308 7702 
15194 5966 8114 8260 
15195 5731 6898 8120 
15196 6820 5102 7656 
15197 4344 6870 7680 
15198 6018 6611 8049 
15199 7371 7450 7822 
15200 590 591 7710 
15201 6315 7168 8267 
15202 7254 5817 7421 
15203 6680 5328 8082 
15204 5655 5802 7605 
15205 6357 6584 7541 
15206 7371 4815 7450 
15207 1034 1033 7886 
15208 7552 4850 8332 
15209 6464 7069 8210 
15210 5989 5046 8429 
15211 66 5554 7738 
15212 6920 5786 7777 
15213 102 103 8203 
15214 7345 6831 7967 
15215 417 5328 8054 
15216 6472 6464 7927 
15217 558 5884 7911 
15218 6047 5329 8226 
15219 5903 7629 7805 
15220 4370 111 8429 
15221 7252 398 8312 
15222 5595 7992 8455 
15223 6095 7711 7964 
15224 7882 6994 8019 
15225 5322 5853 7867 
15226 6408 6407 8174 
15227 6742 7538 8137 
15228 5055 7828 8430 
15229 5640 6936 7545 
15230 7288 6496 7885 
15231 6001 5999 7716 
15232 6619 5907 7697 
15233 361 362 7733 
15234 6926 5767 7723 
15235 5063 5496 8363 
15236 618 619 7728 
15237 4697 7321 7878 
15238 4609 7107 7533 
15239 7264 6129 7773 
15240 5738 6817 7691 
15241 6757 7482 8318 
15242 295 5415 7817 
15243 6026 7090 8156 
15244 5931 6857 7609 
15245 5718 294 7817 
15246 5637 5097 8474 
15247 5799 7867 8342 
15248 7326 4379 7327 
15249 7745 4621 8459 
15250 605 606 7735 
15251 5895 4842 7325 
15252 4426 5015 7597 
15253 5853 8164 8342 
15254 6278 7583 7917 
15255 5153 7419 7900 
15256 4699 4497 7568 
15257 7062 7169 7494 
15258 5970 6800 7875 
15259 7205 493 7628 
15260 5897 6757 8318 
15261 5983 6981 7989 
15262 5588 5168 8075 
15263 792 793 7736 
15264 6217 7695 8353 
15265 6383 6887 7650 
15266 5235 7498 8211 
15267 1000 5729 8065 
15268 6696 5896 8379 
15269 7463 4405 8140 
15270 6131 7640 8401 
15271 359 360 7715 
15272 1207 1206 8014 
15273 390 391 8066 
15274 7458 5889 7884 
15275 612 4534 8271 
15276 652 653 7749 
15277 726 727 7756 
15278 4883 6650 7944 
15279 6639 5381 8196 
15280 5874 6615 8056 
15281 30 31 7751 
15282 4474 5722 8306 
15283 7038 7039 7593 
15284 7551 5985 7832 
15285 332 4558 8116 
15286 5105 4662 7676 
15287 5788 7149 7962 
15288 7377 4478 8030 
15289 5340 733 7750 
15290 6995 5844 8333 
15291 5062 7848 8489 
15292 4669 602 7824 
15293 6800 6164 7875 
15294 4395 179 7761 
15295 7289 5730 8421 
15296 925 5145 7923 
15297 7682 6242 8080 
15298 980 979 7774 
15299 6564 6116 7813 
15300 6789 5757 7864 
15301 6960 5685 7506 
15302 979 5697 7774 
15303 4601 5846 7244 
15304 7030 6631 7718 
15305 7294 5884 8200 
15306 1132 6636 8281 
15307 5223 6613 8189 
15308 5762 7030 7718 
15309 5235 7497 7498 
15310 555 6544 8108 
15311 588 4719 8365 
15312 5247 7858 8419 
15313 231 232 7985 
15314 257 258 7800 
15315 7091 437 7571 
15316 6629 6630 7639 
15317 1246 1245 8326 
15318 6069 6236 7900 
15319 1039 5972 8175 
15320 5632 7347 7348 
15321 6798 5394 8283 
15322 4753 7302 7572 
15323 632 633 7769 
15324 5595 5173 7992 
15325 5191 5961 7663 
15326 5861 7708 8086 
15327 7363 5886 8345 
15328 7348 7347 8025 
15329 5726 1193 8153 
15330 200 5216 7872 
15331 7076 6363 8341 
15332 4602 4908 7830 
15333 6007 600 7854 
15334 5274 5179 7781 
15335 71 72 7952 
15336 4605 7682 8080 
15337 1054 1053 7773 
15338 7119 7120 8213 
15339 1315 4453 7835 
15340 4866 151 8299 
15341 6077 7528 7964 
15342 6968 7418 7759 
15343 4996 4833 8309 
15344 5589 6713 7516 
15345 5060 6600 7775 
15346 5279 980 7774 
15347 1223 1222 8264 
15348 635 636 7999 
15349 4919 4684 8107 
15350 369 370 8124 
15351 1137 6616 7840 
15352 1071 4390 8418 
15353 7461 5165 7653 
15354 6017 7811 8317 
15355 6449 7172 7577 
15356 4995 6589 8171 
15357 5627 357 8205 
15358 288 289 8101 
15359 4797 6443 7523 
15360 4679 5171 7404 
15361 5131 1048 7771 
15362 4546 6760 7881 
15363 8143 8144 8389 
15364 6054 7402 7447 
15365 6027 6026 8156 
15366 6867 5831 8352 
15367 199 200 7872 
15368 5413 6077 7964 
15369 5415 296 7937 
15370 289 5384 8101 
15371 140 6337 7996 
15372 4754 7059 7603 
15373 7214 5529 8209 
15374 6290 7106 7799 
15375 4378 7006 8130 
15376 630 631 8004 
15377 4465 6655 7857 
15378 972 971 7924 
15379 6519 7470 7710 
15380 691 6767 8249 
15381 883 882 7784 
15382 4999 6031 7711 
15383 5672 7340 7523 
15384 6756 5504 7794 
15385 6542 6541 7957 
15386 6246 5782 7768 
15387 7113 7843 7994 
15388 5500 1027 8490 
15389 4732 4817 7616 
15390 4342 6879 7744 
15391 6526 5501 8442 
15392 5086 5707 7607 
15393 5522 5135 7727 
15394 7458 7369 8019 
15395 969 6703 7880 
15396 7770 4445 7841 
15397 7860 4920 8169 
15398 5694 6271 7885 
15399 5716 100 7904 
15400 7669 6698 8252 
15401 4760 7416 8167 
15402 4444 292 7888 
15403 7012 4997 8067 
15404 6935 6319 7708 
15405 6102 6758 7576 
15406 7977 6275 8110 
15407 602 603 7824 
15408 80 4407 7950 
15409 5281 1156 8048 
15410 7392 6082 8081 
15411 7496 5061 8238 
15412 5949 5099 7247 
15413 6269 6364 8265 
15414 5674 5005 7366 
15415 6166 6165 8284 
15416 4658 4659 7635 
15417 5236 7735 8457 
15418 6106 5876 7802 
15419 754 755 7816 
15420 5848 5849 7788 
15421 7313 5558 7779 
15422 725 726 7896 
15423 5778 5779 7787 
15424 4868 7557 8317 
15425 4467 571 7500 
15426 6465 8244 8479 
15427 5485 754 7816 
15428 7807 7253 8426 
15429 6849 8143 8389 
15430 5530 5560 7712 
15431 294 295 7817 
15432 6970 4914 7981 
15433 1247 4724 7930 
15434 4674 7458 7884 
15435 742 743 8347 
15436 4618 251 7873 
15437 5062 6727 7848 
15438 829 828 7836 
15439 7021 6109 7659 
15440 7092 6448 7638 
15441 4884 521 7821 
15442 4749 4420 7405 
15443 100 101 7904 
15444 5735 1288 8016 
15445 6659 4625 7426 
15446 6376 6375 8266 
15447 5899 8068 8199 
15448 5946 6567 8122 
15449 4907 916 8002 
15450 5853 5854 8164 
15451 5921 6595 8024 
15452 6233 6232 8094 
15453 4614 6977 8029 
15454 600 601 7854 
15455 4721 390 8066 
15456 755 4613 7816 
15457 7082 5689 7510 
15458 864 863 7825 
15459 1319 4851 7908 
15460 5851 6546 7642 
15461 6032 5297 7734 
15462 7462 4503 7973 
15463 6645 6644 7936 
15464 4974 6827 8157 
15465 5875 392 7983 
15466 7147 5197 7579 
15467 5924 5253 8053 
15468 4468 1094 8488 
15469 4674 7369 7458 
15470 6716 6454 7895 
15471 4603 7303 8399 
15472 6751 5692 7831 
15473 7395 6381 7626 
15474 5129 5589 7826 
15475 428 429 7859 
15476 4638 1000 8065 
15477 6692 4568 8286 
15478 7558 6927 8155 
15479 8003 6084 8033 
15480 4654 6243 7870 
15481 7655 5779 8002 
15482 5670 1248 7930 
15483 6097 6587 8296 
15484 4865 12 8192 
15485 4941 286 8438 
15486 5108 6992 7778 
15487 7401 338 7469 
15488 614 7223 8268 
15489 6500 6502 7979 
15490 7456 5911 8097 
15491 1248 1247 7930 
15492 5123 7356 7894 
15493 5931 7609 7715 
15494 357 358 8205 
15495 5021 4811 7412 
15496 307 4665 7513 
15497 7554 7555 8446 
15498 4931 5426 7753 
15499 5176 2 8454 
15500 1317 6270 8118 
15501 7397 7423 8272 
15502 201 5257 8439 
15503 400 401 7891 
15504 1373 5372 8298 
15505 370 4578 8124 
15506 4416 4515 7827 
15507 5300 7392 8081 
15508 4954 6811 8042 
15509 5099 4500 7247 
15510 912 6499 7906 
15511 6255 6257 7828 
15512 7928 7472 7969 
15513 6352 6482 7819 
15514 1374 1373 8298 
15515 6960 5021 7412 
15516 5394 6093 8283 
15517 6991 4560 8329 
15518 1288 1287 8016 
15519 5766 7744 7901 
15520 6477 7044 7993 
15521 8404 5066 8427 
15522 711 712 7879 
15523 5247 5160 7858 
15524 1300 1299 7933 
15525 7401 7805 8307 
15526 103 7306 8203 
15527 7049 4395 7761 
15528 1155 6096 8048 
15529 4720 5965 8404 
15530 6689 5921 8024 
15531 7109 5879 7675 
15532 7615 6460 7643 
15533 6237 5931 7715 
15534 1192 7003 8153 
15535 6545 6264 8219 
15536 5359 6635 8102 
15537 4811 5211 7412 
15538 6781 5601 7842 
15539 4953 4899 7851 
15540 5929 7214 8209 
15541 4655 231 7985 
15542 559 560 8200 
15543 6040 428 7859 
15544 5803 7042 7797 
15545 4668 5550 5985 
15546 5825 61 7951 
15547 5727 5153 7900 
15548 5952 7365 7720 
15549 23 24 8370 
15550 5504 4690 7847 
15551 1245 1244 8052 
15552 246 5635 7975 
15553 6656 6084 8003 
15554 7101 663 7681 
15555 7297 5983 7989 
15556 5935 7504 8423 
15557 744 4431 5091 
15558 6135 6500 7979 
15559 5673 5674 7438 
15560 8163 6031 8217 
15561 7007 5472 7532 
15562 1173 1172 8110 
15563 4468 7526 8338 
15564 6910 5482 8386 
15565 5870 7436 8292 
15566 6083 5948 7922 
15567 5345 690 8249 
15568 1075 1074 8137 
15569 78 5765 8007 
15570 344 345 7972 
15571 4623 1415 7791 
15572 7994 7843 8449 
15573 6608 5227 7876 
15574 403 7341 7801 
15575 5060 7775 8231 
15576 4568 6692 8400 
15577 5884 559 8200 
15578 7501 4875 8071 
15579 5502 7326 7327 
15580 62 5416 7951 
15581 5740 6124 8102 
15582 7110 5761 7695 
15583 5817 1212 7955 
15584 7196 4394 7957 
15585 4846 7145 7935 
15586 7064 6399 7992 
15587 4446 7189 7587 
15588 6811 5842 7941 
15589 1329 1328 8000 
15590 6364 6155 8465 
15591 7516 6034 7826 
15592 6675 6665 8354 
15593 7198 161 8029 
15594 259 4347 7696 
15595 5699 6641 8046 
15596 4851 1318 8118 
15597 6450 5977 8323 
15598 5854 6538 8164 
15599 101 5495 7904 
15600 6811 5269 8042 
15601 296 297 7937 
15602 1214 1213 8088 
15603 1009 1008 7893 
15604 226 227 7939 
15605 139 140 7996 
15606 6760 7730 7881 
15607 6184 6185 7860 
15608 5002 7363 8345 
15609 6022 5478 7542 
15610 7602 4972 8403 
15611 7324 5733 8245 
15612 7409 5727 8411 
15613 4606 4331 8319 
15614 169 170 8446 
15615 6613 5898 8189 
15616 5050 7245 8133 
15617 4881 5203 8015 
15618 5717 6275 7977 
15619 6854 8011 8195 
15620 6246 7495 8461 
15621 6768 6992 7737 
15622 5968 1104 8221 
15623 4578 371 8325 
15624 124 4915 7925 
15625 4346 6956 8047 
15626 7170 5017 7915 
15627 5403 4995 8171 
15628 1213 5817 8088 
15629 331 332 8116 
15630 889 888 8117 
15631 5162 7338 7606 
15632 5216 201 8439 
15633 5053 7038 7593 
15634 4415 354 8069 
15635 7273 5731 8120 
15636 5874 6889 8325 
15637 5340 7750 8193 
15638 7286 6170 8392 
15639 703 704 7905 
15640 7173 5956 7959 
15641 5944 7084 7755 
15642 426 427 7970 
15643 6326 7592 8204 
15644 6230 7602 8403 
15645 5377 7465 8184 
15646 6809 5238 7883 
15647 8003 4922 8177 
15648 7050 5871 7725 
15649 1290 1289 8431 
15650 4958 7146 7977 
15651 5795 5794 7660 
15652 1104 1103 8221 
15653 698 699 8328 
15654 24 6050 8370 
15655 7200 6047 8166 
15656 6915 4375 7870 
15657 4743 557 7911 
15658 5586 7043 7945 
15659 6751 7831 7981 
15660 5651 7309 7554 
15661 4664 579 7921 
15662 4903 5939 7869 
15663 6368 1290 8431 
15664 5904 5903 7805 
15665 1320 1319 7908 
15666 7332 4794 7765 
15667 6081 6175 8335 
15668 5626 331 8116 
15669 6918 5815 7845 
15670 5591 5910 7795 
15671 7347 7618 8025 
15672 345 346 8374 
15673 6120 1307 8079 
15674 7220 1003 8233 
15675 1306 4855 8079 
15676 392 393 7983 
15677 1256 1255 7940 
15678 6716 7895 8244 
15679 6618 4543 8275 
15680 6298 6766 7915 
15681 7720 5344 7721 
15682 6764 131 7935 
15683 6384 6385 8177 
15684 6509 6049 8228 
15685 427 6040 7970 
15686 442 443 8371 
15687 5215 6036 7959 
15688 5666 7001 8100 
15689 7202 4717 7982 
15690 717 718 8301 
15691 6121 7222 7693 
15692 6578 5856 8287 
15693 6242 5967 8220 
15694 4407 81 8152 
15695 5483 7346 7800 
15696 6728 6278 7917 
15697 1172 4958 8110 
15698 304 7376 7525 
15699 1377 1376 7968 
15700 7470 590 7710 
15701 7127 5790 8064 
15702 5128 216 8473 
15703 77 78 8007 
15704 6119 5354 7673 
15705 4670 7364 7598 
15706 5342 7150 7678 
15707 5328 6694 8082 
15708 6406 7986 8045 
15709 4347 4378 7696 
15710 7243 5347 7657 
15711 5835 7126 7685 
15712 261 262 8407 
15713 5871 7050 8343 
15714 383 5433 8396 
15715 5899 5688 7767 
15716 12 4426 8192 
15717 7183 6064 8291 
15718 61 62 7951 
15719 4855 7549 7783 
15720 395 396 7994 
15721 6854 6851 8011 
15722 1303 1302 7974 
15723 7035 5586 8467 
15724 603 604 8062 
15725 7695 5761 8353 
15726 669 670 8458 
15727 5248 442 8371 
15728 1212 1211 7955 
15729 1260 1259 8012 
15730 888 887 7938 
15731 1366 1365 7962 
15732 6942 4664 7829 
15733 4757 6921 7865 
15734 7374 5064 7674 
15735 4379 275 8085 
15736 6992 5840 7778 
15737 4819 77 8007 
15738 5894 6403 8021 
15739 4603 1168 8254 
15740 5985 5550 6422 
15741 7221 5522 7727 
15742 5097 1261 8472 
15743 4366 6747 8038 
15744 1181 1180 8303 
15745 5078 4 8441 
15746 1293 4840 8197 
15747 7744 6879 7901 
15748 5935 7503 7504 
15749 5086 7607 8390 
15750 5166 7271 8114 
15751 5549 6589 7714 
15752 1331 1330 8422 
15753 8313 7079 8321 
15754 6078 7581 8436 
15755 7490 7057 8138 
15756 347 6356 8374 
15757 6389 6388 8191 
15758 6100 5447 7792 
15759 7441 6932 8179 
15760 599 6007 8440 
15761 216 217 8473 
15762 5804 5805 8034 
15763 6104 6662 8476 
15764 5293 5831 7822 
15765 6227 7530 8492 
15766 4622 430 8456 
15767 6589 5348 7913 
15768 6978 5830 7781 
15769 5130 4730 7852 
15770 5680 7361 8228 
15771 5017 1063 8427 
15772 1287 5053 8016 
15773 6616 1136 8327 
15774 707 4999 7912 
15775 4670 426 7970 
15776 6746 4780 8077 
15777 6437 7313 7779 
15778 6921 5552 7865 
15779 5478 7505 8377 
15780 5297 5741 7734 
15781 181 182 8006 
15782 1168 1167 8254 
15783 6998 4922 8003 
15784 4563 4565 7389 
15785 1261 1260 8472 
15786 4762 156 8008 
15787 660 661 8126 
15788 4620 5284 8020 
15789 1129 1128 8103 
15790 604 5236 8062 
15791 6984 5989 8429 
15792 6585 5461 7863 
15793 6084 6083 8033 
15794 6802 5207 7954 
15795 1122 5860 8087 
15796 848 5078 8115 
15797 6877 5068 7898 
15798 4517 1106 8180 
15799 5179 6978 7781 
15800 4743 7911 8486 
15801 1156 1155 8048 
15802 7503 5281 7504 
15803 636 4746 7999 
15804 5175 7336 7666 
15805 5496 7187 7846 
15806 1197 7228 8373 
15807 4958 7977 8110 
15808 5805 5395 8217 
15809 7003 7002 8153 
15810 759 4849 7987 
15811 6154 7832 8214 
15812 5720 7017 7934 
15813 5336 6617 8134 
15814 4409 5418 8059 
15815 536 5506 8359 
15816 5926 5928 7942 
15817 649 650 8026 
15818 1167 6135 8254 
15819 151 152 8299 
15820 6988 8293 8391 
15821 4724 1246 8326 
15822 4935 5543 7478 
15823 631 4934 8004 
15824 232 7010 7985 
15825 5669 6810 7848 
15826 5555 723 8041 
15827 4519 6875 8244 
15828 5942 7755 8425 
15829 7495 4990 8461 
15830 6036 7341 7959 
15831 5882 5883 7953 
15832 2 5011 8454 
15833 4746 637 8416 
15834 6069 7419 7890 
15835 5302 6966 7724 
15836 221 222 8451 
15837 6322 5886 8111 
15838 430 5107 8456 
15839 5759 181 8006 
15840 4478 4971 8030 
15841 6045 5952 7720 
15842 1294 1293 8197 
15843 117 4587 8279 
15844 7146 5368 7814 
15845 4479 4757 7865 
15846 7158 5283 8106 
15847 6857 5627 8205 
15848 598 599 8440 
15849 7303 6583 8399 
15850 5085 1303 7974 
15851 7168 6474 8267 
15852 4832 7012 7810 
15853 5476 1207 8014 
15854 6567 8099 8122 
15855 4430 751 8376 
15856 7860 6185 8162 
15857 5889 6274 7884 
15858 5238 934 8031 
15859 5896 6696 8331 
15860 6308 7457 8397 
15861 1063 4720 8427 
15862 4991 615 7863 
15863 69 6953 7844 
15864 182 4710 8006 
15865 8032 5336 8134 
15866 5339 6171 8158 
15867 7196 7957 8063 
15868 756 757 8398 
15869 7581 6083 7922 
15870 7413 4896 7946 
15871 7332 6074 7641 
15872 7347 4606 7618 
15873 7150 5866 7678 
15874 7535 4383 7702 
15875 7267 6732 8337 
15876 6810 5989 8489 
15877 6400 5298 7960 
15878 4499 4504 7699 
15879 6184 7860 8169 
15880 1002 5533 8233 
15881 5440 6273 8099 
15882 161 162 8029 
15883 7423 7397 7908 
15884 697 4927 8121 
15885 7228 1196 7637 
15886 7301 4920 7860 
15887 6419 5816 8198 
15888 6718 7645 8490 
15889 7113 4795 7874 
15890 6214 6928 7914 
15891 4774 7708 7709 
15892 4359 1149 7956 
15893 1079 5861 8086 
15894 6886 7131 7914 
15895 5231 8015 8284 
15896 47 48 8050 
15897 6460 6457 7988 
15898 6117 6687 8363 
15899 4835 6859 8136 
15900 7394 6244 8263 
15901 750 4430 8022 
15902 5859 5895 7625 
15903 6118 7248 7632 
15904 5232 5573 8072 
15905 1080 1079 8086 
15906 757 6128 8398 
15907 5239 4676 7743 
15908 7374 7674 8044 
15909 7156 5851 8422 
15910 6809 7883 8150 
15911 346 347 8374 
15912 7232 4486 8191 
15913 989 7320 8357 
15914 6273 7185 8146 
15915 1307 1306 8079 
15916 398 399 8312 
15917 4875 4643 8071 
15918 405 406 8394 
15919 4869 6694 8043 
15920 7787 5261 8115 
15921 5626 7417 8257 
15922 7439 1216 7566 
15923 6632 5139 8350 
15924 4 4488 8441 
15925 6210 6103 7944 
15926 5826 6092 8225 
15927 5092 7322 8096 
15928 7067 5920 7798 
15929 6879 5067 7901 
15930 5567 660 8126 
15931 6871 1082 8028 
15932 4896 6550 7946 
15933 5678 7259 7672 
15934 4744 613 8268 
15935 6012 5657 7789 
15936 6033 7618 8319 
15937 159 4449 8173 
15938 6834 7249 8470 
15939 5168 6841 8075 
15940 5866 7150 8095 
15941 8139 6712 8260 
15942 6934 5809 8112 
15943 6831 6832 7967 
15944 1153 1152 8408 
15945 625 626 8167 
15946 554 555 8108 
15947 1405 5377 8184 
15948 6712 5966 8260 
15949 5959 5958 7853 
15950 6147 7739 7740 
15951 377 378 8241 
15952 6889 5874 8056 
15953 1162 1161 8083 
15954 7129 5702 7521 
15955 5951 1294 8197 
15956 1103 5032 8221 
15957 5077 837 8037 
15958 7673 5354 7907 
15959 7362 5986 8238 
15960 7442 5548 7582 
15961 1228 1227 8372 
15962 7156 1329 8000 
15963 6553 5577 8013 
15964 5993 5998 8060 
15965 6786 4706 8201 
15966 5499 625 8167 
15967 6204 4923 8320 
15968 4846 7595 8010 
15969 7980 4335 8388 
15970 882 4474 8306 
15971 6240 6241 8170 
15972 4692 1214 8088 
15973 7144 6751 7981 
15974 7242 6351 7973 
15975 1135 4957 8327 
15976 7157 7158 8106 
15977 1318 1317 8118 
15978 7328 6075 7766 
15979 6063 7757 8443 
15980 721 722 8091 
15981 5298 7932 7960 
15982 5384 7471 8349 
15983 5400 6566 8346 
15984 5243 6104 8253 
15985 7424 4845 7629 
15986 6957 6121 8412 
15987 6348 6814 8023 
15988 6762 7403 8224 
15989 375 4668 7551 
15990 330 5626 8257 
15991 7815 6424 8168 
15992 454 6854 8195 
15993 971 7094 7924 
15994 5348 7060 7913 
15995 5441 6712 8139 
15996 6923 7585 8378 
15997 1036 6105 8240 
15998 6407 6406 8045 
15999 4774 1080 8086 
16000 1198 1197 8373 
16001 4826 7902 8270 
16002 382 383 8396 
16003 7418 4457 7759 
16004 7708 6319 7709 
16005 448 7293 7847 
16006 7899 4697 8491 
16007 6397 6656 8383 
16008 7256 4657 8049 
16009 696 697 8121 
16010 5261 848 8115 
16011 6467 6150 8141 
16012 7002 5726 8153 
16013 5160 5549 7858 
16014 38 39 8104 
16015 4619 7123 7677 
16016 6082 6888 8081 
16017 329 330 8257 
16018 5008 221 8451 
16019 1136 1135 8327 
16020 5298 6919 7932 
16021 5735 7839 8431 
16022 5425 4935 7478 
16023 5433 8337 8396 
16024 6859 4618 8172 
16025 6992 5108 7910 
16026 4388 4607 7690 
16027 6851 6021 8011 
16028 4808 7667 7668 
16029 5829 6365 8005 
16030 4927 698 8328 
16031 1074 4937 8137 
16032 6398 6586 8182 
16033 6738 7531 8369 
16034 7575 5949 8241 
16035 7340 5214 8187 
16036 4898 1037 8240 
16037 6465 6716 8244 
16038 732 5340 8159 
16039 1027 1026 8490 
16040 7069 6465 8479 
16041 6688 5796 7943 
16042 5702 7201 7521 
16043 394 395 8449 
16044 7005 4612 7855 
16045 256 257 8302 
16046 5657 5129 7826 
16047 5354 5923 7907 
16048 5038 7312 7877 
16049 6841 5845 8075 
16050 699 6929 8328 
16051 6835 6784 8210 
16052 4461 7554 8446 
16053 7131 6214 7914 
16054 7898 7165 8452 
16055 990 989 8357 
16056 5144 554 8108 
16057 6054 7447 7997 
16058 4604 7115 8035 
16059 6374 7552 7991 
16060 1170 1169 8399 
16061 4569 6825 8304 
16062 4942 7263 7648 
16063 5495 102 8203 
16064 4789 7468 7746 
16065 5611 7408 7919 
16066 4840 1292 8362 
16067 5741 5743 7874 
16068 6855 5336 8032 
16069 7393 6129 8158 
16070 5745 6829 8057 
16071 6114 6288 8027 
16072 7072 7073 7862 
16073 4952 5382 8160 
16074 5863 5862 7948 
16075 7656 6379 8386 
16076 5922 7385 8239 
16077 6940 4892 8074 
16078 453 454 8195 
16079 6656 8003 8177 
16080 6866 6867 8352 
16081 690 691 8249 
16082 6125 8223 8314 
16083 7841 7464 8380 
16084 4990 541 8461 
16085 7708 4774 8086 
16086 804 5060 8231 
16087 7178 6233 8442 
16088 7321 6324 7878 
16089 7734 5741 7874 
16090 7187 5897 7846 
16091 6988 4759 8293 
16092 5593 7023 8178 
16093 6185 6187 8162 
16094 560 4446 8200 
16095 5886 7363 8111 
16096 6046 4594 8149 
16097 1110 1109 8379 
16098 7423 5832 8272 
16099 5344 7365 7968 
16100 4764 6773 8125 
16101 5213 6723 8093 
16102 5220 453 8195 
16103 7770 5916 7794 
16104 6660 6809 8150 
16105 253 254 8339 
16106 1379 1378 8358 
16107 5709 7505 8119 
16108 4837 6880 8143 
16109 4538 6666 7772 
16110 320 321 8406 
16111 6059 6391 8324 
16112 7542 736 8018 
16113 6754 4467 8315 
16114 7454 5703 7594 
16115 4673 6952 7995 
16116 5722 6858 8462 
16117 7519 7213 7894 
16118 6186 5387 8229 
16119 1259 1258 8343 
16120 4652 1380 8405 
16121 1008 7613 7893 
16122 7583 5412 7584 
16123 4408 7126 7836 
16124 1146 1145 8318 
16125 50 51 8261 
16126 4335 634 8388 
16127 5439 6515 7785 
16128 6903 7445 7764 
16129 7419 6069 7900 
16130 4405 4403 8140 
16131 6663 5893 8250 
16132 95 5235 8211 
16133 6198 6184 8169 
16134 7482 1146 8318 
16135 6949 6268 8058 
16136 8337 6732 8396 
16137 7031 7427 7982 
16138 6958 5915 7980 
16139 5092 990 8357 
16140 7395 5864 7886 
16141 5665 7507 7598 
16142 452 5220 8278 
16143 4796 40 8453 
16144 5836 7452 8070 
16145 1144 1143 8460 
16146 474 475 8248 
16147 7526 6372 8338 
16148 7057 4528 8138 
16149 7828 6257 8430 
16150 4824 7224 7763 
16151 286 287 8438 
16152 813 814 8426 
16153 6898 6520 8120 
16154 7581 4925 8033 
16155 5635 7200 8166 
16156 1291 6368 8362 
16157 638 7166 8416 
16158 7566 4692 7942 
16159 5489 5300 8081 
16160 451 452 8278 
16161 4590 4886 8230 
16162 8087 5982 8466 
16163 7316 5450 8247 
16164 6901 4835 8263 
16165 6946 6198 8202 
16166 4859 1223 8264 
16167 8300 1021 8471 
16168 4999 7711 7912 
16169 6062 6449 8322 
16170 8062 5236 8311 
16171 6364 7138 8265 
16172 5526 253 8339 
16173 718 5151 8301 
16174 5011 6951 7797 
16175 6474 6473 8267 
16176 6747 5527 8237 
16177 5141 6993 8353 
16178 7730 6200 7881 
16179 7321 4697 7899 
16180 5823 6913 8047 
16181 7079 5266 8321 
16182 8150 7883 8393 
16183 1289 5735 8431 
16184 4914 23 8370 
16185 5601 7586 7842 
16186 1292 1291 8362 
16187 5152 7619 8477 
16188 5080 5079 7978 
16189 5733 7549 8245 
16190 7293 4445 7770 
16191 7193 8135 8239 
16192 5331 6889 8056 
16193 527 4604 8313 
16194 6773 5919 8125 
16195 194 195 8305 
16196 7146 7814 7977 
16197 6840 5962 8262 
16198 1046 5002 8345 
16199 6837 6326 8204 
16200 1022 1021 8300 
16201 254 255 8450 
16202 525 526 8321 
16203 5751 993 8448 
16204 5355 7124 8123 
16205 6846 5417 8207 
16206 6808 6806 8293 
16207 7114 829 7836 
16208 915 7655 8002 
16209 7269 5820 7954 
16210 6860 4956 8242 
16211 1037 1036 8240 
16212 535 536 8359 
16213 321 5654 8406 
16214 7789 5657 7826 
16215 5217 835 8487 
16216 6149 5199 7989 
16217 5208 6263 8113 
16218 643 5902 8384 
16219 8293 6806 8391 
16220 6388 7155 8191 
16221 1227 5412 8372 
16222 4597 7740 7983 
16223 5859 7625 8186 
16224 49 50 8435 
16225 7422 6022 8018 
16226 5972 7497 8175 
16227 8135 5922 8239 
16228 7044 7045 7993 
16229 145 4660 8145 
16230 6441 7481 7991 
16231 7746 5888 7887 
16232 994 5751 8491 
16233 5746 5745 8436 
16234 587 588 8365 
16235 6411 6355 8128 
16236 5958 4333 7690 
16237 1282 1281 8434 
16238 5831 6978 8352 
16239 7586 6701 7842 
16240 1033 7395 7886 
16241 7811 7108 8317 
16242 637 638 8416 
16243 7141 5960 7631 
16244 7378 5858 7536 
16245 7014 6057 7909 
16246 4621 598 8440 
16247 5845 6657 8075 
16248 7604 6548 8132 
16249 4787 949 8258 
16250 4613 756 8398 
16251 4376 260 6779 
16252 6874 4808 8274 
16253 995 994 8491 
16254 5137 7029 8334 
16255 7795 5910 8215 
16256 5686 7387 8304 
16257 5372 8294 8298 
16258 6803 6038 8468 
16259 6745 6474 8397 
16260 72 7154 7952 
16261 751 752 8376 
16262 6027 7424 7629 
16263 7022 7456 8097 
16264 5266 525 8321 
16265 6036 5038 7877 
16266 7938 6109 8117 
16267 6125 6126 8223 
16268 6083 7581 8033 
16269 7665 5687 7996 
16270 170 4461 8446 
16271 7526 4468 8488 
16272 5660 7253 7807 
16273 5082 813 8426 
16274 5562 7444 7793 
16275 7613 6108 7893 
16276 6732 382 8396 
16277 1021 1020 8471 
16278 7434 5924 8053 
16279 6806 6805 8391 
16280 1123 1122 8466 
16281 6399 7763 8455 
16282 5411 1140 8425 
16283 7155 7232 8191 
16284 7411 5224 7512 
16285 1072 1071 8418 
16286 4724 7862 7930 
16287 5818 6054 8039 
16288 4757 6620 8348 
16289 7145 6764 7935 
16290 6805 4728 8391 
16291 5459 7273 8120 
16292 7858 6276 8419 
16293 7126 7114 7836 
16294 5284 7015 8020 
16295 7015 4948 8020 
16296 4498 4499 7699 
16297 374 7551 7832 
16298 5061 5850 8238 
16299 6136 7328 7766 
16300 6266 5225 8421 
16301 993 992 8448 
16302 6504 7963 8382 
16303 7113 6146 7843 
16304 4660 4798 8360 
16305 5698 7519 7894 
16306 6344 6346 8316 
16307 6892 5824 8172 
16308 7365 5344 7720 
16309 7555 169 8446 
16310 6951 4667 7963 
16311 7055 5223 8189 
16312 7427 5885 7982 
16313 6541 6540 8063 
16314 6147 5744 8364 
16315 1302 6823 7974 
16316 4491 682 7786 
16317 5953 7304 7916 
16318 7100 5852 8275 
16319 6847 5912 8161 
16320 4845 337 8307 
16321 6833 6892 8251 
16322 4456 4951 8484 
16323 5764 7286 8392 
16324 5224 5091 7762 
16325 7043 4921 7945 
16326 5290 5221 8432 
16327 7061 1327 7965 
16328 5201 6803 8468 
16329 7304 5620 7916 
16330 7283 6007 7854 
16331 7546 4674 7884 
16332 7447 5540 7997 
16333 6932 5987 8179 
16334 7154 6438 7952 
16335 7112 587 8365 
16336 5621 7758 8452 
16337 7422 738 7838 
16338 5173 5661 7992 
16339 6719 4890 8342 
16340 5765 7045 8428 
16341 7020 5642 8366 
16342 4568 545 8286 
16343 7533 7108 7664 
16344 6262 6260 8493 
16345 828 4408 7836 
16346 7580 717 8301 
16347 6179 6239 8349 
16348 5875 7739 8066 
16349 5524 7088 8148 
16350 4333 4388 7690 
16351 7108 4868 8317 
16352 7629 4845 7805 
16353 5905 5906 8424 
16354 837 5052 8037 
16355 6875 4740 8479 
16356 7686 6493 8051 
16357 6163 7275 7834 
16358 5228 7737 8092 
16359 7674 5539 8044 
16360 4379 8085 8289 
16361 7042 5349 7984 
16362 4721 7183 8291 
16363 7023 5825 8178 
16364 7735 6231 8457 
16365 4717 7031 7982 
16366 5787 5086 8390 
16367 6096 7673 7907 
16368 6128 6834 8470 
16369 5804 7686 8051 
16370 4594 4596 8149 
16371 6836 6837 8477 
16372 7000 5318 8105 
16373 4448 6938 8292 
16374 6152 6293 8052 
16375 6611 7256 8049 
16376 7992 6399 8455 
16377 7513 4665 8109 
16378 6892 8172 8251 
16379 7742 4678 8359 
16380 7782 5802 8414 
16381 5957 6468 7976 
16382 5305 5307 8463 
16383 5559 7214 7705 
16384 7385 5644 8239 
16385 4686 1132 8281 
16386 6075 7332 7765 
16387 7643 6460 7988 
16388 5824 8136 8172 
16389 7259 5964 8235 
16390 6562 5708 8089 
16391 7317 4491 7786 
16392 7739 5875 7740 
16393 6024 8133 8338 
16394 5246 7391 8378 
16395 7578 6949 8457 
16396 7316 5623 8285 
16397 6993 6217 8353 
16398 184 7615 7643 
16399 8136 6859 8172 
16400 7432 5798 8419 
16401 6686 7664 7811 
16402 888 7938 8117 
16403 6984 5062 8489 
16404 5734 5273 8308 
16405 5910 6765 8215 
16406 7957 6541 8063 
16407 5956 5215 7959 
16408 6267 6266 8459 
16409 5346 5434 8094 
16410 5681 7514 8090 
16411 5761 5141 8353 
16412 5754 7623 7630 
16413 6539 7422 7838 
16414 5282 4943 8222 
16415 7270 6392 8297 
16416 6087 5402 8385 
16417 7408 5252 7919 
16418 4545 7697 8433 
16419 7970 6040 8127 
16420 7185 7399 8146 
16421 1380 11 8405 
16422 7195 7451 8430 
16423 5933 5260 8078 
16424 4955 7975 8166 
16425 6132 6131 8401 
16426 5202 7424 8156 
16427 5073 7181 7986 
16428 6175 7406 8335 
16429 110 5231 8131 
16430 5067 7137 8465 
16431 6372 6024 8338 
16432 7545 4619 7677 
16433 7133 7350 8216 
16434 7292 5891 8176 
16435 6183 7015 8389 
16436 5463 7135 8076 
16437 1222 7455 8264 
16438 8146 4660 8360 
16439 7495 6246 7768 
16440 6061 6995 8333 
16441 5407 7288 7885 
16442 6922 6923 8378 
16443 7611 5524 8148 
16444 8172 4618 8251 
16445 7805 4845 8307 
16446 5498 7022 8097 
16447 7444 6698 7793 
16448 5329 7889 8226 
16449 5791 4789 7887 
16450 6212 7157 8106 
16451 50 8261 8435 
16452 5253 5538 8053 
16453 5254 5924 8040 
16454 7787 5779 8464 
16455 7448 6132 8401 
16456 5466 7696 8130 
16457 7243 6144 7961 
16458 5822 5150 8255 
16459 4626 5806 8355 
16460 4665 5084 8109 
16461 4822 7196 8063 
16462 5282 8222 8331 
16463 6696 5282 8331 
16464 7664 7108 7811 
16465 7240 4390 8356 
16466 5219 1123 8466 
16467 6318 7240 8356 
16468 7159 5431 8161 
16469 7797 6951 7963 
16470 6010 7285 8443 
16471 5157 5158 8142 
16472 6337 7665 7996 
16473 7352 7782 8414 
16474 153 5063 8351 
16475 7440 6604 8453 
16476 4612 7004 8151 
16477 6974 6125 8314 
16478 613 614 8268 
16479 6119 7673 8408 
16480 7471 6179 8349 
16481 4728 6988 8391 
16482 6273 8146 8360 
16483 4794 7389 7765 
16484 4533 4422 8415 
16485 7922 5948 8232 
16486 7856 5951 8197 
16487 7117 4365 8155 
16488 4887 4498 7699 
16489 4979 1385 8344 
16490 5617 5949 7776 
16491 7134 7270 8297 
16492 6060 5963 8236 
16493 5576 6552 8417 
16494 4927 7969 8121 
16495 4445 7464 7841 
16496 7073 7074 8483 
16497 4565 4442 7823 
16498 4442 4376 7823 
16499 8009 6228 8084 
16500 7397 1320 7908 
16501 5078 7169 8115 
16502 5927 7421 7866 
16503 4667 6945 8382 
16504 7443 5414 8141 
16505 8183 7073 8483 
16506 6024 7035 8133 
16507 5279 7774 8176 
16508 5891 7398 8176 
16509 4840 7856 8197 
16510 7361 6509 8228 
16511 338 7401 8307 
16512 7421 5817 7955 
16513 7101 5567 8126 
16514 6703 966 8165 
16515 6645 7759 8475 
16516 7512 5224 8324 
16517 4558 7574 8116 
16518 4714 4635 7753 
16519 7180 5699 8046 
16520 7654 7653 8464 
16521 5054 7119 8213 
16522 7721 1374 8298 
16523 7419 5489 7890 
16524 504 4592 7971 
16525 6118 7827 8323 
16526 8231 6087 8375 
16527 7398 5891 8159 
16528 4635 4931 7753 
16529 4740 7069 8479 
16530 7436 4448 8292 
16531 7517 6221 7833 
16532 4892 7309 8074 
16533 5924 7434 7939 
16534 6684 7535 8308 
16535 5844 6995 8413 
16536 7917 4859 8264 
16537 4719 7670 8365 
16538 6808 7929 8334 
16539 7514 6081 8335 
16540 7481 6374 7991 
16541 7833 6786 8201 
16542 8278 5220 8380 
16543 7236 5276 8128 
16544 5345 7882 8019 
16545 7757 6010 8443 
16546 7605 5802 7782 
16547 7783 6120 8079 
16548 7767 7220 8233 
16549 7846 5897 8460 
16550 8188 882 8306 
16551 7424 6027 8156 
16552 7502 199 7872 
16553 4884 7821 8276 
16554 5964 7259 8270 
16555 7279 4858 8269 
16556 7539 4604 8035 
16557 5323 7111 8369 
16558 7415 6066 8346 
16559 6374 7481 7990 
16560 5200 8219 8474 
16561 4809 1297 8151 
16562 7589 4609 8409 
16563 7163 4687 8410 
16564 4819 7605 7782 
16565 4833 5170 8309 
16566 7800 7346 8302 
16567 5614 7472 7928 
16568 737 7422 8018 
16569 7249 4613 8470 
16570 6523 7517 7833 
16571 7785 6516 8410 
16572 7664 6686 8206 
16573 7722 5896 7752 
16574 4855 7783 8079 
16575 292 7537 7888 
16576 5923 7265 8423 
16577 744 745 4431 
16578 7538 1075 8137 
16579 8219 5665 8474 
16580 6608 7810 8067 
16581 7593 7039 7839 
16582 5046 4370 8429 
16583 7262 5358 7966 
16584 7258 4826 8270 
16585 4972 7578 8403 
16586 7045 7605 8428 
16587 6276 7432 8419 
16588 6758 5929 8209 
16589 5257 7491 7931 
16590 4851 7423 7908 
16591 5203 7348 8025 
16592 7651 6877 7898 
16593 5433 7556 7849 
16594 6135 7979 8254 
16595 7579 6065 8395 
16596 4331 1059 8319 
16597 1045 7624 8296 
16598 7380 4677 8444 
16599 7211 7133 8216 
16600 7080 5526 8339 
16601 7309 5721 8074 
16602 1143 7238 8460 
16603 14 4749 8340 
16604 7979 4603 8254 
16605 6075 7765 7766 
16606 7535 5734 8308 
16607 5851 7642 8422 
16608 7432 1129 8103 
16609 5790 7386 8064 
16610 7341 7173 7959 
16611 4789 7746 7887 
16612 7137 6364 8465 
16613 5929 4431 8147 
16614 5912 7159 8161 
16615 5803 7797 7963 
16616 5967 7603 8220 
16617 4683 7205 8224 
16618 6034 7789 7826 
16619 7659 6109 7938 
16620 7880 6703 8165 
16621 6122 6123 8243 
16622 7189 4769 8259 
16623 4920 7502 8169 
16624 7641 6074 7818 
16625 6603 7664 8206 
16626 5884 7294 8486 
16627 7150 6119 8095 
16628 7294 6234 8486 
16629 7006 6820 8130 
16630 7339 5670 8183 
16631 4774 7709 8028 
16632 7624 1043 8367 
16633 5053 7593 8016 
16634 5807 7458 8019 
16635 5554 7636 8208 
16636 5220 8011 8380 
16637 7484 5439 7785 
16638 6043 7651 7898 
16639 6287 7134 8297 
16640 8258 5844 8413 
16641 7711 6095 7912 
16642 7594 5380 7923 
16643 7688 6639 8196 
16644 7259 7258 8270 
16645 7357 7726 7940 
16646 358 7609 8205 
16647 7379 1228 8372 
16648 5728 7147 8395 
16649 7224 5595 8455 
16650 7901 5067 8465 
16651 8225 6720 8481 
16652 7648 6592 7760 
16653 4469 7352 8414 
16654 7595 5792 8010 
16655 7285 6402 8387 
16656 7485 5726 8437 
16657 7445 5653 7764 
16658 7416 5499 8167 
16659 5965 7596 8295 
16660 1299 6485 7933 
16661 6224 7587 8259 
16662 5735 7593 7839 
16663 6905 7434 8053 
16664 5798 5247 8419 
16665 6049 7520 8228 
16666 5713 7251 8295 
16667 7631 5960 8478 
16668 8218 5653 8256 
16669 7204 261 8407 
16670 7166 7804 8416 
16671 5654 7435 8036 
16672 6161 8073 8279 
16673 4534 4761 8271 
16674 7730 6760 8142 
16675 7349 4764 8125 
16676 6767 7882 8249 
16677 7709 6871 8028 
16678 5638 7364 8127 
16679 8132 4506 8402 
16680 7686 5804 8034 
16681 4550 7034 8482 
16682 4355 7397 8272 
16683 1330 7156 8422 
16684 7285 984 8443 
16685 7389 4565 7918 
16686 7547 6624 8119 
16687 7251 5066 8404 
16688 6999 7668 8036 
16689 4826 7729 7902 
16690 7740 5875 7983 
16691 7410 6427 8196 
16692 6566 7415 8346 
16693 7943 4866 8299 
16694 6523 7833 8201 
16695 7165 5621 8452 
16696 7720 7721 8294 
16697 726 7756 7896 
16698 7815 711 7879 
16699 6257 7195 8430 
16700 7726 1256 7940 
16701 8084 6228 8492 
16702 7645 5500 8490 
16703 4592 6046 7971 
16704 7387 4569 8304 
16705 7452 5389 8070 
16706 6155 7901 8465 
16707 6038 7264 8468 
16708 7457 6745 8397 
16709 5825 7350 8178 
16710 7756 6986 7896 
16711 7147 7579 8395 
16712 7997 4882 8039 
16713 7843 4597 8449 
16714 4365 7558 8155 
16715 8015 5203 8025 
16716 7665 5403 8171 
16717 5824 7394 8136 
16718 7593 5735 8016 
16719 7399 144 8145 
16720 7587 7189 8259 
16721 7403 4683 8224 
16722 257 7800 8302 
16723 5737 7539 8035 
16724 7963 4667 8382 
16725 7784 882 8188 
16726 7210 6204 8320 
16727 7398 5279 8176 
16728 4749 7405 8001 
16729 6270 7808 8118 
16730 7670 7112 8365 
16731 7591 5933 8078 
16732 6093 7869 8283 
16733 6054 7997 8039 
16734 5739 7608 8276 
16735 5989 6984 8489 
16736 5925 7815 7879 
16737 5139 191 8350 
16738 6624 7233 8119 
16739 5784 7374 8044 
16740 4710 7643 7988 
16741 7698 6042 8384 
16742 7472 696 8121 
16743 6022 7542 8018 
16744 5221 7818 8432 
16745 5913 8038 8237 
16746 6565 7542 8377 
16747 7809 6623 8085 
16748 6536 6283 8303 
16749 6710 7513 8109 
16750 4668 5985 7551 
16751 4392 7439 8252 
16752 7758 6043 8452 
16753 6484 7591 8078 
16754 7834 7275 8192 
16755 5833 7490 8138 
16756 7327 4379 8289 
16757 4629 7703 7998 
16758 8111 7363 8185 
16759 7642 1331 8422 
16760 1128 7562 8103 
16761 7824 603 8062 
16762 7504 5923 8423 
16763 7121 7564 8092 
16764 7233 5709 8119 
16765 8085 6623 8289 
16766 6274 7317 8381 
16767 5639 7324 8245 
16768 7572 6680 8082 
16769 7618 6166 8025 
16770 7808 4851 8118 
16771 5337 8111 8185 
16772 7265 5159 8423 
16773 4924 8218 8256 
16774 5809 6248 8112 
16775 6165 7610 8284 
16776 7549 6483 8245 
16777 378 7575 8241 
16778 7972 345 8374 
16779 7384 4550 8482 
16780 5390 7314 8392 
16781 7574 5626 8116 
16782 4808 7668 8274 
16783 6982 7368 8467 
16784 5239 7743 8412 
16785 7464 451 8278 
16786 4749 8001 8341 
16787 7685 5722 8462 
16788 5506 7742 8359 
16789 826 7784 8188 
16790 4567 7475 8232 
16791 5750 7485 8437 
16792 6104 7623 8253 
16793 7451 5055 8430 
16794 5953 7916 8447 
16795 6449 7577 8322 
16796 7814 5717 7977 
16797 7755 5411 8425 
16798 6065 7601 8395 
16799 5899 7767 8068 
16800 7520 5680 8228 
16801 5158 7730 8142 
16802 6300 7604 8132 
16803 7804 4746 8416 
16804 5847 7928 7969 
16805 8277 6415 8478 
16806 7411 7512 8347 
16807 4687 7484 8410 
16808 7948 5862 7949 
16809 4467 7500 8315 
16810 6166 8015 8025 
16811 7625 5217 8186 
16812 7610 5231 8284 
16813 7484 7785 8410 
16814 395 7994 8449 
16815 7577 4870 8174 
16816 4677 7244 8444 
16817 6622 7327 8289 
16818 5170 7892 8309 
16819 7609 6857 8205 
16820 6207 8188 8306 
16821 7531 5323 8369 
16822 7882 5345 8249 
16823 7426 5000 8235 
16824 5450 7559 8247 
16825 7603 5881 8220 
16826 5855 7204 8407 
16827 7711 6031 8163 
16828 7636 6079 8208 
16829 7810 7012 8067 
16830 7601 5728 8395 
16831 7437 5895 8420 
16832 7752 5896 8331 
16833 7317 7786 8381 
16834 7542 5478 8377 
16835 7512 5725 8347 
16836 7399 8145 8146 
16837 6501 7918 8287 
16838 5295 7514 8335 
16839 7605 4819 8428 
16840 7623 6009 8253 
16841 5802 7420 8414 
16842 7892 6575 8309 
16843 6692 7517 8400 
16844 5960 7473 8478 
16845 5482 7656 8386 
16846 5839 7724 8098 
16847 7767 5533 8068 
16848 8145 4660 8146 
16849 7517 6522 8400 
16850 7613 5764 8280 
16851 6142 8068 8194 
16852 8014 6663 8250 
16853 5752 7647 8273 
16854 7608 4884 8276 
16855 7530 6058 8492 
16856 8226 5872 8227 
16857 4431 745 8147 
16858 8269 7267 8337 
16859 7578 6231 8403 
16860 6108 7613 8280 
16861 5928 7669 8252 
16862 7477 5758 8469 
16863 4609 7533 8409 
16864 7238 7846 8460 
16865 7786 6947 8381 
16866 8015 6166 8284 
16867 5533 7767 8233 
16868 6407 8045 8322 
16869 6097 7624 8367 
16870 6391 7512 8324 
16871 6427 7688 8196 
16872 6043 7898 8452 
16873 5224 7762 8324 
16874 7619 6836 8477 
16875 6045 7720 8294 
16876 7743 6957 8412 
16877 7849 7279 8269 
16878 6794 8009 8084 
16879 7653 5261 8464 
16880 7862 7073 8183 
16881 11 7679 8405 
16882 6012 7790 8390 
16883 7754 4979 8344 
16884 5700 7526 8488 
16885 6021 7841 8380 
16886 4376 6779 7823 
16887 5895 7325 8420 
16888 6231 7578 8457 
16889 7667 320 8406 
16890 7622 5242 8447 
16891 4832 7810 8266 
16892 5751 7899 8491 
16893 7696 4378 8130 
16894 7764 5653 8218 
16895 7849 8269 8337 
16896 6050 8061 8370 
16897 8339 254 8450 
16898 7867 5853 8342 
16899 7975 5635 8166 
16900 7790 5787 8390 
16901 7889 5872 8226 
16902 7759 4457 8475 
16903 4618 7873 8251 
16904 8061 4914 8370 
16905 8294 7721 8298 
16906 7080 8339 8450 
16907 5758 7902 8469 
16908 4457 6902 8475 
16909 7869 5939 8283 
16910 7763 7224 8455 
16911 7697 5907 8433 
16912 6636 7714 8281 
16913 5835 7685 8462 
16914 7693 5239 8412 
16915 8186 5217 8487 
16916 7827 4515 8323 
16917 6902 6646 8475 
16918 4819 8007 8428 
16919 7918 6578 8287 
16920 7871 6048 8330 
16921 7762 6059 8324 
16922 4426 7834 8192 
16923 8143 6880 8144 
16924 5276 7871 8330 
16925 8011 6021 8380 
16926 5476 8014 8250 
16927 8017 4919 8107 
16928 8007 5765 8428 
16929 7244 5846 8444 
16930 6688 7943 8299 
16931 743 7411 8347 
16932 6949 8058 8311 
16933 8038 6747 8237 
16934 814 7807 8426 
16935 6260 7998 8493 
16936 6411 8128 8330 
16937 7624 6097 8296 
16938 7883 5914 8393 
16939 7929 5137 8334 
16940 5261 7787 8464 
16941 5032 8181 8221 
16942 5433 7849 8337 
16943 8181 5968 8221 
16944 8068 5533 8194 
16945 8144 6183 8389 
16946 8128 5276 8330 
16947 5360 8150 8393 
16948 4951 7926 8484 
16949 8282 4621 8440 
16950 8045 6062 8322 
16951 5745 8057 8436 
16952 6139 8017 8107 
16953 6356 7972 8374 
16954 7824 8062 8311 
16955 1122 8087 8466 
16956 8340 4749 8341 
16957 7911 5884 8486 
16958 6121 7693 8412 
16959 8099 6273 8360 
16960 7926 5972 8484 
16961 8295 7251 8404 
16962 8095 6119 8408 
16963 1152 8095 8408 
16964 8057 6078 8436 
16965 8096 5751 8448 
16966 6058 8084 8492 
16967 5965 8295 8404 
16968 8398 6128 8470 
16969 4613 8398 8470 
16970 8282 6267 8459 
16971 4621 8282 8459 
16972 6030 8375 8385 
16973 6007 8282 8440 
16974 8375 6087 8385 
16975 6363 8340 8341 
16976 374 375 7551 
16977 1393 12 4865 
16978 16 1420 4458 
16979 274 275 4379 
16980 274 4379 7326 
16981 376 377 7247 
16982 1419 1418 4560 
$EndElements
